{"type": "FeatureCollection", "features": [{"type": "Feature", "properties": {"bairro": "Afogados", "CDTIPO": "ZEIS"}, "geometry": {"type": "Polygon", "coordinates": [[[-34.910545081075526, -8.08293191004668], [-34.91042812530092, -8.08311572077342], [-34.91038911712067, -8.08317700799631], [-34.91032373469205, -8.083273977203534], [-34.91020966800199, -8.083435234240147], [-34.91014710110988, -8.0835236857313], [-34.910436085228014, -8.083847145856348], [-34.91062503742175, -8.084205401628855], [-34.910874289723935, -8.084631051786612], [-34.911021380437205, -8.084926274435356], [-34.91109375716472, -8.085060140806194], [-34.91124966270451, -8.085352022229376], [-34.91134672666466, -8.085571576046297], [-34.91138368775471, -8.085646344711611], [-34.911484929468116, -8.085877871337821], [-34.91266992250333, -8.085365166463482], [-34.91272736202165, -8.085189582331015], [-34.912835950698145, -8.084857640419358], [-34.91422332316353, -8.084686652867004], [-34.91425866872848, -8.08477598597164], [-34.91459413926711, -8.085541610647342], [-34.914965704633616, -8.08553341077001], [-34.91501120521848, -8.084947993802126], [-34.91502214697829, -8.084807213334276], [-34.91582024424415, -8.084773640060982], [-34.9161654710152, -8.085213787941735], [-34.91696480288028, -8.084987156653114], [-34.91683843895771, -8.084634627240764], [-34.91677202091038, -8.084467976559631], [-34.91669639093226, -8.0841791606218], [-34.916643586264264, -8.083969414475586], [-34.91671858901546, -8.083935824857999], [-34.91673508228509, -8.083928438158468], [-34.91720526180855, -8.08368566898495], [-34.91721817802594, -8.083679399294217], [-34.91736761368084, -8.083606862371829], [-34.917411561008315, -8.08358264701532], [-34.91739429240817, -8.083507505550392], [-34.9172373268739, -8.08282449431037], [-34.91706878588881, -8.082210017160765], [-34.91695257942991, -8.081716802182958], [-34.916869751668514, -8.081368313818624], [-34.916832499242325, -8.081103730199759], [-34.91649061632889, -8.08109368964734], [-34.916437053103046, -8.081093602625296], [-34.91640574728134, -8.081093300060475], [-34.91622115995451, -8.081087269123142], [-34.916225419447834, -8.080964156496302], [-34.91622102220725, -8.080963890519183], [-34.91618272284902, -8.08096157572504], [-34.91615053552073, -8.080965549870644], [-34.91609657230425, -8.08096797254499], [-34.916100153184935, -8.081053604863058], [-34.916091966654, -8.081054262515913], [-34.91596079263524, -8.081064801197195], [-34.91596123023898, -8.08106680074149], [-34.91601958254743, -8.081333394857026], [-34.91601088399693, -8.081334739284907], [-34.91593405192549, -8.081346612622255], [-34.915824932949896, -8.08136347580327], [-34.91571454960926, -8.081383650136512], [-34.915714337482505, -8.081392140281963], [-34.915707772726535, -8.0816546232403], [-34.91570479678167, -8.081655279975339], [-34.915607001082705, -8.0816768580826], [-34.915020930801205, -8.081644642109813], [-34.91503131238234, -8.081389285089129], [-34.91506015704221, -8.081388788339147], [-34.91504538362049, -8.081248818137613], [-34.915034327926655, -8.081143908174575], [-34.91483803595877, -8.081141212287404], [-34.9148415098577, -8.08104147601075], [-34.914841834248655, -8.081032165350122], [-34.91472034432458, -8.081030693902939], [-34.91465336197878, -8.081029882958608], [-34.914572367756925, -8.081038259625355], [-34.914567620685574, -8.081155227904805], [-34.914561162069596, -8.081314375149272], [-34.914554387426186, -8.081455171383368], [-34.91444774393699, -8.081488788482002], [-34.91444916265166, -8.081533989539265], [-34.914449607822796, -8.081548176732957], [-34.914457776472446, -8.081808445512523], [-34.91446247583492, -8.081958197911991], [-34.91446541887907, -8.082051945467601], [-34.914428452663174, -8.082044966550624], [-34.914292010697636, -8.0820192059797], [-34.91408473060796, -8.081980072365537], [-34.91398218328141, -8.081960711045976], [-34.91375793755596, -8.081904188365446], [-34.91364398997998, -8.081881505454186], [-34.91349520002392, -8.081851885992641], [-34.91338153849689, -8.081833498679234], [-34.913276678900935, -8.081814522271765], [-34.91327469928521, -8.081763459142051], [-34.913156275562486, -8.081760722605987], [-34.913127754687196, -8.081760063222529], [-34.91303884888629, -8.081758008491088], [-34.913001083336084, -8.08175561497185], [-34.91297690192613, -8.081754315985902], [-34.91286135850361, -8.081742945629975], [-34.91278820771744, -8.081736228991055], [-34.91270114783214, -8.081732226328636], [-34.91257551792424, -8.081721436481285], [-34.91258133152655, -8.081684406822548], [-34.91258188109749, -8.081680907329522], [-34.91256620461442, -8.08167797827628], [-34.912545130348114, -8.081674215615156], [-34.912507173614614, -8.081667440037014], [-34.91250682378458, -8.081669820267647], [-34.912501108667186, -8.081708693757893], [-34.912435372194615, -8.081696253990234], [-34.91236191844201, -8.081682222997388], [-34.912345979464135, -8.08167941630799], [-34.912370552139, -8.0815396016634], [-34.91239221754406, -8.081471652064637], [-34.91243245267522, -8.081269006695493], [-34.91237347288827, -8.081258735785848], [-34.91231424252873, -8.081248421739964], [-34.912257156591885, -8.08123848097737], [-34.91220493691685, -8.081229388058526], [-34.91225829547975, -8.080958115225407], [-34.91228194531326, -8.08083787880732], [-34.912147088941175, -8.080811438257086], [-34.91207539676637, -8.080805445111308], [-34.912017650952535, -8.08079367484612], [-34.911941919208196, -8.080778224159472], [-34.91185973228764, -8.080763933725747], [-34.91179828932451, -8.080753199597343], [-34.91180986475834, -8.080646144854756], [-34.91175123556745, -8.080642692457728], [-34.91175354427369, -8.080602622540598], [-34.91168709176553, -8.080602219059815], [-34.91157870772451, -8.080592959222752], [-34.91157855203991, -8.080597078871358], [-34.91157461812014, -8.080701016838116], [-34.9114466650115, -8.080691127929631], [-34.91144246759595, -8.080801533912815], [-34.91145861729328, -8.080802091251611], [-34.91145605118129, -8.080870541886915], [-34.91145364697492, -8.080934652252408], [-34.91145125877519, -8.080999850133411], [-34.91126834568426, -8.080984772968822], [-34.91129005017367, -8.080589934004413], [-34.91121080714604, -8.080593417148373], [-34.91120853523501, -8.0805935172714], [-34.911121519576135, -8.080589042083286], [-34.91105172981088, -8.080582497413106], [-34.91104985817525, -8.080685769414277], [-34.910987439734676, -8.080684414874261], [-34.9109875079825, -8.080628559585644], [-34.910987514494146, -8.08062319663914], [-34.91094595872439, -8.080621324183316], [-34.91088444117357, -8.080618447488433], [-34.910886087707375, -8.080593403507525], [-34.91083343268709, -8.080593372062067], [-34.910775466513805, -8.080593371760836], [-34.91069501569949, -8.080596007916764], [-34.910681901451646, -8.080896235247828], [-34.910669538430405, -8.081143465457055], [-34.91066613667964, -8.081143277941107], [-34.91057843681358, -8.081133386891395], [-34.910566300119385, -8.08113742150055], [-34.910552419883025, -8.081083421436713], [-34.9105618975376, -8.080895608138698], [-34.91034163996521, -8.08094410809484], [-34.91021976339494, -8.08097311677898], [-34.91021970516154, -8.08097095814195], [-34.91021465999509, -8.08078340523883], [-34.9101440323729, -8.080791600605782], [-34.91004877403794, -8.080809042102086], [-34.91000031991912, -8.080671308018216], [-34.90999516413797, -8.080607941714657], [-34.90994317989249, -8.080615522872609], [-34.90986071834011, -8.080634260634406], [-34.90973946422357, -8.080673521075544], [-34.909437417055216, -8.080674762817681], [-34.909387586110824, -8.080674967520658], [-34.90928143676296, -8.080979712298422], [-34.90917964533901, -8.08127194434052], [-34.90934700883106, -8.081293268019095], [-34.909565475897004, -8.081321102675602], [-34.910130707754185, -8.081402195697727], [-34.910172975126, -8.081437299256992], [-34.91018975786374, -8.081441875233654], [-34.91018666074091, -8.08146613286754], [-34.91017169085288, -8.081508887379929], [-34.910121531334205, -8.081652145874292], [-34.910109415129625, -8.08168695749148], [-34.910080441666004, -8.081770201837505], [-34.910048311364264, -8.081862514249902], [-34.91000483726597, -8.081987420614055], [-34.90987897899186, -8.082348318723994], [-34.909880366225075, -8.082352413085202], [-34.909880783321924, -8.082355843874595], [-34.90987834682675, -8.082363769452064], [-34.90987800638308, -8.082368341095977], [-34.90989275548464, -8.082413240419255], [-34.909900104734746, -8.082488545507385], [-34.90990289349532, -8.08249880808966], [-34.90990540500995, -8.082505479209447], [-34.90991024065439, -8.082514470151295], [-34.90991317579969, -8.082519211823053], [-34.90991661944892, -8.082522710740287], [-34.90992064022696, -8.082525863415727], [-34.90996680718073, -8.082548743861409], [-34.9100198354444, -8.082575024976274], [-34.91008253282836, -8.082606098554175], [-34.91029200546955, -8.082712807399291], [-34.91048481435338, -8.082811887746255], [-34.910488885214164, -8.082812959021322], [-34.91049437470568, -8.082813228991702], [-34.91056865428849, -8.082851381402598], [-34.910545081075526, -8.08293191004668]]]}}, {"type": "Feature", "properties": {"bairro": "Ibura", "CDTIPO": "ZEIS"}, "geometry": {"type": "MultiPolygon", "coordinates": [[[[-34.934902757895586, -8.138948928873022], [-34.934942886047025, -8.138893389819577], [-34.935072987937154, -8.138713325589013], [-34.93525861042195, -8.138460169991205], [-34.935466486407385, -8.138190120962731], [-34.93559077190596, -8.138027346333464], [-34.93565062392038, -8.137947306571952], [-34.9357680832337, -8.137790229242574], [-34.935867390381276, -8.137657391957257], [-34.93599200655463, -8.137490614372613], [-34.93610933773097, -8.137333354995135], [-34.9360624082118, -8.137291026007578], [-34.93604651507013, -8.137276691221203], [-34.935691612895575, -8.136952938545145], [-34.93548279701722, -8.136759796222153], [-34.935132181400924, -8.13642163534531], [-34.935598666258244, -8.135935043600728], [-34.93558343012874, -8.135870446760109], [-34.93556191820173, -8.135788763435619], [-34.93554066783869, -8.135676512003561], [-34.935540710778646, -8.135676196285228], [-34.93555770865836, -8.13555646597962], [-34.93557025825208, -8.135473777748988], [-34.935596119416196, -8.135365277813774], [-34.935608668912714, -8.135312626668158], [-34.93561154069035, -8.135302299572379], [-34.93566105200137, -8.13512423595169], [-34.93570550006679, -8.134972475406979], [-34.93570979947011, -8.134958099497522], [-34.93573955248808, -8.134858631470504], [-34.93575657959482, -8.134801708142295], [-34.93585910353173, -8.134515610973498], [-34.93588204698263, -8.134456273660994], [-34.93588675252007, -8.134444102603894], [-34.93596685877362, -8.13423693282878], [-34.935982632327594, -8.134196139218114], [-34.93605637201519, -8.134000804878708], [-34.93611145632378, -8.133849964603447], [-34.93620048472421, -8.133600364999998], [-34.936240995904285, -8.13348222769287], [-34.936281504385214, -8.133364098535829], [-34.93631760467615, -8.133260360270743], [-34.93640039477699, -8.133031570005542], [-34.93647957061602, -8.132811150394536], [-34.93656254564284, -8.132571960866413], [-34.93653442970156, -8.132562784064037], [-34.93647975356176, -8.13254533793647], [-34.93570416384669, -8.132268341435703], [-34.935586199086714, -8.132225477339157], [-34.93526065812156, -8.132111654852526], [-34.93523919148137, -8.131950989710713], [-34.93523707765929, -8.131780766073273], [-34.935294361423495, -8.13150775101088], [-34.93542441188022, -8.131145971395975], [-34.93554643282727, -8.130803047850067], [-34.935574177088675, -8.130740818260254], [-34.935544221620056, -8.130638814035057], [-34.93553094823395, -8.130595019032908], [-34.935502144282836, -8.130495705194415], [-34.93550055653153, -8.130494741805617], [-34.935484262347195, -8.130440982272297], [-34.9354256244961, -8.130291094151028], [-34.93541061506706, -8.130258160538025], [-34.93535814892763, -8.130165910607325], [-34.935333173470106, -8.130121996833568], [-34.935215062891935, -8.129968549638932], [-34.93506375048912, -8.129813446942295], [-34.93494162938821, -8.129720966233515], [-34.93491181640168, -8.129698389358682], [-34.93487748933881, -8.129676827523056], [-34.934791425877705, -8.129628893086393], [-34.93473842137511, -8.129594805014946], [-34.93459410389591, -8.129531269066621], [-34.93452545697583, -8.129509699683497], [-34.934330109365014, -8.129462643273405], [-34.93388362303785, -8.12938580894796], [-34.9336907549897, -8.129352200829523], [-34.933441093708446, -8.129308695805886], [-34.93297525933683, -8.129226655595012], [-34.93294867483838, -8.129221973367644], [-34.93290639915051, -8.129214527938187], [-34.932936987110445, -8.129380192895141], [-34.93302602455154, -8.129810613616591], [-34.933174479221066, -8.130539705397416], [-34.933175347425625, -8.130540836756888], [-34.93327597003643, -8.131016289054688], [-34.93417927241692, -8.1306745461574], [-34.93416730216384, -8.13070669515255], [-34.93415836112029, -8.130738452740811], [-34.934146477725875, -8.130788723940894], [-34.934129001082276, -8.130857899263436], [-34.933860136222364, -8.131387792334403], [-34.933744708109415, -8.131626918201643], [-34.9337466279079, -8.132027484454653], [-34.93375607148351, -8.132745261105367], [-34.93375902950444, -8.133099468950423], [-34.93376160916921, -8.133374543329362], [-34.93376967592883, -8.13374254436964], [-34.933771728394014, -8.134195462673267], [-34.933768213760125, -8.13419528232132], [-34.93376631163616, -8.134265567831548], [-34.933750645291276, -8.134290170236499], [-34.93375220267967, -8.13435822163938], [-34.93290338437548, -8.134767188306164], [-34.932865607651905, -8.13482649036587], [-34.93275293130594, -8.135041831130405], [-34.93262529672031, -8.135295163534103], [-34.93254666513027, -8.135458517502284], [-34.93248019643631, -8.135595435159622], [-34.932447638260456, -8.135660071601702], [-34.932442581986784, -8.135671019323336], [-34.932399723737824, -8.135769161035865], [-34.932307054604465, -8.135962728317152], [-34.93224155910596, -8.136105294379112], [-34.93219066082403, -8.136137567115558], [-34.932080334550776, -8.136197443041233], [-34.931797429575084, -8.136347637490328], [-34.93160409762927, -8.136447474920683], [-34.93146361241522, -8.136527278455844], [-34.931036552936874, -8.136780844935142], [-34.93064715575736, -8.137002201422245], [-34.93053495180242, -8.137064912029436], [-34.930437823616955, -8.137117187782124], [-34.93016156163135, -8.137273002836642], [-34.930153003968314, -8.137262680349911], [-34.93008975561893, -8.137300988293584], [-34.93002134269631, -8.137340527688778], [-34.92990148400754, -8.137408926689487], [-34.92969783836198, -8.137527007432418], [-34.92969789923097, -8.137539725369408], [-34.929561051273026, -8.137614034372202], [-34.92948433088803, -8.137664845141233], [-34.92951712350044, -8.137730963682007], [-34.92951620083023, -8.137735705307914], [-34.92952092317851, -8.137883208157422], [-34.92952522815983, -8.138038284438139], [-34.929527738162086, -8.138208813196226], [-34.92952801571688, -8.13837712949404], [-34.929484021128175, -8.13895418539126], [-34.929489254586095, -8.13943400055799], [-34.929488253497965, -8.13949798519266], [-34.92960161823745, -8.139379275708807], [-34.929685841598975, -8.13925524062661], [-34.92978409467864, -8.13911412546573], [-34.92990782855768, -8.138945248639175], [-34.930055713720854, -8.138742667785289], [-34.9301307652709, -8.138641924002716], [-34.93015963844341, -8.138601298709084], [-34.930221118263226, -8.138727559421877], [-34.93027140316514, -8.138850160395432], [-34.93036388386663, -8.139075640872422], [-34.93043108816698, -8.139247265905716], [-34.93049771205856, -8.139417410122341], [-34.93054703303481, -8.139543290083228], [-34.930588741442264, -8.139519759027905], [-34.93078010500835, -8.139399765255682], [-34.93083732453464, -8.139307041040235], [-34.93100661553719, -8.1392799242764], [-34.93107230472198, -8.1392596412897], [-34.931027182460845, -8.139159331570086], [-34.93095860254568, -8.1390310797466], [-34.93099911388922, -8.139009188887348], [-34.93124665212436, -8.138902128766018], [-34.93124079141642, -8.138888911367841], [-34.93123420406876, -8.138892185540492], [-34.93121402323048, -8.138875380271319], [-34.93118416961448, -8.13885051889069], [-34.93111748860361, -8.13879499001414], [-34.931125765566385, -8.138787611543384], [-34.93122425251807, -8.138699809764624], [-34.931196027360905, -8.138678528821215], [-34.93127029134908, -8.138565723153276], [-34.93129686122561, -8.138525364609224], [-34.931325949489676, -8.138489707815898], [-34.93133824322373, -8.13847463754009], [-34.931356313207104, -8.138415955404836], [-34.9313804714124, -8.13833749798902], [-34.93159767989753, -8.138239420964071], [-34.9317528724016, -8.138017074028642], [-34.93177455420818, -8.13797431857878], [-34.93294053451512, -8.13853336711654], [-34.93303872788811, -8.138605261734927], [-34.93307945871923, -8.138658890531984], [-34.93334850214769, -8.13926324089786], [-34.93349093469768, -8.139652719587964], [-34.93350438248491, -8.139689492022839], [-34.93353311779087, -8.139767344972803], [-34.93359140483938, -8.139909593778617], [-34.93364922743693, -8.140050711097585], [-34.93369636167076, -8.14015684912869], [-34.933750215540705, -8.140275746560254], [-34.9338030598504, -8.140392413067273], [-34.93382350013828, -8.140437540857894], [-34.933833865657476, -8.14045835246024], [-34.934168451139506, -8.140323212752426], [-34.93410346968044, -8.14017918698304], [-34.93407135619893, -8.140105243047275], [-34.934195012891166, -8.14004753770954], [-34.934367359806, -8.13996721601858], [-34.934413572182116, -8.139947781101396], [-34.93438169173459, -8.139882132564912], [-34.934653038113645, -8.139775981289365], [-34.93468473212144, -8.139762708844351], [-34.93464715243973, -8.139699367513288], [-34.93463084955742, -8.13967188792632], [-34.934691840351256, -8.13964113706813], [-34.93487039048548, -8.139551110508611], [-34.93492966379161, -8.139520169821642], [-34.934848715114256, -8.139348290555077], [-34.934782954683655, -8.139207549421657], [-34.934773141403554, -8.139186300365973], [-34.93475623037848, -8.13914968462786], [-34.93479814531526, -8.13909251881356], [-34.93481402813738, -8.13907085709512], [-34.934902657851865, -8.138949066765568], [-34.934902757895586, -8.138948928873022]]], [[[-34.94044874506324, -8.109177164268022], [-34.9404445396729, -8.108878347218315], [-34.940444446008215, -8.108871679397474], [-34.94044379621754, -8.10882547020886], [-34.94072663830822, -8.108809453998022], [-34.941051285737274, -8.10879107053238], [-34.94162994594272, -8.108764897684322], [-34.941873957226065, -8.10874977541235], [-34.94184807622043, -8.108379274134505], [-34.93967281682711, -8.10845735351639], [-34.93967287036683, -8.108459060107204], [-34.93967479601376, -8.10852050371318], [-34.939701358093004, -8.109367862277603], [-34.939702308417246, -8.109385943264797], [-34.94045006782147, -8.109359911510989], [-34.94044874506324, -8.109177164268022]]]]}}, {"type": "Feature", "properties": {"bairro": "Alto Santa Isabel", "CDTIPO": "ZEIS"}, "geometry": {"type": "Polygon", "coordinates": [[[-34.92027548942244, -8.024011974524159], [-34.92037520694501, -8.023865208466376], [-34.920385829866376, -8.023849572866323], [-34.920501757077396, -8.023720712985423], [-34.92056420107906, -8.023660684810945], [-34.92067595778559, -8.023568139767272], [-34.92073000116599, -8.023526292597984], [-34.920831036335535, -8.02345755812585], [-34.92090798598657, -8.023427655214874], [-34.92103250764608, -8.023288163149012], [-34.92112461138807, -8.023180995214783], [-34.92119474144166, -8.023099396348984], [-34.921231317289994, -8.023056904691014], [-34.92127523576189, -8.022991138936764], [-34.92133626029744, -8.022945640177587], [-34.92138816976933, -8.022891140616535], [-34.92137444546362, -8.022866336623713], [-34.92158474452891, -8.022731973389375], [-34.9218303262306, -8.022581852121045], [-34.92193373372199, -8.022532624194863], [-34.92205981195583, -8.022465105205608], [-34.92214534213962, -8.022417956864981], [-34.92216672015773, -8.022406172059025], [-34.922196675745276, -8.022394782060394], [-34.92224384813285, -8.022376457985517], [-34.92242322556837, -8.022337930137104], [-34.92252682086885, -8.022319433891935], [-34.92257365004133, -8.022311073243921], [-34.92431383760523, -8.022110368799696], [-34.925047771106456, -8.022025718109319], [-34.92515109143746, -8.02168906195606], [-34.925231793932696, -8.02143222347435], [-34.92529541176046, -8.021228886711706], [-34.92533488958421, -8.021084099476388], [-34.9253622165248, -8.020983874140143], [-34.92538142082613, -8.020874877618123], [-34.92539766935786, -8.020776511297955], [-34.92539843306097, -8.020771887978665], [-34.92539840012789, -8.020764889801187], [-34.9253978238483, -8.020642431187275], [-34.92538955953759, -8.020591794529025], [-34.92548495059454, -8.0206003403112], [-34.92567786323254, -8.020617622545164], [-34.925906947662234, -8.020638144733311], [-34.92592363584658, -8.02063975818415], [-34.92611004061052, -8.020657777617112], [-34.92614595571807, -8.020673924300855], [-34.926183845240544, -8.020701604783612], [-34.9262420615895, -8.020755699932554], [-34.926298984415006, -8.020797046642915], [-34.92638732880209, -8.020861215804295], [-34.926435679323546, -8.02089633564696], [-34.92648208494508, -8.020930042494562], [-34.92658650248049, -8.021018134670971], [-34.926643750153495, -8.021066431112036], [-34.926724191730074, -8.02112727495138], [-34.92678794028298, -8.021174114341191], [-34.9267881259537, -8.021174250889484], [-34.926901377453326, -8.021257460380255], [-34.92712571441568, -8.021400720136196], [-34.92735650998704, -8.021549120720906], [-34.927445356396476, -8.021612358757757], [-34.927691366419964, -8.021804310541498], [-34.92790625963628, -8.021966112803588], [-34.927974071301236, -8.021731870915737], [-34.92802672570031, -8.021559327898316], [-34.92806301251904, -8.021431077239498], [-34.92812713202358, -8.021214035194808], [-34.92814224777498, -8.021218404250051], [-34.928319207320506, -8.02126954724143], [-34.928611893896274, -8.021357151261778], [-34.92868917901797, -8.02138059223794], [-34.92876989478234, -8.021405073972666], [-34.929025148419676, -8.021500487765985], [-34.92944922120804, -8.021574656030497], [-34.929514634418275, -8.021596308181321], [-34.929533759970255, -8.021600088831988], [-34.92960526619503, -8.021390943422615], [-34.92967618042188, -8.021407426587515], [-34.92981403737523, -8.021444479750995], [-34.929882258881, -8.021466761467572], [-34.92994638571958, -8.021486440594455], [-34.93001892620612, -8.021508306064554], [-34.93001986355856, -8.0215085882574], [-34.93005346901622, -8.021518265084087], [-34.930090980779184, -8.021529067230729], [-34.930089633872974, -8.021533677911284], [-34.930061872048526, -8.021628744974356], [-34.93014505642845, -8.021609908654694], [-34.930185309214174, -8.021605922923332], [-34.93022409798421, -8.021599412689067], [-34.93031368925964, -8.021575939225965], [-34.930536050749595, -8.021530055489661], [-34.930699649164296, -8.021504247847924], [-34.93079282565514, -8.021511699756063], [-34.93079486627904, -8.021573747412246], [-34.93081122118995, -8.021656753613225], [-34.930798894385156, -8.021681392741145], [-34.9307502949547, -8.021831716791759], [-34.93071355877204, -8.02186783347753], [-34.930834280494274, -8.021941503170007], [-34.930807444065856, -8.022022751004764], [-34.93077019246481, -8.021995786785437], [-34.930721155811796, -8.022060204818525], [-34.930701750506714, -8.022080365892199], [-34.93069519039707, -8.022074068250186], [-34.930666037513426, -8.022104400475744], [-34.930648299141666, -8.022112620170756], [-34.93062971590209, -8.022114786640508], [-34.9305826052089, -8.022114916229913], [-34.93052230066826, -8.02210914270389], [-34.9305032950822, -8.022117910769607], [-34.93048451666533, -8.022154251530006], [-34.93048430544955, -8.022154660250354], [-34.93046653457586, -8.022189051658433], [-34.9304331123102, -8.022294892712369], [-34.93033829743085, -8.022318929544678], [-34.93024962101941, -8.022341410625657], [-34.93018133811645, -8.022412063734025], [-34.930138337988936, -8.02242682155573], [-34.93013406930582, -8.022428286251728], [-34.930068932581534, -8.022444503929163], [-34.93002797935027, -8.02245076304145], [-34.92999814698118, -8.022455322825712], [-34.929997908636096, -8.022457286652815], [-34.92999179063909, -8.022507783463457], [-34.92998500741079, -8.022563770120424], [-34.929983044016886, -8.022579972810396], [-34.929816399130765, -8.022620725074729], [-34.92981299274254, -8.022621558309991], [-34.92970337585147, -8.022648364824548], [-34.92955406700302, -8.022952466538609], [-34.92955235797386, -8.022957606886811], [-34.92954015721485, -8.022983992956075], [-34.929489677436166, -8.023146130997848], [-34.92948178571885, -8.023184605827144], [-34.929478725718475, -8.023228105368037], [-34.92941374108937, -8.023223918573734], [-34.92941094676948, -8.023262213111497], [-34.92943301626988, -8.023267284507295], [-34.929458211108546, -8.023265201906288], [-34.92954317398956, -8.023258179658978], [-34.929546925740524, -8.023303636199868], [-34.929451608669744, -8.023315496678784], [-34.9294455625192, -8.023316249166582], [-34.92941184051754, -8.023315931678937], [-34.92941483070955, -8.023334541264157], [-34.92937730512775, -8.023339689455371], [-34.92939884686543, -8.023386122181536], [-34.92942229637499, -8.02343666485322], [-34.92945466384525, -8.023424787516756], [-34.929555368967016, -8.02338783405246], [-34.92958188686965, -8.023462982543675], [-34.92944813143528, -8.023517035686247], [-34.92942625453261, -8.023525876847692], [-34.92944196962997, -8.023588635237756], [-34.92931400922137, -8.023621592111144], [-34.92932327482408, -8.023650170266798], [-34.92944247230925, -8.023618285990677], [-34.92944984829229, -8.023624489421167], [-34.92947906937296, -8.023614340016918], [-34.929493128692584, -8.023666415675006], [-34.92952293046515, -8.023715908782256], [-34.929530719294114, -8.023751944194418], [-34.929516727799616, -8.023785187806164], [-34.92953003018073, -8.023836385551403], [-34.92951616998077, -8.023839976344936], [-34.92953462286636, -8.023872256036405], [-34.92953059793554, -8.023874828866832], [-34.92923473704609, -8.024063984848423], [-34.929212851269355, -8.024033843053845], [-34.92886787589046, -8.02424935901747], [-34.928716075015544, -8.024339907519416], [-34.928713575463085, -8.024362056008895], [-34.928694112916915, -8.0244041633238], [-34.92867694256412, -8.02444131198592], [-34.92864809716377, -8.02445998034294], [-34.92838834373379, -8.024404964887612], [-34.92836616594425, -8.024395215450644], [-34.928307942629324, -8.024453889501917], [-34.928221881189, -8.024532694450189], [-34.928312834290985, -8.024737454444486], [-34.928369193495456, -8.024874916517108], [-34.928455152376316, -8.025022272227197], [-34.92848725642819, -8.025066629517433], [-34.928584832764386, -8.025197152322413], [-34.928638151115656, -8.025276380076217], [-34.928724861278596, -8.025397216128885], [-34.92875209357189, -8.02543516655041], [-34.92955362935785, -8.025712647515569], [-34.92954137335197, -8.025726565995072], [-34.929480819548566, -8.025795331388197], [-34.92938125898028, -8.025957898483059], [-34.92937127730461, -8.02597691513055], [-34.92934665118429, -8.026030935952015], [-34.929335620771205, -8.026065664622452], [-34.92932200043777, -8.026102804805145], [-34.9292849614295, -8.02619151647958], [-34.92924998746925, -8.026272882040875], [-34.929236287086894, -8.02629978775615], [-34.92922788412794, -8.026320647609538], [-34.92922547174363, -8.026338770820841], [-34.929224791893134, -8.026356733124208], [-34.92920942241038, -8.026463943306435], [-34.92919844696601, -8.026540502493765], [-34.929190998021845, -8.026587663257159], [-34.929180653392564, -8.026653168280248], [-34.92913625497018, -8.026642142592436], [-34.92895255750717, -8.02660427295131], [-34.92894839549769, -8.026603942590024], [-34.92890190802004, -8.026593831628944], [-34.92889099749984, -8.026599383965332], [-34.92887000890935, -8.02661006525241], [-34.92884978399945, -8.026620357830263], [-34.928833798245655, -8.026628492439501], [-34.92882683733507, -8.02663203462131], [-34.92880822303341, -8.026641507803935], [-34.92873482401902, -8.026682994624892], [-34.92865596237158, -8.02675107822138], [-34.928576247723235, -8.026844844684616], [-34.9285058730202, -8.026928525989861], [-34.92842335505925, -8.026994672121894], [-34.92841065601874, -8.026987559737712], [-34.92838203134088, -8.026971527506495], [-34.92811499144256, -8.026821960149798], [-34.92807785885094, -8.026789927041182], [-34.92807027532871, -8.026783385545706], [-34.92802669578721, -8.02675502147403], [-34.927924948940955, -8.026822471760838], [-34.92787730153473, -8.026868367141352], [-34.9278310570715, -8.026993082649524], [-34.927799023393334, -8.02707947090458], [-34.927573847086684, -8.027106020244524], [-34.92756484099018, -8.027000136548105], [-34.92756174808035, -8.026963778029105], [-34.92752297672365, -8.026916586949161], [-34.927519400515955, -8.0269148841804], [-34.92750684469487, -8.026908904783232], [-34.927294877585496, -8.026807971266393], [-34.92725961339352, -8.026860768945069], [-34.92722023827094, -8.026915224031312], [-34.92697453698974, -8.027265774631406], [-34.92658116462312, -8.02704395410117], [-34.92658116584492, -8.027043828431173], [-34.92656891281047, -8.027037045684654], [-34.926569844751384, -8.026965348495454], [-34.92648424042041, -8.026960790509223], [-34.92646995776044, -8.026960030161183], [-34.926406996810144, -8.0269569798961], [-34.92638847903044, -8.026819107085009], [-34.92631781889999, -8.02681826258684], [-34.92631196701178, -8.026923974557377], [-34.926247289198066, -8.026941544864728], [-34.926080151168165, -8.02696592317897], [-34.92595896770495, -8.026983938739004], [-34.92591731697308, -8.02699013030852], [-34.925779354638145, -8.027010640901297], [-34.925483981751796, -8.027054551931801], [-34.925481358166685, -8.027217554491184], [-34.92540932418678, -8.027219293756469], [-34.925401109404, -8.027219492213703], [-34.925292777041406, -8.02722629317372], [-34.92520834373357, -8.027231594557128], [-34.92520215157656, -8.027231983344459], [-34.925197986692105, -8.027160360576925], [-34.92519770247155, -8.027155476365138], [-34.925074022065616, -8.027162366249431], [-34.924972874872694, -8.02716662654858], [-34.92486881034609, -8.027172926469595], [-34.92485087402879, -8.027177711487047], [-34.92475788375116, -8.02721186792407], [-34.924753346267416, -8.027220408110441], [-34.92475431767301, -8.02724256118457], [-34.92475969403834, -8.027365188110613], [-34.9247102876069, -8.027370662767328], [-34.924627815511315, -8.027371600006733], [-34.92462471606819, -8.027342856338617], [-34.92454045550843, -8.027343250447565], [-34.92454172482693, -8.027362410594867], [-34.9245165248889, -8.027365602264643], [-34.924479262535215, -8.027276880264083], [-34.92445455245764, -8.027218045654962], [-34.924276564544904, -8.027274258996123], [-34.92422907698763, -8.027189668418194], [-34.92422879816949, -8.027188627340003], [-34.92420368143223, -8.027094837290452], [-34.92417988871177, -8.027099469757237], [-34.9241647048831, -8.027005720947619], [-34.92413265626508, -8.027016269314801], [-34.92411941262954, -8.02702062824263], [-34.92410117032512, -8.026959823238641], [-34.92409435976105, -8.026937123378772], [-34.92409147174812, -8.026929203748987], [-34.92393022939296, -8.027054856385563], [-34.92389972691979, -8.027079796485962], [-34.92387811071759, -8.027095157195266], [-34.923770013819635, -8.027168783030225], [-34.9237502964006, -8.0271809552753], [-34.92371913833709, -8.02720208329444], [-34.92364024680263, -8.027246324385601], [-34.92358361597956, -8.027276472864706], [-34.92364645778915, -8.02734611996083], [-34.923622388013534, -8.027382474485151], [-34.92360533269791, -8.027405062625524], [-34.92359829819878, -8.027414378410118], [-34.92358433699412, -8.027429703323893], [-34.92356221387425, -8.027473042562985], [-34.92355944855022, -8.027476160940243], [-34.92354794218563, -8.027526859328015], [-34.923439161525295, -8.027672644141923], [-34.923516067022334, -8.027818315805352], [-34.92351012573198, -8.027824410734402], [-34.92338067466401, -8.027917491399295], [-34.92309577339961, -8.028122493662266], [-34.923006770907726, -8.028187127846609], [-34.92301665587518, -8.02825447941642], [-34.92302288548976, -8.028318535589632], [-34.92302537030434, -8.028344089925358], [-34.92293485023938, -8.028357229537283], [-34.92282526432567, -8.028385717889245], [-34.92282823345261, -8.028203222832726], [-34.92282881227313, -8.028172595951165], [-34.922829255366814, -8.02814917236122], [-34.92277818527565, -8.028141145198147], [-34.9227748518148, -8.028110641470152], [-34.92266719257174, -8.028141663888553], [-34.92248598761949, -8.02816105112524], [-34.922315481373474, -8.028229144345717], [-34.92231641415482, -8.028257959665675], [-34.92232106420754, -8.028323679496113], [-34.92225871404539, -8.028328492023887], [-34.92217664335272, -8.028347347253618], [-34.92217525905714, -8.028338627717044], [-34.92209231525797, -8.028340006975721], [-34.92208948727669, -8.028355265381366], [-34.92197231723719, -8.028355495431], [-34.921971699415174, -8.02835546486687], [-34.92190243726084, -8.028352068203725], [-34.92184511598194, -8.02836063254184], [-34.92183865389582, -8.028359947614387], [-34.92177370839182, -8.028360250980572], [-34.921652049189014, -8.028356169642926], [-34.9216520088337, -8.028347585762596], [-34.92165118547264, -8.028325057670695], [-34.92145215778577, -8.028247085198064], [-34.92130562919534, -8.028196903328991], [-34.92124338384686, -8.028153779119855], [-34.92124671268419, -8.028148008315354], [-34.921257501543195, -8.028124250711754], [-34.921158558527836, -8.028073449682907], [-34.921051291714555, -8.028018375111472], [-34.9210576565895, -8.027998569029945], [-34.92099593136645, -8.027951273709842], [-34.92095956710592, -8.027919391765106], [-34.920882640272985, -8.027868420055935], [-34.92085011227739, -8.027836060924107], [-34.92083884070691, -8.02782484802272], [-34.920794056190076, -8.027790747018805], [-34.920726930282804, -8.027761132292131], [-34.920633153788806, -8.027722112231368], [-34.920559724415185, -8.0276952589728], [-34.92052258481281, -8.027684056506978], [-34.920513439242505, -8.027680746930391], [-34.92047402133522, -8.027666480376627], [-34.92043738879741, -8.02765393481031], [-34.92038707691209, -8.027626192506903], [-34.92041596870442, -8.027574001732633], [-34.92032707087382, -8.02752643621563], [-34.92024456378361, -8.027494294899238], [-34.92023182029065, -8.027567879083497], [-34.920210391593464, -8.02762030443228], [-34.92010826613799, -8.027602538837618], [-34.920115359209724, -8.027552376357631], [-34.91999561558769, -8.027523923747772], [-34.9200076081883, -8.027453830939628], [-34.92001029450734, -8.027438132913582], [-34.92001485230972, -8.027411493322324], [-34.91994603521719, -8.027378273696005], [-34.919907728584036, -8.027371762367501], [-34.919926290102964, -8.027279522817368], [-34.919874965263396, -8.02726879962343], [-34.91983554761657, -8.027260564900823], [-34.91979384408418, -8.027254024204328], [-34.919764112207986, -8.027249986148176], [-34.91976177877841, -8.02726705127964], [-34.91974093774455, -8.027266163084196], [-34.91968265034208, -8.027263678528508], [-34.919654758931756, -8.027262952501689], [-34.91959764535659, -8.027261465967593], [-34.91959228515589, -8.027260748737582], [-34.919557525542544, -8.027256099468556], [-34.91952658776651, -8.027251960340756], [-34.91951696039243, -8.027250541573315], [-34.91946904054373, -8.027256442628175], [-34.91944513093115, -8.02725938749456], [-34.91941949212399, -8.027258958325335], [-34.91939313867297, -8.02724772893262], [-34.91936678253178, -8.027236505878854], [-34.91933769166534, -8.02723415359068], [-34.919338683717115, -8.027207639116872], [-34.91933911083877, -8.027196223326142], [-34.91930393487263, -8.027203157930197], [-34.91929300872692, -8.027190742765017], [-34.919287438918104, -8.027204110005988], [-34.91928334901399, -8.027213926416195], [-34.919194133728695, -8.027227185657152], [-34.91918193203969, -8.027226689280042], [-34.91914724476433, -8.027225277087966], [-34.91914885924385, -8.02720479523563], [-34.91910475054861, -8.0272089327265], [-34.91909434803031, -8.027209907907283], [-34.919050655321115, -8.027210496811833], [-34.91900956405615, -8.027190437428164], [-34.918985013444605, -8.027216046510786], [-34.918951717053474, -8.02723346940149], [-34.91895103422709, -8.027234468863774], [-34.918941177343356, -8.027248887631947], [-34.91893066199619, -8.027242057651247], [-34.91890469478157, -8.027225190490983], [-34.91896132465154, -8.026980828367257], [-34.918971202079355, -8.026920933305117], [-34.91897329230079, -8.02690248066342], [-34.918989613109524, -8.02684643941025], [-34.919005292431706, -8.026782814248547], [-34.91903179764781, -8.026671218720196], [-34.91904193104132, -8.026607887025023], [-34.919069909455374, -8.026481458892512], [-34.91910671969343, -8.026356048233502], [-34.91914877804118, -8.026331148565268], [-34.9192014172236, -8.026299985017879], [-34.9193075201744, -8.026234789086011], [-34.91940957301179, -8.026157751618486], [-34.91945585536729, -8.026122631681433], [-34.91955453151391, -8.026047757089582], [-34.91970472997191, -8.025931629330353], [-34.91978971646815, -8.025862159763165], [-34.91991015828135, -8.02576260934164], [-34.91994647493509, -8.025738828509542], [-34.91996949847471, -8.025723751627446], [-34.92008812926531, -8.025687633251302], [-34.92009602258859, -8.025685230493108], [-34.92009846526393, -8.025683898261075], [-34.92013469555648, -8.02566413637891], [-34.92016935738601, -8.025636984769621], [-34.92021707469704, -8.025589159613036], [-34.920259262713394, -8.025534351052448], [-34.92032376635436, -8.025429035963715], [-34.92036237308901, -8.025383031599114], [-34.92068367371897, -8.025351993881701], [-34.92067834839347, -8.025326834260454], [-34.92067547437681, -8.025287505578845], [-34.92066551035056, -8.025105298472653], [-34.92066473554126, -8.025048670700047], [-34.92066643435416, -8.025011397310289], [-34.92066787973056, -8.024987560378214], [-34.92068682189714, -8.024883125979906], [-34.920716569106496, -8.02478309999878], [-34.920736440824754, -8.02472556493773], [-34.92076095584624, -8.024665782406998], [-34.92077865640762, -8.024631469285339], [-34.920808843972566, -8.024574801901082], [-34.9208551663856, -8.02449382040026], [-34.92085542637368, -8.024493365347588], [-34.92075882224819, -8.024428190242027], [-34.92055874882201, -8.024295691372783], [-34.920213492930266, -8.024115562860143], [-34.92027548942244, -8.024011974524159]]]}}, {"type": "Feature", "properties": {"bairro": "Apipucos", "CDTIPO": "ZEIS"}, "geometry": {"type": "Polygon", "coordinates": [[[-34.937662651624265, -8.015145918006612], [-34.93837728016325, -8.014781503297703], [-34.93852392457223, -8.014706723583023], [-34.93902984481872, -8.014448735850937], [-34.93909780619637, -8.014568772737148], [-34.93880668174787, -8.014704539078863], [-34.93891695746897, -8.014922296779636], [-34.9385818663126, -8.01510352412086], [-34.93838767784167, -8.015208546640833], [-34.9381749500736, -8.015225517352276], [-34.937973125474, -8.015241617608165], [-34.937896017731674, -8.015288565239697], [-34.93777222440861, -8.015363937989619], [-34.93775723160039, -8.01534679078016], [-34.937670149022615, -8.015224940492152], [-34.93748005440509, -8.015750672223941], [-34.937848643584935, -8.016301638787617], [-34.93817629129876, -8.016791403075734], [-34.93819140872668, -8.01677815266], [-34.93828721495895, -8.016739430630835], [-34.938345396023955, -8.016863539355858], [-34.93855158681193, -8.016824297919763], [-34.93865787498494, -8.016972100574373], [-34.93866749036693, -8.016975644421576], [-34.938428543745495, -8.017168467023483], [-34.93843106486751, -8.017172235914327], [-34.93802759787597, -8.017421649609616], [-34.93778600772881, -8.01715104545606], [-34.937523022732314, -8.016941875453764], [-34.93711267277766, -8.017411834959761], [-34.937112564812985, -8.017818490925219], [-34.937112561841275, -8.01782878631153], [-34.936971861106265, -8.018324935786696], [-34.93693503974298, -8.018454777471192], [-34.93655555939781, -8.018838373847082], [-34.936439827129526, -8.018955361109095], [-34.93640041479689, -8.019017451549113], [-34.936150051068054, -8.0196996015291], [-34.93614754829283, -8.01970641992405], [-34.93606212359475, -8.019939169946786], [-34.93583927876793, -8.019864031848213], [-34.93579744239511, -8.01984992543747], [-34.93586289454443, -8.020294319746728], [-34.93572751098168, -8.020307046047867], [-34.93572498930214, -8.020244878799456], [-34.9352027229538, -8.0202274883657], [-34.935203530311966, -8.020199135203777], [-34.934677144079586, -8.020411874531101], [-34.93456862120247, -8.020455733812582], [-34.93443164545785, -8.020652578141453], [-34.934415367600884, -8.02067597110675], [-34.93423448335958, -8.020661033221598], [-34.93417825824968, -8.020338957986565], [-34.93461594245458, -8.020012959990481], [-34.934867978592784, -8.019894707111584], [-34.93522924894802, -8.019552275744303], [-34.93536684053064, -8.019508417182038], [-34.93548051452827, -8.019472181867583], [-34.93564941790048, -8.019113252077299], [-34.93574577527452, -8.019165740704087], [-34.935833303959555, -8.019213419637707], [-34.93610586654132, -8.018673303675882], [-34.93636009491615, -8.018338544044767], [-34.93661990028605, -8.01714258451854], [-34.937011804203344, -8.015982888672575], [-34.937379308393666, -8.015107158118676], [-34.93756504444674, -8.015258633382315], [-34.937662651624265, -8.015145918006612]]]}}, {"type": "Feature", "properties": {"bairro": "Ipsep", "CDTIPO": "ZEIS"}, "geometry": {"type": "Polygon", "coordinates": [[[-34.94658393789682, -8.086943164269886], [-34.946442898391794, -8.086613747049523], [-34.94631056239571, -8.086345078191442], [-34.94608788142138, -8.085903861916984], [-34.945916705345155, -8.085664334441814], [-34.945758632934776, -8.0854431445211], [-34.94432673449578, -8.083879727740158], [-34.94452837255726, -8.08341685855839], [-34.946055363054604, -8.084076120088312], [-34.94687031487846, -8.082499178813112], [-34.948019444104396, -8.08319987874236], [-34.94847498871361, -8.083477653208192], [-34.94866569951955, -8.083597516331414], [-34.94980090228732, -8.0843109960884], [-34.95057785772781, -8.084688391988522], [-34.95024558415881, -8.085153719610108], [-34.95040567821107, -8.085530347227289], [-34.95049108427633, -8.08579151769283], [-34.950531760470994, -8.085917120448597], [-34.95061248726102, -8.086038538815808], [-34.95076341593445, -8.086175596435695], [-34.95092029761602, -8.086300644244432], [-34.95104091378971, -8.086383932859707], [-34.95173801249984, -8.086830407722385], [-34.95178051647791, -8.086857630645207], [-34.95157513977441, -8.08706428007726], [-34.951140329141765, -8.087533532892486], [-34.95068797272693, -8.087259077311671], [-34.949576409567584, -8.08677164195824], [-34.94910918950198, -8.087569181029245], [-34.94892849405689, -8.087884800226872], [-34.94882708711466, -8.088016028945562], [-34.948725086068755, -8.08802377869011], [-34.9482187424407, -8.088319160098385], [-34.94805820420864, -8.08834627873701], [-34.94801776176534, -8.088347693890436], [-34.94799074150351, -8.088349147184132], [-34.94794301211568, -8.088351714484157], [-34.947943604533556, -8.088475088641003], [-34.94797532962028, -8.08848033087661], [-34.947961140405965, -8.088579179146075], [-34.94787470750218, -8.088932276031835], [-34.94790942984478, -8.08893941421907], [-34.94786201600321, -8.089269722962433], [-34.94776209874705, -8.089726796153496], [-34.94744561336046, -8.089679467098115], [-34.94721391276283, -8.089618870758192], [-34.947094239904274, -8.089580659557594], [-34.946888932404796, -8.089515105043295], [-34.94689414036707, -8.088848704729338], [-34.946900383936566, -8.08874923074032], [-34.946864782553526, -8.088188634752779], [-34.94681881115232, -8.087898004860223], [-34.94677673909942, -8.087632026891924], [-34.9466817205472, -8.087263803104056], [-34.94658393789682, -8.086943164269886]]]}}, {"type": "Feature", "properties": {"bairro": "Barro", "CDTIPO": "ZEIS"}, "geometry": {"type": "Polygon", "coordinates": [[[-34.94424227223078, -8.087644633051188], [-34.943986763606816, -8.087782508637602], [-34.94395756996559, -8.087790243384363], [-34.94412428489311, -8.087887781458928], [-34.944511971031666, -8.088123008194755], [-34.944815627352604, -8.08831014234923], [-34.94511790002104, -8.088490547645698], [-34.945371348961444, -8.088636163309362], [-34.94625515375962, -8.08916940514171], [-34.946718634851315, -8.089407156410648], [-34.94671891584538, -8.089407299718717], [-34.94670841038999, -8.089595015428964], [-34.946695721855654, -8.089831010408231], [-34.94669179817933, -8.090025811400011], [-34.946687890850725, -8.090219856529997], [-34.946687857788646, -8.090221473123105], [-34.94668587336112, -8.090320022769335], [-34.94668167069566, -8.090528695877508], [-34.94667844969845, -8.09068863528433], [-34.946676382463544, -8.090791284272013], [-34.94668741018357, -8.09089324703762], [-34.94669873030175, -8.090997915122886], [-34.94672282025391, -8.091206319535367], [-34.946723786586894, -8.091214680975781], [-34.94674205620338, -8.091355405461627], [-34.94668603661195, -8.091369810033756], [-34.946645296241456, -8.091380285994289], [-34.94662479372971, -8.091385926452837], [-34.94651696232995, -8.091415590619194], [-34.94628624232081, -8.091493368117163], [-34.94626488005521, -8.091500569427083], [-34.94608659227853, -8.09156157995721], [-34.94593632798695, -8.09161333141043], [-34.94587623481053, -8.09163426624791], [-34.945791690765105, -8.091663968431375], [-34.94565084526511, -8.091713450048843], [-34.945553413305646, -8.091747679599898], [-34.945425959730485, -8.09179957804314], [-34.945360434848354, -8.091826259509984], [-34.945215680345186, -8.09188520240267], [-34.94515872388326, -8.091906305729017], [-34.94506088422141, -8.09194255676694], [-34.9450373764726, -8.091951266250904], [-34.94495468033563, -8.091975150076967], [-34.94486925564174, -8.091999822559227], [-34.94474240857704, -8.092031638135571], [-34.94469662505833, -8.092042269941384], [-34.94459584711567, -8.092065672089644], [-34.94455804625777, -8.092070960907868], [-34.94446995332992, -8.092083284979996], [-34.94433953656864, -8.092093725865592], [-34.944301806832044, -8.092096255168633], [-34.94426304908919, -8.09209533590096], [-34.94423801260623, -8.092094742739736], [-34.94418662060894, -8.092086548186002], [-34.944174806889485, -8.092085993306727], [-34.94411301391984, -8.09207012047042], [-34.94405343842916, -8.0920473319461], [-34.94401930105435, -8.092030574333313], [-34.943983212187725, -8.0920113109474], [-34.94393586948466, -8.091986040403004], [-34.9438472293735, -8.09193872689252], [-34.943793727501756, -8.09191731339175], [-34.943599003612995, -8.091842894327526], [-34.943510737539604, -8.091810771478023], [-34.94347477228649, -8.091799311193277], [-34.94346865603126, -8.09179736224963], [-34.94347301361937, -8.091727826520621], [-34.94347613914572, -8.091677942530138], [-34.94347905066654, -8.091631482285292], [-34.943481779301685, -8.091587935754662], [-34.94348525570381, -8.09154236511673], [-34.943488388457546, -8.091504020364663], [-34.94349010304555, -8.091483027433917], [-34.943493345477734, -8.091443339648121], [-34.943497269956985, -8.0913952970176], [-34.94350137099278, -8.09134510191178], [-34.94350461942489, -8.0913053408697], [-34.943505334878346, -8.09129657452396], [-34.94350868358676, -8.091255590731325], [-34.943512944815495, -8.091203424941995], [-34.94351845503195, -8.091127188345862], [-34.943520450547794, -8.091097617371899], [-34.943522222483345, -8.091071365319479], [-34.94352637191851, -8.091009879324483], [-34.94352971926273, -8.09096028176642], [-34.94353173176986, -8.090930470234872], [-34.94353360447107, -8.090902718790819], [-34.943536360599424, -8.090861878850742], [-34.943537820375546, -8.09083333380963], [-34.943537885260916, -8.090781757544692], [-34.94353793455468, -8.09074339582805], [-34.94353798365767, -8.090704615537888], [-34.94353804259905, -8.09065766622025], [-34.94353545250426, -8.090604054922105], [-34.94353318574839, -8.090557151027305], [-34.94353048997803, -8.090501363283193], [-34.943528531300416, -8.09046082151781], [-34.9435280398304, -8.090450641560615], [-34.943525796210054, -8.090404210372247], [-34.943523178002096, -8.09035003056008], [-34.943520480291355, -8.090297243360444], [-34.94351805031823, -8.090251676424408], [-34.943513462437096, -8.090165636473293], [-34.943513418572884, -8.090164812189965], [-34.943512528478145, -8.090148114132925], [-34.94347813826957, -8.090143297401212], [-34.94343783858563, -8.090137651752222], [-34.94337968522761, -8.090129506389365], [-34.9433357808604, -8.090123356248126], [-34.943295121460395, -8.090118744719263], [-34.94324099225069, -8.090112883701101], [-34.943193046620834, -8.090107692984656], [-34.943130189792754, -8.090100887164025], [-34.9431297196476, -8.090100836062259], [-34.94309381694335, -8.090097473874778], [-34.94295887957575, -8.090075556283356], [-34.9426640201284, -8.09005251721629], [-34.94256798096365, -8.09004042316599], [-34.94248516026337, -8.090028806837145], [-34.94240276670213, -8.090016785252889], [-34.942309343644254, -8.090003155371885], [-34.94225447936048, -8.08999515059558], [-34.94218092635137, -8.089984356201585], [-34.94209944387443, -8.089972398926502], [-34.942039412274084, -8.08996358877638], [-34.94204234518737, -8.089884799604745], [-34.94205385225512, -8.089820563723725], [-34.94206615219041, -8.089754628076413], [-34.942076162275264, -8.089700961320725], [-34.942092108340546, -8.089619936932342], [-34.9420982905459, -8.089589629120395], [-34.94211336000928, -8.089515741848832], [-34.94213259878076, -8.089421410473639], [-34.94214693170442, -8.089351136573777], [-34.94215013110599, -8.08933368767656], [-34.94215524182221, -8.089305811428542], [-34.94217553526798, -8.089195118983726], [-34.94218825151421, -8.089125762246612], [-34.942206074140856, -8.0890281929769], [-34.94221369871604, -8.088986332696816], [-34.9422222717337, -8.088939267816409], [-34.9422365792903, -8.08886881413436], [-34.9422547765664, -8.088815770213158], [-34.942272145385395, -8.088748846750617], [-34.94227245615845, -8.088748199781746], [-34.94229628072822, -8.088698440632344], [-34.94231705154638, -8.088659983960987], [-34.942339842032, -8.088608722679144], [-34.94234002109372, -8.088607470623788], [-34.94234397428573, -8.088579783404224], [-34.942345585438325, -8.088561420835225], [-34.942315229127615, -8.088543471556207], [-34.94227339295063, -8.088524194573678], [-34.942165390341906, -8.08851598768662], [-34.94196184177531, -8.088504080950969], [-34.94178120691745, -8.088493175350559], [-34.941370023417434, -8.088468678356886], [-34.94126678576943, -8.08846269875535], [-34.94119709880032, -8.088459010553022], [-34.94090865292066, -8.088443742290945], [-34.94072136774068, -8.088436056393606], [-34.94048129381172, -8.088426204678104], [-34.94021387907213, -8.088405824846673], [-34.93991997531361, -8.088362770494884], [-34.93962041409884, -8.088339904914935], [-34.939795257256264, -8.08650001644713], [-34.93979732532506, -8.086413634555221], [-34.940032081632644, -8.086374204398526], [-34.940437582228746, -8.08632689352243], [-34.940450477233014, -8.086325388508806], [-34.940745199636815, -8.086319731424366], [-34.94095027841914, -8.086327271529099], [-34.94126660315728, -8.086372597478364], [-34.941506119563954, -8.086435317763875], [-34.941698668704014, -8.086502517381716], [-34.94200683743709, -8.086628768564816], [-34.94229800139574, -8.086772128985828], [-34.94255922258484, -8.08690711629442], [-34.942858819281156, -8.087073519200684], [-34.94290781859527, -8.086967499797192], [-34.94293379004043, -8.086912020466617], [-34.942976696405154, -8.08683997616756], [-34.94304990444958, -8.08675385545281], [-34.942994998582556, -8.086719262800429], [-34.94302447439971, -8.086682753634685], [-34.94299090660841, -8.086658666697064], [-34.94303776003519, -8.086599344386144], [-34.94306875979401, -8.086563585564805], [-34.943060368075066, -8.086557563830125], [-34.943084547233084, -8.086526383908986], [-34.943129909335816, -8.086473130333253], [-34.94314746381701, -8.086487442910988], [-34.94318227253121, -8.086453181154258], [-34.94321404694045, -8.086420449013804], [-34.94322745461526, -8.086430723037514], [-34.94324609802157, -8.086445300741783], [-34.94325895001979, -8.08643008594806], [-34.94329825074691, -8.086381406748398], [-34.94328754588733, -8.08636857678219], [-34.94331633406472, -8.086347224540246], [-34.94334739183952, -8.086323588723069], [-34.9433814839078, -8.086298423285614], [-34.9433958893076, -8.086264160933892], [-34.94341394158358, -8.086254562664315], [-34.94346648690563, -8.08622662532338], [-34.94347766608552, -8.086220681364724], [-34.94347610584609, -8.086212354363349], [-34.94349564717835, -8.086202282518757], [-34.9435102341804, -8.086194764672987], [-34.94349872833652, -8.086173604099704], [-34.94348962363902, -8.086177436277595], [-34.94347806699554, -8.086145668743674], [-34.943525076335554, -8.08611892576395], [-34.943512755898375, -8.086086403367844], [-34.94353923816116, -8.086059758937887], [-34.943576497849854, -8.086061096877387], [-34.94362052368652, -8.086046491372844], [-34.943675888424295, -8.086018193447206], [-34.943684989487174, -8.08601360369108], [-34.943702551220255, -8.086029432299965], [-34.943763911037806, -8.085982920910253], [-34.94377381218516, -8.085986662672182], [-34.94382826430343, -8.085926545665998], [-34.94384035882471, -8.085912092058793], [-34.94389862352507, -8.08585423059035], [-34.94392508668838, -8.085823797368917], [-34.94393937110925, -8.08584060708388], [-34.94394496609801, -8.085847190864854], [-34.94396542782618, -8.085833455941875], [-34.94395812465178, -8.085825346118613], [-34.94394708325379, -8.085813085514394], [-34.943971907219414, -8.085757655922977], [-34.94401090860296, -8.085805205009525], [-34.94406470939122, -8.085767821568872], [-34.94406625149195, -8.085772360689948], [-34.944107877007255, -8.085732763303543], [-34.944116692453825, -8.085743162210564], [-34.944139225069435, -8.08576974068935], [-34.94420127144345, -8.085708072331878], [-34.94422321807744, -8.085686752602117], [-34.94427836958415, -8.08563422985236], [-34.94433422595521, -8.085688498042124], [-34.94438879972612, -8.085742023772603], [-34.944490302070406, -8.085863668567393], [-34.94456284476596, -8.08595910990972], [-34.94461839568062, -8.086018712473171], [-34.94464514754331, -8.086085635666075], [-34.9446573564348, -8.086126286832599], [-34.944665864204175, -8.086162391076927], [-34.944691912528654, -8.086239046070416], [-34.94473819430401, -8.086307522559547], [-34.94477083926196, -8.08635047126322], [-34.94481021549266, -8.086387999794743], [-34.94484148213445, -8.086425566925621], [-34.944878206830225, -8.086473884319252], [-34.944912292896056, -8.086535683676631], [-34.94494083053433, -8.086567875662038], [-34.9449897131989, -8.086614788127317], [-34.94502635399188, -8.086645594494595], [-34.94508191073317, -8.086674963765489], [-34.94511720639923, -8.086707124461014], [-34.945153885953594, -8.086746012813796], [-34.945187994934855, -8.0867955477133], [-34.94517348192865, -8.086824928751989], [-34.945117575015615, -8.086898690402654], [-34.94504734032555, -8.086996766826665], [-34.94499217174204, -8.087065979403206], [-34.94493403875683, -8.08715111642606], [-34.94487960124237, -8.087214263875397], [-34.944830445809096, -8.087269051757579], [-34.94477367329661, -8.087320844627516], [-34.9447524631847, -8.087336856844336], [-34.94472263071014, -8.087299114742128], [-34.944685508928224, -8.087326568394229], [-34.94461959173086, -8.087373858325622], [-34.94454380964652, -8.087424984073936], [-34.944486153446256, -8.087451020277317], [-34.944468551502275, -8.087475655294531], [-34.944466963774275, -8.087477876865687], [-34.944455189194, -8.087494355848753], [-34.944434821830555, -8.08752779047117], [-34.94442808838759, -8.087550553000767], [-34.944362527874375, -8.087588052175892], [-34.9443181516253, -8.087610766058829], [-34.94429690144399, -8.087621642553243], [-34.94424227223078, -8.087644633051188]]]}}, {"type": "Feature", "properties": {"bairro": "Boa Viagem", "CDTIPO": "ZEIS"}, "geometry": {"type": "MultiPolygon", "coordinates": [[[[-34.91328702072584, -8.142459889376898], [-34.91328689477883, -8.142460115082075], [-34.91334696513038, -8.142493652817516], [-34.91329095786038, -8.142580936444006], [-34.91288861055298, -8.14278639723474], [-34.9128476591523, -8.142807309565573], [-34.912864497166, -8.142845690800923], [-34.91297855707628, -8.143097296907602], [-34.912960107915964, -8.143103866005594], [-34.91286981761946, -8.143136016987684], [-34.91286102678604, -8.143139794011924], [-34.912768509113164, -8.143179592086996], [-34.912860254912104, -8.143439675016161], [-34.91288836363693, -8.143514649263095], [-34.91279704507549, -8.14357121386865], [-34.912853579058286, -8.143727058975221], [-34.91297792533497, -8.144069839081727], [-34.91300297204733, -8.144138883533673], [-34.91299120240669, -8.14413268563011], [-34.91237833297055, -8.144378761176327], [-34.91244763182669, -8.144561996215922], [-34.91285556831286, -8.144384485272038], [-34.91281731907651, -8.14426791051865], [-34.91285753602893, -8.144387123088286], [-34.91301681352826, -8.144823247354402], [-34.91306138791519, -8.144933398709547], [-34.91264767240999, -8.145081065189903], [-34.91269613912182, -8.145201179094158], [-34.912707716194376, -8.145229869162337], [-34.91272522595804, -8.145273263852278], [-34.91277360575594, -8.145407542988366], [-34.91319016746276, -8.14525869303728], [-34.91390041999084, -8.144985212934467], [-34.91416752317541, -8.144882365204083], [-34.914497577012284, -8.14475527802122], [-34.91528276106635, -8.144413792338552], [-34.91513602164065, -8.144358152090518], [-34.91506397646623, -8.144325348384154], [-34.91495921576808, -8.1442442703411], [-34.91486812054942, -8.144163191051033], [-34.91483452894652, -8.144119759382674], [-34.914810489673634, -8.144067648846962], [-34.91475426880331, -8.143945776429693], [-34.91457023104895, -8.143493534878862], [-34.91452032133293, -8.14340773629519], [-34.91443907547744, -8.143293552469617], [-34.91443710003714, -8.14328909843956], [-34.914433331936564, -8.143286770178502], [-34.91429939008095, -8.14318623853623], [-34.91407078770955, -8.14304622096222], [-34.91403830349283, -8.143027302107079], [-34.914087082933634, -8.142908440180054], [-34.914061480323866, -8.142778916730126], [-34.914051152551494, -8.142727298333668], [-34.914058799733354, -8.14251772342933], [-34.913993147329236, -8.142268061894825], [-34.913756610926505, -8.142358502302418], [-34.91356337466765, -8.141807293094265], [-34.913464289148074, -8.141524647904548], [-34.91330110058706, -8.141586980231667], [-34.913404750065276, -8.141879272906447], [-34.912790892186415, -8.142121845165274], [-34.91272360130229, -8.142144010787606], [-34.91328702072584, -8.142459889376898]]], [[[-34.90949473130739, -8.135149150580094], [-34.90949779285317, -8.135186419787825], [-34.909774423928454, -8.135119854814734], [-34.909791276525965, -8.135201710885292], [-34.91010530138455, -8.135117557603303], [-34.91007722697077, -8.13496542721207], [-34.91043404373781, -8.13488670481526], [-34.910375322607855, -8.134651192170251], [-34.91050171562665, -8.134597529182631], [-34.91043502467653, -8.134490250242921], [-34.910596461378795, -8.13447947392648], [-34.910704077334465, -8.134030814441171], [-34.91097367236894, -8.133998907591044], [-34.911010720358504, -8.133998733308225], [-34.91103265886765, -8.133396080947428], [-34.91091060558743, -8.133380960528052], [-34.90935804436217, -8.135021569737914], [-34.90941695375002, -8.135156667367522], [-34.90949473130739, -8.135149150580094]]], [[[-34.89476892090411, -8.110019893367351], [-34.894815920544474, -8.1099880521274], [-34.89496836749905, -8.109884773343753], [-34.895063704358215, -8.110034622876029], [-34.89511070338651, -8.11010666223033], [-34.89519493264137, -8.11002318525946], [-34.895374071043115, -8.109845642832655], [-34.89569111481004, -8.109532616370858], [-34.89604228755903, -8.10917955957012], [-34.89611795180011, -8.109119774676492], [-34.89614418772689, -8.109094287037971], [-34.8963836352681, -8.108861678745747], [-34.896579131509064, -8.108671766315583], [-34.896733531015286, -8.108524046489494], [-34.89676178320393, -8.10849712191357], [-34.89683362527894, -8.108428658465925], [-34.896911891986676, -8.108357251280394], [-34.897050652009135, -8.108238197256648], [-34.897073872043954, -8.108218275526262], [-34.89729075305315, -8.108032193333857], [-34.897315699789715, -8.10801078991917], [-34.897352054121875, -8.10797959834932], [-34.897367018503516, -8.107970697705289], [-34.897375011689235, -8.10796852326339], [-34.897387967461, -8.107980315313048], [-34.8974869572997, -8.108083042358288], [-34.897637269994554, -8.108239028771985], [-34.89805545192741, -8.108714470310176], [-34.89806523937732, -8.108725598129597], [-34.89814177868635, -8.108812617314653], [-34.898433244808786, -8.108517532270438], [-34.8984864964461, -8.108448188755412], [-34.89851787953417, -8.108419775862497], [-34.898806876262086, -8.108217425456932], [-34.899174646166344, -8.108011566142387], [-34.89917411556969, -8.107898503770494], [-34.89917679549944, -8.107797989396904], [-34.899179678679005, -8.10773324542731], [-34.89917361301324, -8.107660731995239], [-34.899149130283455, -8.107520190826273], [-34.899120220427896, -8.10743765012418], [-34.89908648835417, -8.107395422690477], [-34.899034048164076, -8.107375290217], [-34.89895786668115, -8.107350378246421], [-34.89891688081512, -8.107331007852892], [-34.89888250257832, -8.10732546245084], [-34.89882530457158, -8.107337139235229], [-34.89877880721095, -8.107347111706268], [-34.898706270808, -8.10738000163158], [-34.898613568887605, -8.107429491113736], [-34.89854980759493, -8.107469675764277], [-34.898507135992126, -8.1074941741711], [-34.898224236099374, -8.107601401197098], [-34.898151294644286, -8.107646213104765], [-34.898127415154434, -8.10765549432289], [-34.898086970103954, -8.107664393430202], [-34.89804693859997, -8.10766320479253], [-34.89798666844105, -8.107663027140623], [-34.89787715963708, -8.107660327709869], [-34.89780575995721, -8.1076414035143], [-34.89770809198127, -8.107603681231382], [-34.897578651885524, -8.107594602285742], [-34.89754335182935, -8.10760548894127], [-34.897416987324334, -8.107638629310415], [-34.89733379190249, -8.10765506302734], [-34.897261048938155, -8.107643939887264], [-34.8971242951568, -8.107619818553411], [-34.89703632438941, -8.107599137899962], [-34.896941382227425, -8.107601592319124], [-34.89683915446473, -8.107603698206004], [-34.89669110555305, -8.107601942683523], [-34.89661416398503, -8.107589259549833], [-34.89653305934084, -8.107561109026877], [-34.896428114089396, -8.107506986960415], [-34.89635997342734, -8.107452694500529], [-34.89632545858306, -8.10741780605413], [-34.89630313907444, -8.107367375914224], [-34.896280623961246, -8.107318762058133], [-34.896226551942796, -8.107256066750434], [-34.89615185726211, -8.107199358316093], [-34.89605824096767, -8.107155422025086], [-34.89599534760741, -8.107137325805665], [-34.895932313476834, -8.10712539328899], [-34.89590375239022, -8.10710883970091], [-34.895876926534385, -8.10710772501287], [-34.895822110737434, -8.107121734564574], [-34.8957590575737, -8.107137501972915], [-34.89573669937179, -8.107152392075825], [-34.895671511071725, -8.107231782632299], [-34.89554816268624, -8.10737548908665], [-34.89549951751447, -8.107419298862485], [-34.89546036316132, -8.107457993550279], [-34.895438791017725, -8.107493511819705], [-34.89541094058219, -8.107547924565537], [-34.89537245789428, -8.107623111714954], [-34.89533681151669, -8.10767416863966], [-34.89530283816831, -8.107714215222067], [-34.895273012561574, -8.107755616702399], [-34.89526036004112, -8.10778009002063], [-34.895241173110854, -8.10780906346285], [-34.89522195558059, -8.107831503316243], [-34.8951855141325, -8.107860213456554], [-34.89515933352395, -8.107869620037658], [-34.89513035459876, -8.107870786354374], [-34.89509001370562, -8.10787716324103], [-34.89503144437809, -8.107896347904452], [-34.89495838039435, -8.107914911964741], [-34.89492492829684, -8.107918850161346], [-34.89488624441796, -8.107919513722699], [-34.89485836007704, -8.107924661891003], [-34.89482942944011, -8.107936143430454], [-34.89477506195672, -8.107965529967835], [-34.89471584952812, -8.107997534619399], [-34.894707941569244, -8.107993309590299], [-34.89468713804539, -8.107982194913905], [-34.894640073448635, -8.10795284152533], [-34.89460878444099, -8.107902782942109], [-34.89458486621044, -8.10785072282405], [-34.894581085584086, -8.107829344617405], [-34.894573621634166, -8.10780737238197], [-34.894561908844864, -8.107795201061974], [-34.894536690181866, -8.107780647015], [-34.89452828405483, -8.107784148694105], [-34.89420726691605, -8.108032300096506], [-34.893768856485515, -8.108230056934726], [-34.89380069226737, -8.108287822993319], [-34.89398711327781, -8.108610430229879], [-34.894050247040674, -8.108580409041748], [-34.8941358993539, -8.108538909027777], [-34.89417122255623, -8.108596292678307], [-34.894199019566784, -8.108629841075917], [-34.8942374839455, -8.10867626269649], [-34.89424529326326, -8.108691002557944], [-34.89429716136422, -8.108788903950185], [-34.89446194924537, -8.109068400339954], [-34.89452445391101, -8.109184192639647], [-34.89459484695251, -8.109299044167026], [-34.89465453402983, -8.109394327083855], [-34.89446223562689, -8.10951709027297], [-34.89452232412027, -8.10962059840239], [-34.89458241264853, -8.109724106515383], [-34.894645020607264, -8.10982317294], [-34.89470762860007, -8.109922239347457], [-34.89476770158427, -8.110017950762073], [-34.89476892090411, -8.110019893367351]]]]}}, {"type": "Feature", "properties": {"bairro": "Imbiribeira", "CDTIPO": "ZEIS"}, "geometry": {"type": "MultiPolygon", "coordinates": [[[[-34.9109396286558, -8.12205676754994], [-34.910432607681635, -8.119853792987687], [-34.90990091073501, -8.119970092540244], [-34.91040791906388, -8.122173023237238], [-34.9109396286558, -8.12205676754994]]], [[[-34.9047023912663, -8.114036415350292], [-34.904701594186605, -8.114034951777448], [-34.90470083922974, -8.114033571181754], [-34.90468584528305, -8.114041581739587], [-34.904571732333274, -8.114102541543476], [-34.904672677441106, -8.114307466243234], [-34.90465155478255, -8.11431865614458], [-34.904556597964714, -8.114377946951077], [-34.904449980421596, -8.114172330010252], [-34.90442477335978, -8.114184652813574], [-34.90428472184175, -8.114266179354784], [-34.904408704701595, -8.114475518544673], [-34.904154968078316, -8.114733003843666], [-34.90412186372073, -8.11471182447171], [-34.90405809633651, -8.1146642631447], [-34.903901385632665, -8.1147447021675], [-34.90378208561893, -8.114556488842208], [-34.9036625003529, -8.11462812124628], [-34.90364563753647, -8.114639996361998], [-34.903637063911695, -8.114625457448525], [-34.90344042829537, -8.114740798272598], [-34.903441462088225, -8.114742247180962], [-34.90366745794195, -8.115043682663282], [-34.90368274939659, -8.115058961333416], [-34.90382444628121, -8.114929687923677], [-34.90384946923261, -8.114978631959803], [-34.9038526740161, -8.114984900244728], [-34.90385569109125, -8.114990801451778], [-34.903883911357404, -8.114969478146213], [-34.903918040698066, -8.115060360879173], [-34.90393388465404, -8.115058877347877], [-34.9039849177608, -8.115127887569264], [-34.90399389652148, -8.115140026083859], [-34.90406969017061, -8.115079144308497], [-34.90410314402253, -8.115055861809072], [-34.904188744540996, -8.115166395080864], [-34.90425534836661, -8.115225399441652], [-34.90413200871337, -8.115397147021179], [-34.90415845148328, -8.115417955225016], [-34.90419329663975, -8.115468173222698], [-34.904907337901086, -8.114547519399535], [-34.90492273945585, -8.114526853599427], [-34.90494320552737, -8.114617391487545], [-34.90502479382039, -8.114978316573564], [-34.9051078206238, -8.11493806325604], [-34.905731642044586, -8.114635617527577], [-34.905786950001044, -8.114607200597016], [-34.905746858889316, -8.114528226350446], [-34.905648175838664, -8.114339476977046], [-34.905661160510164, -8.114290704184537], [-34.905752127266794, -8.114246452904833], [-34.9056832091608, -8.114008995036324], [-34.90569448415653, -8.114006900886917], [-34.905777090250346, -8.11398639156605], [-34.90577609534796, -8.113982608182651], [-34.90591931176215, -8.113948266821529], [-34.90602494787546, -8.113923794723114], [-34.90603690048923, -8.113972499609323], [-34.906120911913575, -8.11395393462172], [-34.90623999643759, -8.113927701680943], [-34.90625848448273, -8.113923637240273], [-34.906270074593415, -8.11397665168714], [-34.90638713551006, -8.11392529512991], [-34.90644616406008, -8.11389943369591], [-34.906484731748215, -8.113882527900827], [-34.9064617734176, -8.113785086621446], [-34.90643993612836, -8.113694510994415], [-34.90627165107348, -8.113733721635596], [-34.906219452865784, -8.113745899663034], [-34.906200075712846, -8.113657572660475], [-34.90617116832493, -8.11366452734974], [-34.9059789658935, -8.113710772267375], [-34.90598337275103, -8.113731861597577], [-34.90587353845228, -8.113754678991718], [-34.9056627180285, -8.113786292706603], [-34.905658872385395, -8.11379554303375], [-34.905650312741116, -8.113809968602206], [-34.90562553115651, -8.113851729508177], [-34.90564732460462, -8.113939387999352], [-34.90562808493464, -8.11394220470273], [-34.90541566504501, -8.113957666508435], [-34.90540213843027, -8.113840984021248], [-34.905419059768285, -8.11378937121916], [-34.90539944965058, -8.113604970033455], [-34.90537798646176, -8.113632637269882], [-34.90536481566107, -8.113649614892953], [-34.90520402649495, -8.113856879609797], [-34.904931526265095, -8.114208033886642], [-34.90485099826776, -8.11430919149884], [-34.9047023912663, -8.114036415350292]]], [[[-34.909319127962554, -8.104094403160316], [-34.90930463168291, -8.104117434310629], [-34.909538762085184, -8.10513749748331], [-34.909561861221924, -8.105151953766276], [-34.91014330632053, -8.105019423933909], [-34.91015780532992, -8.10499640178599], [-34.910071085702555, -8.104618556405793], [-34.9097615639498, -8.104689104233469], [-34.90960986441538, -8.104028129565759], [-34.909319127962554, -8.104094403160316]]], [[[-34.912374109216145, -8.088883788514208], [-34.91241809611739, -8.08908058721965], [-34.912423642670255, -8.089105450139792], [-34.912688810380246, -8.089045290542996], [-34.91270523982294, -8.089122999286664], [-34.912970309960755, -8.089074674169474], [-34.91292292502866, -8.088806597003842], [-34.91290901749393, -8.088779296119268], [-34.912684339054714, -8.088532372557893], [-34.91265354991291, -8.088529234983092], [-34.91238136228824, -8.088854037957118], [-34.912374109216145, -8.088883788514208]]], [[[-34.900446949928636, -8.088481731237707], [-34.90123469341379, -8.088403864622503], [-34.902325986587144, -8.088295990838605], [-34.902579914587406, -8.088270890082258], [-34.90333965257211, -8.088195788103578], [-34.9033503348657, -8.088194732098112], [-34.90334771427376, -8.088176210894842], [-34.90309885952412, -8.086417217365678], [-34.90293451011395, -8.085255528773997], [-34.90293196837997, -8.085237559576155], [-34.90246806535234, -8.085415932842146], [-34.901273896963176, -8.08587509120344], [-34.90038820366524, -8.086215641674556], [-34.90037044312678, -8.087571620384333], [-34.900363719885014, -8.088084976579346], [-34.900358484659435, -8.088484687797418], [-34.900358431967945, -8.08848873827844], [-34.900358409298626, -8.08849048323999], [-34.9003707083486, -8.088489267903133], [-34.900446949928636, -8.088481731237707]]], [[[-34.88467703438043, -8.084465493166807], [-34.88460147279413, -8.084553880819046], [-34.88418656533859, -8.084235331585655], [-34.88413194844346, -8.084362078494914], [-34.8840631128759, -8.084518377490948], [-34.88398811391586, -8.084658239816683], [-34.88378589620062, -8.084552584761788], [-34.88359932858533, -8.084446857447046], [-34.88370178957502, -8.084228877301408], [-34.88370269617023, -8.084227973563864], [-34.88378571768493, -8.084037782195157], [-34.88391616916807, -8.083738934244483], [-34.883868764007936, -8.083717101372548], [-34.88381182839289, -8.083689633903129], [-34.88388410980136, -8.08352638659245], [-34.88398276159966, -8.08329947001412], [-34.884035516724666, -8.08317559765301], [-34.88409489228282, -8.083017524206646], [-34.88357916326141, -8.082830078060297], [-34.883454524953365, -8.082768815203714], [-34.88338152098255, -8.082732931470577], [-34.88122612476661, -8.081673486719671], [-34.87994319717303, -8.081042876706341], [-34.879686204906285, -8.080916555816595], [-34.87965432244608, -8.080893717945647], [-34.87791788713809, -8.07964990296634], [-34.877686541623504, -8.079484187540935], [-34.877444070408814, -8.079310502908218], [-34.87695370123753, -8.078959245105887], [-34.87652448311285, -8.078651788999066], [-34.87644985149584, -8.078598327675431], [-34.8761382543973, -8.078375127041607], [-34.876085824476625, -8.078337570565843], [-34.87606143784149, -8.07842582692715], [-34.876004534013944, -8.07865601710706], [-34.875962114497185, -8.078786593152463], [-34.8760811813573, -8.079141364233898], [-34.87619985439929, -8.079399634310578], [-34.876295363957, -8.079551198630899], [-34.87638455678926, -8.079674033925963], [-34.87650265220106, -8.079807007831551], [-34.87663738674148, -8.079972769628801], [-34.87668937805716, -8.080073181625941], [-34.87674764645469, -8.080194104652696], [-34.87677970300128, -8.080259753029093], [-34.87682392803081, -8.080296523386918], [-34.876878517528475, -8.080318225730666], [-34.876872437332224, -8.080402333327582], [-34.87676770402851, -8.080536119284053], [-34.87674245998493, -8.080582702301657], [-34.876724125586826, -8.080632391672422], [-34.876740754846544, -8.08086306165126], [-34.876771714250175, -8.081039699335301], [-34.876829444927075, -8.081239322457789], [-34.87695263278533, -8.081554186777351], [-34.87705749993481, -8.08188240074094], [-34.87715253290524, -8.082162176567584], [-34.87724201550627, -8.08245870877837], [-34.877344431630256, -8.082794465717067], [-34.877460921131245, -8.083164821358043], [-34.877558475972535, -8.083452072968543], [-34.877711343463936, -8.083917005499936], [-34.87786648106052, -8.084371528703398], [-34.8780763278277, -8.08487317240452], [-34.87827102368665, -8.08535755426833], [-34.87835545292469, -8.085563986602283], [-34.87854199147305, -8.086039162344544], [-34.87875692169611, -8.086636682343952], [-34.878922411459754, -8.087072670331457], [-34.8790785413383, -8.087490213660697], [-34.879125573104375, -8.087632114365858], [-34.87919854922084, -8.087868639796895], [-34.87923257146407, -8.087955139459106], [-34.87925849440222, -8.08804514352816], [-34.87929021940756, -8.088136275410275], [-34.87936028923139, -8.088245718418143], [-34.879452385669275, -8.088355059150677], [-34.8797599088383, -8.08866791791399], [-34.879822819389304, -8.088733487957999], [-34.87988805844242, -8.088801357196827], [-34.88012067307446, -8.08904800008345], [-34.88012211170433, -8.089101402026657], [-34.880152712405526, -8.08924132766325], [-34.880196190094445, -8.089338114568971], [-34.88033897765445, -8.08974578879371], [-34.88051186806592, -8.090101150699995], [-34.88054943814247, -8.09017517647748], [-34.880906531601106, -8.090114172715921], [-34.881589137035185, -8.089982890228548], [-34.88155894117187, -8.089717005643982], [-34.88155438402954, -8.089648861725161], [-34.88155027751689, -8.089551526604806], [-34.8815534808679, -8.08945415961491], [-34.88155790917103, -8.089423930286458], [-34.881557089868785, -8.089420774301628], [-34.88156397753898, -8.089357302376603], [-34.88158170654431, -8.089261498523479], [-34.88158677450602, -8.089242438868274], [-34.881608733308376, -8.089159859396128], [-34.88163511677145, -8.089073451555365], [-34.881642245718766, -8.089052608600644], [-34.881696744340324, -8.088893272006562], [-34.88170910275878, -8.08886863313805], [-34.881836563150834, -8.088923973176986], [-34.882020998877856, -8.08902788178793], [-34.88214657228582, -8.089105871270755], [-34.8821854109076, -8.089147287184597], [-34.882204189117914, -8.089196499204082], [-34.88226563294744, -8.089445786301933], [-34.88232788503411, -8.08944149703056], [-34.88234444381106, -8.08944035570621], [-34.88234644348917, -8.089440218110443], [-34.882353217641594, -8.089375183569492], [-34.88235441702652, -8.089363671821266], [-34.88235536192611, -8.089354598644379], [-34.88243140765314, -8.089353848542926], [-34.88244375207222, -8.089355328580732], [-34.88248788680929, -8.089345722727254], [-34.8825183205304, -8.089334947762081], [-34.882580631201115, -8.089313381228592], [-34.88259465725119, -8.089305812716303], [-34.88269029067434, -8.089274972212564], [-34.88275734194369, -8.08925334944828], [-34.88280502992144, -8.089105731228965], [-34.8828024325823, -8.088973780167217], [-34.88279930456873, -8.088814858343493], [-34.882892751716696, -8.08881668776376], [-34.883092842089525, -8.088829416899497], [-34.88311869711199, -8.08877288224997], [-34.88317061369865, -8.088659362670773], [-34.88321721515931, -8.088555811563483], [-34.883241082132, -8.088528109930241], [-34.88335402499034, -8.088397019360508], [-34.88345767524184, -8.088275613626871], [-34.88350431216968, -8.08821880323276], [-34.883680806555205, -8.088003685581892], [-34.88368129727848, -8.088003087530932], [-34.88392148442958, -8.087922515841523], [-34.88392259126599, -8.087922144584876], [-34.883948958674864, -8.087829662287334], [-34.88395374406933, -8.087812878596049], [-34.8839539674677, -8.087812733817206], [-34.88403867264124, -8.087758061354105], [-34.884062612994526, -8.08774129961351], [-34.88411562247623, -8.087704184979048], [-34.884150121732745, -8.087643943496252], [-34.88416862487857, -8.087611634074793], [-34.884207238541485, -8.08755304435058], [-34.88421053283705, -8.087548044969902], [-34.88424127167991, -8.087490694895992], [-34.884246453210416, -8.087481077817214], [-34.88424896527819, -8.08747641564952], [-34.884273110980786, -8.087431602106447], [-34.88428725118056, -8.087409567772163], [-34.884309255437444, -8.08737694747002], [-34.88431242232634, -8.087372252447167], [-34.88431869483776, -8.087362953091914], [-34.88432818791506, -8.087345085393277], [-34.8843403141707, -8.087322263854777], [-34.88434585389991, -8.087311837781206], [-34.88436730493415, -8.087268703787444], [-34.88437811987761, -8.087246956918388], [-34.88439572660442, -8.087229664758418], [-34.88439726449433, -8.087228154181755], [-34.884405486388836, -8.087201445937302], [-34.884410729941514, -8.087178034140704], [-34.88441126318307, -8.087175653050188], [-34.88442942941813, -8.087154604574557], [-34.88445168673144, -8.087128816128638], [-34.884483746351776, -8.087090802718587], [-34.88450076555839, -8.08707045748115], [-34.88451851435503, -8.087048208504699], [-34.88458421618941, -8.08696584944434], [-34.88458157759855, -8.086963972996346], [-34.88456562500025, -8.086952628074883], [-34.884528193038925, -8.086920886775486], [-34.88445821762641, -8.08687473992179], [-34.884463428531355, -8.086865980678011], [-34.884622884895535, -8.086917376090977], [-34.88480595298281, -8.086976381518628], [-34.8848458928598, -8.086991628058417], [-34.88498975477046, -8.086443450842024], [-34.884987731586214, -8.086418605254964], [-34.884976931291504, -8.08633979775554], [-34.884980119465475, -8.086277390791537], [-34.885044229239405, -8.086288618386897], [-34.88509920976157, -8.086301310208817], [-34.88510727039799, -8.086303170677436], [-34.88525597374298, -8.08636155609858], [-34.88530887630514, -8.086382327278827], [-34.88534353742542, -8.086339799517415], [-34.88536643616674, -8.086311703588677], [-34.885376318726045, -8.086299578595993], [-34.88541649343963, -8.086238277520003], [-34.88544361414975, -8.086257047597105], [-34.885461494948785, -8.086220078693687], [-34.88548242181159, -8.086174868622342], [-34.885508126712445, -8.086123217546387], [-34.885509128785806, -8.08612099612248], [-34.88553608227289, -8.086061217046709], [-34.88555652082397, -8.086017321045745], [-34.885563738519984, -8.086003719332856], [-34.885570415871236, -8.085992725666573], [-34.8855732679403, -8.08598802847593], [-34.88558670308663, -8.085995068006035], [-34.885593450092166, -8.085982470183623], [-34.88560047426401, -8.085966657084606], [-34.88560639756372, -8.085952887762142], [-34.8856158954117, -8.085940554796384], [-34.885656984207024, -8.08588719905147], [-34.885699604798724, -8.085844691499767], [-34.885698899430444, -8.08584399771103], [-34.885675040739685, -8.085820506866341], [-34.88571429246902, -8.08578432171072], [-34.885724481625026, -8.085774929231382], [-34.88577929618368, -8.08572439595038], [-34.88579137814277, -8.08570124280427], [-34.88582186590058, -8.085671141852595], [-34.885840321818485, -8.085652919963184], [-34.885854252804656, -8.085638406691862], [-34.88588076690426, -8.08561078407401], [-34.88591649945876, -8.085569664419417], [-34.88596442257181, -8.085514124506446], [-34.886033481465645, -8.085580154212877], [-34.88603508715662, -8.085578790684442], [-34.88607780034593, -8.085532214331248], [-34.886094729964796, -8.085557817418998], [-34.88612576288776, -8.085535328078672], [-34.88612733917568, -8.085533884222787], [-34.886045009910944, -8.085421116198287], [-34.886032078581074, -8.085435813811118], [-34.88603054772106, -8.085432587894838], [-34.88593524988572, -8.085231814371385], [-34.88590491084487, -8.085186540755918], [-34.88575996079175, -8.085302094530514], [-34.88575432291035, -8.08529626574045], [-34.88570612061346, -8.085246428488498], [-34.885288139013696, -8.084758921797958], [-34.88506673881574, -8.084562179661168], [-34.884864351984326, -8.084420130485855], [-34.88474534852574, -8.084338401880089], [-34.88467703438043, -8.084465493166807]]], [[[-34.908673635107014, -8.083893438498382], [-34.90851034864757, -8.083933003610694], [-34.90856919163679, -8.084196336524199], [-34.90843534188321, -8.084224879194922], [-34.90849519101375, -8.084491507261262], [-34.90910624687516, -8.08435527611717], [-34.90911771998734, -8.084324312493948], [-34.909115568205195, -8.084294605889555], [-34.90902053484504, -8.083891763956231], [-34.90899358852847, -8.08390016203423], [-34.90898002387019, -8.083844399301881], [-34.90887642282864, -8.08385282092177], [-34.90878119782868, -8.083868264153825], [-34.908673635107014, -8.083893438498382]]]]}}, {"type": "Feature", "properties": {"bairro": "Campo Grande", "CDTIPO": "ZEIS"}, "geometry": {"type": "Polygon", "coordinates": [[[-34.87943564778975, -8.015489093914903], [-34.879538021692035, -8.015188715247923], [-34.8795788962793, -8.01501193140818], [-34.87966010025032, -8.014660726785992], [-34.87967956856756, -8.014381409896018], [-34.87969833904575, -8.014090749938465], [-34.87969894195622, -8.01408140890692], [-34.87967686275536, -8.013791939686856], [-34.8797067536399, -8.01352291708106], [-34.879705139775425, -8.013171303629932], [-34.879724133585825, -8.012788570754047], [-34.879743079981864, -8.01239549627985], [-34.87977292346832, -8.012116131182747], [-34.87984360239706, -8.011691795380461], [-34.879925463060275, -8.011443219456977], [-34.88006244586275, -8.011282629851785], [-34.88082753395939, -8.012150825795525], [-34.88086492389616, -8.012208238983439], [-34.88092828314176, -8.012297060867205], [-34.88097391716434, -8.012456452272396], [-34.88103425428736, -8.012704830574958], [-34.88167490861983, -8.015628145186799], [-34.88167808354767, -8.015659214862557], [-34.88230689368162, -8.015495871940319], [-34.88283013163659, -8.017545300501643], [-34.88160035750699, -8.017885865459736], [-34.88217802930049, -8.020169212426651], [-34.885336568331226, -8.019367968221047], [-34.88558297382881, -8.01970305790662], [-34.885182036729205, -8.019958067549615], [-34.88452959142047, -8.02033658349571], [-34.88393620274215, -8.020695438676032], [-34.88354046572786, -8.020880625557702], [-34.88329402094308, -8.020999773328072], [-34.88327491377328, -8.02100945301845], [-34.883080673047424, -8.021107860984461], [-34.883024749318196, -8.021138695473997], [-34.88293263139147, -8.021179090678272], [-34.88279547342789, -8.021253957413746], [-34.882742732637226, -8.02127715952578], [-34.882753274723456, -8.021304705716872], [-34.882798536126636, -8.02143245259026], [-34.88302207804899, -8.022041798679417], [-34.883162355146894, -8.02243343640521], [-34.88319106959111, -8.02251360289835], [-34.883202483340554, -8.022545469298352], [-34.883275977866454, -8.022519120891927], [-34.88334910471467, -8.022817160463529], [-34.883384587937805, -8.022665572607579], [-34.883405835188796, -8.022574806873449], [-34.883417380464564, -8.022547572845593], [-34.883435742699156, -8.02251851664781], [-34.88344289766223, -8.022510518958226], [-34.88350399676792, -8.022460923611733], [-34.88351999588518, -8.022452286056277], [-34.883547679588766, -8.022438989654999], [-34.88364737993279, -8.022389040500924], [-34.883671806389884, -8.022380642843194], [-34.88377994026175, -8.02266376388976], [-34.88378015325976, -8.02266432163753], [-34.88380744267208, -8.022735771094135], [-34.88383537559091, -8.02281203726008], [-34.88396043134297, -8.023153479904378], [-34.88397849974463, -8.023202813401385], [-34.88402188436405, -8.023334904557524], [-34.884127228415316, -8.023280840265345], [-34.884156290291145, -8.023338116417166], [-34.8842043285697, -8.023347465352005], [-34.8842274543667, -8.023396555086125], [-34.8843056838405, -8.02356261124468], [-34.88429357991821, -8.023566423103855], [-34.88429550507583, -8.02357144279139], [-34.88456371804663, -8.024270866063803], [-34.88523796463118, -8.023990552269126], [-34.885275711673266, -8.024075218323748], [-34.88532962810205, -8.024141152803633], [-34.885452306063826, -8.024112427000796], [-34.88546049176321, -8.024130088692493], [-34.88559373780583, -8.024417575353993], [-34.885647960741316, -8.024559207923708], [-34.885730268732104, -8.024816658312247], [-34.88575310450415, -8.024896811618747], [-34.885762398683944, -8.024929434365056], [-34.88626260371683, -8.024759217623508], [-34.886388251000675, -8.025112661472209], [-34.88653713559582, -8.025474728511655], [-34.88636767709676, -8.02553759743959], [-34.88637537807239, -8.025554768594532], [-34.88651742232385, -8.02587147309939], [-34.88663443787755, -8.025825022097855], [-34.88674085060624, -8.025782780251637], [-34.88684301350201, -8.025742225893726], [-34.88693470493319, -8.025697784969521], [-34.887045604962054, -8.025652072517408], [-34.887279826128186, -8.025561904210226], [-34.88728199835705, -8.025568170369718], [-34.88731642928629, -8.025554052590861], [-34.8874281022311, -8.02585422828173], [-34.887522979211894, -8.026109256170518], [-34.88766307620454, -8.026239313639143], [-34.88766446446923, -8.026240602817081], [-34.887697689867, -8.026271447679363], [-34.887763997654744, -8.02633300334051], [-34.88786059319367, -8.026381047808414], [-34.88789028042515, -8.02639581355755], [-34.887958619218765, -8.026383539079967], [-34.888291527583114, -8.02647613353485], [-34.88830474365489, -8.026479809451017], [-34.8884371613988, -8.02651663973315], [-34.88842234679168, -8.026584565169793], [-34.88840585513029, -8.026634041530663], [-34.88838944199632, -8.026699341625479], [-34.88856567235801, -8.026737408279205], [-34.88862461444281, -8.026478932850054], [-34.888671005938214, -8.02630606981414], [-34.88877038810058, -8.026322345489037], [-34.888975586606925, -8.026362098048983], [-34.88898011183507, -8.02634581651843], [-34.88902372508219, -8.026188886152815], [-34.88912006664051, -8.025794621846021], [-34.88957348926879, -8.025896196521629], [-34.889826353728, -8.025952842228673], [-34.88969223159607, -8.026536302923606], [-34.88955758821597, -8.02712202894892], [-34.88954706651926, -8.027161835014239], [-34.8897158169547, -8.027229956274724], [-34.88986887736437, -8.027291744120484], [-34.88998177567233, -8.027342211975428], [-34.889419531418184, -8.028900023144432], [-34.88852544396222, -8.028310134117481], [-34.888176085695626, -8.028826983033477], [-34.8836423086379, -8.025805805403333], [-34.88279165721338, -8.025428187045199], [-34.8812197379662, -8.025021017547742], [-34.88113098218619, -8.024970501645], [-34.8809762853897, -8.024930443530764], [-34.880820286380484, -8.024932251241273], [-34.88067673377847, -8.02496130984787], [-34.88044940510728, -8.02504066467846], [-34.880038990034954, -8.025221154719924], [-34.880176506287626, -8.025166398193994], [-34.880218286160705, -8.025264487503579], [-34.88022571145132, -8.02528191956504], [-34.87987725267865, -8.025420004333366], [-34.8798744353206, -8.025413665112332], [-34.879752804883296, -8.025468465638003], [-34.879702743982214, -8.025492732945855], [-34.879533776821155, -8.025563213954335], [-34.8795143203883, -8.02556900395624], [-34.87931855278916, -8.025651265437036], [-34.87931515148954, -8.025651280968171], [-34.87931235862459, -8.025660334556697], [-34.87932021976092, -8.025705502838866], [-34.879322276352774, -8.025714262154334], [-34.87932985609339, -8.025788195138862], [-34.879338929593345, -8.025876703264775], [-34.879339131841704, -8.025878672339275], [-34.879244762401015, -8.025849478247684], [-34.87923899812361, -8.025778609949079], [-34.879220664118165, -8.02566193759444], [-34.87919582517129, -8.025586179406687], [-34.87919499999679, -8.025583662589208], [-34.87881807783861, -8.025736964811536], [-34.87798443970212, -8.025357471322106], [-34.8777376936058, -8.026678650654315], [-34.87746642046832, -8.02661787812693], [-34.87736639016127, -8.026599567494321], [-34.87740840985255, -8.026373081642449], [-34.8772787182016, -8.026456802041515], [-34.877167097084644, -8.026523671021707], [-34.87716049453633, -8.026499714870384], [-34.876816984413985, -8.026515231664431], [-34.87681705174485, -8.026529899228827], [-34.87664786678115, -8.026574325428525], [-34.876628851021465, -8.026579318613473], [-34.87658314008722, -8.026581302685386], [-34.87658051991702, -8.026574046695155], [-34.87657668761789, -8.02657403071965], [-34.876462722609524, -8.026241899564917], [-34.87641723494245, -8.026257148231116], [-34.87639331896233, -8.026190699441964], [-34.87636784569842, -8.026114782034531], [-34.87635084269945, -8.026066219781706], [-34.876337967742, -8.02602776445908], [-34.876316093680344, -8.025965301501222], [-34.87629343774684, -8.025910346011143], [-34.87626982113894, -8.025823932737145], [-34.87623449010318, -8.025723858796095], [-34.87620826659228, -8.02563801250504], [-34.87620146047107, -8.025615731615101], [-34.87618379272759, -8.025557891037478], [-34.876174144629275, -8.025530812464671], [-34.8761622757279, -8.025494160712274], [-34.87613481414645, -8.025407323750722], [-34.876116254691574, -8.025348270331586], [-34.876109551754, -8.02531862428939], [-34.87608370340062, -8.02525186240964], [-34.87606274420489, -8.02517131354373], [-34.8760490148494, -8.025124544508422], [-34.87603151863018, -8.025067305252314], [-34.876024449185316, -8.025048713318451], [-34.87600081490393, -8.024969092474697], [-34.87596036470392, -8.024978938795833], [-34.87594281424851, -8.024917187488906], [-34.875930137723586, -8.02487510675245], [-34.875966005577396, -8.024864071655086], [-34.87594166986027, -8.024779040336483], [-34.87591104477929, -8.024710812075941], [-34.8758462107211, -8.024445174460956], [-34.87576335734682, -8.024274381539154], [-34.87573469944585, -8.024188892526837], [-34.875701926771896, -8.024083715908663], [-34.875668131171494, -8.023983918732505], [-34.87561721631553, -8.023808175001196], [-34.875562611172725, -8.023618663473354], [-34.87537143426939, -8.023061500231753], [-34.875121214026755, -8.023105998107415], [-34.875094979808374, -8.02298683794078], [-34.87507601101833, -8.022866316576827], [-34.87507246275239, -8.022835851484382], [-34.87503266155589, -8.022834489477026], [-34.8748959709925, -8.02282290139538], [-34.87479602534295, -8.022812169368983], [-34.87467991343017, -8.022783956290914], [-34.87463581994063, -8.022791647415595], [-34.87451957016409, -8.022811925572773], [-34.87437602973686, -8.02283696319548], [-34.87431254715325, -8.022861978962753], [-34.87422588589665, -8.022592730669288], [-34.874150927092224, -8.022391549249747], [-34.874046894738576, -8.022059936499403], [-34.87385618555422, -8.02148637866786], [-34.87346251711841, -8.020282782807074], [-34.873443943935975, -8.020221554848279], [-34.873782877526935, -8.02012250627537], [-34.87412526303107, -8.020002863841663], [-34.87450918775002, -8.019876816516984], [-34.87499062274264, -8.019713035961296], [-34.875154469267585, -8.01963771017526], [-34.875569577178545, -8.01951359220233], [-34.875837360325185, -8.01944193630128], [-34.87617112361899, -8.019375626622148], [-34.87629626453573, -8.019350764702837], [-34.876732402489935, -8.019280413481603], [-34.87697731285666, -8.019206788971893], [-34.87716851077173, -8.019203846383064], [-34.877543973005785, -8.019131673412916], [-34.87782980966007, -8.019049580478107], [-34.87813836066295, -8.018949711662854], [-34.87839107413088, -8.018824850731207], [-34.878580501915984, -8.018707851817407], [-34.8787496083958, -8.018578322702696], [-34.87888863842547, -8.018376949363324], [-34.87904307857062, -8.018117699487831], [-34.87914531055464, -8.01778629593648], [-34.879269873086436, -8.017395224058056], [-34.879406278789226, -8.016343218280976], [-34.87939427514318, -8.016088492247045], [-34.87942650702566, -8.015758021909859], [-34.87943564778975, -8.015489093914903]]]}}, {"type": "Feature", "properties": {"bairro": "V\u00e1rzea", "CDTIPO": "ZEIS"}, "geometry": {"type": "MultiPolygon", "coordinates": [[[[-34.9537601444355, -8.046373022897042], [-34.953885672527186, -8.046818492853808], [-34.95404434140436, -8.046773856179836], [-34.9542109035822, -8.046728142225428], [-34.95423774463083, -8.046842064177971], [-34.95427134337586, -8.046832438880337], [-34.954275806783336, -8.046843008512068], [-34.954336347568216, -8.046986349442196], [-34.95439057539176, -8.047106411433424], [-34.95439694551664, -8.047113597186465], [-34.95440524187892, -8.047145129627495], [-34.95441785871117, -8.047204718402867], [-34.95451510524461, -8.047188795312765], [-34.9545168635175, -8.047200806209808], [-34.954541507751244, -8.047369205433352], [-34.95456275426194, -8.047529093883188], [-34.954468149594774, -8.047551204359463], [-34.954480018715955, -8.047596529059764], [-34.95456470707676, -8.047888415057283], [-34.95456749308145, -8.047894001440378], [-34.95423656309307, -8.04798658916597], [-34.95421695370725, -8.047992075156255], [-34.95425352605473, -8.048126889320459], [-34.95432487583474, -8.04838989952143], [-34.954383090195385, -8.04860925807759], [-34.95448516979172, -8.048999933833654], [-34.9548442646617, -8.048912171160598], [-34.955046935878975, -8.04886263867854], [-34.95491316003477, -8.048437901512411], [-34.9549084748573, -8.048428381643747], [-34.95477734902652, -8.04798191930804], [-34.9547753737017, -8.047974207274684], [-34.95482656067424, -8.047959030488562], [-34.95483039292499, -8.047957893934106], [-34.95507890509446, -8.047885734678632], [-34.95518754418884, -8.047854113555157], [-34.955188591267145, -8.047853808424803], [-34.955332022191534, -8.047812060779279], [-34.95543546339652, -8.0477790151788], [-34.95568258664348, -8.047707245538717], [-34.95592189768407, -8.047637800226704], [-34.95602363698377, -8.04761001329361], [-34.95625561717398, -8.047541138845352], [-34.9564904385983, -8.047471420829574], [-34.95856621897218, -8.046986944476108], [-34.95886091027147, -8.046918164588531], [-34.95895481587187, -8.046909831411954], [-34.958593324113615, -8.046785082654221], [-34.95840520936632, -8.046672437857048], [-34.95805747837718, -8.046450926504058], [-34.957905831484084, -8.0463655135152], [-34.95775912722053, -8.046286928623452], [-34.957511113632826, -8.046175548025863], [-34.957361524566174, -8.046109701115704], [-34.95709489426812, -8.046007217968917], [-34.95697091388087, -8.04595691044853], [-34.95678693475919, -8.04588731270853], [-34.95651728667401, -8.045796492098356], [-34.95641830864395, -8.04579095007719], [-34.95623479180985, -8.045771377803524], [-34.95599095841729, -8.045755700850094], [-34.95586178414951, -8.045744288853824], [-34.95567344683549, -8.04572594256419], [-34.95541390348259, -8.045705528767892], [-34.95513502361665, -8.045679194087795], [-34.95480303722893, -8.045650706408018], [-34.954547125274985, -8.045632681317024], [-34.95428516829339, -8.045612278268981], [-34.954134243919825, -8.045594955532115], [-34.953682364432595, -8.045541135753878], [-34.95356510914053, -8.045526804079563], [-34.953571825982785, -8.045560558083904], [-34.95370784304158, -8.046377074218059], [-34.9537601444355, -8.046373022897042]]], [[[-34.96503667269946, -8.026590699117557], [-34.964176067201706, -8.026768473895022], [-34.96441337194063, -8.027738551193469], [-34.96466299220415, -8.027553116033937], [-34.964762860961635, -8.027460607918092], [-34.964955584919, -8.027307176120253], [-34.96516944218726, -8.027116125695729], [-34.96503667269946, -8.026590699117557]]]]}}, {"type": "Feature", "properties": {"bairro": "Espinheiro", "CDTIPO": "ZEIS"}, "geometry": {"type": "Polygon", "coordinates": [[[-34.88773893491012, -8.042025242858301], [-34.887363779156125, -8.042325631102848], [-34.88718907305746, -8.042448429364383], [-34.88717313240336, -8.042459633627123], [-34.88701401119481, -8.042226794982701], [-34.88695596227081, -8.042149039640448], [-34.886855256688186, -8.042007109804025], [-34.886802146834704, -8.04194034794176], [-34.88673475251274, -8.041859846392015], [-34.8864683184754, -8.042047979475699], [-34.88644272391888, -8.042066052039907], [-34.886425890879956, -8.042094757925298], [-34.886413114904734, -8.042116545244184], [-34.88640800222617, -8.042113502991766], [-34.88637964282616, -8.042096628406078], [-34.88633984440133, -8.042101331577507], [-34.8862773133754, -8.042127677929324], [-34.88624569298197, -8.042141001001053], [-34.88621215767138, -8.042025577484003], [-34.886189978139384, -8.041946894232344], [-34.88616905107477, -8.041919188980708], [-34.886137289036455, -8.041877139630225], [-34.88608678976885, -8.041822334766069], [-34.88596254822381, -8.041701641933113], [-34.88587283131007, -8.04162704597012], [-34.885745212855866, -8.04153579001202], [-34.885801202158284, -8.041485508440969], [-34.885923552266185, -8.041363393230874], [-34.886022445893275, -8.041264689249967], [-34.88610623579049, -8.041181060515099], [-34.8861930611956, -8.041094401823692], [-34.88627160067023, -8.04101601281201], [-34.88632559938787, -8.04106043994888], [-34.88641767674178, -8.041180440508983], [-34.88647292484695, -8.041260649861767], [-34.88649936490149, -8.041251637723516], [-34.88652481781446, -8.041242962818412], [-34.88668231052187, -8.041125093443565], [-34.88669340180944, -8.04111679278069], [-34.88676214160097, -8.041210538374823], [-34.88684449705701, -8.041345417585683], [-34.886856016917626, -8.041364284336414], [-34.88693133947905, -8.041335843186916], [-34.88697429425615, -8.041309336266895], [-34.88708198224205, -8.041461470918685], [-34.88714731299639, -8.041414681238656], [-34.88717831175046, -8.041392487436898], [-34.88724052335471, -8.041485404030361], [-34.88742549602463, -8.041745200104724], [-34.88736414388261, -8.04179066696649], [-34.88740370078074, -8.041837697112063], [-34.88739764657819, -8.0418426973643], [-34.887510071141875, -8.04197061872702], [-34.88761647798461, -8.041898856699472], [-34.88771881630849, -8.042004478223653], [-34.88773893491012, -8.042025242858301]]]}}, {"type": "Feature", "properties": {"bairro": "Areias", "CDTIPO": "ZEIS"}, "geometry": {"type": "MultiPolygon", "coordinates": [[[[-34.92827795629595, -8.086864894448905], [-34.928266599076025, -8.086875248873515], [-34.92826391557312, -8.086877694355355], [-34.928298432465674, -8.08691741116524], [-34.92835660186667, -8.086984344137527], [-34.92836846008207, -8.086995992979379], [-34.928492639158954, -8.087117975115591], [-34.92852840157471, -8.087153105163173], [-34.92855345572428, -8.08712442051846], [-34.92859757728202, -8.08708698771072], [-34.928767317749156, -8.087345022107305], [-34.928669671216916, -8.087451960154112], [-34.92842014119688, -8.087768241573944], [-34.92837720182315, -8.087728241808117], [-34.9280794939268, -8.087450915680423], [-34.92806236949174, -8.087434445945027], [-34.927900244851806, -8.08767200973388], [-34.92785679363159, -8.08763405367424], [-34.92782338741764, -8.08767612520167], [-34.927659520053346, -8.087920971211172], [-34.92775742691123, -8.087994734013618], [-34.928080900124506, -8.088226484560685], [-34.92788849186667, -8.08845085381454], [-34.92770929617134, -8.088668382953292], [-34.92755180303136, -8.088539621937725], [-34.92736840918924, -8.088389685287764], [-34.92731863768347, -8.08834750089421], [-34.92726806712415, -8.088306299355889], [-34.92718883041046, -8.088245747925306], [-34.927173616804346, -8.088239672119053], [-34.92714920082274, -8.088309160119353], [-34.92706705128905, -8.08844779246684], [-34.92705121871767, -8.088486725338278], [-34.92718865603936, -8.088604699992622], [-34.927218080612995, -8.088636844119648], [-34.92718160692517, -8.088664919932201], [-34.9271258367492, -8.088716372581704], [-34.92692291740535, -8.088819464895119], [-34.92689646147895, -8.08889359762077], [-34.926839683172815, -8.088949587944153], [-34.92672304631176, -8.089097574523727], [-34.926700556823356, -8.089070191858976], [-34.92669991915426, -8.089070967835935], [-34.92659451040768, -8.08895641748711], [-34.92654742217738, -8.088905245765373], [-34.92650645251933, -8.088977432704574], [-34.92646175065392, -8.089001446479092], [-34.92646179337131, -8.089018845762109], [-34.926456405627754, -8.08902109967616], [-34.92641117681741, -8.08903214903987], [-34.92636476812498, -8.08903600766861], [-34.92635739998599, -8.089035951111425], [-34.92620062957812, -8.089066240521083], [-34.92618917468695, -8.08910954103066], [-34.92612064585542, -8.089368593682346], [-34.92608289951923, -8.089495487091629], [-34.926081735126154, -8.089515436992476], [-34.926083400201534, -8.08953005136333], [-34.92608563039775, -8.089549625439727], [-34.92608932142668, -8.08956315352331], [-34.92609921414056, -8.089598161690365], [-34.92612227509515, -8.089665842762722], [-34.926142784130896, -8.089717836008477], [-34.92608993786379, -8.089757918922738], [-34.92600710611389, -8.089875271097595], [-34.9259199412063, -8.090055741485129], [-34.92585236148171, -8.090133009042312], [-34.92573367011971, -8.090178198474062], [-34.92561807391289, -8.090224912892232], [-34.9254934460152, -8.090320916600946], [-34.925441162163914, -8.090367332447002], [-34.92529180557857, -8.090458835689304], [-34.92519503234586, -8.090567019467466], [-34.92505445906615, -8.090670069454617], [-34.9249572647956, -8.090902097555343], [-34.924840621011924, -8.091053466888454], [-34.92479468897073, -8.091136787129889], [-34.92465145019602, -8.09121594993159], [-34.92454048626479, -8.091262642303686], [-34.924354568648184, -8.091362882695867], [-34.92426313573431, -8.090824374666106], [-34.923091425944, -8.091016045778161], [-34.92297228822533, -8.091001883362118], [-34.92283785586672, -8.091044355382092], [-34.92280748225297, -8.090931808366097], [-34.922438998284925, -8.090970858421686], [-34.92246485860118, -8.091206236844037], [-34.92206706075077, -8.091433116405653], [-34.92207962791467, -8.091645433439393], [-34.92198777184734, -8.091820753422255], [-34.92203554321712, -8.091895290628557], [-34.92209484282833, -8.09193366813593], [-34.92212926076186, -8.092064065823724], [-34.92224861928908, -8.09203421958624], [-34.92238466398745, -8.092125671020147], [-34.92330406644609, -8.091967702434156], [-34.92323609434884, -8.092018267501029], [-34.92317909786345, -8.092047776862781], [-34.9231114442784, -8.092109654710589], [-34.92304367389384, -8.09214690925207], [-34.92293136123883, -8.09225343915786], [-34.922887822795374, -8.09228437228002], [-34.92284317605342, -8.092303116672364], [-34.92278502264924, -8.092335450299096], [-34.922745871825356, -8.092340114298333], [-34.9227054557275, -8.092304266137592], [-34.92268131759175, -8.092301875571934], [-34.92260745307902, -8.09230723281652], [-34.922537608440024, -8.09231207026951], [-34.922499474415346, -8.092326275416864], [-34.922463822292194, -8.092333957840541], [-34.92243469806795, -8.09234010607223], [-34.92238993729375, -8.092334806601233], [-34.922366326920795, -8.092337922868268], [-34.92232304293908, -8.092326104497689], [-34.92228335611831, -8.092330799907185], [-34.9222249509272, -8.092310035636249], [-34.922181188141, -8.092303228895599], [-34.922160199189136, -8.092300739393812], [-34.92212837992495, -8.092296965585433], [-34.922060334150025, -8.092257210803496], [-34.92202802747232, -8.092228309143842], [-34.921968135099625, -8.092212060374948], [-34.92191549953667, -8.092221933680946], [-34.92184824429889, -8.092263218636996], [-34.9218037185683, -8.092307510172052], [-34.92174818940389, -8.092363374833493], [-34.92168898474639, -8.09238619623989], [-34.92162776272995, -8.092407522779705], [-34.92159218415863, -8.092430733817094], [-34.92152985256625, -8.09243002459504], [-34.92146563091264, -8.092454872983529], [-34.92139442478322, -8.092490773818328], [-34.92131265129229, -8.092524220130546], [-34.921226892945626, -8.092565199726636], [-34.9211211251223, -8.092626810995299], [-34.921046334579856, -8.092648703066567], [-34.92096398014204, -8.09266562132176], [-34.92088966202206, -8.09267100662746], [-34.920860469628515, -8.092673121163022], [-34.92074299872421, -8.092704731944274], [-34.92067734046982, -8.092744614273714], [-34.92063616995535, -8.092781974781044], [-34.920600764153136, -8.09281410349149], [-34.92054514384716, -8.092941749031171], [-34.92054675878568, -8.092945236529777], [-34.92132457959733, -8.09463307204056], [-34.922468401339124, -8.09403944280004], [-34.92245247617202, -8.093992018543657], [-34.922362077130344, -8.093787457939444], [-34.92222692213665, -8.093481618369788], [-34.922107754362465, -8.093211958012542], [-34.92249827350046, -8.09301984897257], [-34.92349615291526, -8.09254031871237], [-34.9245790284684, -8.092054500464396], [-34.92487355939023, -8.09214232167387], [-34.92500901758362, -8.092267019769565], [-34.92515129464678, -8.092397573773722], [-34.92518741355794, -8.092430715265936], [-34.925447978855594, -8.091770013508832], [-34.925698164552315, -8.091123786758855], [-34.92594836607953, -8.090623524531038], [-34.92606959048941, -8.0904471479639], [-34.926336480429626, -8.089813048998368], [-34.92637346608636, -8.089736686019743], [-34.92647943355839, -8.089869320320972], [-34.926528612332724, -8.089930875203033], [-34.92676072608427, -8.089357389100659], [-34.92681068345669, -8.08923395846832], [-34.927977605676624, -8.090556924339834], [-34.92801842334463, -8.09060355812132], [-34.92854802728583, -8.09030982641516], [-34.92840344960638, -8.089979859691732], [-34.929620094171405, -8.089429292683453], [-34.92963105953269, -8.08937985051185], [-34.92977564587321, -8.088585929175142], [-34.92989783728257, -8.088174156684724], [-34.93004834579858, -8.08785387642606], [-34.92977916202955, -8.087673801915416], [-34.92987741965101, -8.087462734373371], [-34.92965156394339, -8.087330298531267], [-34.92961935817501, -8.087159706193907], [-34.92919261684616, -8.08698362449724], [-34.92917949049369, -8.086890330963577], [-34.92897186953335, -8.086703461181518], [-34.928946938899394, -8.086758116072996], [-34.928615082913524, -8.086566637922845], [-34.9284860021714, -8.086680835594573], [-34.92827795629595, -8.086864894448905]]], [[[-34.93450621951012, -8.085986976304097], [-34.93449904163436, -8.086053262018151], [-34.93450775141552, -8.086055046061924], [-34.934501474797386, -8.086083372644822], [-34.93451569295727, -8.086087868983784], [-34.93450449659931, -8.086140864254384], [-34.934493252724536, -8.086137082499413], [-34.93448821586633, -8.086200549183223], [-34.93451452984091, -8.086209425341458], [-34.93450659713317, -8.086242771836924], [-34.93448873548289, -8.086309544796402], [-34.93446762167369, -8.086304187904064], [-34.93440768153642, -8.086372694277506], [-34.93434001654192, -8.086360402205639], [-34.9343070129808, -8.086353550243146], [-34.934280784841896, -8.08645459750258], [-34.93421894759839, -8.086552934848141], [-34.93419913984459, -8.086655054657164], [-34.93418473229452, -8.086726155240719], [-34.93416210197621, -8.086876899360893], [-34.934155085010495, -8.086951639027669], [-34.93417601595767, -8.08696011306668], [-34.934227712252174, -8.086975746191248], [-34.934169758719406, -8.087145317216203], [-34.93412408014222, -8.087150186648605], [-34.93392607575029, -8.087110436234386], [-34.93391895059762, -8.087169528158876], [-34.933893757727056, -8.08729823998253], [-34.93386592559129, -8.087388998577987], [-34.933832177169, -8.087527549037944], [-34.93380298835415, -8.08759137145639], [-34.93364755582664, -8.087754683194891], [-34.93362568056704, -8.087775914477223], [-34.9338261910367, -8.088076240178477], [-34.933973474719274, -8.088295987228934], [-34.93432567213147, -8.088796634919653], [-34.93440614437232, -8.088899804038991], [-34.93446828638026, -8.088979472304628], [-34.93470373950739, -8.089133893008247], [-34.934921888944686, -8.089267576081454], [-34.93510686039135, -8.089401416210585], [-34.93532010110844, -8.089536346351418], [-34.93551790565128, -8.089636045351524], [-34.93559236781864, -8.089679569722115], [-34.935669566993774, -8.089778816838006], [-34.935727143064064, -8.089852837149662], [-34.935811478060224, -8.089756911604908], [-34.93596459340466, -8.089653310963794], [-34.936085981848336, -8.089596400396202], [-34.936174247535284, -8.089620615554235], [-34.93624243284439, -8.089419302509592], [-34.936208974791015, -8.089103491288771], [-34.93619641997044, -8.089021213352522], [-34.93617218685865, -8.088862401283095], [-34.93614815450412, -8.088719225646145], [-34.936100475649276, -8.08851370383573], [-34.935992841033126, -8.088362352226472], [-34.93582220505833, -8.088186971107374], [-34.93569276409904, -8.088027117945627], [-34.9356566124513, -8.087966806343049], [-34.9356147730333, -8.087936726081479], [-34.935591922423065, -8.087901045634482], [-34.93558455713837, -8.087888265590713], [-34.93556751035939, -8.087818154823852], [-34.93548075457278, -8.087664254975252], [-34.93541846992227, -8.087564742675326], [-34.9352685611948, -8.087317339258089], [-34.935270185058336, -8.087316215060028], [-34.9353081627662, -8.087291541640884], [-34.935218178800326, -8.086975996976], [-34.935178300257846, -8.086859840619484], [-34.93511217302498, -8.08665073092482], [-34.9350411769298, -8.086451442387636], [-34.935003721768965, -8.086327925463857], [-34.9348912390691, -8.08606763891515], [-34.93480783948822, -8.085971946597672], [-34.934667022370164, -8.085833389245693], [-34.93466655572343, -8.085832929484194], [-34.934632557135544, -8.08580306596282], [-34.934526219999384, -8.085923588843485], [-34.93450621951012, -8.085986976304097]]]]}}, {"type": "Feature", "properties": {"bairro": "Ilha Do Retiro (Rpa 4.1 E Rpa 5)", "CDTIPO": "ZEIS"}, "geometry": {"type": "Polygon", "coordinates": [[[-34.90652096410492, -8.06542530922181], [-34.90671796007882, -8.065412435005639], [-34.90679154020109, -8.065407626371927], [-34.9067936050538, -8.06540749199784], [-34.906840386555764, -8.065404434531239], [-34.90735456174692, -8.065321590179838], [-34.907641046303794, -8.06527427783264], [-34.90804652164666, -8.065207315302812], [-34.90809134176747, -8.065557403735037], [-34.90799682767286, -8.065584883787098], [-34.907960309926644, -8.065565853314082], [-34.90794417369329, -8.06556069212231], [-34.90792841706546, -8.065561813335147], [-34.907899385855224, -8.065570675532953], [-34.90786930915017, -8.065580590413358], [-34.907821770060345, -8.065601408321445], [-34.907759512639394, -8.065645909932412], [-34.907716065739535, -8.06570469588543], [-34.90754827966497, -8.066020364162148], [-34.90756727809405, -8.066109344427733], [-34.90755176429321, -8.066158001285626], [-34.907511541363704, -8.066155693401386], [-34.90740448433354, -8.066381056276345], [-34.90737196335163, -8.066364950791655], [-34.90736537423586, -8.066361687960256], [-34.907284694040044, -8.066488386395319], [-34.9072944440248, -8.06649697935596], [-34.9073246704293, -8.06652361707304], [-34.90725382284702, -8.06666009331842], [-34.90741760397924, -8.066582281345115], [-34.907418985154074, -8.06658162579151], [-34.90745387014871, -8.06656505176845], [-34.90755565555718, -8.066541946147932], [-34.907658295658194, -8.066712703888522], [-34.90760068976088, -8.066763595496148], [-34.90751649067542, -8.066817508506295], [-34.907487966234065, -8.066832323430638], [-34.9074864188451, -8.066833127121878], [-34.907242845265245, -8.066959637716822], [-34.90731749664519, -8.067107791307665], [-34.90732664288616, -8.067125943072499], [-34.90733878149433, -8.067146375423501], [-34.90733887841323, -8.067146538608364], [-34.90738661726965, -8.067226893101257], [-34.90728061830496, -8.067350047121971], [-34.90727929839468, -8.06735158114429], [-34.907249169525535, -8.067306294776552], [-34.90724708663552, -8.067303164650122], [-34.907193123875714, -8.067337484874894], [-34.90702195444545, -8.067446350718475], [-34.90682306382632, -8.067108286657957], [-34.906492514772246, -8.067298791326788], [-34.906486785513614, -8.067302093439714], [-34.90649734657517, -8.06732290202842], [-34.90650164698624, -8.06733137391962], [-34.90613849741758, -8.067566709218454], [-34.90612287721437, -8.067576831554534], [-34.906102398926826, -8.067598848730631], [-34.90607197997999, -8.067706117915625], [-34.90610905113055, -8.067761710098262], [-34.90620754472376, -8.06772749910737], [-34.90638818269487, -8.068111879826755], [-34.90640696758369, -8.06809996444074], [-34.90714111829184, -8.067666564602092], [-34.907189067843234, -8.067644236814921], [-34.9073026454354, -8.06782238504654], [-34.907374745676925, -8.067779690911568], [-34.907373845552044, -8.067805553250526], [-34.90740544414785, -8.06781141087621], [-34.90747720465871, -8.067942117590206], [-34.90746577408544, -8.067948489368355], [-34.90747217206764, -8.067958959405889], [-34.90751830988215, -8.068041410611634], [-34.907524704462475, -8.068053862379843], [-34.907513847643855, -8.068059558860568], [-34.90732320777275, -8.06817518850739], [-34.90735248535194, -8.068223460432394], [-34.90735535117859, -8.068228544216385], [-34.90745176312817, -8.068399596727634], [-34.90747284920072, -8.068390167611348], [-34.90747588438414, -8.068388810026681], [-34.907481182607235, -8.068386441096175], [-34.90751829160059, -8.06836881970744], [-34.90752848069561, -8.068365810512514], [-34.90752935031796, -8.068365553322131], [-34.907555612962916, -8.068357797020484], [-34.907538946762266, -8.068331534655313], [-34.907508020578504, -8.068282801220032], [-34.90749097604542, -8.068255943025227], [-34.907479761979104, -8.068238271020917], [-34.90761457452765, -8.068164232663026], [-34.90754625496237, -8.068025866975125], [-34.9074776870253, -8.067865284053514], [-34.90750235107983, -8.067855350981661], [-34.90773980216605, -8.067822089777314], [-34.907743126702236, -8.067856894450546], [-34.90774676476871, -8.067890274660456], [-34.90774835442061, -8.06790486252087], [-34.90775444558336, -8.067946421249136], [-34.90775817067513, -8.067986363679344], [-34.90777458735088, -8.06798592556355], [-34.907777403617374, -8.068006163554932], [-34.90767780956592, -8.068035671651995], [-34.907638937123984, -8.068057921952304], [-34.907614332447025, -8.068072006236255], [-34.90764145130858, -8.06810813481096], [-34.90770099524902, -8.06818746054324], [-34.907705231629706, -8.06819310388451], [-34.90770586056041, -8.068193941737055], [-34.907711500857744, -8.068201456285475], [-34.907778490567836, -8.068363581591806], [-34.90779751738294, -8.068409630214587], [-34.90783177199565, -8.06839981244977], [-34.907880080714335, -8.068388298256812], [-34.9079373806537, -8.068374640204325], [-34.90799541362415, -8.06836080786], [-34.90803953118644, -8.06835078048236], [-34.90808711388814, -8.068339586978523], [-34.90812788896005, -8.068329994656242], [-34.90816757679014, -8.068320678617498], [-34.908175545397555, -8.068375699181066], [-34.908178568487806, -8.068400185316724], [-34.90818054301904, -8.068416178106165], [-34.908181214356354, -8.068435333972161], [-34.90818130859693, -8.068438019516966], [-34.90815947518485, -8.068442829653247], [-34.90806363217747, -8.068464062628852], [-34.90807405028006, -8.068496138304283], [-34.908111713482874, -8.068601285725347], [-34.908160447828116, -8.068736162421901], [-34.908182070051176, -8.068781456676673], [-34.9081666597514, -8.068787976306895], [-34.90816786202641, -8.068791143979796], [-34.90797482020193, -8.068871031099633], [-34.90776875201337, -8.068956309227346], [-34.90769970614392, -8.068985518629246], [-34.907375560268314, -8.069133603583944], [-34.9071803665895, -8.069211021471531], [-34.90717848419789, -8.069211767959908], [-34.90694074691158, -8.06930605856614], [-34.906869932958074, -8.06934262525863], [-34.906900864443145, -8.069415499136364], [-34.90700904495301, -8.069670370897368], [-34.907035759195956, -8.06973722341643], [-34.90703891502138, -8.069742438747811], [-34.90755544767967, -8.06953489745038], [-34.90787532527503, -8.06938883469813], [-34.90799172967187, -8.06933928632948], [-34.90809442057597, -8.069341033537057], [-34.90834571736494, -8.06934018135786], [-34.90841859740714, -8.069340312648144], [-34.90840444331737, -8.06946103814518], [-34.90824508334061, -8.069439625914633], [-34.908138366392215, -8.06943028617329], [-34.90804950887023, -8.069438569324804], [-34.90798486597058, -8.069461565405698], [-34.90783107934197, -8.069525235040414], [-34.907733266943865, -8.06956024612576], [-34.90768880103057, -8.069580740610565], [-34.907608707052376, -8.069605838274002], [-34.9075818154272, -8.069613149110163], [-34.90753026264029, -8.069627162796147], [-34.907471829798396, -8.06965596382148], [-34.90742072959078, -8.069686402296398], [-34.90741938429687, -8.069687360547803], [-34.90741814738463, -8.069688604883659], [-34.90741714633057, -8.069690044303277], [-34.907416410869565, -8.069691636176907], [-34.90741596344153, -8.069693329772193], [-34.90741581833103, -8.069695076202988], [-34.90741584995384, -8.069695822815536], [-34.907412739666896, -8.069732611163642], [-34.90740215644462, -8.06975023102935], [-34.90737019341627, -8.069758959556165], [-34.90726723616785, -8.069792321997406], [-34.90717381641835, -8.069846786128736], [-34.90703741880313, -8.069898058396637], [-34.906976800110996, -8.069923847251623], [-34.9068808273488, -8.069965286564933], [-34.906776027551885, -8.069990314746851], [-34.90672553970736, -8.069998155836023], [-34.90669209684967, -8.070009146859945], [-34.906651988641386, -8.070020169830398], [-34.906651774283894, -8.069974455724308], [-34.906651285131616, -8.069870137591092], [-34.90662633463001, -8.069667531000672], [-34.90658266006265, -8.069528699583437], [-34.90658081930974, -8.069522849794913], [-34.906574346728206, -8.069502276226867], [-34.90655708364682, -8.069447768990882], [-34.90652340500068, -8.06934209742656], [-34.90650643176152, -8.069305100635056], [-34.906414650202905, -8.069181740311109], [-34.90633529689316, -8.069085622232041], [-34.90628540949408, -8.06896493810317], [-34.90625573677369, -8.068906092135533], [-34.90623053781128, -8.068856117749894], [-34.9062008745738, -8.068748973688523], [-34.90615184281485, -8.068657347720471], [-34.9060841612293, -8.068580520469252], [-34.90603353475112, -8.068562042842354], [-34.90596767808126, -8.068538006472687], [-34.90579313177078, -8.068473876111382], [-34.9057742092568, -8.068463012302507], [-34.90570757844454, -8.06842475939228], [-34.905648355134375, -8.068385925030377], [-34.905566376880834, -8.068331409713375], [-34.90554861376561, -8.068319791926358], [-34.905540307266726, -8.068314359160953], [-34.905436734912136, -8.068246618334916], [-34.90533862415086, -8.068206530125307], [-34.905269924553835, -8.068178791126734], [-34.90522302813429, -8.068158557498105], [-34.90518907792566, -8.068135393205894], [-34.905086521577715, -8.06806841599795], [-34.90500093982933, -8.068013199470103], [-34.904944192849214, -8.067965025271592], [-34.904859975982696, -8.067893655681894], [-34.90481864299072, -8.06785774486963], [-34.904778641625605, -8.067822991393879], [-34.90467083053171, -8.067710110875113], [-34.90454999084553, -8.067582939717123], [-34.904420437253016, -8.06744002036586], [-34.90439698993648, -8.067414195280763], [-34.90439051879173, -8.067407068763288], [-34.90431078882963, -8.067319254819848], [-34.904207656786426, -8.067206352357179], [-34.90418012237849, -8.067169164928695], [-34.904225780563216, -8.067142920842317], [-34.90434063304702, -8.067043393873297], [-34.90430635112328, -8.067000496990799], [-34.90430171799905, -8.066933540557832], [-34.904308155926024, -8.066924660685569], [-34.90431459475982, -8.066915780809039], [-34.90436626796762, -8.066891475095076], [-34.90439266574454, -8.06687905880251], [-34.90447896320305, -8.066856652434538], [-34.90444318763268, -8.06683262591476], [-34.904290410403355, -8.06674413274791], [-34.90429731543831, -8.066734660347004], [-34.90431494801537, -8.066710471345285], [-34.90437163669656, -8.066632703680234], [-34.904434484996656, -8.06654648686674], [-34.90446909453077, -8.066499131697174], [-34.90446734011653, -8.066497762054164], [-34.904509147430936, -8.066444565670135], [-34.904514519605456, -8.066437453688449], [-34.904562222703944, -8.066363048445819], [-34.904556041912535, -8.066357484616985], [-34.904529443100685, -8.06633354018076], [-34.90457768970819, -8.066269825742857], [-34.90465777403517, -8.066164066863847], [-34.90467559442251, -8.066176900424672], [-34.90468397910226, -8.066182962993382], [-34.90471188965746, -8.06613911240446], [-34.90476569606522, -8.066058967763995], [-34.904765460633755, -8.066058863082844], [-34.904798186770215, -8.066009341471576], [-34.90482910427892, -8.065962952734033], [-34.904843460919544, -8.065941410704733], [-34.90487325784794, -8.065896703321888], [-34.90488655337497, -8.065876755580739], [-34.90488784961761, -8.065874814844063], [-34.904911756667495, -8.065839016428798], [-34.90501741154399, -8.065680807455713], [-34.90501895816243, -8.065681775752571], [-34.90513062634164, -8.065515464559276], [-34.90512868638417, -8.06551418257224], [-34.90516126291848, -8.065465661546982], [-34.905186738237504, -8.065427715900096], [-34.905192374697975, -8.065419320715868], [-34.90522528422809, -8.06536965901298], [-34.9052273290355, -8.0653714422702], [-34.90522887754946, -8.065369135115835], [-34.905388522958766, -8.065512059878174], [-34.90550240940784, -8.065611407965712], [-34.90550786902927, -8.065618905322056], [-34.905644339235856, -8.065439840674363], [-34.90570227403704, -8.06532512054562], [-34.905768725799035, -8.065245680039139], [-34.905796177845204, -8.065255612785625], [-34.905841592935765, -8.06527204447242], [-34.90575839865071, -8.065463404320274], [-34.90571638302888, -8.065525328718246], [-34.90587659192352, -8.065588856213287], [-34.905843355739435, -8.06566675172887], [-34.90584600080901, -8.065667707678294], [-34.90605603988993, -8.065743615869525], [-34.906057906251355, -8.065744290659683], [-34.90629208722747, -8.065828923627048], [-34.90652096410492, -8.06542530922181]]]}}, {"type": "Feature", "properties": {"bairro": "Casa Amarela (Parte Na Rpa-2)", "CDTIPO": "ZEIS"}, "geometry": {"type": "Polygon", "coordinates": [[[-34.89869535005656, -8.021397661476577], [-34.89781723594607, -8.021648295800864], [-34.89751087053287, -8.020952967279355], [-34.89734961674116, -8.020708170831922], [-34.89712612690814, -8.020497644246056], [-34.89687686606451, -8.020322460752217], [-34.89663265668979, -8.020150826698416], [-34.89636059283124, -8.019914725438925], [-34.89604737951149, -8.019658351424098], [-34.89594974554328, -8.01957482040656], [-34.895665350570575, -8.01936335527222], [-34.89556158374802, -8.019260874901756], [-34.895525147373796, -8.019202919562288], [-34.8954995234786, -8.01911990049289], [-34.895494477790336, -8.019034915284637], [-34.895491867233886, -8.018993165329976], [-34.89550486047709, -8.018938407150001], [-34.89554404019042, -8.018844334975027], [-34.89559282313001, -8.018744743524403], [-34.89574278458135, -8.018448348342254], [-34.8958748532575, -8.01817837302799], [-34.89601438291543, -8.017963435125642], [-34.896230346059184, -8.017654763451034], [-34.896519034466586, -8.017229631203154], [-34.8966251783974, -8.017067521954132], [-34.89668816768609, -8.016923569913326], [-34.89675320916589, -8.016704185052191], [-34.896787285675316, -8.016541210573788], [-34.89678456134976, -8.016471786529298], [-34.896769245240584, -8.016276716034774], [-34.896724798378386, -8.016015934027578], [-34.89670369263332, -8.015867580225848], [-34.89669715918931, -8.01582796660203], [-34.896675853742025, -8.015620052332958], [-34.89660561016641, -8.01569563629542], [-34.896461011794806, -8.015853133568832], [-34.896291218751266, -8.016016732648795], [-34.89595172095921, -8.01636308402662], [-34.89570791222989, -8.016623995600797], [-34.89546510447928, -8.0168418033928], [-34.8953503425667, -8.016958458985842], [-34.89525716533628, -8.017067831480873], [-34.89516955410196, -8.016958717455612], [-34.89502007583987, -8.016733750358602], [-34.89488981762054, -8.016559433333097], [-34.894722619287734, -8.016362628154175], [-34.894657235976254, -8.01628146793188], [-34.89435825932586, -8.015956267622894], [-34.89411847565826, -8.015606887499848], [-34.89470357825996, -8.015057499078571], [-34.89488836749525, -8.01485299813601], [-34.89545018981132, -8.01424501631477], [-34.89600069164545, -8.013744882721886], [-34.89583892968885, -8.013561924058221], [-34.89561495569247, -8.013325978745913], [-34.89526871557579, -8.013159096385658], [-34.894928458551455, -8.012629817952504], [-34.894441499505085, -8.011889475786385], [-34.89426981312774, -8.011628900685933], [-34.893816351198836, -8.011120101926064], [-34.89375984487767, -8.011172339568686], [-34.89349796963426, -8.011402875945189], [-34.893011593895, -8.01185869676641], [-34.8928584862123, -8.011694283627222], [-34.892716811014296, -8.011531768010977], [-34.89271331861364, -8.011526758278224], [-34.89262477058018, -8.011349493682552], [-34.89253947034944, -8.011314117237461], [-34.892571089125205, -8.010986870537863], [-34.89253177772132, -8.01092040148968], [-34.8924846927804, -8.010915838660358], [-34.89175828616899, -8.01084544289428], [-34.89158215809267, -8.011030872736555], [-34.89153298302646, -8.011274901055904], [-34.89149374189894, -8.011827031553695], [-34.89147473051535, -8.012045081134229], [-34.89143280973766, -8.012637764603241], [-34.89138388006427, -8.013117197462204], [-34.89137577531684, -8.013203258576395], [-34.89082508285875, -8.013747001630628], [-34.890858260265894, -8.013772199778574], [-34.89097196816263, -8.013888287917574], [-34.8909909454876, -8.013940764856766], [-34.89098602794546, -8.01417984376388], [-34.89091968511429, -8.014359704408541], [-34.89082050757556, -8.014484504549271], [-34.89067786816336, -8.014636195175191], [-34.89055369306319, -8.014731826867576], [-34.89037618222147, -8.014842914314693], [-34.890363701381155, -8.014825914317607], [-34.89027508965163, -8.014705220367395], [-34.890208488063195, -8.01460159027022], [-34.890142161501274, -8.014557532245298], [-34.8900534749175, -8.014352603748947], [-34.89003446591788, -8.014311325711514], [-34.89007736015046, -8.0142929217582], [-34.89003759077262, -8.014217053951999], [-34.890028601899054, -8.014198083304818], [-34.8900134952157, -8.014207980821196], [-34.889999670780995, -8.014217037992426], [-34.88996131112789, -8.014156153333182], [-34.889948502037186, -8.014130908717997], [-34.88993176319131, -8.014091378693564], [-34.88992281693736, -8.014066115459126], [-34.88992556074288, -8.014062802085906], [-34.8899132599437, -8.014028203347543], [-34.88992331081777, -8.014022196668046], [-34.88989336639529, -8.01393930971882], [-34.88982285240358, -8.013690861317178], [-34.88980492603526, -8.01363318463146], [-34.88978298453391, -8.013542520244899], [-34.889767213368685, -8.013473280450143], [-34.88975751440107, -8.013477121145348], [-34.88975199936786, -8.013285769222254], [-34.889750684899035, -8.01324011836497], [-34.88974718611136, -8.013157063124385], [-34.88974892552073, -8.013123011158092], [-34.88975555145761, -8.012943024797092], [-34.88975530091372, -8.01292489464507], [-34.889744237566376, -8.012926122475816], [-34.88974363031021, -8.012907345734487], [-34.889740564164036, -8.012840798795793], [-34.88974580394011, -8.012780264778465], [-34.88974765111511, -8.012702142995442], [-34.88973474155076, -8.012617166330433], [-34.889733711072736, -8.012551481589982], [-34.88974300757039, -8.012550645190998], [-34.88974125398455, -8.012516166238557], [-34.889766652097315, -8.012514474900655], [-34.88976180292031, -8.012420431344797], [-34.88975316707116, -8.012342908202008], [-34.889753364107754, -8.012265895150781], [-34.8897286114113, -8.012267503966779], [-34.889716951828866, -8.012268261692745], [-34.889710312938085, -8.01214507160073], [-34.889691252455215, -8.012080798501886], [-34.889646603719086, -8.012092004901257], [-34.88962744681813, -8.012006829029813], [-34.88974319720153, -8.011976043448376], [-34.889901327774076, -8.011920859558167], [-34.88985504900784, -8.011818204721768], [-34.889809256633576, -8.011701245117603], [-34.88970105610951, -8.011725530120412], [-34.889614098097816, -8.011745047260652], [-34.889589934934484, -8.011651092214382], [-34.88957420110426, -8.011590103740069], [-34.88968292779763, -8.011568402934918], [-34.88969549988425, -8.011565894351419], [-34.88965288610577, -8.01142031508522], [-34.889629687178314, -8.011424487962634], [-34.889565759912436, -8.011435016943421], [-34.88954519481343, -8.011283836181834], [-34.88946141716123, -8.011306774194834], [-34.88944371426816, -8.011255023570028], [-34.88943648746882, -8.011231063335567], [-34.889436093245074, -8.011229756035762], [-34.88938411666828, -8.011057423617949], [-34.88936705857062, -8.010999553934788], [-34.88935994619798, -8.010975425917662], [-34.88938270606391, -8.010967504048448], [-34.889434607136096, -8.01094943867173], [-34.88940395665078, -8.010847481481461], [-34.88938557764971, -8.010785606451302], [-34.88945259924462, -8.010761651327469], [-34.8894408522934, -8.010721432052975], [-34.889426409847545, -8.01067198905785], [-34.88942017900697, -8.010635062474268], [-34.889414066533895, -8.010593711688943], [-34.88945102346743, -8.010591867981239], [-34.88945106495813, -8.010588868056775], [-34.88947752102904, -8.010586501992922], [-34.889536125839115, -8.010581261898473], [-34.889534882618015, -8.010576403650665], [-34.88954322944806, -8.01057537000865], [-34.88955367295908, -8.01057407723217], [-34.889627769635545, -8.010564405757085], [-34.889654272453086, -8.010560573956237], [-34.88974635495824, -8.010555065586685], [-34.88984568028927, -8.010535900435789], [-34.889941386443496, -8.010517268985147], [-34.889938214816056, -8.010479548176928], [-34.88993783093145, -8.01047497710582], [-34.8899587449035, -8.010471158247276], [-34.89003085994829, -8.01045798977164], [-34.89009617634975, -8.010443681667343], [-34.89014706611045, -8.01042445821328], [-34.89017989614793, -8.010410809821135], [-34.89015607729325, -8.010148491176487], [-34.89013122028929, -8.009620817508683], [-34.89029835496448, -8.009614675743972], [-34.890367747167595, -8.00946116965506], [-34.890548533117865, -8.009131719169673], [-34.89063533082172, -8.008998767969176], [-34.89074370922254, -8.008832760545873], [-34.8910580688004, -8.008314464848857], [-34.89114252309854, -8.008180453929974], [-34.89126269188777, -8.007986917461599], [-34.89126321946571, -8.007986068825188], [-34.891385072602084, -8.007789818716194], [-34.89148532637254, -8.007686259714072], [-34.891631913629084, -8.007455597235825], [-34.89165546549164, -8.00741476050825], [-34.89097523671355, -8.006952523238084], [-34.89092395555207, -8.006917675551497], [-34.89113169144164, -8.006740584358893], [-34.89162849756578, -8.006310991252503], [-34.891799048523566, -8.006169115138045], [-34.89188103210596, -8.006114988121677], [-34.89204376128867, -8.00603092924128], [-34.89243260811352, -8.005869237866225], [-34.892886050078495, -8.005683063042921], [-34.8930084739045, -8.005628751215813], [-34.89309717199013, -8.005569218468676], [-34.893187081268735, -8.005480117724261], [-34.893357147184055, -8.005233430090154], [-34.89351509291872, -8.004989484970041], [-34.89367316882556, -8.004773758192743], [-34.89380981895058, -8.004589036509069], [-34.893867467947025, -8.004520240158156], [-34.893941318266705, -8.004456744178187], [-34.89404080060288, -8.00439716271883], [-34.89415522250574, -8.004361699433447], [-34.89423873223732, -8.004346535326142], [-34.894368131868546, -8.004343253460062], [-34.894567753556416, -8.004366524629496], [-34.89474176274933, -8.00438991330704], [-34.89497658198052, -8.004445272861089], [-34.89516553796852, -8.00449412382134], [-34.895411191596494, -8.004560182805262], [-34.895620404651034, -8.004617003934346], [-34.89587142628598, -8.004677663216109], [-34.89604014221676, -8.00472257544938], [-34.896142673898474, -8.004739572837254], [-34.89624517451011, -8.004749852152708], [-34.89639342213147, -8.00474110827393], [-34.89647423535771, -8.004725955204103], [-34.8965644055734, -8.004693291464138], [-34.896657233039384, -8.004652552042455], [-34.89671095636654, -8.004609304541768], [-34.89678614144653, -8.004543115100995], [-34.8970122751484, -8.00417791753177], [-34.89708850409967, -8.00404587944925], [-34.897250242395415, -8.003748166068418], [-34.89733054062162, -8.003564538095434], [-34.89795224710513, -8.00246586791132], [-34.898335426238646, -8.001788718303931], [-34.898337718380894, -8.001789943632472], [-34.898405413003175, -8.001840347274607], [-34.898674600776715, -8.002040776535495], [-34.89877920306892, -8.002118660535237], [-34.8989049663137, -8.002212299187809], [-34.899115731936924, -8.002369229682593], [-34.8992785313039, -8.002490443808913], [-34.8994267247063, -8.00260750394547], [-34.89955894408387, -8.002712701943011], [-34.899749830412276, -8.002888455908028], [-34.89998854172768, -8.003136484553448], [-34.900267720577894, -8.003427363281041], [-34.90046965090654, -8.003634832344863], [-34.90063720397057, -8.00380698103615], [-34.90079254551231, -8.003938985339751], [-34.901011289504574, -8.004124865039456], [-34.901495825542646, -8.004517355420097], [-34.90190929604326, -8.004852278474939], [-34.90212458835445, -8.005026671643517], [-34.90232209168176, -8.00520326943919], [-34.90238582253391, -8.005268248736867], [-34.90245888599482, -8.005348431268038], [-34.90253284747, -8.005432930201566], [-34.90271082928328, -8.005636269803139], [-34.902713888408236, -8.005639764400323], [-34.90292659677869, -8.00588277803994], [-34.90292713657208, -8.005883394839715], [-34.90307506998381, -8.006052404129944], [-34.90314773194486, -8.006129853506462], [-34.903300156102375, -8.00626275229611], [-34.90347538225758, -8.00637837475195], [-34.9035956346433, -8.006439675576798], [-34.903725327088665, -8.006491843253901], [-34.904110751677294, -8.006626958050441], [-34.9046148755036, -8.006803684864316], [-34.9050018267181, -8.006939334083963], [-34.90533540981734, -8.007056273734724], [-34.905766342585125, -8.00720734040724], [-34.9060989848281, -8.007323949178371], [-34.90620252407337, -8.00735680650326], [-34.9063395275732, -8.00739013565934], [-34.90647766971788, -8.007412626928227], [-34.906676734704384, -8.007426197236786], [-34.907265107437595, -8.007433971497145], [-34.908339354026715, -8.007448163682195], [-34.90856268909998, -8.007450332560701], [-34.90867467757706, -8.00744418562581], [-34.908819948056106, -8.007423929427555], [-34.90892328735923, -8.007400795211733], [-34.9090652902467, -8.00735645789762], [-34.90922608493707, -8.007287047801547], [-34.9093388203884, -8.007224577351145], [-34.90947323695159, -8.00713249317852], [-34.909590811413125, -8.007042463239209], [-34.909806008063114, -8.0068776795072], [-34.909890974026546, -8.00681706700006], [-34.909988340615406, -8.006757533478584], [-34.910109970815945, -8.006696109286658], [-34.91021266534332, -8.006654184915222], [-34.91036591372608, -8.006606820783215], [-34.91052098110296, -8.006575921210802], [-34.91069821439387, -8.006560286273839], [-34.91091731454113, -8.006553614633594], [-34.91100696977868, -8.006550883993174], [-34.91125368874457, -8.00654337092049], [-34.91151319871267, -8.006535468447051], [-34.91180839387238, -8.006526479186876], [-34.91206564453825, -8.00650964832291], [-34.912183945943724, -8.006488535141308], [-34.91238494208456, -8.006430030570689], [-34.91257769182715, -8.00634409224821], [-34.9128198628076, -8.0061847775137], [-34.913264957206394, -8.005827763160598], [-34.91388093973222, -8.005333677665774], [-34.914437583249565, -8.004887185760188], [-34.914921941440085, -8.005510253668183], [-34.915026116975326, -8.005613952016585], [-34.91633216532581, -8.006020159589571], [-34.91752519884437, -8.006543677579169], [-34.91918567698563, -8.007185409202025], [-34.91996314993732, -8.007519055670029], [-34.92031382240179, -8.00673531875668], [-34.92058701697018, -8.006071780657935], [-34.92060538574582, -8.005994343475665], [-34.92058821707865, -8.005781266944657], [-34.9205506217809, -8.00570680338717], [-34.92045878279552, -8.005515832525624], [-34.920367306123325, -8.005274012688577], [-34.920362876427525, -8.005204490024548], [-34.92039414945331, -8.005090824819115], [-34.92054499135982, -8.004657519278714], [-34.920576393676726, -8.004571466287517], [-34.920661673585826, -8.004378801254633], [-34.920751904243424, -8.004194202735608], [-34.92084692707104, -8.00406397035922], [-34.920943780264935, -8.003932612935344], [-34.92104286219818, -8.00383908650349], [-34.92120953752482, -8.00371967665368], [-34.92129337410709, -8.003656902354564], [-34.92145493398966, -8.003540584645119], [-34.92154950905734, -8.003471840505817], [-34.92156637924685, -8.003458249825712], [-34.92178217560722, -8.003530879050873], [-34.92201470394708, -8.003452071118296], [-34.92216523159766, -8.00339000765756], [-34.922238554519204, -8.003273078202605], [-34.922355599678575, -8.003072084231704], [-34.922499305267706, -8.002867896767842], [-34.92259617683154, -8.002740630838746], [-34.9226481020204, -8.002655504706203], [-34.92270893559559, -8.002500793872976], [-34.922759643195114, -8.002374765488248], [-34.92279626623971, -8.002089261012186], [-34.92279081405974, -8.002027841807244], [-34.922756398413895, -8.001781916327579], [-34.92274087314243, -8.001471804807782], [-34.922628552327446, -8.00130083817785], [-34.92247737457695, -8.001181078664017], [-34.92209944092311, -8.00085930981516], [-34.922061916773686, -8.000810778146992], [-34.92201347565491, -8.00074812611638], [-34.92172467601943, -8.000455885216041], [-34.92153295765999, -8.000266555515083], [-34.92141946612901, -8.000131063818682], [-34.92126894489345, -7.999975290871962], [-34.92108655580495, -7.999777032308271], [-34.92116248966184, -7.999642063028624], [-34.9212670869854, -7.999393450691363], [-34.92151178784175, -7.998989619575699], [-34.92181090730168, -7.9987536981126315], [-34.92216446760531, -7.998486931407923], [-34.922870655652474, -7.997550521624364], [-34.92312547046931, -7.997325002822675], [-34.92353707348123, -7.997068162044712], [-34.92395147922075, -7.99652034729388], [-34.92409557164608, -7.995924455184968], [-34.92416143795221, -7.995313404754423], [-34.92487505597639, -7.9932570970032994], [-34.92557214311446, -7.9917700672175505], [-34.92612302077603, -7.9912160670436405], [-34.92702040373472, -7.990786820688525], [-34.92737628467234, -7.990452004107612], [-34.92755861536655, -7.9899916271405536], [-34.927648810179214, -7.989554655633149], [-34.92772688147924, -7.988991370207439], [-34.92813697830131, -7.988089792984439], [-34.92840986509702, -7.9877021285828125], [-34.92875903064591, -7.987431889237818], [-34.93241439546711, -7.986170276428792], [-34.932582810862975, -7.986358849791511], [-34.933426163980236, -7.98738718768285], [-34.934347855494515, -7.988410604365559], [-34.935446330306014, -7.9897599143800395], [-34.93608180580578, -7.990845657904695], [-34.936202273018964, -7.991136177898269], [-34.9366864740066, -7.9922048300813975], [-34.93693101573742, -7.992718968469043], [-34.9370212835101, -7.992883172926443], [-34.937023836408514, -7.992886609930517], [-34.9373634235745, -7.993409370833454], [-34.93779833754925, -7.993929255847781], [-34.93783585357515, -7.993979760304304], [-34.93854702964696, -7.994858379887261], [-34.938759059561, -7.9951259884810115], [-34.938934699230124, -7.995399402683065], [-34.93896606163972, -7.9954649983039525], [-34.93910769016701, -7.995723914582814], [-34.939205937349406, -7.995989338412019], [-34.93933526940419, -7.996350228998603], [-34.93938517584673, -7.996550494883142], [-34.939425773954945, -7.996824538206989], [-34.93944869050604, -7.996979222730694], [-34.93947637841106, -7.997240583107738], [-34.9394791230708, -7.997608295102249], [-34.93944654865864, -7.997944116119882], [-34.939379789370754, -7.998275232079199], [-34.93926952262143, -7.998694119066071], [-34.93915396170765, -7.9990254642489145], [-34.93899482416053, -7.999429985730546], [-34.938919205860955, -7.999693248869857], [-34.93881380147917, -8.000078525648053], [-34.93877588121107, -8.000222640023846], [-34.93869838687982, -8.000702867851276], [-34.93861676321066, -8.001132831587665], [-34.93856530884929, -8.001509587467437], [-34.938491170241996, -8.001914246855033], [-34.93841566723727, -8.00256655305241], [-34.93838115665361, -8.002773924407888], [-34.93830292764399, -8.003385812321667], [-34.93817654241246, -8.004048614976716], [-34.937994331817784, -8.005138434297018], [-34.93791837468776, -8.005694718619678], [-34.93786729346616, -8.00645872914849], [-34.93772948777246, -8.007532715279313], [-34.93761126640555, -8.008834626498757], [-34.93759183457398, -8.009014130137878], [-34.93759182966024, -8.009044929491884], [-34.93735977529917, -8.00899833264726], [-34.93685836583188, -8.00889764823446], [-34.93679532277254, -8.00890036176018], [-34.93674217150821, -8.00892715172137], [-34.93660003006709, -8.009101407759054], [-34.93504071916244, -8.010778160604804], [-34.9347876903534, -8.010388650331178], [-34.934659136228326, -8.010251098410587], [-34.93393088888244, -8.009728996673118], [-34.93372143212924, -8.009578829751483], [-34.93368018558723, -8.009501700115765], [-34.933684494483686, -8.00943729752217], [-34.93372872199654, -8.009358911838612], [-34.93383839592989, -8.009136127109056], [-34.933877684186015, -8.008988783267183], [-34.933943695822975, -8.00881503047583], [-34.933940846295975, -8.008686505091134], [-34.93391793543434, -8.008393828413181], [-34.933907949486915, -8.008232919732881], [-34.93385789316932, -8.00805380500076], [-34.93373319865087, -8.007925523617889], [-34.93369067503582, -8.007813922823429], [-34.933682559220955, -8.007723519047246], [-34.933694449660756, -8.007636088037128], [-34.933690787463405, -8.007511940259937], [-34.933685639536705, -8.007398528790933], [-34.93353571747255, -8.006913301111439], [-34.933389002596016, -8.006507225605766], [-34.93337980220715, -8.006362789594629], [-34.9333707204804, -8.00616601626951], [-34.93340601676896, -8.006009703960366], [-34.93347797457987, -8.005739060965249], [-34.933495983771174, -8.005700343503678], [-34.93361525411034, -8.005517985028995], [-34.93375454232441, -8.005379370428042], [-34.93401325789718, -8.005129826957434], [-34.93419846302346, -8.004945010389436], [-34.93428875918058, -8.004852612900853], [-34.93429623972846, -8.004769754509958], [-34.93428195651246, -8.004714683067492], [-34.934252181738294, -8.004596789038073], [-34.934199186666696, -8.004479578830402], [-34.9341146138232, -8.004389608487772], [-34.93397018249485, -8.00430842585028], [-34.93368813178096, -8.004156369061715], [-34.93343302074781, -8.004050315308874], [-34.93336818977095, -8.00403418150718], [-34.933256215518014, -8.004026004582014], [-34.93315309218745, -8.00404089657083], [-34.93305789408561, -8.004072000931288], [-34.93294902863854, -8.004139958997909], [-34.93286475390535, -8.004204735294206], [-34.9327852733927, -8.004307812108772], [-34.932730454971036, -8.004423036936554], [-34.932613121801175, -8.004651989357614], [-34.9325458778401, -8.004741212928806], [-34.93249228587459, -8.00479051718549], [-34.93235720627185, -8.004843268740643], [-34.93217445427136, -8.004896243509524], [-34.93211557487946, -8.004909030486768], [-34.931228754603566, -8.005225786616535], [-34.9308229961437, -8.005384325543277], [-34.9306454043852, -8.005453714980993], [-34.9303228929114, -8.005545665168272], [-34.93021243149405, -8.00560136661819], [-34.930054500533174, -8.005700212111083], [-34.929917967674506, -8.005771364687321], [-34.92975838382744, -8.005845690716788], [-34.92965697537139, -8.005864559939107], [-34.92950465386285, -8.005848409872426], [-34.92926739286479, -8.005756012656443], [-34.929050029900644, -8.005643593160823], [-34.92894474467303, -8.005587211077948], [-34.92880131869609, -8.005499156365026], [-34.92870681261955, -8.005476089926786], [-34.92855249790042, -8.00546345020511], [-34.92814490301833, -8.005456210736831], [-34.927801915789, -8.005445550875502], [-34.92725744858805, -8.005429699713055], [-34.926769887362234, -8.005415114448667], [-34.92657695148952, -8.005416015439552], [-34.92607679678711, -8.009100235879089], [-34.92608231996663, -8.009746322216301], [-34.9260641628636, -8.010373043878408], [-34.92606262399259, -8.010426151961385], [-34.92606152118575, -8.010810445180576], [-34.92605763983754, -8.011005964572485], [-34.92609276497021, -8.011267094731645], [-34.92612161227781, -8.011523635360247], [-34.926153329173204, -8.01177146189136], [-34.92619416341372, -8.012101903138669], [-34.926183084524546, -8.012220866862808], [-34.92608902469991, -8.012637497771196], [-34.92605512649594, -8.012853727492487], [-34.92600999071347, -8.013155568191944], [-34.92601626078835, -8.013251248148341], [-34.926030757234315, -8.013360629572338], [-34.92609105841217, -8.013503830298411], [-34.92636418826519, -8.013902094200812], [-34.926779933424434, -8.014464348399224], [-34.92682055012597, -8.014561527561536], [-34.92689898978777, -8.014732886982829], [-34.92698737418551, -8.015091665709969], [-34.92701019875157, -8.015168041531352], [-34.92699830702635, -8.015423322256057], [-34.92698718756162, -8.015533584565866], [-34.92695107571324, -8.015897739660861], [-34.9269322914883, -8.016234259792602], [-34.92703040000408, -8.016409536608839], [-34.92707750564272, -8.016485905517706], [-34.92710298093315, -8.016643852158438], [-34.92720058280192, -8.016979828761166], [-34.92727585316109, -8.017226459403686], [-34.92738956566113, -8.017471007114317], [-34.92743175972773, -8.017567504292536], [-34.927436643046725, -8.0176776926222], [-34.92742717660211, -8.01783000131984], [-34.927417085007974, -8.017969162493987], [-34.92787565432894, -8.01822089186694], [-34.92830092867656, -8.018312117943676], [-34.92809857134479, -8.018512261024417], [-34.927986299149374, -8.01860866652519], [-34.92785596261394, -8.018689150186196], [-34.92772240019672, -8.018733508241297], [-34.92743768743393, -8.01882620032596], [-34.92733425137651, -8.018865895195917], [-34.92719790565582, -8.01888761311058], [-34.92713682755339, -8.018888513640201], [-34.926928720533915, -8.018874986135618], [-34.92675406080238, -8.018858400938692], [-34.92652890502748, -8.018825031110604], [-34.9262876004766, -8.01882022812277], [-34.92614433619006, -8.018827900029104], [-34.92613004645928, -8.018790118375316], [-34.92602652911016, -8.018448529572632], [-34.925943442837955, -8.018492406060721], [-34.925850607784675, -8.018550845514534], [-34.92566626955805, -8.01864161612088], [-34.92540341876123, -8.018742904458819], [-34.9251332393025, -8.018832626909575], [-34.924889184453015, -8.018909174295704], [-34.924591240079906, -8.01897292324403], [-34.92419145179755, -8.019035696766714], [-34.92395152909799, -8.019062920479278], [-34.9237739731615, -8.0190492477639], [-34.92336797685878, -8.019029392088923], [-34.92309882783679, -8.019029198703914], [-34.923084273065555, -8.019031275484048], [-34.92308258004933, -8.018983675502408], [-34.92307603198441, -8.018873945757637], [-34.92307166063633, -8.018783114298516], [-34.9230676283144, -8.01869706645414], [-34.923064578797955, -8.018607848900746], [-34.92306332497387, -8.018514736402263], [-34.92304045007761, -8.018515594469848], [-34.922851487568266, -8.018522686600482], [-34.922791889870915, -8.018525773721612], [-34.92279098424059, -8.018489191471511], [-34.9227563988065, -8.018099421095314], [-34.92272662559768, -8.018046469030338], [-34.922700790523045, -8.018036949602505], [-34.92168780087775, -8.018107783250597], [-34.92166388538458, -8.018124808919085], [-34.92164826877096, -8.018153593887597], [-34.92162659838964, -8.018276930438464], [-34.92159328234514, -8.018402617635504], [-34.92153767154861, -8.01859439273876], [-34.9214663765668, -8.018884412250017], [-34.921409481473404, -8.019058626513768], [-34.92137519461458, -8.019093273728409], [-34.92135112591985, -8.01909738738391], [-34.921220285812325, -8.019085122942325], [-34.92104595008475, -8.019093983140976], [-34.920886290349145, -8.019133352939498], [-34.920543203999365, -8.019308765251491], [-34.92034338296281, -8.01939177502184], [-34.91995675593929, -8.019578656390966], [-34.919552330282464, -8.019757572459431], [-34.91940405402042, -8.019814592090034], [-34.91894196347154, -8.02009194868993], [-34.91873593292143, -8.020228096002391], [-34.91833999391075, -8.020495488512747], [-34.918304457805576, -8.020492434673864], [-34.918069990477264, -8.020073479590422], [-34.917848853605385, -8.019744067609624], [-34.91780617775832, -8.019713360892785], [-34.917773109474496, -8.019711428292487], [-34.91772565729101, -8.019730054187836], [-34.917583824071855, -8.01986025797121], [-34.917525453047475, -8.019913842424248], [-34.91733860552063, -8.020080103701815], [-34.917163265253464, -8.020219326838887], [-34.91713715102079, -8.020276268867441], [-34.917141641738546, -8.020428646137459], [-34.9171080678271, -8.020499615102846], [-34.91697279758406, -8.020575886079566], [-34.91661351728497, -8.020741714835353], [-34.91591086632309, -8.021023407645984], [-34.915586947006425, -8.021155274489411], [-34.915527208661516, -8.021179415188366], [-34.915464455464125, -8.02116423763245], [-34.91542580816052, -8.021119127338272], [-34.91533472638536, -8.021082415597801], [-34.9152136481911, -8.021086198121163], [-34.91504911228702, -8.021119150786157], [-34.91496367571816, -8.021148517083347], [-34.91472667885171, -8.02122365037822], [-34.914554265550294, -8.021298483282399], [-34.91444146363801, -8.021345680141263], [-34.91442011941243, -8.021410099148929], [-34.91443399644416, -8.021550589768102], [-34.91444569098482, -8.021695483387571], [-34.91444598902437, -8.021759170736214], [-34.91447115686639, -8.02188287458954], [-34.91469843207022, -8.022431348767977], [-34.914709274365336, -8.02246291895142], [-34.91471390756749, -8.022511212488595], [-34.91468771468622, -8.02256404314301], [-34.914435340919944, -8.022719697187371], [-34.91319156864816, -8.023486803201045], [-34.91258935930142, -8.023812702287312], [-34.91251426048019, -8.023792315520046], [-34.912466889027364, -8.023669131374941], [-34.91244700406672, -8.02352101012256], [-34.91244798516687, -8.023259659710671], [-34.91245519652913, -8.022917022819582], [-34.91242127404167, -8.022910161221729], [-34.91228537982553, -8.022882673257312], [-34.91219497359357, -8.022867719509787], [-34.91205190454021, -8.022899130404625], [-34.91190668279362, -8.022941532051918], [-34.91173321550706, -8.022985615290931], [-34.911650658241236, -8.022958766325978], [-34.91159518740887, -8.022941122454514], [-34.91145436301266, -8.022945539034657], [-34.91112713241571, -8.023032998855795], [-34.911034615397064, -8.023037820280383], [-34.910928909766724, -8.023049292651029], [-34.9108100351179, -8.023071806021088], [-34.910596541986656, -8.023121112963754], [-34.91040064538227, -8.023163749304997], [-34.91028177063645, -8.023186262536923], [-34.910239981701366, -8.023185440268984], [-34.91007439166895, -8.023188023949086], [-34.91026113519543, -8.023957217306622], [-34.90999620021232, -8.024028850965422], [-34.91001523773847, -8.024137074513664], [-34.909828279039736, -8.024169389978155], [-34.909812741373976, -8.024171802698952], [-34.90973095609582, -8.023740226454828], [-34.90958863578821, -8.02376469350258], [-34.90968145420004, -8.024329981853931], [-34.90969295200035, -8.024398846540372], [-34.90954279042023, -8.024416728607077], [-34.909504071189474, -8.024483421439164], [-34.909431076522246, -8.024490034288432], [-34.90939076437839, -8.024485201898921], [-34.909356806271866, -8.024492888501237], [-34.909351420936346, -8.024464636028993], [-34.90934955239058, -8.024450822393945], [-34.909308125056484, -8.02445676804796], [-34.90926879894579, -8.024463226503345], [-34.909269420461705, -8.024476093939485], [-34.9092308625857, -8.024484688758566], [-34.90923062350398, -8.02447077986948], [-34.909162308432876, -8.024487953088281], [-34.909163485045354, -8.024497713379349], [-34.908981021700484, -8.024529942568027], [-34.90897180790615, -8.024482848064443], [-34.90896435677511, -8.024444762566116], [-34.90886162770881, -8.024470868418067], [-34.908790321206084, -8.024483752083983], [-34.908747856661165, -8.024492317964832], [-34.90874509078897, -8.024475911997975], [-34.908631230668455, -8.02450334957493], [-34.90864091581443, -8.024583231580808], [-34.908641880591254, -8.02464283145913], [-34.908415753709555, -8.024702926490871], [-34.908439518890916, -8.024775327149852], [-34.908301084699545, -8.024832853908269], [-34.90826240087158, -8.024746248960327], [-34.908248039754746, -8.024752785057538], [-34.908211514708206, -8.024769408445025], [-34.908199040165975, -8.024735704723343], [-34.90807614071101, -8.024782413626589], [-34.907945219515845, -8.024831248987173], [-34.90790697486554, -8.024812128003788], [-34.907872518592356, -8.024794901562503], [-34.90786632067235, -8.024776955587406], [-34.9078301331386, -8.024679483846516], [-34.90774429234088, -8.024711774562736], [-34.90773626395532, -8.024689332090794], [-34.90757089840517, -8.024743723366905], [-34.90751931258621, -8.024766043424682], [-34.90747517927878, -8.024803048998484], [-34.90740785335689, -8.024843317248843], [-34.90733943915767, -8.02487622960068], [-34.907273123905426, -8.024907029351906], [-34.90722047339802, -8.024927251448375], [-34.907222622306854, -8.024935653857796], [-34.907176366223084, -8.024950422806956], [-34.90712571583595, -8.024966595339011], [-34.90712352770086, -8.02494978164725], [-34.90708088567183, -8.024964659506917], [-34.9070837362759, -8.025013054704566], [-34.90708934481881, -8.025084528868238], [-34.90707042827662, -8.025087295274822], [-34.906957320583814, -8.025103837638932], [-34.90695302011224, -8.025032586137488], [-34.90692559832355, -8.025033764617199], [-34.906921301840995, -8.025056728002658], [-34.90690295484885, -8.025154788842109], [-34.90689778852869, -8.025177945208345], [-34.90683344067171, -8.025178243329297], [-34.90676172365185, -8.025181729878723], [-34.90669320146939, -8.025191511118623], [-34.90658039784929, -8.025206753736127], [-34.90655759257114, -8.025209447727903], [-34.90641204380127, -8.025299011878726], [-34.90635658160158, -8.025394952821214], [-34.90627011637752, -8.025402713339133], [-34.906117570049155, -8.025491743877762], [-34.90601505743802, -8.025376055569728], [-34.905827534283496, -8.025278586422926], [-34.90578209597568, -8.025261972979216], [-34.90572967089329, -8.025247496555629], [-34.905699707996604, -8.025239222915948], [-34.905448304219426, -8.025166783794896], [-34.905256115369866, -8.025124562887667], [-34.90512739106304, -8.02511885012989], [-34.90493012396455, -8.025118711738447], [-34.90483095563655, -8.025117066926684], [-34.90475610339876, -8.025126877146988], [-34.904617020752184, -8.025162219008505], [-34.90441485643273, -8.025243066203847], [-34.90440909624672, -8.025224431928383], [-34.90433089572397, -8.02525401513747], [-34.90440313366581, -8.025443952568907], [-34.904447195956955, -8.025618293132561], [-34.90440189474553, -8.025631119967215], [-34.90440512873652, -8.025645825989482], [-34.904154365261, -8.025711125575372], [-34.90414467862975, -8.025687436719043], [-34.9040754033712, -8.025518019686624], [-34.904053354986615, -8.025530756083471], [-34.90368087595612, -8.025745912269585], [-34.903325232186994, -8.025942078980155], [-34.9031262058131, -8.026028079750303], [-34.90303981248301, -8.026054285073107], [-34.90293869816308, -8.026074249837238], [-34.902860636619494, -8.026070034368779], [-34.902791886386495, -8.026053503964445], [-34.902684715871544, -8.026012658968273], [-34.90254877624942, -8.025932000522719], [-34.90249919516059, -8.025908871222514], [-34.90241569221808, -8.025867184432803], [-34.90234756455205, -8.025847407254025], [-34.902298348694586, -8.025842731057551], [-34.90198918967482, -8.025827336970142], [-34.901700989319984, -8.025815291219818], [-34.90169632309985, -8.025685689609569], [-34.90165940178785, -8.025685860209276], [-34.90163800176619, -8.025688055633031], [-34.90162460692277, -8.025689430237136], [-34.901624688868, -8.025707050228045], [-34.901463252139195, -8.025705952713098], [-34.901377875879284, -8.025714499173965], [-34.90125765834231, -8.025723466041923], [-34.901056190696586, -8.025727551007687], [-34.90082730107936, -8.025732814867869], [-34.90077560704395, -8.02573200127737], [-34.900770274692825, -8.025703520490675], [-34.90076262542587, -8.025662664607363], [-34.900726095130345, -8.025519832508923], [-34.90067836635012, -8.025464324976252], [-34.9004990701925, -8.025245394514894], [-34.90035159141973, -8.025063118223652], [-34.9003344540698, -8.025007469383574], [-34.90033535743975, -8.02497486976472], [-34.900360035257, -8.024931847619081], [-34.9004298179564, -8.024871389205346], [-34.900577940306384, -8.02473821882023], [-34.90092346099842, -8.024406460422576], [-34.90108622369031, -8.024245884968805], [-34.90128271358184, -8.024078844179495], [-34.90148325156442, -8.023874983459354], [-34.90152189130516, -8.023790686458465], [-34.90153570512389, -8.023739953909617], [-34.90153713485535, -8.023708408738264], [-34.90151748872695, -8.023660190375209], [-34.90150539810859, -8.023646710449952], [-34.901457188339485, -8.023601833475306], [-34.90127327498528, -8.0234138646447], [-34.90116289959215, -8.023266607326718], [-34.901142622197476, -8.023216230207293], [-34.90114356339862, -8.023197241239044], [-34.90116684008305, -8.02315800548379], [-34.90118237456448, -8.023144546238004], [-34.901260269923725, -8.023108436766762], [-34.90129886575605, -8.023096058063281], [-34.90125682960574, -8.022904912458959], [-34.901185402783995, -8.022725707940872], [-34.90109459346232, -8.022415228415143], [-34.90111311437616, -8.022407744869673], [-34.900252058292246, -8.019570607414568], [-34.89891303155105, -8.019770342672748], [-34.898368463122964, -8.020214923680129], [-34.89831841262932, -8.020262074933267], [-34.89869535005656, -8.021397661476577]]]}}, {"type": "Feature", "properties": {"bairro": "Tejipi\u00f3", "CDTIPO": "ZEIS"}, "geometry": {"type": "MultiPolygon", "coordinates": [[[[-34.9617066087276, -8.094074135011228], [-34.961578465341056, -8.094592577050982], [-34.96150964466376, -8.094956583633008], [-34.96148873415845, -8.095066826795993], [-34.96167967600787, -8.095335904732694], [-34.96190170332475, -8.095598239922271], [-34.96212882417365, -8.095830325712562], [-34.96226073393629, -8.095987667631542], [-34.96231706670806, -8.09609012352691], [-34.96235891779231, -8.09635931122329], [-34.96228058016789, -8.096618600909144], [-34.96221106456764, -8.096838936556521], [-34.96201415105127, -8.096800971834359], [-34.961833965541196, -8.096806327663785], [-34.96166738314674, -8.096829577648114], [-34.96154876888722, -8.096834637339368], [-34.96147070866656, -8.096840999137887], [-34.96136708292136, -8.096840001084395], [-34.961327915182714, -8.096814746992886], [-34.960835111112274, -8.09676772693632], [-34.96052436321546, -8.096791669232896], [-34.96056677087808, -8.09717609437907], [-34.96066185139882, -8.09789400869568], [-34.9606865188066, -8.098646684414051], [-34.96071820923992, -8.098915465641701], [-34.96289453656407, -8.099531033830923], [-34.96326014399865, -8.098250740737218], [-34.9632903868579, -8.097906880044517], [-34.96322037692333, -8.097731699811883], [-34.96309743951081, -8.097504111300076], [-34.96291910895672, -8.097219021187176], [-34.96426582504172, -8.097371400169852], [-34.96508722817625, -8.09509272352768], [-34.964901378482956, -8.094981458094539], [-34.96485822730813, -8.094959336127696], [-34.964763055805086, -8.094909846256966], [-34.9647051297357, -8.094880743908021], [-34.964668453106526, -8.09485624025126], [-34.964579081107175, -8.094786744090314], [-34.964522274516995, -8.09474529621103], [-34.96450747113874, -8.094732439733004], [-34.96445129406, -8.094699215549369], [-34.964407565600986, -8.094679446797238], [-34.964351417011514, -8.09465209870162], [-34.9642941461205, -8.094636508483525], [-34.964231070967195, -8.094639750167886], [-34.964120907154054, -8.094660259559546], [-34.96403524649391, -8.094662864977405], [-34.963986908027685, -8.094668575151], [-34.963914782288214, -8.094680241672174], [-34.96384091261454, -8.094710175420156], [-34.963787940880245, -8.094742563415315], [-34.96373676169863, -8.094766909502134], [-34.963694326623376, -8.094780989750552], [-34.96366429421737, -8.094783690866135], [-34.9636312645374, -8.094772894652802], [-34.963575410810876, -8.09473993456427], [-34.963529779494266, -8.094699256334128], [-34.96348107018034, -8.094637027083], [-34.96342758487466, -8.094592984725725], [-34.963368052286036, -8.0945189185188], [-34.96335845054877, -8.094503262473943], [-34.963317482635766, -8.094442114246693], [-34.96328000167972, -8.094391431558915], [-34.96324262925591, -8.094344613105442], [-34.963202706894215, -8.094272139466126], [-34.96317164800536, -8.094214228825317], [-34.96316009275089, -8.094173752765279], [-34.96315839245527, -8.09413922217257], [-34.963164373287334, -8.094074044814095], [-34.963164221210526, -8.094042641978492], [-34.963158552582016, -8.094006884707516], [-34.96312423348184, -8.093956658690852], [-34.96310725458871, -8.093928763086842], [-34.96308766778787, -8.09389658403538], [-34.96306134748861, -8.093833538249864], [-34.9630354131297, -8.093774508149599], [-34.96297234197751, -8.093688634940621], [-34.962945396617755, -8.09364786764444], [-34.962923572185105, -8.09360524956246], [-34.96291751675696, -8.093565476595685], [-34.96290228269582, -8.09352173112482], [-34.96290337883325, -8.09350568279312], [-34.96290467740249, -8.093486665530813], [-34.96291518494504, -8.09346214901904], [-34.96293595110549, -8.093437584080096], [-34.96297287748559, -8.093420974711512], [-34.963003202030464, -8.093402936162441], [-34.963027315063634, -8.093388578892476], [-34.96305536385918, -8.093354484720269], [-34.96306299262978, -8.093340938088653], [-34.96305962099023, -8.093325617297346], [-34.96303713080662, -8.093296878501508], [-34.96301209388019, -8.093271803360395], [-34.96298964082992, -8.093250732432947], [-34.962965041101, -8.093240260824823], [-34.962927302226916, -8.093240442299043], [-34.96291003041172, -8.093240657342117], [-34.962879305603316, -8.093241038325894], [-34.9628437911958, -8.093246686663305], [-34.962820382826145, -8.093255197734958], [-34.96279887310686, -8.093277575758396], [-34.96277772278873, -8.093298491127394], [-34.96274477809917, -8.093305221891946], [-34.96270375598016, -8.093308340985057], [-34.96266451936795, -8.093301956375559], [-34.962658911573094, -8.093297302227812], [-34.96264833263783, -8.09328852334949], [-34.962643172721236, -8.093250462833758], [-34.96263476528133, -8.093209599140108], [-34.96261905659798, -8.093187729136073], [-34.96256939650983, -8.093150894183877], [-34.962512348509954, -8.093115523121826], [-34.962487144528815, -8.093117397220736], [-34.96242623031993, -8.093131130399152], [-34.96235201881987, -8.093124535097022], [-34.96226257631171, -8.093118476767309], [-34.96214436071252, -8.09311814367848], [-34.96208437760922, -8.09309990733714], [-34.96192947883233, -8.093100651826788], [-34.96187568139779, -8.093080327226787], [-34.961805221356805, -8.09303126646127], [-34.96169543154626, -8.092963870924605], [-34.96165033981589, -8.09292420503241], [-34.96137638882671, -8.093259083708453], [-34.961502779619536, -8.093537832546966], [-34.96159819154324, -8.09370349751075], [-34.96174404189619, -8.093844859937274], [-34.9617066087276, -8.094074135011228]]], [[[-34.950653767621, -8.089786086289779], [-34.95065382597921, -8.089768041279605], [-34.950654401481806, -8.089750011880168], [-34.95065528900079, -8.089736501213654], [-34.95065763039596, -8.089714069722325], [-34.95066046566569, -8.089696246499791], [-34.950664245207385, -8.089678599575855], [-34.95066906012397, -8.089661209879417], [-34.95067481071933, -8.089644095967556], [-34.95068125194112, -8.089627231889414], [-34.950688147590874, -8.089610546449615], [-34.9506957281714, -8.089592926572216], [-34.95056352435569, -8.089580250491023], [-34.9504313114669, -8.089567574408356], [-34.95033299510642, -8.08953913259075], [-34.94961227272686, -8.089663544149248], [-34.94963410403916, -8.089742073778183], [-34.94967542767362, -8.089854131784021], [-34.949732652796, -8.089967930990644], [-34.94975502481451, -8.089994755681001], [-34.9497738607586, -8.090027609152523], [-34.94990200221797, -8.0900245473535], [-34.950050694003664, -8.089951674667573], [-34.950055587416436, -8.089960793907347], [-34.95006218244556, -8.089973083643507], [-34.950077421040504, -8.090001481059216], [-34.95023965695217, -8.089870435248951], [-34.95023404908288, -8.089861770542392], [-34.95053518692559, -8.089708850591544], [-34.95061098638441, -8.089846328241931], [-34.95065454895206, -8.089822172020465], [-34.950653767621, -8.089786086289779]]], [[[-34.97063305178768, -8.0807952977619], [-34.97025521317973, -8.080494335939735], [-34.97025080750136, -8.080503152526042], [-34.97017892558131, -8.08061963395844], [-34.97005826705975, -8.08071882391377], [-34.96995941592026, -8.080748011496297], [-34.969361714863304, -8.080823967039063], [-34.969030426625096, -8.080893323859764], [-34.968520950194424, -8.081032113216247], [-34.968520554700994, -8.081058122418934], [-34.96843125809875, -8.082643438158266], [-34.968192513980604, -8.082654107373578], [-34.96705167732977, -8.08290829526188], [-34.966053750769376, -8.083114107620492], [-34.96525715754069, -8.083274644631269], [-34.965285952318766, -8.083335573886636], [-34.965629877360136, -8.08402696288168], [-34.96595791655879, -8.084699824449064], [-34.96466232191286, -8.08486493754457], [-34.964690483628424, -8.085062846026023], [-34.96474931570867, -8.085224141764517], [-34.96489647186514, -8.085459505430766], [-34.964939208477915, -8.085593892994426], [-34.96495004939113, -8.085772782398514], [-34.96489565858101, -8.086017313972407], [-34.964851027657936, -8.086186197582414], [-34.96463789309059, -8.086686519746614], [-34.96460388337397, -8.086916624333751], [-34.96493094062151, -8.086927418586878], [-34.965585007706764, -8.087144472877313], [-34.96518475183206, -8.08833953867043], [-34.96509874486126, -8.089263382135883], [-34.96578021347454, -8.089217135513584], [-34.965799979532655, -8.08942989312031], [-34.96594287689451, -8.090006112658855], [-34.96595779810662, -8.09002853054573], [-34.966213562541675, -8.090381175221205], [-34.96532656167145, -8.091031539630347], [-34.96311080369561, -8.091721268623171], [-34.96347520893549, -8.092695268819773], [-34.963551219875214, -8.092858224890149], [-34.96358024684374, -8.092896129893798], [-34.96369607132426, -8.092989414586617], [-34.96368816690398, -8.09300110746432], [-34.96363707445008, -8.093069168723222], [-34.96380299430802, -8.093171513131516], [-34.96387636747244, -8.09308238997793], [-34.96407637148418, -8.093215850884057], [-34.964181033157985, -8.09328129140683], [-34.96419350379464, -8.093269159789019], [-34.96420636358532, -8.093256652026948], [-34.964277076312364, -8.093318872964268], [-34.964260232347904, -8.093338866345281], [-34.9642441803031, -8.093357921140612], [-34.96432830242782, -8.09338626111487], [-34.96447654844115, -8.093408419849263], [-34.96450912746906, -8.09341328950774], [-34.96464612703573, -8.093499709736008], [-34.96463814255731, -8.093510413996377], [-34.96470861337802, -8.093554893362725], [-34.964727345972776, -8.093569712579933], [-34.96467053546022, -8.09363486063221], [-34.964734007988646, -8.093672282404333], [-34.96470987748109, -8.093700614455733], [-34.96476861602267, -8.093742603599855], [-34.964809904320674, -8.09368491533017], [-34.96482608347456, -8.093697519284042], [-34.964878006272116, -8.093733622486932], [-34.96489659148769, -8.093717470091983], [-34.96496891146229, -8.093761084373327], [-34.96497479209287, -8.093749219507346], [-34.96504993426992, -8.093780311025004], [-34.965315239741734, -8.093945644094196], [-34.965324779025046, -8.093951589215584], [-34.965307558964085, -8.093969965314265], [-34.96537740741653, -8.094028809053572], [-34.96536981408292, -8.094037299264436], [-34.96542251544357, -8.094059027154103], [-34.96546165678024, -8.094083356155016], [-34.96553735719429, -8.094124417300058], [-34.96554914237436, -8.094091408409282], [-34.965629694377355, -8.093929523385397], [-34.96548258938104, -8.093851607688933], [-34.965665117698116, -8.093523999928047], [-34.965733766612, -8.093341450810945], [-34.96579361118197, -8.093261692376943], [-34.965985201590804, -8.09288455489101], [-34.96604987351906, -8.092750665707932], [-34.966137375390524, -8.092601448926235], [-34.96618443828785, -8.09250991638882], [-34.96622013096371, -8.092450153114623], [-34.96605309207581, -8.09235032656385], [-34.969429345336316, -8.088911055619924], [-34.96945926561542, -8.088901070921692], [-34.96951940851648, -8.088883026559898], [-34.969584481094344, -8.088831987363882], [-34.969600870797734, -8.088798304448108], [-34.969666122553264, -8.088770159965103], [-34.969717302895205, -8.088756949283189], [-34.96979259600723, -8.088714314402669], [-34.969814475746155, -8.0886778558363], [-34.96980299148735, -8.088584068804595], [-34.96978425754984, -8.088549514735533], [-34.96972252905188, -8.088435661770117], [-34.969733294905176, -8.088384676533657], [-34.96966573301465, -8.088269387144315], [-34.9696349604771, -8.088221345961184], [-34.96961347418121, -8.088163961092729], [-34.969635291443296, -8.088114821039225], [-34.96966585468155, -8.088089489057408], [-34.96969956548868, -8.088081688306964], [-34.9697250671737, -8.08808479815912], [-34.96979979527276, -8.088100500679257], [-34.96994238333289, -8.088115030638425], [-34.970024696361904, -8.088120552360488], [-34.97014440057442, -8.088139418976766], [-34.97018518023313, -8.088151904075678], [-34.97022970236433, -8.088156477088512], [-34.97025383495075, -8.08813973729596], [-34.97028493833489, -8.088081252630824], [-34.970310079177516, -8.088017724189505], [-34.970310488896466, -8.087927261812386], [-34.97029672170822, -8.08787109004363], [-34.97028192819024, -8.087810731215956], [-34.97027876700051, -8.087683932121708], [-34.97027323383972, -8.087592653134239], [-34.97027966359059, -8.087519069874364], [-34.97031859909816, -8.087501128644178], [-34.97045089975253, -8.087493726494907], [-34.97059515920576, -8.087503175671818], [-34.970740332499915, -8.087526147451918], [-34.970862778289465, -8.087552762702092], [-34.971022067118085, -8.087568406875288], [-34.971178618759375, -8.087594798691867], [-34.97123870462138, -8.087610821127248], [-34.97132926408532, -8.087643397612016], [-34.97139411917113, -8.087679678101798], [-34.97143871025588, -8.087745124684487], [-34.97147902380253, -8.087836235728489], [-34.9715288864807, -8.087972108206378], [-34.97157128256973, -8.088142679173547], [-34.97165140447719, -8.088220917147458], [-34.97168694766923, -8.088236272354413], [-34.97174236595973, -8.088260213049693], [-34.97183349505554, -8.088257099899533], [-34.971892468034675, -8.088230396624102], [-34.97190846311687, -8.088224748749099], [-34.972000725472085, -8.08818287778964], [-34.972099729538904, -8.088131674470873], [-34.97219012328439, -8.088080123973183], [-34.97222207519025, -8.088057045216589], [-34.9722697106181, -8.088022639130381], [-34.97229155719679, -8.087979416673237], [-34.97229805495176, -8.087926991137467], [-34.97229968201071, -8.087913863948144], [-34.97234076140326, -8.087871386663284], [-34.972372405448105, -8.087858130805863], [-34.97245117369401, -8.08783238779724], [-34.97260615248511, -8.087778377375624], [-34.97270174644719, -8.087723809334761], [-34.97285320012305, -8.087642761764823], [-34.97305892908971, -8.087558071817565], [-34.97318338564653, -8.087507590632587], [-34.973240606892645, -8.087467489764972], [-34.973279704224, -8.087427655440932], [-34.97329478430052, -8.087388692906101], [-34.97331316737555, -8.087331114842453], [-34.9733188174258, -8.087271907746448], [-34.973314967562246, -8.087178085014871], [-34.97332484846647, -8.087072444431659], [-34.97339627929338, -8.086922782072577], [-34.97346699364451, -8.086796658764863], [-34.97353581532687, -8.08671372572547], [-34.97356438603977, -8.086657788990733], [-34.9736478644481, -8.0865542446091], [-34.97367590611698, -8.086424048657452], [-34.97366187122572, -8.086294631846735], [-34.973636797862724, -8.086197528767313], [-34.97362474944471, -8.086162079274537], [-34.973555281175564, -8.086006857018361], [-34.97350882482786, -8.085959834857022], [-34.97342878468468, -8.085812175233512], [-34.973370307227796, -8.085738846796724], [-34.973346847615616, -8.085709428962504], [-34.97329828928542, -8.085667391808451], [-34.97321914424036, -8.085615358209472], [-34.97311715988924, -8.085576961028451], [-34.97302540283145, -8.085541265403531], [-34.97295120517754, -8.085467012025234], [-34.972894209866276, -8.08543431533502], [-34.97280372726737, -8.085414276774225], [-34.97271751445709, -8.085383597897152], [-34.972637089303696, -8.085318817135937], [-34.97249364665594, -8.085226584032968], [-34.97239157615424, -8.085170433636987], [-34.9723047387475, -8.085106600430016], [-34.97224272776167, -8.085089145431054], [-34.97216025431436, -8.085050654686844], [-34.972110700142586, -8.084978186952615], [-34.972018695052796, -8.084898315734351], [-34.97197603050703, -8.084846950127474], [-34.971922945116866, -8.084762372688843], [-34.971867823045415, -8.084575246049946], [-34.97182829644492, -8.084471449392279], [-34.97177948467598, -8.084376997324384], [-34.971731471347724, -8.084317307822674], [-34.97166008748798, -8.08422856512955], [-34.97161328971165, -8.08417316661377], [-34.97152963859359, -8.084111048108188], [-34.97146423844672, -8.084094455472929], [-34.97139088301222, -8.084011957342941], [-34.97138625637747, -8.08393250964414], [-34.97138828045902, -8.083906799095814], [-34.97139105044532, -8.08387161609657], [-34.971342273507936, -8.083835845521449], [-34.971328747247085, -8.083794138065937], [-34.971359665508125, -8.083697609849649], [-34.9713701026936, -8.083679851283481], [-34.97141098862948, -8.083610283907259], [-34.97144123118859, -8.083549267600594], [-34.97144760655299, -8.083464694294978], [-34.97144203324995, -8.083414266135453], [-34.971436959085565, -8.083368366586367], [-34.971431499866185, -8.083292304893847], [-34.971429857584546, -8.083189865867741], [-34.971395034442175, -8.083120013688836], [-34.971380390154025, -8.08294072576893], [-34.97134612687678, -8.08283111416909], [-34.97134301409594, -8.08273892403018], [-34.97133919055493, -8.082625709484674], [-34.971323576658044, -8.082554769293598], [-34.97130858602082, -8.082437327097654], [-34.971275014141284, -8.082385832497666], [-34.97123935761148, -8.082331137720974], [-34.9711635448823, -8.08226182760763], [-34.971105178148896, -8.082217450685363], [-34.97104687191495, -8.08218534572561], [-34.97102320019801, -8.082172693100265], [-34.97092419936531, -8.082061591841887], [-34.970885769257514, -8.081976124401733], [-34.97088226256875, -8.08195841409907], [-34.970879647757144, -8.081913086669253], [-34.97088771887774, -8.08187732393049], [-34.97091647179476, -8.081818137385735], [-34.97094611904452, -8.081794813188374], [-34.97098666654188, -8.081762231553883], [-34.97103708761627, -8.081720056609734], [-34.971052732612, -8.081701572321073], [-34.97108870445432, -8.0816424223826], [-34.97111384659448, -8.081606501390727], [-34.97116475760876, -8.08155389061628], [-34.97118329820253, -8.081539353840787], [-34.97122533932862, -8.081532673707535], [-34.97125141494648, -8.081538807498271], [-34.97127362548904, -8.081544031482629], [-34.97129995799455, -8.081542541214798], [-34.97132637261064, -8.081522838780716], [-34.97136420389856, -8.081476938428743], [-34.971376415156726, -8.081445500514201], [-34.97137733683261, -8.081421410791334], [-34.971378692326006, -8.081385969731524], [-34.971112291995816, -8.0811758450267], [-34.97063305178768, -8.0807952977619]]]]}}, {"type": "Feature", "properties": {"bairro": "Ca\u00e7ote", "CDTIPO": "ZEIS"}, "geometry": {"type": "Polygon", "coordinates": [[[-34.93083717055494, -8.103186184913202], [-34.932054177632665, -8.103774672423], [-34.93238991093205, -8.102885735504822], [-34.93207916137355, -8.102790407457041], [-34.93169270903391, -8.102663169384185], [-34.931027924360606, -8.102448515251323], [-34.93046579792271, -8.10226026317643], [-34.92989214196368, -8.10208521695959], [-34.92979082589514, -8.10205460960886], [-34.92972133286316, -8.10180204355035], [-34.92964328487771, -8.101423344397032], [-34.92958867483546, -8.101126894620736], [-34.92956070816039, -8.101002109124881], [-34.92953950325484, -8.100975323754316], [-34.929516737640164, -8.100974168496784], [-34.92924048856315, -8.10107439438764], [-34.929078365013225, -8.101138110655642], [-34.9288861637538, -8.101201968226269], [-34.92873612428296, -8.10125819679506], [-34.92861770763165, -8.101300247540882], [-34.92849925276803, -8.101334470220669], [-34.92840127467101, -8.1013795550077], [-34.928339363303614, -8.101410378623989], [-34.928308418389285, -8.101345549554427], [-34.92826882164139, -8.101278411747046], [-34.92828823634697, -8.101263215889734], [-34.9283392581199, -8.101223280266574], [-34.92831932264925, -8.101192925930745], [-34.92828513689853, -8.101137724098718], [-34.92830794365702, -8.101123889080744], [-34.92828729067729, -8.10105086398946], [-34.92827599408676, -8.101004467919337], [-34.9282537816526, -8.100894657837733], [-34.92823823678993, -8.100817394783338], [-34.92823700617132, -8.100811956377493], [-34.92826043721767, -8.100803872729408], [-34.9290344452047, -8.100503276438353], [-34.92895584524251, -8.100252457278208], [-34.928889591660734, -8.100271132879222], [-34.92887716720426, -8.100335375056698], [-34.928850392750796, -8.100340111456276], [-34.92867113648947, -8.100371820888117], [-34.92869494072009, -8.100101458081145], [-34.928695898148476, -8.100101343259055], [-34.92912513452287, -8.100138506854949], [-34.929196792942754, -8.100144581295579], [-34.92925695359735, -8.100149650555059], [-34.92936621232557, -8.100152444395514], [-34.929403867815495, -8.100157320845447], [-34.92945157096433, -8.100172632281554], [-34.929574740925126, -8.100208317587215], [-34.92959048044059, -8.10015062678803], [-34.929627753256234, -8.100023751649832], [-34.92966484120609, -8.099936342105162], [-34.92968643173881, -8.099889648578529], [-34.92975442207688, -8.099924600432475], [-34.929779815984894, -8.099878968351033], [-34.92980828726711, -8.099829389974243], [-34.92983825856922, -8.099780481637254], [-34.92987118693691, -8.099726747928138], [-34.929902332496766, -8.099673732336457], [-34.929942257104, -8.09961526895836], [-34.929982331546896, -8.099641765242763], [-34.93005234613522, -8.099505619599306], [-34.930052388853134, -8.099505636574237], [-34.93008608044535, -8.099437503077132], [-34.93012335979648, -8.099372396556307], [-34.930149212920625, -8.09932510425875], [-34.93017197703626, -8.099283505850051], [-34.93019656043177, -8.099239517552087], [-34.930218389868564, -8.099194432105698], [-34.930238159430424, -8.099146937155439], [-34.930268869093034, -8.09906813907046], [-34.93030903567976, -8.098963951963519], [-34.930348523083076, -8.098874488795065], [-34.93037941466276, -8.09881750378762], [-34.93042481487487, -8.098756578961321], [-34.93052958252072, -8.098615982723391], [-34.93057241805011, -8.098548759725377], [-34.930614045910474, -8.098486441513428], [-34.93064199271643, -8.098431731476976], [-34.93067309853011, -8.098382214749147], [-34.93069743379248, -8.098343476559878], [-34.93073652919636, -8.098281240845202], [-34.930815796049224, -8.098285493556075], [-34.930829436902556, -8.098161326712727], [-34.930897292845145, -8.09818945435087], [-34.93091698167097, -8.098157211177353], [-34.93075311448134, -8.097984919927677], [-34.9306906171913, -8.098043029983707], [-34.930619947362544, -8.097994173890886], [-34.930619322895446, -8.097993532254955], [-34.93062641442964, -8.097986340391788], [-34.93080225459226, -8.097808009788277], [-34.93191171206099, -8.098830179934112], [-34.93281255399238, -8.099660139889112], [-34.93282450595907, -8.099698926817453], [-34.93286666083093, -8.099835729134696], [-34.93288273134909, -8.099902650574688], [-34.93291307021788, -8.099896451454725], [-34.93298239399162, -8.099880588584917], [-34.93298019674645, -8.099867834667629], [-34.933023123666715, -8.099859957630054], [-34.93311021744428, -8.099846832077514], [-34.933113395817074, -8.09986196623603], [-34.93315528835861, -8.099854237831995], [-34.933186805652234, -8.099848423659402], [-34.93321105474746, -8.099843951193636], [-34.933233960525335, -8.099954144361993], [-34.93332642540167, -8.09993583206311], [-34.933314330547574, -8.099860654985052], [-34.93334124730501, -8.099855354411481], [-34.933526080485485, -8.099809726751067], [-34.93357394918174, -8.09980175390954], [-34.93361280141795, -8.099795282043063], [-34.93365563568773, -8.099788147610177], [-34.93370247827181, -8.099780345060788], [-34.9337446211698, -8.099774519349412], [-34.9337851642809, -8.099770691039028], [-34.933782510681304, -8.099758121913915], [-34.93386475712363, -8.099716631024398], [-34.93393488286309, -8.099689964389613], [-34.933998180423444, -8.099673579367431], [-34.93403934485704, -8.09966137565507], [-34.93405762338038, -8.099773854416945], [-34.93416556095089, -8.09976525856808], [-34.93415718800315, -8.099575494192266], [-34.934248869264636, -8.099554025764423], [-34.93431729148488, -8.099548492153984], [-34.93433666109038, -8.099649128046908], [-34.93438673932196, -8.099633878768323], [-34.934446418464105, -8.099614901746273], [-34.934437862407115, -8.09957470293862], [-34.9344807652248, -8.099546790260554], [-34.934542690301015, -8.099505545705656], [-34.934534986745845, -8.099474606685671], [-34.93452792043911, -8.099446224016017], [-34.934591309331964, -8.099433024363982], [-34.934575319659565, -8.099369783065624], [-34.93466514549382, -8.09936594334362], [-34.93472477015965, -8.099357416494216], [-34.93472547601354, -8.099430754407532], [-34.93483910354577, -8.103669727516706], [-34.9348085100967, -8.10422410468094], [-34.93482867585402, -8.104618006709087], [-34.934832319019996, -8.104689174493084], [-34.934559907320036, -8.104711979271181], [-34.93424192227026, -8.104796844543351], [-34.933953321178485, -8.104819724852378], [-34.933737275071, -8.104780416347634], [-34.933343252410815, -8.104763462876258], [-34.93306796269583, -8.104748634657799], [-34.9327687873955, -8.104712825220147], [-34.93244160287504, -8.104670936574697], [-34.9321958772143, -8.104631767890343], [-34.932025648624446, -8.104581484816634], [-34.93185264518459, -8.104515081971398], [-34.931676648813855, -8.104386846893828], [-34.93148992328826, -8.10427210763789], [-34.93136007807296, -8.104202811397514], [-34.93128168983355, -8.104173603910214], [-34.93117606432676, -8.104090747766676], [-34.931048801681875, -8.103997238539325], [-34.93094857205244, -8.10391435675664], [-34.930796948799184, -8.103804828143774], [-34.93066683456823, -8.103679064748226], [-34.93053671951041, -8.103553301295701], [-34.93037151639362, -8.103425015253698], [-34.930107853251464, -8.103190093672366], [-34.9299374796705, -8.103145405404431], [-34.92979163312456, -8.103022016900685], [-34.929467034795515, -8.102837435259653], [-34.92926312620949, -8.10272259335613], [-34.92893846919599, -8.102525604202093], [-34.92902912181147, -8.102388689214179], [-34.92938701921891, -8.102593793134037], [-34.929670136330856, -8.102782707258607], [-34.92981999502149, -8.102877124487648], [-34.93017781430071, -8.103065684588575], [-34.93048947909299, -8.103265810524428], [-34.93083717055494, -8.103186184913202]]]}}, {"type": "Feature", "properties": {"bairro": "Coelhos", "CDTIPO": "ZEIS"}, "geometry": {"type": "Polygon", "coordinates": [[[-34.89198807167914, -8.067421668213825], [-34.89178439632553, -8.067543192110813], [-34.89171139980173, -8.067586745967605], [-34.89168403265728, -8.067603074336802], [-34.89167995331462, -8.067605994361038], [-34.89163661300105, -8.067637016327074], [-34.89161232348474, -8.067652516807282], [-34.89144927542392, -8.067766901464386], [-34.891308548525004, -8.06786562654364], [-34.89129904387923, -8.067872293704701], [-34.891041798773955, -8.068053287164043], [-34.8909203692471, -8.068113271065048], [-34.89083420314214, -8.068160384401502], [-34.89075322619012, -8.068206031760582], [-34.89075221829704, -8.068206599654207], [-34.890802094833326, -8.068287245271753], [-34.89082317982232, -8.068320189172164], [-34.8908734375111, -8.068398716571956], [-34.891013300383854, -8.068617247594828], [-34.89110244782242, -8.068756536376322], [-34.89130921411311, -8.069095827520119], [-34.89134597370166, -8.069156147608384], [-34.89135441936918, -8.069173581664801], [-34.89165333583353, -8.069668575232376], [-34.89035889804338, -8.070418970891229], [-34.88988370805064, -8.070675823513062], [-34.88988188360742, -8.070678120154126], [-34.88936104100131, -8.07088934006458], [-34.888600786062604, -8.071041887499586], [-34.88836366168199, -8.070995990316502], [-34.887985370323506, -8.070834139850819], [-34.8878321070702, -8.070656499368308], [-34.887590049717936, -8.070403626795978], [-34.88733009821271, -8.070098082666531], [-34.88703262678844, -8.069665925145053], [-34.886796027341646, -8.069086249466398], [-34.886555456887834, -8.068535222130837], [-34.88650790826257, -8.068016022927537], [-34.88634924124805, -8.06742780832707], [-34.88623250165819, -8.067031625598656], [-34.88603333034595, -8.066558115050514], [-34.88574924536657, -8.066094056852712], [-34.88552975435888, -8.065735512528603], [-34.88504554866422, -8.065458219058895], [-34.88471346433196, -8.065268040868983], [-34.88478202857426, -8.0651751684508], [-34.88505201865849, -8.064809460966472], [-34.88505691898831, -8.06480282236422], [-34.885109975294846, -8.064823372922714], [-34.885143109840904, -8.06484027498174], [-34.885266666313676, -8.064903300158859], [-34.885905786285576, -8.06512877720867], [-34.88615523004906, -8.065210621250651], [-34.88700931475241, -8.065490851846784], [-34.888062882261266, -8.065837461298008], [-34.888675693278564, -8.066039652568762], [-34.88893196500263, -8.066121934197813], [-34.88911437164741, -8.066180498871223], [-34.88948705492999, -8.066301085885938], [-34.88958322481958, -8.066395996071094], [-34.88964837814686, -8.066477925759216], [-34.88976886268335, -8.066663866375363], [-34.8898692009208, -8.066818714681919], [-34.890048120444696, -8.067100505101035], [-34.890202677848464, -8.067346403896204], [-34.890544407447955, -8.067870891164434], [-34.890617344502246, -8.06798856799434], [-34.8906299473155, -8.068008902146444], [-34.89067178977335, -8.067982686918057], [-34.890710977058454, -8.067956076208521], [-34.8909687832046, -8.067780804955923], [-34.89143802499172, -8.067475202737514], [-34.89146332047552, -8.067465158239777], [-34.891491849491665, -8.067463427150976], [-34.89157452488625, -8.067413999142591], [-34.89162006485214, -8.067386857263998], [-34.891663035953286, -8.067350765145875], [-34.891703228521024, -8.06731310824846], [-34.8917560575789, -8.06726947670103], [-34.891813275549396, -8.067233317852432], [-34.8918223260169, -8.06722223185281], [-34.891841653774364, -8.067208337326585], [-34.891858880561614, -8.067198520846333], [-34.89198807167914, -8.067421668213825]]]}}, {"type": "Feature", "properties": {"bairro": "Ilha Joana Bezerra", "CDTIPO": "ZEIS"}, "geometry": {"type": "MultiPolygon", "coordinates": [[[[-34.89650408369637, -8.073602442168074], [-34.89685005340906, -8.073715597906107], [-34.89686135718094, -8.0737192946948], [-34.897162061624364, -8.073847696499236], [-34.89740622246053, -8.073993289007374], [-34.89766755446867, -8.074178304230612], [-34.89793489241127, -8.07443665502887], [-34.89812293177473, -8.074689729354398], [-34.89831671357981, -8.07495970654601], [-34.898448065532904, -8.075198936502185], [-34.898525494879394, -8.075410198732156], [-34.89852486721459, -8.075411573122153], [-34.89852687054732, -8.075413790554332], [-34.898587292215225, -8.075614196028823], [-34.8986459081017, -8.075852702928449], [-34.8987097162581, -8.076177145754302], [-34.898783354665184, -8.076554074000668], [-34.898827751176384, -8.07682607577278], [-34.89891081648498, -8.077169531214718], [-34.898940041348155, -8.077247465735935], [-34.89898932892112, -8.07726785877372], [-34.89904214366594, -8.077259578165487], [-34.899092703752835, -8.077344157979713], [-34.89909424890984, -8.077330445079951], [-34.89914560592717, -8.07718711739959], [-34.89927345987113, -8.077230046622732], [-34.899347484821874, -8.077255816975923], [-34.89942149634767, -8.077278908612259], [-34.89950293351555, -8.077309332120512], [-34.899512062332185, -8.077283010177387], [-34.89951619218929, -8.07727110336285], [-34.89958012342434, -8.077293572770149], [-34.89958610765005, -8.077280152968187], [-34.89961858325642, -8.077184920955617], [-34.89975756074882, -8.077240118131767], [-34.89979022482848, -8.077253091718], [-34.89975640269007, -8.0773476600737], [-34.899747131428946, -8.077376495094594], [-34.89980501048189, -8.077397652737936], [-34.89981777357463, -8.077341136013628], [-34.899935782223274, -8.077359774946215], [-34.8998990713721, -8.077475783213508], [-34.899936365647896, -8.077484520494188], [-34.89996446003754, -8.07739556770664], [-34.90001167273027, -8.077410271883531], [-34.900032230815434, -8.077338237633606], [-34.900078509447624, -8.0773531992829], [-34.90009937700257, -8.077281972738719], [-34.900159377731406, -8.077086472504053], [-34.90043030855899, -8.07716210949907], [-34.900465546032834, -8.077171947505814], [-34.900371694586724, -8.077453126533213], [-34.90034775600387, -8.077524845604751], [-34.90044227961782, -8.077560117197727], [-34.90058823392681, -8.0776106256516], [-34.900598239055405, -8.077614957572031], [-34.90050000672453, -8.077900708077562], [-34.901508377290675, -8.078231457245533], [-34.90160070358135, -8.077958337750077], [-34.90133242559233, -8.077853644300996], [-34.90133582851627, -8.077842844728673], [-34.901342334881704, -8.077821993738528], [-34.901393489423796, -8.077658068545869], [-34.90144851994663, -8.077676858753003], [-34.90182052062265, -8.077791785775604], [-34.9018064891061, -8.077856131319008], [-34.90178651855737, -8.077927645730725], [-34.90192170142425, -8.07797344199078], [-34.90184632163224, -8.07823087212177], [-34.90185132585041, -8.07832725798648], [-34.90211183203432, -8.078416100821135], [-34.90214681718489, -8.078303262947603], [-34.90244794397168, -8.078375806091099], [-34.90251944900073, -8.078122060864155], [-34.90259018934418, -8.077918690352131], [-34.90270350786188, -8.077592909610484], [-34.9037319042003, -8.075925302856108], [-34.90380638792061, -8.07580411199174], [-34.90387881268537, -8.075686270337462], [-34.904160468870565, -8.07518008292449], [-34.90418441639891, -8.07505778200353], [-34.90419687805647, -8.074578740961325], [-34.904160447357086, -8.07412426861264], [-34.90401619108792, -8.073708685668707], [-34.904011877603274, -8.073707503328354], [-34.90401177424346, -8.073706546399988], [-34.901238631122695, -8.068668874345038], [-34.90100415855986, -8.068350021411119], [-34.90073663473101, -8.068074455818692], [-34.89998068559429, -8.06734425511711], [-34.89992534865659, -8.067290802784047], [-34.89985876481144, -8.067391248482197], [-34.89982583182589, -8.06744092812569], [-34.89907485135233, -8.0677648526896], [-34.89868597120177, -8.06784328613163], [-34.89858728909872, -8.067863189391797], [-34.89852126327794, -8.067876506032656], [-34.89828572686433, -8.067873994409982], [-34.89764087705119, -8.067867116362436], [-34.89725506519252, -8.067794493563442], [-34.897197433269156, -8.067775035529069], [-34.89702227978825, -8.06771590065482], [-34.89689964765708, -8.06767449717446], [-34.89678704385675, -8.067668719212124], [-34.89678260585806, -8.06772913185488], [-34.89673320736712, -8.068149563929987], [-34.89673198031793, -8.0681424274363], [-34.89666270567174, -8.068654610148503], [-34.89663746549019, -8.068835589619889], [-34.89658180364718, -8.069234699241399], [-34.89653745589355, -8.069457504679837], [-34.89651067184317, -8.069548253055718], [-34.89649277502332, -8.069608889882725], [-34.896416146423306, -8.069824702692069], [-34.89636545426968, -8.069967782902609], [-34.89633471229816, -8.07003458625044], [-34.89624837271816, -8.070217114481702], [-34.8961465228271, -8.070403284743053], [-34.89608131511575, -8.070507150203955], [-34.89595788345524, -8.070675564969356], [-34.89577498311409, -8.070897822412805], [-34.89578214460055, -8.070896598579294], [-34.89561107602513, -8.071094993316732], [-34.89549702187941, -8.071225273258188], [-34.89530219383512, -8.071451156928214], [-34.895007582383734, -8.07179415974209], [-34.89491373732632, -8.071904108337572], [-34.89483059152107, -8.072003295014587], [-34.894634579192136, -8.072231564437457], [-34.8944919920228, -8.072390545071336], [-34.89438983670788, -8.072511246259776], [-34.894278170215465, -8.07264151407517], [-34.894190373950934, -8.072768101198895], [-34.894108293597874, -8.072903671863271], [-34.89410147817422, -8.072914929299236], [-34.89410144949214, -8.072915003566088], [-34.89403632910204, -8.07303701236246], [-34.894019924324866, -8.073029565488815], [-34.893923931960785, -8.072985995814955], [-34.893124948260194, -8.07281589986145], [-34.8930048787919, -8.07288916642237], [-34.89178346543971, -8.072942654753414], [-34.891649885685446, -8.072950621488761], [-34.89142183623614, -8.072964222365588], [-34.890696510707556, -8.07300747921572], [-34.890538335200105, -8.073496066622372], [-34.89099497539926, -8.073628508406651], [-34.89091205809134, -8.0738621160376], [-34.891087919034675, -8.07392145687986], [-34.89128523042044, -8.073986908581125], [-34.89134687142116, -8.073816810225305], [-34.89158623167434, -8.07388315863523], [-34.89162751244073, -8.073779631965515], [-34.891509295306456, -8.073751474066965], [-34.89168826672296, -8.073193157597737], [-34.891743877928306, -8.073203570412039], [-34.89189081347166, -8.073224060033713], [-34.89212574532437, -8.073256820568472], [-34.89197148308882, -8.073916476370885], [-34.89198105292743, -8.0739202834815], [-34.891958144966885, -8.074024704328368], [-34.891862272411714, -8.074317913445679], [-34.89163973759492, -8.074994097768363], [-34.891777655866015, -8.075037752512552], [-34.89194323539736, -8.075090161824635], [-34.89223311343634, -8.07518191470215], [-34.89226941271818, -8.075088653288182], [-34.892399136797856, -8.074755363578497], [-34.89240312190598, -8.074743494529706], [-34.89241822376003, -8.074749699861822], [-34.89249425922873, -8.074523614182974], [-34.89292193642996, -8.074660823466877], [-34.89321245335611, -8.074775082365093], [-34.89373332359929, -8.074836959570344], [-34.8942318781046, -8.074991028388634], [-34.89470619285326, -8.07513760551213], [-34.89496877130165, -8.075218749567515], [-34.89544385326695, -8.075187844391902], [-34.89550437538013, -8.075210772451808], [-34.895505407304285, -8.075207576291232], [-34.895545035993536, -8.075084784947766], [-34.89556038088791, -8.07503612803815], [-34.89577605925255, -8.074352234147394], [-34.8958339845936, -8.074168557291614], [-34.89599106411927, -8.073613131651744], [-34.89604357517873, -8.073462038284154], [-34.89650408369637, -8.073602442168074]]], [[[-34.89151489469569, -8.070677030577945], [-34.891452398329115, -8.070698114013606], [-34.89134833912741, -8.070754861805074], [-34.890685459249816, -8.0710744629231], [-34.89068445613554, -8.071118388476407], [-34.890676069040154, -8.07148553453868], [-34.890688513155666, -8.072305134089927], [-34.89070586380484, -8.07234764314457], [-34.890723365747675, -8.072378797208048], [-34.890748122437294, -8.072414722012496], [-34.89076545436027, -8.072432529984509], [-34.89078202610384, -8.072449556729692], [-34.890783973037514, -8.07245155659128], [-34.890820269558645, -8.072480700843236], [-34.890859910153935, -8.072503102410773], [-34.89090334073415, -8.072511070971398], [-34.89094482491411, -8.072515204389928], [-34.89101231147142, -8.072512009456608], [-34.892164558685394, -8.072432507788369], [-34.89212724968279, -8.072244519615706], [-34.89195042798136, -8.071525993219367], [-34.891947654144346, -8.071514722276167], [-34.89183965390469, -8.07107585346688], [-34.89182552482066, -8.071005158590093], [-34.8918097500447, -8.070937546078454], [-34.89180185158909, -8.070901263158168], [-34.89179065960181, -8.070858014188099], [-34.89177699407267, -8.070822604135065], [-34.891758407900284, -8.070784770394075], [-34.89173248629365, -8.07075308662379], [-34.89170853242816, -8.070731969633037], [-34.89169798008364, -8.070722666642752], [-34.89165861492369, -8.070703277137023], [-34.89164998780629, -8.070700863344733], [-34.891606999373465, -8.070688837095844], [-34.89153823919483, -8.07067226490475], [-34.89151489469569, -8.070677030577945]]]]}}, {"type": "Feature", "properties": {"bairro": "Dois Unidos", "CDTIPO": "ZEIS"}, "geometry": {"type": "Polygon", "coordinates": [[[-34.91272460393361, -7.993728497363097], [-34.91112930323018, -7.9919056747338715], [-34.9112165737474, -7.9918628242025935], [-34.91126929700563, -7.99183594378915], [-34.91133268352847, -7.991803686376003], [-34.91137601606654, -7.991800526943202], [-34.91142340859208, -7.991776631090216], [-34.91147786892963, -7.991740271598382], [-34.91149233811969, -7.9917193930135175], [-34.91151325947206, -7.991689202512231], [-34.91153325833212, -7.991648267805792], [-34.91159957182535, -7.991607118871045], [-34.91167181555119, -7.991564166002493], [-34.911739351053576, -7.991530114665137], [-34.9117860971315, -7.991494975160737], [-34.9118363679094, -7.99145153175185], [-34.91191028734311, -7.991409302492826], [-34.911969026870125, -7.991375744757988], [-34.911999213386075, -7.9913548874734515], [-34.91203476643029, -7.991338741773601], [-34.91208749691099, -7.991313636839775], [-34.912128941604315, -7.991287400690858], [-34.91215556481589, -7.991266559884294], [-34.91224722825862, -7.99121085200008], [-34.91231838256363, -7.991163996707141], [-34.91236929963938, -7.991131796873118], [-34.91252508717579, -7.99104998379308], [-34.912597311386676, -7.99100288755279], [-34.91265835365687, -7.990977152839233], [-34.91274789123317, -7.99095010191503], [-34.91278836862296, -7.9909418855573], [-34.91284636872575, -7.990930112860615], [-34.91294126913356, -7.990907180422749], [-34.9130348950496, -7.9908653127386255], [-34.91311839294657, -7.990816388657226], [-34.91319712108271, -7.990763343299722], [-34.91321006025087, -7.990736646855569], [-34.913256118309945, -7.990681385869766], [-34.913346620461574, -7.990606384950717], [-34.913411156035465, -7.990565835294589], [-34.913440324765645, -7.990542630262213], [-34.91347327411064, -7.9905164188785625], [-34.91357866472529, -7.9904508191085455], [-34.91363080735762, -7.99042690107485], [-34.91367244464955, -7.990410318459295], [-34.91371200708709, -7.990394561819834], [-34.91380258079028, -7.9903349504436], [-34.91387654726659, -7.990279559291667], [-34.91393217223454, -7.9902384595760285], [-34.914014247162534, -7.990168380449584], [-34.914057467443925, -7.990111799957992], [-34.914121306767775, -7.9900493533207895], [-34.914176917883786, -7.990005293732388], [-34.91423850609099, -7.989969493140028], [-34.91429947818648, -7.989928959889891], [-34.914357495728865, -7.989891400232909], [-34.91439410600776, -7.989847428622719], [-34.91444555515468, -7.9898022048622], [-34.914489351744166, -7.989771222148249], [-34.914520753640375, -7.989756278937481], [-34.914582499035994, -7.989754217366167], [-34.91477305746716, -7.989616008732944], [-34.91481446224362, -7.989581485898446], [-34.91486240412846, -7.989548116203311], [-34.91491215478154, -7.989520657955927], [-34.91495772695785, -7.989488482654119], [-34.915002043032324, -7.989471677785248], [-34.915100497827076, -7.989416791422953], [-34.91514368373136, -7.989382260314584], [-34.91518401168152, -7.989371418146412], [-34.91522604354056, -7.989343995631682], [-34.915263308417096, -7.989313043121589], [-34.91530174939818, -7.989279717409371], [-34.915343723278006, -7.989239864237262], [-34.91538571922976, -7.989204746462019], [-34.91540784547379, -7.989177277842642], [-34.91547561188721, -7.989126789050547], [-34.9154963091497, -7.989108343306977], [-34.915564912290904, -7.989048833467423], [-34.91559567036879, -7.989023238754207], [-34.91565659800315, -7.988973235473848], [-34.91571867136159, -7.988914347136573], [-34.91578787398684, -7.98885601882365], [-34.91582923961763, -7.988805943448699], [-34.91585355749743, -7.98880717690878], [-34.91588132146024, -7.988776268393987], [-34.915940476125584, -7.988728048890769], [-34.91598423105968, -7.9886881874258755], [-34.9160403971451, -7.988635838427996], [-34.91608242333882, -7.98860723155518], [-34.91612453511209, -7.988596974118165], [-34.91617378262083, -7.988589050449545], [-34.916225364825166, -7.988572238022679], [-34.91627808908708, -7.988545949298081], [-34.91632477177712, -7.988497195403346], [-34.91633435738131, -7.98847566764464], [-34.91634827714717, -7.988444405603813], [-34.91638187182129, -7.988390385614469], [-34.9164125441979, -7.988346441427578], [-34.916419517026426, -7.98831385277642], [-34.916436552461256, -7.988274116041094], [-34.91645537091338, -7.988234961396019], [-34.91648791832657, -7.988211133934206], [-34.916529358698206, -7.98818430533422], [-34.91656786664413, -7.988165185736273], [-34.916589737148506, -7.988143775512441], [-34.916617616988624, -7.988137727348411], [-34.91663688126579, -7.988144374240518], [-34.916661628601126, -7.988152913237186], [-34.91671398282281, -7.9881425811493925], [-34.91676918302589, -7.988169580118521], [-34.91680382482984, -7.9882107452765325], [-34.91683369052571, -7.98824369924421], [-34.91683846426991, -7.988255678588139], [-34.91685689945225, -7.988261512036109], [-34.916879294304465, -7.988253936098573], [-34.91690169646989, -7.988245400912083], [-34.91696340430509, -7.988216310353704], [-34.917012323489146, -7.988147954025228], [-34.91701493435858, -7.988075028096637], [-34.917001896351266, -7.988014971779506], [-34.91696220140606, -7.987958507957147], [-34.916966473450756, -7.987879873284481], [-34.91698118851947, -7.987802347398059], [-34.916963205145784, -7.987676416634517], [-34.91691511651511, -7.987561030335818], [-34.916882547552646, -7.987540372440766], [-34.91683479335454, -7.987496661642501], [-34.91679981823165, -7.987457516797331], [-34.916766056985054, -7.987429927517723], [-34.91674616911107, -7.987393024422149], [-34.916712764769414, -7.987225168524983], [-34.91671723350457, -7.987224649669886], [-34.91672730693911, -7.9872233282414244], [-34.91691661206481, -7.987198492925673], [-34.917261637451716, -7.987153228693015], [-34.917333398611845, -7.987143814607297], [-34.91816965479951, -7.987223898474456], [-34.918421260050515, -7.987247993500829], [-34.91873685621352, -7.987323154983971], [-34.91892267757444, -7.987416782816074], [-34.91934506537608, -7.987661019062762], [-34.919360378561514, -7.987777245060533], [-34.91913321853336, -7.988235067441714], [-34.91907624619528, -7.988280508019459], [-34.91899940072145, -7.988285653543711], [-34.91887916733697, -7.988258673781137], [-34.91876077160681, -7.988205329242861], [-34.91904275747685, -7.98871979309888], [-34.91906165711435, -7.9887570938744465], [-34.91914114530584, -7.988804135849855], [-34.91917003704599, -7.988817652201451], [-34.91908802460454, -7.9889363478882], [-34.91901733117521, -7.989038660901501], [-34.919041793530354, -7.98905141128411], [-34.919142548602785, -7.989103929888979], [-34.919101786004816, -7.9891835918472225], [-34.919054665808396, -7.989275678951936], [-34.91893449114399, -7.989211439774581], [-34.91881358229902, -7.989418520190833], [-34.91869092817348, -7.989614871118674], [-34.91871502934787, -7.989631450098411], [-34.91873069069971, -7.989642223471286], [-34.91863645395766, -7.989801217617869], [-34.91862890106606, -7.989817536694879], [-34.91869807932427, -7.989860280731128], [-34.91864920576486, -7.989939528296419], [-34.91860743135689, -7.9899959939194085], [-34.918568471673126, -7.990053153454912], [-34.91849625562043, -7.989988761196929], [-34.9184181343928, -7.990078512314813], [-34.918295189922276, -7.990182477228795], [-34.91821850003367, -7.990073239634147], [-34.918203895400886, -7.9900826952234985], [-34.91812679305811, -7.990152936367648], [-34.91804966633709, -7.990217962967551], [-34.917997578994054, -7.990267227613996], [-34.917954854556534, -7.990304975317122], [-34.91786526985948, -7.990390921012635], [-34.91782469700151, -7.990441175510494], [-34.91773467302447, -7.990433248684611], [-34.91769728280614, -7.990492875319966], [-34.91765678296692, -7.99055877522741], [-34.917605966126295, -7.990656013612665], [-34.917558155710665, -7.9907250764061155], [-34.91753543830293, -7.990789850517465], [-34.9174616069391, -7.9908882389647315], [-34.917398258116044, -7.990990751038546], [-34.91734425274196, -7.99107757490748], [-34.91724585610311, -7.99121891735829], [-34.91716712628964, -7.991239024662675], [-34.917123613157706, -7.991332057791592], [-34.91708325923107, -7.991429247624989], [-34.91701790959355, -7.991551586987385], [-34.9169844127312, -7.991772867826352], [-34.91697465562666, -7.9919241542580215], [-34.91698494730228, -7.99198801492981], [-34.91699406417424, -7.99204714374536], [-34.917064500130294, -7.992117743668234], [-34.91714960811303, -7.992193491060408], [-34.917031577924256, -7.992462100454882], [-34.916920310696256, -7.99238647439747], [-34.91686047416664, -7.992345030232016], [-34.916833537999565, -7.992402522680324], [-34.91676610962665, -7.9925280006658], [-34.916737055920784, -7.992580287379371], [-34.91671537519003, -7.992642971005513], [-34.91669241416235, -7.992655594303113], [-34.91664392776257, -7.992803931425278], [-34.916592905105176, -7.992857362426125], [-34.91650968496517, -7.992962053230914], [-34.91642940007178, -7.993022922085531], [-34.916368162492574, -7.993129596600854], [-34.91629956163765, -7.993227960733615], [-34.91620185339308, -7.993367139214595], [-34.91611763514703, -7.993482263921726], [-34.9161104081996, -7.993503158764626], [-34.916070822135666, -7.9935408918313655], [-34.91608250713469, -7.993578387128439], [-34.916043009588876, -7.993634894527586], [-34.91601561477983, -7.993594343108273], [-34.9160029708142, -7.99357562699894], [-34.9159133363786, -7.993651141632684], [-34.91586225511992, -7.993692056965304], [-34.91581947265426, -7.993717288944645], [-34.915864859380584, -7.9938015652909895], [-34.915802317005415, -7.993852963981494], [-34.915759135407555, -7.993792667707142], [-34.91573805240112, -7.99375938823884], [-34.91557177512675, -7.993924381063097], [-34.91531112200274, -7.994267235352967], [-34.91534423113629, -7.994277585301599], [-34.915419853137095, -7.994296455155641], [-34.9155066075159, -7.994307276910593], [-34.91558884763625, -7.994315875684802], [-34.91569242972961, -7.994313150591461], [-34.91579711635302, -7.994305929852979], [-34.915884606193565, -7.994283896154416], [-34.915919709017345, -7.99427505523352], [-34.91603810589341, -7.994424452761209], [-34.91619382066894, -7.994620622583221], [-34.91627738685661, -7.994684217526983], [-34.91629212366885, -7.994693125640205], [-34.91622512906364, -7.994814661718425], [-34.91617154814204, -7.994870916245532], [-34.916096266957496, -7.994949953537944], [-34.9160503365698, -7.995000676752871], [-34.915976533767335, -7.995111019509855], [-34.91592841432035, -7.995175222554421], [-34.91586265073086, -7.995319201774132], [-34.91583722403485, -7.995420340066486], [-34.91577614836833, -7.9955683929648655], [-34.91574814936217, -7.995636264508848], [-34.91564882543603, -7.995586214961535], [-34.91551003337306, -7.995524000670446], [-34.915400544060454, -7.995467263797677], [-34.915300198549055, -7.99543966775998], [-34.91511739273741, -7.995356331358434], [-34.91506207227488, -7.99532515885725], [-34.91498868243995, -7.995282846125654], [-34.91496855057886, -7.995312122726708], [-34.9149392007479, -7.995296544297796], [-34.914819556598594, -7.995235364716693], [-34.91477101281081, -7.995208650350588], [-34.9147996294418, -7.995157462339212], [-34.91481568086562, -7.995128748907571], [-34.91474797455457, -7.995097634667674], [-34.914604428555975, -7.995023176559723], [-34.91449064849148, -7.994970867501115], [-34.91444777069024, -7.994951984071979], [-34.91445726322526, -7.994921935904999], [-34.91446552504349, -7.994895779121566], [-34.91439891810953, -7.994859047266034], [-34.91431142181803, -7.9948216066735975], [-34.914221948082904, -7.9947833208782955], [-34.91417701189856, -7.99484211626323], [-34.9141058636431, -7.994797547243037], [-34.91414426138932, -7.994747640210297], [-34.914002858202565, -7.994682411476569], [-34.91386840907919, -7.994585381542352], [-34.913854117454356, -7.994603089720816], [-34.91379628192179, -7.994572245982203], [-34.9137522979097, -7.994557296664714], [-34.91370831208601, -7.994542347350164], [-34.91361241307252, -7.994502383375344], [-34.91348246263729, -7.99440420868563], [-34.91342822603593, -7.994364051686596], [-34.91336836447736, -7.994325042677055], [-34.9133230997707, -7.994276986855557], [-34.91317024160515, -7.99409585690521], [-34.913040239092915, -7.993986458260158], [-34.91299140265048, -7.993896888760928], [-34.912909179222375, -7.993792404830078], [-34.91272460393361, -7.993728497363097]]]}}, {"type": "Feature", "properties": {"bairro": "\u00c1gua Fria", "CDTIPO": "ZEIS"}, "geometry": {"type": "Polygon", "coordinates": [[[-34.88505739920303, -8.015884880762208], [-34.88528913539112, -8.015743520754771], [-34.8853462215802, -8.015831770897499], [-34.885389562649166, -8.015807090983962], [-34.885378502264246, -8.015787322329327], [-34.885446952487605, -8.015748172527838], [-34.885509311112656, -8.015705844720983], [-34.885528808438664, -8.015734860579562], [-34.8855820969138, -8.015701774193499], [-34.88556473468067, -8.01567709086814], [-34.885639526567424, -8.015629060169058], [-34.88571492403859, -8.01558057555272], [-34.88580421609867, -8.0155346889533], [-34.88591712404825, -8.015455566031065], [-34.88601814871016, -8.015383608069268], [-34.885990432747604, -8.01534587473551], [-34.88620074804137, -8.015201092804082], [-34.886231821850885, -8.01520262402588], [-34.88626963918781, -8.015174217395595], [-34.88636999046904, -8.01512248402578], [-34.886423261138084, -8.01507533105792], [-34.886424963591175, -8.01505938613525], [-34.88650561152705, -8.01502035666594], [-34.88653258033149, -8.01501777953299], [-34.886565902565145, -8.014997061871235], [-34.88666064257859, -8.014938145904196], [-34.886737609988494, -8.014888126976542], [-34.88688528651906, -8.014800707965522], [-34.886885949842835, -8.014792310543879], [-34.88690695120569, -8.014781021873825], [-34.886976224989716, -8.014736634396979], [-34.88710405606616, -8.014688555930393], [-34.88708504682088, -8.014604071706458], [-34.88724248099155, -8.014575751937384], [-34.88725735238661, -8.014472473157587], [-34.887329933512795, -8.014487820237465], [-34.88740621914266, -8.014480406398755], [-34.887408316881675, -8.014462465270272], [-34.88746121875408, -8.014459709650598], [-34.88747784809128, -8.01453219313573], [-34.88771366177568, -8.014487151282493], [-34.887710005572316, -8.014464509981913], [-34.887806111892694, -8.01444174622625], [-34.88781445710857, -8.014474377824975], [-34.88788954381025, -8.01445814647736], [-34.88804352380346, -8.014425864299712], [-34.88813203791288, -8.014405341209676], [-34.888253077425645, -8.014363246918206], [-34.88831441274758, -8.014519055217267], [-34.8884644452578, -8.01446549899744], [-34.88841597876243, -8.014292058270065], [-34.88841891103789, -8.014288897733733], [-34.88855690351437, -8.014247450759662], [-34.88855178720024, -8.014231146530971], [-34.88856563124392, -8.014227314889876], [-34.88864362768807, -8.01419932428948], [-34.888650021331294, -8.01422768217694], [-34.88873289040733, -8.014202493575446], [-34.888745529295086, -8.014233915694593], [-34.888884791000706, -8.014185085519298], [-34.888891614868456, -8.014193843702648], [-34.88899387857258, -8.01415730314691], [-34.88903705239798, -8.014259067307144], [-34.889055084809726, -8.01425146542863], [-34.8891665897548, -8.014204463865191], [-34.88921869279725, -8.014299683120193], [-34.8892631773105, -8.014382377821718], [-34.889285806985285, -8.014370969479543], [-34.88931126340259, -8.014426118225666], [-34.889245831922025, -8.014463396817138], [-34.88939587587198, -8.014644511102581], [-34.88946284867265, -8.014721696270962], [-34.88958055985286, -8.014845002712246], [-34.88960067986886, -8.014884499165303], [-34.8896163664341, -8.014871516088741], [-34.88967850821143, -8.014820084697858], [-34.88976719443241, -8.014923928249441], [-34.88980014690489, -8.014965226435686], [-34.88977747368775, -8.014987836545158], [-34.88979863844779, -8.015009810762296], [-34.88980379031482, -8.015005899598373], [-34.88985992008836, -8.015061875888168], [-34.889825805718154, -8.01509799929724], [-34.88978580718923, -8.015138158373652], [-34.88984759325337, -8.015201250943758], [-34.889898887630316, -8.015250700249881], [-34.889332631947184, -8.015865412487122], [-34.88891264648486, -8.016295492659182], [-34.88873849512467, -8.016462456230776], [-34.88862133933548, -8.016542582068475], [-34.88848982858234, -8.016622771871322], [-34.8883528975512, -8.01668685138136], [-34.887774129653785, -8.0168892835036], [-34.88764107977046, -8.016930612857884], [-34.88745003108043, -8.016971923097442], [-34.8873323236673, -8.016986999020565], [-34.88726527622094, -8.016991429661823], [-34.88716092887153, -8.016995454343252], [-34.887092960156366, -8.01699541669327], [-34.88715831614699, -8.017245585456298], [-34.887291731332354, -8.017834434388773], [-34.887530492951086, -8.018588880820218], [-34.88753658446032, -8.018710812356002], [-34.88758502303328, -8.018858204903935], [-34.887561423001365, -8.018864201322922], [-34.88760531720072, -8.018989116663892], [-34.8876111155009, -8.019010892877139], [-34.887665206638715, -8.018990549107423], [-34.887700867430716, -8.019102575629777], [-34.88772288416137, -8.019185330909782], [-34.887791702540085, -8.019164407914346], [-34.887821533468056, -8.01926766534414], [-34.88777240952981, -8.019283969549297], [-34.88778243898317, -8.019324013181599], [-34.88789642029473, -8.019638290331732], [-34.887779717428245, -8.019687242328576], [-34.88781166479578, -8.019759306536864], [-34.88783049532631, -8.019801181267209], [-34.88785328553765, -8.019861656458819], [-34.887939124509145, -8.020114457667628], [-34.888071344465615, -8.020471953758836], [-34.8881125100707, -8.020578827007563], [-34.88805052293468, -8.020605796912616], [-34.888098022279344, -8.02073075796785], [-34.888126947257796, -8.020807259634553], [-34.887341410117436, -8.02112768443384], [-34.88651371198604, -8.021439584025703], [-34.88617370880546, -8.020670382378546], [-34.886061403099184, -8.020401079374823], [-34.885947112897874, -8.020191966410522], [-34.88529510827993, -8.019282834466916], [-34.88486368396999, -8.018425233123496], [-34.88469292112665, -8.018072002487429], [-34.88409827897371, -8.01681425039047], [-34.884021188791586, -8.016657433760047], [-34.883985502163135, -8.016584838265207], [-34.885154218159066, -8.01627064134336], [-34.88490332411482, -8.015989121867834], [-34.88505739920303, -8.015884880762208]]]}}, {"type": "Feature", "properties": {"bairro": "Jardim S\u00e3o Paulo", "CDTIPO": "ZEIS"}, "geometry": {"type": "Polygon", "coordinates": [[[-34.93926291143798, -8.076608328798196], [-34.93938531232126, -8.076666137501379], [-34.93949500773278, -8.076701622104501], [-34.93961031079805, -8.076765006213929], [-34.939825404121095, -8.076863781625441], [-34.939851965560905, -8.076875979673186], [-34.93988063223534, -8.076813670336408], [-34.93994888733035, -8.07664348000472], [-34.94001741520649, -8.076443989001053], [-34.9402792070909, -8.07653089039324], [-34.94043205003567, -8.076577905538219], [-34.94060600429035, -8.076613717814682], [-34.940734228035254, -8.076637534176207], [-34.940910331483956, -8.076656682604249], [-34.94112642616011, -8.076652326619103], [-34.94129677876298, -8.076633754461847], [-34.94145485709312, -8.076610799803648], [-34.94147648818995, -8.076603787477815], [-34.94150943249532, -8.076716103954862], [-34.941522439266976, -8.076760449146901], [-34.941402128226855, -8.076793764903393], [-34.941385563050346, -8.076796537597883], [-34.941351656000755, -8.076927706225108], [-34.94131199278769, -8.077020044297823], [-34.941259042189344, -8.077129098941999], [-34.94114211228413, -8.077370574215296], [-34.94101876707694, -8.07761963055856], [-34.94092771650262, -8.077803479084817], [-34.94091700878214, -8.077825098731223], [-34.940822202166935, -8.077766396653171], [-34.940866132711015, -8.077670092157842], [-34.94091140615135, -8.07757082956537], [-34.940955714985826, -8.077470929674767], [-34.940989003689154, -8.077395802430612], [-34.94073087716423, -8.077284670186067], [-34.940715096958066, -8.077327769722094], [-34.94069151236974, -8.077316467093034], [-34.94069113141566, -8.07731628447441], [-34.94046231186108, -8.077206623985578], [-34.94038094240924, -8.077172579263976], [-34.94039906937801, -8.077136510249348], [-34.9401446541032, -8.077047787637795], [-34.94010332197438, -8.077174037282042], [-34.94009653505852, -8.0771947677147], [-34.939818958046246, -8.077074441562326], [-34.939773721384974, -8.077053988600596], [-34.93954442119105, -8.07755912236907], [-34.93948994266054, -8.077581586020441], [-34.93936103399241, -8.07764770123289], [-34.93929361441383, -8.077679458397888], [-34.939165266476564, -8.077739916064438], [-34.93913971785058, -8.077725357221425], [-34.93910962618139, -8.077735840435222], [-34.93909932846811, -8.077739427716615], [-34.93907717810937, -8.077747144849429], [-34.93905957498865, -8.07773905930492], [-34.93897185198708, -8.077798318096898], [-34.9388852375746, -8.077856461445206], [-34.93885614146483, -8.077828843205051], [-34.938768794875585, -8.077733776817823], [-34.93869280124015, -8.07768306629906], [-34.938729791888164, -8.077594725153286], [-34.93874454021704, -8.077563069495879], [-34.93913488949647, -8.076725241020377], [-34.93920799841561, -8.07662051448176], [-34.939235521449554, -8.076574956331157], [-34.93926291143798, -8.076608328798196]]]}}, {"type": "Feature", "properties": {"bairro": "Linha Do Tiro", "CDTIPO": "ZEIS"}, "geometry": {"type": "Polygon", "coordinates": [[[-34.9095680278108, -8.005253787640916], [-34.90945061499032, -8.00530288046469], [-34.90920240346679, -8.005453499802762], [-34.9089205121485, -8.005580928180036], [-34.90887327639399, -8.006179504169383], [-34.9088185445629, -8.006432005444], [-34.908796940371225, -8.006592863418419], [-34.90877925342519, -8.006595000208856], [-34.908731765721484, -8.00659727217684], [-34.90830014232512, -8.006592347533637], [-34.907834916645605, -8.006587497380657], [-34.907251589617964, -8.006581414445284], [-34.90715316453855, -8.006585689193136], [-34.90707430078593, -8.006589114971069], [-34.90702239778642, -8.006591369184942], [-34.906814640337025, -8.006593494919825], [-34.90663958683541, -8.006584361080655], [-34.906607899286726, -8.006575669344457], [-34.90655835424199, -8.00655448903769], [-34.90651243310202, -8.006530303118094], [-34.90632654406761, -8.006367522678897], [-34.906311747942496, -8.006355881529064], [-34.90629849521123, -8.00634847062584], [-34.90604950503107, -8.006209226166805], [-34.905898764876696, -8.00613336859407], [-34.90579241895865, -8.006079849785145], [-34.905691137948736, -8.006031475215652], [-34.905484726388984, -8.005932884995165], [-34.90526911344714, -8.005873864040836], [-34.90523593761603, -8.005864782165418], [-34.90520064077843, -8.005859885987135], [-34.905156770915795, -8.005860195258986], [-34.90504277526198, -8.005886206537694], [-34.90492827040668, -8.005912334052347], [-34.904848854894624, -8.005938329357972], [-34.90480164329573, -8.005959627577822], [-34.904668346476974, -8.00602648975423], [-34.904645531162636, -8.00603793395425], [-34.90456193362497, -8.006075466393938], [-34.90442631163488, -8.006112157715515], [-34.90431237105382, -8.006129168530352], [-34.904158001640795, -8.006132438698883], [-34.90415672292811, -8.006132465394666], [-34.9041490097151, -8.006130256186063], [-34.90412044184978, -8.006122072392142], [-34.9040479534588, -8.00609529746378], [-34.90397353002188, -8.006064710843262], [-34.90384082266705, -8.00599374158721], [-34.903796574765785, -8.005970078281322], [-34.90378611852557, -8.005958423321832], [-34.903765618132724, -8.00593557257675], [-34.903743225589984, -8.00590135191112], [-34.90373924118051, -8.00589313600941], [-34.90371933195517, -8.005852082658587], [-34.903693985239705, -8.005784821842008], [-34.90367087711007, -8.005722673164627], [-34.90363580531436, -8.00562835042088], [-34.90361554044591, -8.005595470607867], [-34.903567329721334, -8.005536194258331], [-34.9033324052879, -8.00522684049814], [-34.90323746275966, -8.00508863356169], [-34.90316118224774, -8.004977592864606], [-34.903099193061955, -8.00488161587752], [-34.90304633332225, -8.004798103704774], [-34.904052959133665, -8.003529073498365], [-34.904078963779575, -8.003509733847528], [-34.9038309859145, -8.003202200621073], [-34.90372408802874, -8.003056923874967], [-34.90353926778085, -8.002820564110937], [-34.90311854776236, -8.002232786062368], [-34.9029089635785, -8.001941118565199], [-34.90251532231667, -8.001427296164191], [-34.90275884423674, -8.001222701275813], [-34.902908524377, -8.001110855563141], [-34.90310372913992, -8.001001068254999], [-34.903510173168605, -8.00080410447832], [-34.903934784990916, -8.000599117941347], [-34.90425034732622, -8.000434330984854], [-34.904412606620454, -8.000336038564937], [-34.90466069624788, -8.000171130480018], [-34.90500812107429, -7.999934037610304], [-34.90512587919817, -7.999844195462849], [-34.90549930003567, -7.999607378328746], [-34.90590397790361, -7.999410196703857], [-34.90622265340889, -7.999246127452755], [-34.90669026270926, -7.999010144874647], [-34.90694738709686, -7.9989193296819545], [-34.907115643986344, -7.99887223884291], [-34.9075650775448, -7.998746454297432], [-34.90761161933913, -7.998738136098763], [-34.90772412773392, -7.998887206484308], [-34.90821847395427, -7.9995214100632825], [-34.908794696297285, -8.000149857624892], [-34.90884662490548, -8.000190715628236], [-34.90887756515253, -8.000238116685852], [-34.90890801252444, -8.000302776899131], [-34.90894444315815, -8.000364324755433], [-34.90902415010158, -8.00046790971146], [-34.90906640812264, -8.00051525840749], [-34.909077029368035, -8.000539384108965], [-34.90908204846321, -8.000575624030448], [-34.909100821704996, -8.000614217826667], [-34.909145498320065, -8.000659943367852], [-34.90920237112564, -8.0007209247204], [-34.90925519044962, -8.00077950642287], [-34.9092843908473, -8.00080032317719], [-34.90933384190829, -8.000829910665026], [-34.90936795266083, -8.000863598537032], [-34.90939001170919, -8.000913458089459], [-34.90944463948299, -8.001013129477062], [-34.90949178921499, -8.001069320780184], [-34.90957615635404, -8.001131785921993], [-34.909641835573254, -8.001174191216949], [-34.90966441963398, -8.001055707013748], [-34.909701711054176, -8.000975612971532], [-34.90975730591246, -8.000905659273979], [-34.90982602974864, -8.000839562164202], [-34.910184352755124, -8.00055631840918], [-34.91037528432157, -8.00041940869309], [-34.910428715115366, -8.000386483867974], [-34.910466583028004, -8.000367701986088], [-34.91055663969592, -8.000330127990745], [-34.910677234889285, -8.0003078044116], [-34.910829759054906, -8.000325084913438], [-34.91091381404463, -8.000337100573068], [-34.91098725762471, -8.000341723042418], [-34.91106150297511, -8.000337199845967], [-34.91119928080257, -8.000309109083924], [-34.91131671846092, -8.00027445308293], [-34.91144096806931, -8.00023294250986], [-34.91154034764744, -8.000195268205234], [-34.91168005962465, -8.000133838062832], [-34.91177316460795, -8.000085029333535], [-34.91187439872184, -8.000012497262171], [-34.911947425349716, -7.999960176062427], [-34.91195633913982, -7.999973840453585], [-34.91237516740178, -8.000615874445833], [-34.91235979260268, -8.00064641365969], [-34.912348041099115, -8.00066975326962], [-34.91235159477831, -8.000720182888717], [-34.912405391517154, -8.000870442880085], [-34.91244885109646, -8.000938881079723], [-34.912517699898004, -8.001093043778003], [-34.91253289810062, -8.00114483792019], [-34.91253082990254, -8.001221597428431], [-34.91248256562943, -8.001408447750617], [-34.91246131973107, -8.00147801204106], [-34.912338085521746, -8.00164902147252], [-34.91227238979946, -8.001763612667872], [-34.91224314835344, -8.00182351064112], [-34.91216774062422, -8.002017813288509], [-34.9121634389959, -8.002030672789155], [-34.9120274984161, -8.002383079910045], [-34.91198825168483, -8.002506481667403], [-34.91192968110701, -8.002718969397064], [-34.911883090939945, -8.00290137843599], [-34.91185562744203, -8.0031179585281], [-34.91184586092879, -8.003220019710373], [-34.911857333907456, -8.003308108668367], [-34.911928047538964, -8.003963252922134], [-34.91196316517581, -8.004184165551326], [-34.91194997175083, -8.004189857218083], [-34.911519376630224, -8.004375599479294], [-34.91138851773674, -8.004423342880644], [-34.91127917866933, -8.00446023629211], [-34.91116163146488, -8.004516188390127], [-34.911005251581734, -8.004606226494424], [-34.91087531398243, -8.004673813414641], [-34.9107396586838, -8.004760447478796], [-34.9105675187303, -8.004851384761047], [-34.910448312467835, -8.00490734438524], [-34.91032412496439, -8.004962499822533], [-34.910166000184596, -8.005034352286922], [-34.90990442785805, -8.005161263124343], [-34.90981826329931, -8.00518647143826], [-34.90969066460013, -8.005221795485895], [-34.9095680278108, -8.005253787640916]]]}}, {"type": "Feature", "properties": {"bairro": "Mangueira", "CDTIPO": "ZEIS"}, "geometry": {"type": "Polygon", "coordinates": [[[-34.920967853846044, -8.075181004775246], [-34.921081028996724, -8.075154707616473], [-34.9211130406421, -8.075498009862557], [-34.92111974717042, -8.075562896236578], [-34.921403465104035, -8.075548708022628], [-34.92140818905686, -8.075518326586133], [-34.92150772761847, -8.074586980749276], [-34.922442594388876, -8.074283071320783], [-34.922754323500456, -8.074146473082983], [-34.922920266985805, -8.074035620355446], [-34.92307256007473, -8.073897163900453], [-34.92327800516354, -8.073697852149051], [-34.923459362544776, -8.073495870873971], [-34.92405406260675, -8.07297428066571], [-34.924158852592356, -8.07292236507035], [-34.92444031712503, -8.072821868962755], [-34.92475117687855, -8.07270286848375], [-34.92488160008426, -8.072615938224677], [-34.92521400045552, -8.072390204251086], [-34.925657410770555, -8.072230288467475], [-34.92636752677521, -8.071943040689499], [-34.926831815520174, -8.071779242996245], [-34.92667119004614, -8.07283268490515], [-34.92743923633451, -8.072985898531579], [-34.92904185843489, -8.073255663443554], [-34.92956003264606, -8.073332190549312], [-34.92999981015679, -8.073282740385467], [-34.93044759379137, -8.07319761050894], [-34.93081543990471, -8.07309457104255], [-34.931188760987396, -8.072891086594039], [-34.93156915212277, -8.072636350174847], [-34.93171377618307, -8.073595793024444], [-34.931944083075614, -8.07352883805916], [-34.93313975663769, -8.073181228810784], [-34.933143818510494, -8.073180430326866], [-34.933159831131256, -8.07314940618697], [-34.933191359320844, -8.073088322168918], [-34.93323994625275, -8.072985393865984], [-34.93345837432839, -8.07252266048959], [-34.933683159900646, -8.072592706784453], [-34.933707263644244, -8.072603964985724], [-34.93368653716289, -8.072734783722266], [-34.933566184873946, -8.073044709790096], [-34.933419702675366, -8.073481923590432], [-34.933373308193225, -8.073596662065528], [-34.933301320357565, -8.073774694066921], [-34.93329742170601, -8.07382277291635], [-34.933038445567576, -8.074244027380523], [-34.932751550684856, -8.074932481333585], [-34.93273293185764, -8.074979336936558], [-34.93259517887942, -8.075278148501955], [-34.93251930166549, -8.07549221279334], [-34.93244039719701, -8.075656464416713], [-34.93237113773923, -8.075759041975175], [-34.93225167521942, -8.075880410583736], [-34.932155183978445, -8.075942540969798], [-34.93182631372112, -8.076060207406124], [-34.9315504306086, -8.076185482369695], [-34.931401768729216, -8.076352706762027], [-34.931324341058385, -8.076468614215662], [-34.931305547534464, -8.076389074674411], [-34.93126653557064, -8.076266855217565], [-34.93120427263719, -8.076124078819632], [-34.93116869660762, -8.076058669320014], [-34.9310017022171, -8.075809147338857], [-34.931015623655064, -8.07580492748878], [-34.930975940986336, -8.075707220979432], [-34.93100189212786, -8.075628648171822], [-34.93047150958598, -8.075566784464963], [-34.93022368107391, -8.075638697165068], [-34.93009082942991, -8.075686692003176], [-34.92975220749544, -8.075773551959697], [-34.92966990165144, -8.075789729557833], [-34.92955274327092, -8.075806071538452], [-34.929416588897965, -8.075825660048366], [-34.92925514561561, -8.075858000162372], [-34.92886554243478, -8.075885100379573], [-34.92886573731725, -8.075926151760445], [-34.928739178252485, -8.07596464293706], [-34.92858396777929, -8.075974848334846], [-34.92853829693785, -8.075750648772225], [-34.92853771877641, -8.075735863843555], [-34.92834956247396, -8.075758825194105], [-34.92825044870337, -8.075782691195531], [-34.928028721431424, -8.075825676395876], [-34.92799303723857, -8.075836205072802], [-34.927955731566364, -8.075847211498704], [-34.92789818599351, -8.075855871452694], [-34.92774068640085, -8.075898112630133], [-34.927674145823026, -8.07591882082226], [-34.92769636744529, -8.075987059202488], [-34.927584905228585, -8.076022462068595], [-34.92748484014502, -8.076032645870509], [-34.92746620830351, -8.076026994707911], [-34.92742903257605, -8.076034233274335], [-34.92741463114904, -8.075986621154504], [-34.92733217758332, -8.076006895292107], [-34.92732127220456, -8.076009576576123], [-34.92733383832471, -8.076043952910227], [-34.927282413451344, -8.076066087851787], [-34.92726598478133, -8.07602749691732], [-34.92724467213493, -8.076034985286084], [-34.92712844784377, -8.076075824875119], [-34.9270090405109, -8.076117445167881], [-34.92695816238766, -8.076130929285716], [-34.92686843474226, -8.076152200429108], [-34.92686570012301, -8.076152847958967], [-34.92688285659931, -8.076215033196531], [-34.926902018727475, -8.076284486646504], [-34.92679650349684, -8.07632373520358], [-34.92677462813785, -8.07630132721371], [-34.92676833879831, -8.076295531996275], [-34.92672988071353, -8.076263633568495], [-34.92672478360548, -8.076254644123434], [-34.92670374165207, -8.07619296988671], [-34.92669230001922, -8.076196197020463], [-34.926626574501014, -8.076214736912265], [-34.926681637173196, -8.076376659163534], [-34.92648219235393, -8.076394134659578], [-34.92632952365357, -8.0764130414926], [-34.92620198511453, -8.076458011447128], [-34.925963971262874, -8.076472635212713], [-34.92581690316881, -8.076481044695985], [-34.92565628567232, -8.076489517011193], [-34.925507536863506, -8.076551948157094], [-34.92537351094121, -8.077270204189523], [-34.92514008586218, -8.078253214254088], [-34.92503505180699, -8.078728524640656], [-34.92453804452573, -8.079046257492255], [-34.92335905206314, -8.079799976014455], [-34.92304140756521, -8.080003041867407], [-34.92297347055832, -8.079961251214236], [-34.92286201665624, -8.079895892961442], [-34.922711150305524, -8.07981647202946], [-34.92257377269995, -8.079751158736467], [-34.92244280774207, -8.07969583221696], [-34.92227199342215, -8.07963187298503], [-34.922116247568546, -8.079578663526343], [-34.92196346594583, -8.07953209937043], [-34.92180145336189, -8.07948591394126], [-34.921565694920815, -8.079423861595549], [-34.920517681186205, -8.079140741647677], [-34.91982707567979, -8.078957558210305], [-34.919727127840865, -8.080521907408816], [-34.919718612283525, -8.080681109134803], [-34.91966315446509, -8.080673785371292], [-34.91959964278374, -8.08067119058783], [-34.91959983884698, -8.080655097381047], [-34.91957050708171, -8.080653077107657], [-34.919570189560666, -8.080657677557], [-34.91946265616368, -8.080649839760722], [-34.919468430285114, -8.080544526600601], [-34.91947322995894, -8.080457405012561], [-34.91940671105945, -8.080452294746463], [-34.919377256604044, -8.080450031839126], [-34.91930965645778, -8.080446853187077], [-34.91926206124869, -8.080444614859905], [-34.91926118759574, -8.080477801623573], [-34.919260799924494, -8.08049251161517], [-34.91921063565619, -8.080492566289768], [-34.919082690229196, -8.080481716037587], [-34.91907817451901, -8.080481333118605], [-34.91907961645614, -8.080467234746825], [-34.919041871533175, -8.080465513387885], [-34.91904072817207, -8.080473112869688], [-34.91899681358929, -8.080471149247517], [-34.91899547039021, -8.080505950160866], [-34.91899537748317, -8.08050836534479], [-34.91899350980055, -8.080556761282141], [-34.918863283217085, -8.080547897949913], [-34.91877563582904, -8.080543666048142], [-34.91870685779921, -8.080540405132846], [-34.91861975301482, -8.08053620319659], [-34.91862096030343, -8.08052158880074], [-34.918631482559796, -8.080394188794587], [-34.918506337767106, -8.080380330956235], [-34.91836872437528, -8.080376066720286], [-34.91836534299198, -8.080375962345945], [-34.91815903235054, -8.080366141254567], [-34.91816370922395, -8.080180942147743], [-34.91816725131699, -8.080040689275203], [-34.91811033763851, -8.080039323542932], [-34.91810368215098, -8.080039164008742], [-34.91810935057891, -8.079808830381543], [-34.918109476864096, -8.079803685677389], [-34.91774561179185, -8.079779044484733], [-34.917745612553816, -8.07977901374303], [-34.917741046541984, -8.079778735010219], [-34.91774135019603, -8.079762740729093], [-34.917742558085905, -8.079682354910544], [-34.917744507498085, -8.079602244065068], [-34.917744092479765, -8.07952107841982], [-34.91775071750901, -8.079441212343292], [-34.91775102996838, -8.07927685240275], [-34.91770300871119, -8.079272542844082], [-34.917704857405575, -8.079251977611118], [-34.917714498174696, -8.079144726911757], [-34.91774549210231, -8.078416758268743], [-34.917692787964604, -8.078402761922916], [-34.91770354948455, -8.078081167311865], [-34.91780950701515, -8.078082949582312], [-34.91781089149474, -8.078022085249573], [-34.91781180725137, -8.077981834825309], [-34.9178172788789, -8.077982565866485], [-34.91783028806786, -8.07798430484818], [-34.91782770256601, -8.077974467216901], [-34.917798511997475, -8.077863399950822], [-34.917779362235855, -8.077784565131294], [-34.91776768662788, -8.077713289383015], [-34.91775563708681, -8.07763966482521], [-34.917748256013496, -8.077565927969095], [-34.917755076108726, -8.077484903779117], [-34.917756844446174, -8.077472678896367], [-34.91775844643302, -8.077470949146397], [-34.917816268519665, -8.077408483065545], [-34.917816876989576, -8.077397677574805], [-34.917821006736354, -8.077324382171797], [-34.91796496484301, -8.07732315111991], [-34.91800804623376, -8.0773227827438], [-34.918002942309165, -8.077310780846378], [-34.91798621420501, -8.077271443998274], [-34.91792527739657, -8.077127806696502], [-34.91788674773648, -8.077037042343326], [-34.91787218973267, -8.077002749016053], [-34.917864597385865, -8.076970147976397], [-34.917855804229184, -8.076952198372144], [-34.91782623025914, -8.07689420585005], [-34.917793484650524, -8.07681769492168], [-34.91777717454531, -8.07675063574265], [-34.91775965955116, -8.076681413365675], [-34.91774695352248, -8.076634734734457], [-34.917733672646115, -8.076637886181834], [-34.9177187083383, -8.076548641329735], [-34.917700126000575, -8.076468531808503], [-34.91768626626132, -8.076408428737256], [-34.91766975168757, -8.076337053606581], [-34.91765755364637, -8.076278259960384], [-34.91764086775103, -8.076194607560188], [-34.91762701204688, -8.076125551535101], [-34.91761058270539, -8.076043590332032], [-34.91759659125287, -8.075973445544479], [-34.91758314886201, -8.07590623547949], [-34.91756369888248, -8.075835242951657], [-34.91754367024626, -8.075761576205178], [-34.91752441434522, -8.075694414178049], [-34.91750345878772, -8.075622314894439], [-34.91748612338348, -8.0755626701788], [-34.91738849908465, -8.07557813519143], [-34.91731013196956, -8.075596068424213], [-34.917270653564884, -8.075402206398266], [-34.91725620836652, -8.075327578651358], [-34.91742359394141, -8.075280946442218], [-34.918401283535154, -8.075072138950816], [-34.91937788118331, -8.075008124417625], [-34.919397852342605, -8.075006388041741], [-34.91939814494632, -8.075098870336529], [-34.91945778509675, -8.075868440303257], [-34.91945806813632, -8.075872092286799], [-34.9194874387572, -8.076251077081563], [-34.919488563211395, -8.076265589220625], [-34.91975922370436, -8.076240994268284], [-34.91975811375035, -8.076226481160054], [-34.919731062290005, -8.07587281554351], [-34.91973728291059, -8.075872339744423], [-34.920000677221445, -8.075852199653108], [-34.920051731834086, -8.075848912432356], [-34.92005098766894, -8.075833678881455], [-34.9200402946229, -8.075630029664772], [-34.9207731436928, -8.075571302433545], [-34.9207650804319, -8.075519713910712], [-34.92074272256991, -8.075222834963634], [-34.92089835395611, -8.075197152169494], [-34.920967853846044, -8.075181004775246]]]}}, {"type": "Feature", "properties": {"bairro": "Madalena", "CDTIPO": "ZEIS"}, "geometry": {"type": "MultiPolygon", "coordinates": [[[[-34.9155372494772, -8.05266452290978], [-34.91526573343445, -8.051577568418365], [-34.91482452656108, -8.050301732513313], [-34.914579414230076, -8.049582427023852], [-34.91436084156764, -8.048835604204049], [-34.91431663883777, -8.048848828922052], [-34.91410894173626, -8.048911274082448], [-34.91409770921486, -8.048914490698042], [-34.91409752513248, -8.048894602124953], [-34.914077971351986, -8.048806275756283], [-34.913995267945815, -8.048830076748796], [-34.913966748186354, -8.048841329754795], [-34.91397194757152, -8.048905494131972], [-34.91394304079622, -8.048911595771168], [-34.91390912658929, -8.04891374287383], [-34.913822725783255, -8.048922824818455], [-34.913758989255854, -8.048929269677533], [-34.913740509690875, -8.04893450902138], [-34.91372069533232, -8.048925922390124], [-34.91363162387365, -8.048868477542317], [-34.91359858508931, -8.048902534043059], [-34.913546884270744, -8.048902955918665], [-34.91347968440586, -8.04890589102766], [-34.913350564630164, -8.048915804892081], [-34.91330359105324, -8.048918464862188], [-34.91330553216144, -8.048887536773371], [-34.913304358251295, -8.048830676527396], [-34.91330240830616, -8.048782408521106], [-34.91329553544645, -8.048670878880257], [-34.91308798986522, -8.048726994373068], [-34.9130427596192, -8.049159167753986], [-34.91232753326956, -8.049139085847694], [-34.91228559741233, -8.049616266466659], [-34.911934910028165, -8.049787232076872], [-34.91192490456404, -8.04982000588822], [-34.91195745752095, -8.050069105248618], [-34.911963141638985, -8.050178651577335], [-34.911945442293174, -8.050388929418304], [-34.91191862214676, -8.050665879432744], [-34.91189766218129, -8.050915860973515], [-34.91190851037297, -8.051101415196106], [-34.91193757626359, -8.051245207074146], [-34.91181331001524, -8.051245786133173], [-34.91180964747996, -8.051431860012142], [-34.91201803961084, -8.051439839153606], [-34.91215861341274, -8.051454372324054], [-34.912204370691974, -8.051405068282985], [-34.91310849476251, -8.051414595215427], [-34.91328037652163, -8.05133550164392], [-34.91327054345406, -8.051752773677265], [-34.91328910431098, -8.052247843718893], [-34.91319347658395, -8.05224313652723], [-34.91315594190422, -8.053039160351583], [-34.91345648243264, -8.053064066831038], [-34.913531628706636, -8.053072666534298], [-34.91353547601261, -8.053177248930208], [-34.913584365552744, -8.053292741200737], [-34.913635588848834, -8.05340297899298], [-34.91368193514211, -8.053498412857893], [-34.913566733997285, -8.053575163006235], [-34.9134775758166, -8.053634704807571], [-34.91353791203149, -8.053734593751042], [-34.9136494434959, -8.053919406757661], [-34.91366370527341, -8.05394311712891], [-34.91372648948881, -8.053907565653635], [-34.913873929246975, -8.05382408523252], [-34.91388498899785, -8.053818046907514], [-34.91411063451096, -8.053694673965362], [-34.91425964710771, -8.053613155153696], [-34.91427392589027, -8.053640481678153], [-34.914316933893474, -8.053720381095578], [-34.91436826792281, -8.053815520338134], [-34.914480636261125, -8.054023925208067], [-34.915748470935476, -8.053312835361496], [-34.91564286009501, -8.052988679171383], [-34.9155372494772, -8.05266452290978]]], [[[-34.9060906509473, -8.049384283548868], [-34.90608164996316, -8.049054641173582], [-34.90608203258528, -8.048992134767706], [-34.90608233087218, -8.048943407671358], [-34.90608171606072, -8.048831305951568], [-34.906076586359305, -8.048753069932735], [-34.906071212495974, -8.048671112090204], [-34.90607115916947, -8.048670570800448], [-34.90591957623514, -8.04866616224565], [-34.90588156544968, -8.048266618996301], [-34.90578857474026, -8.048254243745069], [-34.90570184878163, -8.048241205631125], [-34.905687501023124, -8.048239709112707], [-34.905657362690306, -8.048235622520792], [-34.90555663031053, -8.04822502891603], [-34.90542773224618, -8.048212435150717], [-34.90536892004745, -8.048206688880988], [-34.90533929876425, -8.048204159384099], [-34.90527509527022, -8.048198676802004], [-34.90519976368106, -8.048189081719583], [-34.905120982769, -8.048178960191194], [-34.90510312210158, -8.048177112000584], [-34.90507336672729, -8.048174033431604], [-34.90506900904069, -8.048294175590025], [-34.90502287528341, -8.048292580676843], [-34.90473291826396, -8.048262012730337], [-34.904740684514216, -8.048361602475383], [-34.90475262608498, -8.048518678012442], [-34.904765801872045, -8.048686943818717], [-34.90477046196378, -8.048746455189127], [-34.9047706056589, -8.048748283455472], [-34.90488180972997, -8.048751371858007], [-34.90495432458931, -8.048750400626567], [-34.90498498166357, -8.048749990724646], [-34.904973057103625, -8.048909714731064], [-34.904965463940066, -8.049027922737077], [-34.904965522948864, -8.049040551413032], [-34.90496579270758, -8.049098283148762], [-34.904973850522396, -8.049273250135425], [-34.90497697388161, -8.049375228260216], [-34.90497890535391, -8.04951039941123], [-34.905095033716435, -8.049497485418343], [-34.9053560012455, -8.049468983602356], [-34.90565514691708, -8.0494363128785], [-34.90567689828023, -8.049433937234014], [-34.90569928949424, -8.049541466325069], [-34.90571397920697, -8.04961998252569], [-34.90609436960194, -8.0494424114829], [-34.9060906509473, -8.049384283548868]]]]}}, {"type": "Feature", "properties": {"bairro": "Mustardinha", "CDTIPO": "ZEIS"}, "geometry": {"type": "MultiPolygon", "coordinates": [[[[-34.908912006831336, -8.074554108951345], [-34.90887149462911, -8.074583282346772], [-34.90884651757042, -8.074606405570039], [-34.9087659598802, -8.074688801964834], [-34.90854156063754, -8.074839526135563], [-34.90850542280669, -8.074861415827009], [-34.90820425866099, -8.075043837438228], [-34.90817414716249, -8.075006103802908], [-34.908145448656676, -8.074963666041175], [-34.90810081857178, -8.07488052824923], [-34.90808380077271, -8.074848826042668], [-34.90798099097439, -8.074612619827164], [-34.907960927592114, -8.074551274793043], [-34.90795369095287, -8.074529144428672], [-34.90794524317264, -8.074503315748553], [-34.90793700889855, -8.074478137000742], [-34.90789706256881, -8.074372423556088], [-34.907611463627106, -8.074350941098302], [-34.90751864810268, -8.074930671302743], [-34.90746832296965, -8.07524500156632], [-34.907394030144715, -8.075671519925423], [-34.90736132857948, -8.075859256450913], [-34.90736259619912, -8.075866289609618], [-34.90737382544988, -8.075903754242091], [-34.907391965702715, -8.07593842291526], [-34.90741636157684, -8.075969043838247], [-34.90744613159205, -8.075994510925318], [-34.90748019828152, -8.076013901626466], [-34.907517332831354, -8.076026517402452], [-34.90755619235306, -8.076031900728454], [-34.907595370783895, -8.076029856554351], [-34.907605513310244, -8.076028096952959], [-34.90778089102586, -8.076005968397126], [-34.90778094969791, -8.076008224675295], [-34.90790460187602, -8.07601351898528], [-34.90791647585136, -8.076118146444617], [-34.90791685344785, -8.07612070680977], [-34.907918644897485, -8.076127246612591], [-34.90792154838124, -8.076133377110649], [-34.90792547593775, -8.076138911572286], [-34.90793030794593, -8.076143682398909], [-34.907935897677504, -8.076147544720072], [-34.90794207585376, -8.076150380892466], [-34.90794561056175, -8.076151459231069], [-34.90806124505826, -8.076231594293777], [-34.9081219925906, -8.07628021101088], [-34.9082432545761, -8.076377253832842], [-34.908244281226835, -8.076378365566127], [-34.9083707648211, -8.07651540792306], [-34.90837921329476, -8.076524561963131], [-34.90844699357975, -8.076628149229231], [-34.90847091177921, -8.076671378597604], [-34.90849891044082, -8.076721984191034], [-34.90850345658363, -8.07673020264423], [-34.90854167156541, -8.07685036557163], [-34.908587079896684, -8.076982642869005], [-34.908651161053264, -8.07714608660471], [-34.90866574098668, -8.077176893349918], [-34.908642481333516, -8.077186574150947], [-34.90858030741119, -8.077212452084435], [-34.908243696357516, -8.07735255107371], [-34.90769933305928, -8.077576042735748], [-34.907686023908326, -8.077580359355558], [-34.9077058730207, -8.07766866103768], [-34.90770848312122, -8.077684366071146], [-34.90773258637989, -8.07782938625799], [-34.907720028577344, -8.077920290027103], [-34.90771995318106, -8.077921426791262], [-34.907720082209714, -8.077922824781325], [-34.90772045324265, -8.077924180055422], [-34.907721055194955, -8.077925450174094], [-34.9077218688389, -8.077926597256232], [-34.90772287041966, -8.077927585249933], [-34.90772402805662, -8.077928386277849], [-34.907724188124874, -8.07792847412976], [-34.907785632315516, -8.077955009370957], [-34.9078945493216, -8.078010073374058], [-34.908018013719065, -8.078064290164983], [-34.90806052755225, -8.078081298018137], [-34.90809669675942, -8.078095767918], [-34.908197324629064, -8.078130597699579], [-34.90834002580559, -8.078175357579251], [-34.90837212859248, -8.078182736844123], [-34.90846383915873, -8.078203815718485], [-34.90856719288997, -8.078221244758996], [-34.908721554402035, -8.078245344582786], [-34.908839508626365, -8.078260296970457], [-34.90912638530038, -8.078263172598831], [-34.90928513855843, -8.07824931887903], [-34.909373496209014, -8.078238135308206], [-34.909418049945614, -8.078229802444639], [-34.90941741216067, -8.078220717747907], [-34.909417741372444, -8.078188281023726], [-34.90941788639037, -8.078173974401292], [-34.909413689084026, -8.078066292577981], [-34.90940212657571, -8.077959148705409], [-34.9093943592747, -8.077910233393697], [-34.90937445641066, -8.077796487184662], [-34.90932327829434, -8.077562106423748], [-34.90932207863853, -8.077556611684319], [-34.90922488741589, -8.07711149173244], [-34.909217194776346, -8.077085785252581], [-34.90920626637018, -8.07704926316013], [-34.90920003401044, -8.07701965243248], [-34.90919476498691, -8.076984821648383], [-34.909193026338556, -8.07696828986782], [-34.909169945674115, -8.07671318143942], [-34.90911605673402, -8.07625837740423], [-34.90907831382516, -8.075939836639268], [-34.90906140388307, -8.075797128183396], [-34.90904750619136, -8.07567983163516], [-34.90903817880993, -8.075595589937262], [-34.90903186676233, -8.075538579118247], [-34.90899502717338, -8.075205848380355], [-34.90895398065609, -8.074835119438045], [-34.908944783148556, -8.07475205240677], [-34.90894419677097, -8.074749076242997], [-34.908932683613166, -8.074670694039538], [-34.90892858641312, -8.074591580197955], [-34.90892971062104, -8.074543940582155], [-34.908912006831336, -8.074554108951345]]], [[[-34.90895635077911, -8.07453112590104], [-34.908973672686436, -8.074524244690519], [-34.90927048466339, -8.074440127673462], [-34.90943765188211, -8.074386317724722], [-34.90956378741501, -8.074345715969548], [-34.909642592667126, -8.074320348920798], [-34.91004871330889, -8.07421587695889], [-34.91005295896388, -8.07421478491645], [-34.91006982962038, -8.074186787692357], [-34.91009851129214, -8.074157107106753], [-34.91011134244037, -8.07415341195596], [-34.910173007868444, -8.074135654802623], [-34.910478777921554, -8.074083576890516], [-34.91050281203574, -8.074078142431896], [-34.91081056144055, -8.074008538774375], [-34.91087031024266, -8.073987544882375], [-34.91088629311054, -8.074019238204915], [-34.910904553233216, -8.074055447547845], [-34.91097496540346, -8.074170293951415], [-34.910975495588005, -8.07417115576195], [-34.91100688980787, -8.074215044363113], [-34.91104398875242, -8.074254263033744], [-34.91106650698024, -8.074272346752455], [-34.911071007897064, -8.074275961881417], [-34.9108874128923, -8.074435069756182], [-34.910995376602955, -8.074528331574195], [-34.911024186194396, -8.074530110916692], [-34.91106094620919, -8.074589261287947], [-34.91121498229288, -8.074620287116657], [-34.91118607155307, -8.074657566605827], [-34.91127582777411, -8.074688190212681], [-34.91126644183805, -8.074705375141608], [-34.911246478604454, -8.074737173074018], [-34.911222081003245, -8.074776036199781], [-34.91117636564866, -8.074846854562885], [-34.911147804245985, -8.07489110095892], [-34.911121142563324, -8.075004635106211], [-34.91111907828881, -8.075107898981997], [-34.9111237411498, -8.075310467443352], [-34.911134524199184, -8.075528031071515], [-34.91127624793761, -8.075512134550388], [-34.91157144399423, -8.075482171446566], [-34.91187414102843, -8.075451445311405], [-34.91190701674724, -8.075447510866386], [-34.91184589355921, -8.07489453393743], [-34.911839249997286, -8.074834424757293], [-34.9118360205639, -8.074808573638641], [-34.91179607173881, -8.07448869862059], [-34.91179214179896, -8.074437734032424], [-34.912093982897844, -8.074431556377682], [-34.912089462787215, -8.074369880483252], [-34.91216656140834, -8.074368212887256], [-34.9122703298469, -8.074364117974387], [-34.91227332642998, -8.074364000001438], [-34.91237024643977, -8.07436017574507], [-34.91239004528136, -8.074359394306226], [-34.91244379499253, -8.074211906153211], [-34.912571636438564, -8.073939648842883], [-34.91270227557888, -8.07365144973278], [-34.91271811765086, -8.073615423733877], [-34.91274556460254, -8.073553005367906], [-34.91275269282679, -8.073540103588511], [-34.91276921430229, -8.073522190967921], [-34.91277572621971, -8.073517884301076], [-34.91278175342792, -8.073513898130802], [-34.91291067002127, -8.073470735728323], [-34.91296440254788, -8.073452827244425], [-34.912993234633, -8.073443217855674], [-34.91320788796426, -8.073380057130407], [-34.91427580493747, -8.073241077635434], [-34.914319273648, -8.073644070554748], [-34.914577222616494, -8.073609006488647], [-34.915146650149815, -8.073522458185613], [-34.915437073129816, -8.073470320263983], [-34.915849618530686, -8.073416764186641], [-34.916324584908445, -8.073353106311165], [-34.917086458795886, -8.073258578984207], [-34.91755053499847, -8.073195217598185], [-34.91789020618039, -8.073142278618993], [-34.91828466759546, -8.07309539198403], [-34.91849948841295, -8.073071521164211], [-34.9185213449906, -8.073068739053644], [-34.91853827796912, -8.073066583939196], [-34.91889007187622, -8.07302180526707], [-34.91902268736239, -8.072971725784123], [-34.91903418736169, -8.072942813303458], [-34.919047370942934, -8.072909668247638], [-34.919065987178975, -8.072862867178173], [-34.91907049018322, -8.072851547099056], [-34.91921329973389, -8.072327300061497], [-34.919225554724, -8.07228231073117], [-34.9192325007786, -8.072256814359235], [-34.91926433932811, -8.072139935334286], [-34.91930556705307, -8.071988588327976], [-34.91939222568468, -8.071784576425374], [-34.919422509633286, -8.07171328295416], [-34.91936471265586, -8.07173149872337], [-34.919166154043026, -8.07179407961909], [-34.918808390713814, -8.07190690968294], [-34.91877994805783, -8.071916699316859], [-34.91874754293457, -8.071920491899059], [-34.918728232090125, -8.07191930228162], [-34.918715103443645, -8.071917003326076], [-34.918684255959306, -8.071906407689289], [-34.9186723555602, -8.071900075378558], [-34.918615102395684, -8.071866125944199], [-34.918467008717144, -8.071911138189359], [-34.91840411426655, -8.071925063549923], [-34.9183647729457, -8.071933773262634], [-34.91840132617374, -8.072092758417693], [-34.918434549421605, -8.072258086701364], [-34.918468707207474, -8.072428062896586], [-34.91848902465994, -8.072554882573543], [-34.91852092997012, -8.072754033443411], [-34.918509312071784, -8.072755860775551], [-34.9184880890301, -8.072758140869405], [-34.91826228227873, -8.072782397646113], [-34.91826219292952, -8.072781148651242], [-34.9181810095822, -8.07197378589669], [-34.91815394371309, -8.07180878490372], [-34.91798448221383, -8.071033999492684], [-34.917981838050245, -8.071021324273685], [-34.91803005912582, -8.071012055881841], [-34.91814593436811, -8.070981407603858], [-34.91811798695432, -8.070864281709717], [-34.91814082267301, -8.070859292762137], [-34.91814003745263, -8.070853788895185], [-34.91813744538621, -8.070835621256208], [-34.91820559870755, -8.070822373784184], [-34.91820536738515, -8.070811797341417], [-34.91825230191735, -8.070800367018371], [-34.91824129039554, -8.070761321553194], [-34.918240308810034, -8.070757841897908], [-34.9182072837422, -8.070760767614923], [-34.918193974698596, -8.070761946501582], [-34.91817127528937, -8.070719109924697], [-34.918219016273405, -8.070702303891382], [-34.91826883440968, -8.070690084370693], [-34.918326120019714, -8.070680775282261], [-34.91836148512006, -8.070678168573114], [-34.91836973369215, -8.070676864228195], [-34.91836971737635, -8.070673406267344], [-34.91836967482734, -8.070664388447865], [-34.91839378088528, -8.070659483941968], [-34.91843708636978, -8.070650432021045], [-34.91843891058978, -8.070650050997752], [-34.91843892688609, -8.07064985202774], [-34.91843951014925, -8.070642544473067], [-34.91852151073908, -8.07062281321847], [-34.9186252584988, -8.070598098081467], [-34.91870405832193, -8.070580001875895], [-34.91872075014756, -8.070576168161116], [-34.91883994151776, -8.070545122668019], [-34.91882380012746, -8.070496635749523], [-34.918818606203665, -8.070468615195066], [-34.91878768747891, -8.070321417034732], [-34.91874213931442, -8.07014624253508], [-34.91874765256709, -8.07014601418314], [-34.91885239167707, -8.070141678254153], [-34.91903267471564, -8.070131130742723], [-34.91910040119948, -8.070121659613427], [-34.91916748112526, -8.070109351847218], [-34.91937910405895, -8.07007232194402], [-34.91941275275833, -8.070066434229501], [-34.91944627533711, -8.070230215040166], [-34.91947671618845, -8.070378942298694], [-34.91947197277136, -8.070380067496464], [-34.91946078065594, -8.070382720963016], [-34.91949082725608, -8.070521715130461], [-34.91969101203938, -8.070473816694836], [-34.91969117238347, -8.070473194852688], [-34.919728218753235, -8.070329664102603], [-34.91973329012999, -8.070328067252214], [-34.91973678456581, -8.070326965990404], [-34.91982495165895, -8.070299196504303], [-34.91991327265998, -8.07027328774219], [-34.91997218752336, -8.070263066742214], [-34.91997421082567, -8.07026565823643], [-34.920227631614054, -8.070200220617918], [-34.92032495509179, -8.070176120160673], [-34.92060811984207, -8.070098385891372], [-34.92074653580706, -8.070065357509511], [-34.92088905476564, -8.070031596528908], [-34.920974242482146, -8.070009538198555], [-34.92102049433076, -8.069998044803482], [-34.92109204207567, -8.06998026519116], [-34.9211080129929, -8.069975729605444], [-34.921115492961604, -8.069973605218081], [-34.921167773920935, -8.069958755666573], [-34.92116980160224, -8.069965344889093], [-34.921177952973366, -8.069962866574237], [-34.92123396442482, -8.069948306888087], [-34.921258831329865, -8.069941844579718], [-34.921307577913225, -8.069927515162007], [-34.92132260703252, -8.069994732947418], [-34.92135869974566, -8.069985843881435], [-34.92137543657889, -8.069980224338682], [-34.921395438355866, -8.069973507310413], [-34.92144493534351, -8.069961721996922], [-34.92146076655115, -8.069957952793482], [-34.92148140984364, -8.070023644378487], [-34.92155841728703, -8.070005830924416], [-34.92156227192229, -8.070015305465049], [-34.921607128421314, -8.070005692674368], [-34.921617816696696, -8.07000238788404], [-34.9216231047886, -8.070001160660254], [-34.92169105080223, -8.069985395829693], [-34.9216512678554, -8.069804235301191], [-34.921626176072216, -8.069689975882493], [-34.921609066301244, -8.069585002566601], [-34.92158021709193, -8.06945533931195], [-34.921568647487874, -8.069337017749197], [-34.92155686434314, -8.069216503031484], [-34.921482818758626, -8.068906418787293], [-34.92146561102616, -8.06883732354769], [-34.92144420457251, -8.068751389993801], [-34.92143961396054, -8.06873454900051], [-34.92138999428681, -8.068552530485398], [-34.921377586480034, -8.068499068326107], [-34.92136424511157, -8.068440005370775], [-34.92136476903152, -8.06843992335484], [-34.92135741568576, -8.068416426068424], [-34.92138859202398, -8.068377450364629], [-34.92146793242409, -8.068278265120053], [-34.92149589765185, -8.06824947877926], [-34.921496852727, -8.068248496103662], [-34.92152636159657, -8.068218121315656], [-34.92153280600605, -8.068215119425226], [-34.9215780028715, -8.068194069623965], [-34.921718299110026, -8.068128726557998], [-34.92181001528275, -8.068068951756041], [-34.921843522336, -8.068042353432961], [-34.921894137607275, -8.068002172665379], [-34.92205612269619, -8.067877540690592], [-34.92219324255203, -8.06782055869735], [-34.92237130132496, -8.067735458052788], [-34.922358106776976, -8.067692699190385], [-34.92228676260273, -8.067566698949737], [-34.92227213244063, -8.067543008024966], [-34.92220075773783, -8.067427426289466], [-34.92217678366613, -8.06738860366562], [-34.92194305374271, -8.067517761800467], [-34.92195081539957, -8.067534947719663], [-34.92193361683087, -8.067552250792454], [-34.92194516392203, -8.067557937378092], [-34.921880100819145, -8.067604169021328], [-34.921508697031264, -8.067833630421479], [-34.921371560872146, -8.067550771376185], [-34.921351713441794, -8.06749950210699], [-34.92115307868483, -8.067548709116474], [-34.92110714586585, -8.06756008795843], [-34.9211068755103, -8.067558927508744], [-34.921104891145504, -8.067529047665547], [-34.92104613044873, -8.06753897328523], [-34.92103867503684, -8.067554738919517], [-34.920981904759905, -8.067577391602251], [-34.92087908335498, -8.067605392662518], [-34.92060466259147, -8.067676316094758], [-34.92053969754137, -8.067693411928497], [-34.920431517098514, -8.067720499609724], [-34.92038735805795, -8.067730627880769], [-34.920226826384564, -8.06776801871356], [-34.92017577615529, -8.067780667257102], [-34.9201229027777, -8.067793729363734], [-34.920066992685896, -8.067807619359142], [-34.92001331001963, -8.067821036023894], [-34.91995729808825, -8.067835260986229], [-34.91990536505403, -8.067848450651686], [-34.91985398796513, -8.067861233589216], [-34.91979437934801, -8.067876996930877], [-34.91968894611786, -8.067902297788908], [-34.919635676287285, -8.067915551551275], [-34.91961555038656, -8.067921906530643], [-34.91959293365955, -8.067929048871168], [-34.91958089524835, -8.067887490451707], [-34.919532734684125, -8.067701523844612], [-34.91947419634028, -8.067504482292868], [-34.919392908422694, -8.067227778375562], [-34.91928345440669, -8.066855191451266], [-34.91922866261924, -8.066676006447741], [-34.91922075513575, -8.066676142952758], [-34.9190679405137, -8.066638959908383], [-34.91905885179097, -8.066636748672508], [-34.918816709627706, -8.06672521567726], [-34.918565776688716, -8.066821589991148], [-34.918561729263246, -8.066823144050545], [-34.9182681646076, -8.06689462478464], [-34.91822430756327, -8.066905512619922], [-34.918129171043, -8.06691679614267], [-34.91806654284915, -8.066938366591547], [-34.918062902588716, -8.066916233210232], [-34.91785606948256, -8.066961904189268], [-34.91784580962598, -8.066926397270754], [-34.91784440058371, -8.066921521932391], [-34.91778514757902, -8.066936717359367], [-34.91778595967601, -8.066940038698053], [-34.91759991572877, -8.067000376444378], [-34.91754844732493, -8.066773855043333], [-34.917351046433275, -8.066834961863503], [-34.91734775213986, -8.066824635713928], [-34.91708719745006, -8.066907071123012], [-34.91705857622005, -8.06678248602082], [-34.91704950130373, -8.066735662787458], [-34.9170437280238, -8.066737103767613], [-34.9170432121775, -8.066734856873946], [-34.916984605710525, -8.066479756950804], [-34.91694448519633, -8.066305117961628], [-34.91663380538769, -8.066371653735514], [-34.91660049863103, -8.06623020258652], [-34.91659858777582, -8.066229905051559], [-34.91659775565331, -8.066225603797127], [-34.916259063010244, -8.066173989067147], [-34.91625496630895, -8.066173364542303], [-34.916220622625616, -8.066170127762787], [-34.91621939625366, -8.066133737719747], [-34.916217902184684, -8.066089430238447], [-34.91621573426739, -8.066025121700598], [-34.91621447856396, -8.065949764856779], [-34.91621071141535, -8.065922814273007], [-34.91620478254628, -8.065880436921534], [-34.91620143787785, -8.065856518397233], [-34.91618856241524, -8.065763297380338], [-34.916183729646995, -8.065728304712932], [-34.91617867080244, -8.06570212681657], [-34.91615792878778, -8.065645461334572], [-34.916095200431236, -8.06566232718433], [-34.91592684787835, -8.065729610423611], [-34.91592605963127, -8.065730001050122], [-34.915843791359954, -8.065512252530365], [-34.91578113329126, -8.065538844821432], [-34.915777929805444, -8.065535077203503], [-34.915724858177796, -8.065561517064182], [-34.91568147573901, -8.065586700156084], [-34.915440328946524, -8.06568961651359], [-34.915473842295306, -8.06576079854498], [-34.91542651596906, -8.065785068877203], [-34.91541483649153, -8.065765884117846], [-34.91537519643416, -8.06578561264507], [-34.91515318504412, -8.065896102233012], [-34.91508923538253, -8.065913111979391], [-34.91504972016568, -8.065845868044432], [-34.91501078298579, -8.065862685785932], [-34.91500607140736, -8.065859585179052], [-34.91496244835991, -8.065882619472744], [-34.914970895530864, -8.06589923916365], [-34.914856448333616, -8.065949021341394], [-34.914631709919355, -8.066089774338147], [-34.91452544809922, -8.066184804561338], [-34.914501685695754, -8.066198706238321], [-34.914531296926725, -8.066267452984565], [-34.91457307526795, -8.066355494339255], [-34.91460825241255, -8.066347894863698], [-34.914630391324714, -8.066410555110943], [-34.91463835843211, -8.066433105001668], [-34.91467189900306, -8.066425471583635], [-34.91468738111733, -8.066481478296602], [-34.91470490265723, -8.066544860772265], [-34.91472418125727, -8.066614600545813], [-34.91476175107276, -8.066750509128324], [-34.91477985865362, -8.066816015213197], [-34.91479651278878, -8.06687626101476], [-34.914797275034296, -8.066879017558128], [-34.914812780278154, -8.066935110035258], [-34.91449763481642, -8.067062035043659], [-34.91445339021346, -8.06707870218766], [-34.914487609709674, -8.067194681907258], [-34.91421429090186, -8.06727521171873], [-34.91422466381498, -8.067303768727934], [-34.91424682011775, -8.0673452530161], [-34.91429204423982, -8.067429926005751], [-34.91433264126653, -8.06750593436835], [-34.91435053108003, -8.067575667996513], [-34.91432676820426, -8.067584860414161], [-34.91438997170527, -8.067758858563206], [-34.91416213891942, -8.067857389044507], [-34.91420480068676, -8.067962911788934], [-34.91367007961152, -8.068113420152978], [-34.913943569859, -8.068365821412742], [-34.91401575000453, -8.068444568836126], [-34.914023324152645, -8.068746737728949], [-34.91401852818916, -8.069201761262295], [-34.91424867173615, -8.069107967122804], [-34.91425686175654, -8.069104629898458], [-34.91425782145204, -8.06910423847173], [-34.91428548620992, -8.06918086416802], [-34.91430349546934, -8.069237981908135], [-34.91433426379164, -8.069348972836238], [-34.91435504715872, -8.069407276387524], [-34.91436565015721, -8.06945539805588], [-34.91437004373862, -8.06947533743862], [-34.914371850031536, -8.069475386852153], [-34.91438529607487, -8.069475755214196], [-34.914408981607544, -8.069554930877006], [-34.9144736336758, -8.069800081932678], [-34.914472312907925, -8.069799308806182], [-34.914472554235296, -8.069800086980822], [-34.91446675343749, -8.069803017058662], [-34.914466594608754, -8.069802228553502], [-34.91404697458112, -8.069987898408337], [-34.91407065521951, -8.070123653173761], [-34.914213762364156, -8.070063916067022], [-34.91440941264955, -8.070434492815773], [-34.914212924561426, -8.070741256617886], [-34.914215881060095, -8.070746696106765], [-34.914182993227335, -8.070804610566652], [-34.914225557365164, -8.070873301202345], [-34.91424087307173, -8.070863661865388], [-34.91430976241803, -8.070967757283771], [-34.91409901389904, -8.07105827777934], [-34.913992302075556, -8.0711099974597], [-34.9139880676968, -8.07204812766004], [-34.91382043224581, -8.072115946168276], [-34.913557594897625, -8.072216195569883], [-34.913305330157975, -8.072306486855208], [-34.913117509979465, -8.0723617471075], [-34.91283401667795, -8.072457088682178], [-34.91246088972411, -8.072553191621836], [-34.91228447848002, -8.072602365399279], [-34.91214792190429, -8.072641595314224], [-34.911334402973274, -8.072875298673333], [-34.91127012591103, -8.072893763371784], [-34.911273088957806, -8.072905999621312], [-34.91133654775474, -8.073134831407065], [-34.91127594510426, -8.073152653339601], [-34.911312938292774, -8.073303278686438], [-34.91107457090719, -8.07330846029641], [-34.91106129342187, -8.073306159078303], [-34.910966566183404, -8.073289744258798], [-34.910918801602755, -8.073285682045883], [-34.91075276063377, -8.073256853771404], [-34.91075189488054, -8.0732766523353], [-34.910495019067575, -8.073252042457845], [-34.91012208980382, -8.073172077554316], [-34.91002124755336, -8.073163937935641], [-34.909600471437535, -8.073104666618473], [-34.909512133880476, -8.072897451841643], [-34.90935406075615, -8.072530384403656], [-34.90933268164776, -8.072480737887002], [-34.90931258677327, -8.07241751804899], [-34.9092705737458, -8.072410435417579], [-34.908871638271386, -8.072333016075865], [-34.90834561413995, -8.072236831062645], [-34.908060693744346, -8.072077416397015], [-34.908026951435616, -8.072251712432728], [-34.90921644159492, -8.072456661557684], [-34.909256703206275, -8.072465917604326], [-34.90926797530503, -8.072484888385288], [-34.90932040773819, -8.072573124759618], [-34.90952543038672, -8.073058662596672], [-34.90954160997819, -8.07308341004902], [-34.90955779118817, -8.073111011630433], [-34.909603961682706, -8.073153438275138], [-34.909632415095565, -8.073173838649266], [-34.90966094021806, -8.0731867186619], [-34.90964869772515, -8.073535601672472], [-34.90970010614509, -8.073622072561301], [-34.90979417566513, -8.073848874197587], [-34.908989022407894, -8.074166265728595], [-34.908940936120054, -8.074443867691398], [-34.90893194019801, -8.07451243339963], [-34.90892971062104, -8.074543940582155], [-34.90895635077911, -8.07453112590104]]]]}}, {"type": "Feature", "properties": {"bairro": "Bongi", "CDTIPO": "ZEIS"}, "geometry": {"type": "MultiPolygon", "coordinates": [[[[-34.922333419491224, -8.061710361838928], [-34.92232824935417, -8.061687949123135], [-34.922117574865105, -8.061743666501677], [-34.9218958719865, -8.06180689853098], [-34.921888217601726, -8.061761486401931], [-34.92183411486695, -8.061772203748754], [-34.9218224990565, -8.061719455662734], [-34.92175991253942, -8.061730992088215], [-34.921773394570664, -8.061790728854751], [-34.921621110921926, -8.06182179867445], [-34.92164212977364, -8.0619564268478], [-34.92076950190365, -8.062107110904236], [-34.92071378924859, -8.062216687524016], [-34.92068262160185, -8.062296855696102], [-34.920682082978395, -8.062298241434565], [-34.920665873146405, -8.062339935875922], [-34.92065921539576, -8.0623861347775], [-34.920656463310635, -8.062396714345313], [-34.92058654578443, -8.06237371187734], [-34.92054924078403, -8.062326638688761], [-34.920487652192925, -8.062313438770994], [-34.92034168530576, -8.062326086349564], [-34.92024398327048, -8.062327637252691], [-34.920210649030935, -8.062306792125513], [-34.91982771740953, -8.06228978565722], [-34.91976113028635, -8.062288990168183], [-34.919648862841726, -8.062292809656975], [-34.91886946677379, -8.062478393872292], [-34.91870607987136, -8.062559169426887], [-34.91859240626668, -8.06264553520879], [-34.91852332342088, -8.062691071752509], [-34.91842531727368, -8.062789601528412], [-34.91835470972594, -8.06289367599751], [-34.918316513800946, -8.062951034070078], [-34.918296209568375, -8.063015543581725], [-34.918271011725075, -8.063184008826397], [-34.91829280519921, -8.063382899049438], [-34.918287028094035, -8.063516872884177], [-34.91828459949212, -8.063549329246024], [-34.918459207780735, -8.063471659094832], [-34.91902288435436, -8.06289254579822], [-34.919116100115545, -8.062810781573104], [-34.91981258539386, -8.062403270185024], [-34.92028195174386, -8.06245093239965], [-34.92027859238678, -8.062496414295046], [-34.92036313228164, -8.062501154046766], [-34.920301952483044, -8.063043487049223], [-34.92052052456164, -8.063079507345236], [-34.920650322069626, -8.06255774648715], [-34.9204721563197, -8.063282654239911], [-34.920455186197024, -8.063353927709255], [-34.9204187515394, -8.063507454413473], [-34.92036725558816, -8.063724443594687], [-34.92032637493891, -8.063923467236759], [-34.92031165031736, -8.063977539458243], [-34.92043355652901, -8.063924995318681], [-34.92047041671033, -8.063909108128799], [-34.92052735674483, -8.063875040152201], [-34.920622031841006, -8.063883224656998], [-34.920767295534056, -8.063896177735096], [-34.920775332638144, -8.063819357240165], [-34.92091894597539, -8.063838776618324], [-34.920945929682865, -8.0637310433266], [-34.92106179832232, -8.063749454541936], [-34.92108734453521, -8.063613537563441], [-34.921229744699346, -8.063634238164727], [-34.92135949218225, -8.063665203996358], [-34.92137053770928, -8.063564688438198], [-34.921555579001605, -8.063564538384545], [-34.92161821889067, -8.06356424457294], [-34.92180544348268, -8.063447876220277], [-34.92181482105711, -8.063478614588469], [-34.92186674914484, -8.063623548647277], [-34.921895963543456, -8.063705088038486], [-34.92196005540043, -8.063883150353108], [-34.92202164280914, -8.064051028400263], [-34.92204155871933, -8.064105314192217], [-34.92224539225838, -8.064030417392814], [-34.92247231669766, -8.06395167385793], [-34.92267991076469, -8.06387963775729], [-34.92281479175722, -8.06382943688969], [-34.92305065357968, -8.063737654370502], [-34.923197258939915, -8.063680604352186], [-34.923489766637395, -8.063572288948482], [-34.92345760518315, -8.063515392877507], [-34.923404792571304, -8.063398945702652], [-34.92337990062707, -8.063338217535193], [-34.92332959277305, -8.06321548259717], [-34.923278751324204, -8.0629748399551], [-34.92326219082637, -8.062918087588812], [-34.923345750367154, -8.062889095402172], [-34.92332279388632, -8.062818508403236], [-34.92329941122198, -8.06274891063486], [-34.923276311932355, -8.062680155020733], [-34.92325480340496, -8.062616137346442], [-34.92323485938083, -8.06255379658913], [-34.92319968966723, -8.062447846738445], [-34.9231708334107, -8.062360917597289], [-34.92315361204342, -8.06230903668043], [-34.92314185570698, -8.062273622876667], [-34.92311320100213, -8.06218730030739], [-34.92308985683476, -8.062116998969191], [-34.92306285897681, -8.06203634339912], [-34.92304143085455, -8.061972621850552], [-34.92301426645556, -8.061891845909924], [-34.923000226299564, -8.061849947142614], [-34.92299395871734, -8.061831795005041], [-34.922992201338374, -8.061832106112428], [-34.92299008323576, -8.06183248038874], [-34.92299747193741, -8.061821631348021], [-34.922955043065, -8.061697850379865], [-34.92286853193172, -8.061691107040568], [-34.92285131399969, -8.061602683968546], [-34.922333419491224, -8.061710361838928]]], [[[-34.91963241183125, -8.059198876303945], [-34.91926911135309, -8.059292484513744], [-34.919696955249314, -8.060760877767587], [-34.91988102671427, -8.06070399801456], [-34.92005587820769, -8.060655528476817], [-34.91994794441491, -8.060303529663516], [-34.919888711584, -8.060103886561052], [-34.91997165357527, -8.0600618804473], [-34.92049818514604, -8.059907571008372], [-34.92040030732807, -8.059554998159655], [-34.920249504144316, -8.059089556105835], [-34.92023503780709, -8.059044905375735], [-34.92033692691168, -8.059020240789334], [-34.92054363734999, -8.058966804220434], [-34.92087205603708, -8.05888013712371], [-34.92089578711104, -8.05896452851836], [-34.9209183568597, -8.059033865500012], [-34.92093026954274, -8.059074227537065], [-34.92093581581595, -8.059075071252128], [-34.92100931908951, -8.059055335575485], [-34.921186912780165, -8.059007652083684], [-34.92122216915195, -8.058998185858007], [-34.92144974513931, -8.058937082265583], [-34.92149954807882, -8.059115531021549], [-34.92153815813124, -8.059106681889592], [-34.921585854605844, -8.059095750596445], [-34.92154108542836, -8.058915844421477], [-34.92170767529425, -8.058871661306329], [-34.92172746759804, -8.058866411754313], [-34.92194689696274, -8.058808214696414], [-34.92190495704744, -8.058645253694023], [-34.922008498012545, -8.058610286453977], [-34.922180863979925, -8.05855207672587], [-34.92230048089402, -8.058511680194687], [-34.92232767382131, -8.058503497497117], [-34.92234684681897, -8.058497727374203], [-34.92238615115357, -8.058485900565003], [-34.92248378515515, -8.058456519991736], [-34.92262293359317, -8.058414646760408], [-34.922676617414716, -8.058398491649262], [-34.922818264889294, -8.058355866214237], [-34.92283465798536, -8.058350933613807], [-34.92283611088223, -8.058350496466193], [-34.92312422543884, -8.058263795337854], [-34.923115533891384, -8.058234817590822], [-34.923107906777226, -8.058209386902004], [-34.923108103336524, -8.058209328120059], [-34.92309149114597, -8.058153843419744], [-34.9230481271538, -8.058009011185982], [-34.92301146759517, -8.057887261597218], [-34.92292009634036, -8.05758892721419], [-34.92289406136688, -8.057505566596022], [-34.922570969702065, -8.056464412684338], [-34.92240626360654, -8.055887920582059], [-34.92249572229276, -8.055864658280433], [-34.922511753359615, -8.055860490439022], [-34.923256714831574, -8.055666769286663], [-34.923257005646775, -8.055666693789773], [-34.92355435918979, -8.055576261815544], [-34.92368918296516, -8.055535258571217], [-34.92394600916864, -8.055457152567364], [-34.923035304334064, -8.053822905415334], [-34.92246738705682, -8.054145322186846], [-34.922449264046215, -8.05413001188652], [-34.92231645783885, -8.054065475092202], [-34.92228399960661, -8.054017515821371], [-34.92185294917229, -8.05338061066651], [-34.92167779040611, -8.053492085670085], [-34.920595023749335, -8.054181179933476], [-34.92032224427665, -8.054227306798524], [-34.92076296791187, -8.05500062309489], [-34.9214087685861, -8.05468048580598], [-34.92181479055766, -8.055533722824245], [-34.921835294203525, -8.055581227345872], [-34.92204240369654, -8.055528589587478], [-34.92216909414818, -8.055906871322675], [-34.922181568990744, -8.055944119813308], [-34.922177002704814, -8.05594526134949], [-34.92206011761808, -8.055974495996043], [-34.92194941782669, -8.05600218279992], [-34.92185612541826, -8.05602633809526], [-34.92177843149068, -8.056046728082126], [-34.92162489989631, -8.056087018357461], [-34.92152582806422, -8.056113017833365], [-34.92139580780719, -8.056147138838762], [-34.92127423557076, -8.056179042341103], [-34.92127141858517, -8.056178165944067], [-34.92059207395152, -8.056360824566118], [-34.92059197321561, -8.056362352901841], [-34.92049373049732, -8.056389747761905], [-34.92036201788205, -8.056426475582473], [-34.92022656572302, -8.05646424608481], [-34.92008520893911, -8.056503662468886], [-34.9199135963096, -8.05655151615348], [-34.91973222084436, -8.056602091508381], [-34.919620181306655, -8.056634306147965], [-34.9193588201465, -8.056711231334546], [-34.91930078848212, -8.056728311309271], [-34.919177595383616, -8.05676456948817], [-34.91922181590311, -8.056923443083857], [-34.91925462363326, -8.057042101355556], [-34.91929461034506, -8.057189889248058], [-34.919335031920724, -8.057339287035921], [-34.91938429196307, -8.05753156377856], [-34.91939015904075, -8.057554673066225], [-34.91943623863278, -8.057719559847646], [-34.91949834695745, -8.057935937451445], [-34.919551651844486, -8.058124353836229], [-34.91956946812245, -8.058187328731016], [-34.91961068986088, -8.058340539641627], [-34.91966647523042, -8.05854788988854], [-34.91973197217272, -8.058785111844902], [-34.919793411463445, -8.059007635553389], [-34.91980265652118, -8.059041118480291], [-34.91982993492575, -8.059139918579968], [-34.91983191534804, -8.059147090266729], [-34.91963241183125, -8.059198876303945]]]]}}, {"type": "Feature", "properties": {"bairro": "Curado", "CDTIPO": "ZEIS"}, "geometry": {"type": "Polygon", "coordinates": [[[-34.953533794913945, -8.072299811059654], [-34.9533938154023, -8.072584324614635], [-34.95331380745585, -8.072751376960449], [-34.953122354886936, -8.073083394187213], [-34.95309030065716, -8.073186457226244], [-34.953008075272884, -8.073359113469456], [-34.95285008257181, -8.073647345423243], [-34.95273455701029, -8.073897342455426], [-34.95258318529205, -8.07416205301153], [-34.95231412930862, -8.074694668239923], [-34.95214390643618, -8.075039790355046], [-34.95189219345684, -8.075494245888502], [-34.95190213267855, -8.076436286112909], [-34.95191252334054, -8.077420999553643], [-34.95192791861007, -8.07887994172145], [-34.951928034867805, -8.07889091988196], [-34.95207054176066, -8.078974765950326], [-34.95214689083455, -8.079019686854066], [-34.95222652570815, -8.07906654026764], [-34.954456083132946, -8.080378313086635], [-34.95455097582765, -8.080434143353644], [-34.95469315434863, -8.080517793640025], [-34.95516124985887, -8.080825472929797], [-34.95601200609625, -8.081359328353289], [-34.95712024782623, -8.081988005876603], [-34.95719774256834, -8.082032341494324], [-34.95699649045603, -8.082411763118937], [-34.95693393816768, -8.082507344077873], [-34.95708552233281, -8.08285093338972], [-34.9564466783025, -8.083297919853399], [-34.95616722862066, -8.083474662437292], [-34.95548713058135, -8.0839283417692], [-34.95507130288048, -8.08421184655091], [-34.95419195675011, -8.08480290484945], [-34.95377831092622, -8.085088563471754], [-34.95374954375508, -8.085060033810425], [-34.95374950758835, -8.08506005839252], [-34.9533435881297, -8.084492514970728], [-34.95337987756249, -8.084020709262115], [-34.95340453495345, -8.083726082066995], [-34.95344248343526, -8.083032939614231], [-34.952702336431685, -8.082262477513414], [-34.95255065084489, -8.082098290944922], [-34.952487760131056, -8.082039621469116], [-34.95223036658398, -8.081750253999124], [-34.95221556216895, -8.081734927925705], [-34.95188570277385, -8.081119845432964], [-34.95160990556609, -8.08054411416468], [-34.951301295196586, -8.079996687451311], [-34.95127728541132, -8.079898281956442], [-34.95102579376325, -8.079481943556322], [-34.950411728396745, -8.078063363292017], [-34.95036799605823, -8.077949352972178], [-34.95028882184977, -8.077956046211614], [-34.95015461625834, -8.077904066237226], [-34.94935040726877, -8.077498403737758], [-34.949154446119515, -8.077463713773188], [-34.94862708012153, -8.077496429135435], [-34.94862354186325, -8.077456987089356], [-34.948608924866704, -8.077294020135138], [-34.94860736948165, -8.077276687035228], [-34.948679574755744, -8.077275000507983], [-34.94872470332679, -8.077264360028359], [-34.948851093251434, -8.077243039781523], [-34.94892645371005, -8.07721569400778], [-34.948945986667255, -8.077198702502086], [-34.948974665967015, -8.077173757008968], [-34.94900146871285, -8.077121450463904], [-34.949083754141554, -8.077113414637088], [-34.94916357873367, -8.077125264163515], [-34.94922607029036, -8.077147899278701], [-34.94929886418655, -8.077186281675136], [-34.94934342217597, -8.077201357628143], [-34.94938381918173, -8.077201674970865], [-34.94943546012339, -8.077200918953578], [-34.94947691365563, -8.077208365980468], [-34.94950614497337, -8.077226062568208], [-34.94953653064614, -8.077271272802879], [-34.94957547600489, -8.077288923080427], [-34.94961599774092, -8.07731522930892], [-34.949649801395445, -8.077326789122452], [-34.949702455763, -8.077323990517973], [-34.949774524424285, -8.07731804096834], [-34.949828183955034, -8.077311670192417], [-34.94988247737831, -8.07733077600743], [-34.94996442821635, -8.077359433183284], [-34.95002631526595, -8.077362704577022], [-34.950140491853176, -8.077393755663062], [-34.95023565384945, -8.07740502285015], [-34.95032572949025, -8.077421920253888], [-34.950397351054484, -8.077429222412002], [-34.950471594867835, -8.077450272523913], [-34.950519777229026, -8.077474503489332], [-34.95058273551516, -8.07748796279402], [-34.950658501897024, -8.07750645619821], [-34.95072037916469, -8.077507689809169], [-34.95075624700744, -8.077523316917715], [-34.950772161653965, -8.077535465505813], [-34.95083302129204, -8.077566007668496], [-34.950862429020624, -8.077567536260345], [-34.95088442698066, -8.077549320594555], [-34.950885699828234, -8.077541045223192], [-34.950894629067164, -8.077483926651938], [-34.95091121153333, -8.077423205116885], [-34.9509310477693, -8.077401197349126], [-34.95097800870235, -8.077384156292402], [-34.951069948700024, -8.07736333330228], [-34.951123571459455, -8.077349317931171], [-34.9511691820559, -8.077370503602797], [-34.95119781372132, -8.077369858031798], [-34.95122630985234, -8.077341184098982], [-34.9512496520091, -8.077303871292303], [-34.951319050263564, -8.077273983357271], [-34.9513419297662, -8.077246864956381], [-34.95135931504614, -8.077246782010151], [-34.95141003799306, -8.077267943263228], [-34.951431968636534, -8.077256117686662], [-34.95145632571932, -8.077217272195524], [-34.95147500498557, -8.077167241832022], [-34.95149599191929, -8.077144966383305], [-34.95151214321599, -8.077127824571493], [-34.951549356422916, -8.077104205132391], [-34.951617284375224, -8.077087573853431], [-34.951741473514026, -8.077074241454625], [-34.95174184272498, -8.077057629681509], [-34.95174108395539, -8.076666125940406], [-34.9517322271945, -8.076224324530694], [-34.95172019134047, -8.075902853057848], [-34.95171677605371, -8.075811636782891], [-34.95172259685354, -8.075621448642632], [-34.95174449109105, -8.07550612911782], [-34.95176532682763, -8.075404237899129], [-34.951993265922106, -8.07495683168506], [-34.95208773079849, -8.074761745596552], [-34.952278899988166, -8.074370444423858], [-34.952383460537895, -8.074174191850743], [-34.95256030756784, -8.073838888611022], [-34.95266542930942, -8.073615999299532], [-34.952856058682585, -8.073264134171598], [-34.952974956440286, -8.0730069149281], [-34.95310263584904, -8.072809001549416], [-34.95324864511751, -8.072504478975219], [-34.95336404741272, -8.072228754351231], [-34.953533794913945, -8.072299811059654]]]}}, {"type": "Feature", "properties": {"bairro": "Santo Amaro", "CDTIPO": "ZEIS"}, "geometry": {"type": "Polygon", "coordinates": [[[-34.877268589335635, -8.044758008612982], [-34.87726420728825, -8.044730225356474], [-34.87700411137578, -8.04434599614694], [-34.87667634512129, -8.044569955878876], [-34.876495820878304, -8.04429688404463], [-34.87647915745759, -8.044321829740593], [-34.876454395502066, -8.04436310675426], [-34.87643015140947, -8.044404170749427], [-34.876403531162865, -8.044436445245703], [-34.87636199066254, -8.04447587051535], [-34.876310605987946, -8.044527987999903], [-34.876257064751215, -8.04457882882273], [-34.87619710372915, -8.044632936500587], [-34.876037189507876, -8.04475692187944], [-34.87584450438635, -8.044510487135966], [-34.87562999195934, -8.044185798541939], [-34.875518591495876, -8.044099225004178], [-34.87531628901311, -8.043945860502431], [-34.87575655086899, -8.043260174622597], [-34.87580725303746, -8.043188448938125], [-34.87585276414107, -8.04312405106084], [-34.87603135821543, -8.042885461971414], [-34.87611669109341, -8.042775399499398], [-34.87612713301302, -8.042761921626262], [-34.8762705650709, -8.04257678798563], [-34.87635837622646, -8.042463433247622], [-34.87646743136362, -8.042322754947959], [-34.87649286007354, -8.04228998867407], [-34.87651454753336, -8.04225238275087], [-34.87660508801992, -8.04211735094891], [-34.876685624555414, -8.04199655806508], [-34.876710679657684, -8.041961455530924], [-34.87675544074647, -8.041891817351392], [-34.87682382267274, -8.041790789931852], [-34.87690994746103, -8.04166228768734], [-34.876743484270634, -8.041339092282032], [-34.87672616430875, -8.041305475286675], [-34.87672065017782, -8.041309998297603], [-34.87654561306016, -8.041453575450905], [-34.87651262131483, -8.041478859708599], [-34.87645737683157, -8.041517445248656], [-34.87641362360466, -8.041549830518095], [-34.87638035224467, -8.041573488693984], [-34.87634365321169, -8.041601321313419], [-34.87631454201461, -8.04162150507208], [-34.87629744926699, -8.04163335613512], [-34.87620939935291, -8.04169830994691], [-34.87610498499473, -8.041774910770286], [-34.87589099302606, -8.041929672887049], [-34.87568658737083, -8.04207824337578], [-34.87560948201582, -8.042134327775356], [-34.87401606402233, -8.04328441009963], [-34.873938804941055, -8.043184296123897], [-34.87552105006025, -8.042031353997013], [-34.8754465171155, -8.041921061447859], [-34.87535567676664, -8.04178547470523], [-34.875316699423756, -8.041726539061909], [-34.87524974687327, -8.041625302417799], [-34.87516564655782, -8.041498874856995], [-34.87510525734232, -8.041409614460273], [-34.87508551550819, -8.041377157513145], [-34.87506184908526, -8.041342790968969], [-34.87496488236036, -8.041197264503666], [-34.874888781560834, -8.041083052494933], [-34.874855576005814, -8.041023121254028], [-34.874823341814164, -8.040964941308495], [-34.87474463235235, -8.04082288177116], [-34.87472962717218, -8.040794742786803], [-34.87462093246869, -8.040591186737764], [-34.87459540613771, -8.040543477100924], [-34.87458359807505, -8.040520205578776], [-34.87455697914355, -8.04047159683751], [-34.87455339971503, -8.04046248190767], [-34.874527718845776, -8.040415287392488], [-34.87449686577587, -8.04035858922127], [-34.87447518105262, -8.04031782349979], [-34.874439862983316, -8.040251353543143], [-34.87436240369348, -8.040105721545963], [-34.87432942612587, -8.040043646501823], [-34.874291158227, -8.039972215699537], [-34.87426126155648, -8.039915577321642], [-34.87424567050258, -8.039911738275004], [-34.87415456059317, -8.039889303125396], [-34.87399509915866, -8.03984997949058], [-34.87392372303906, -8.039832404143842], [-34.873873323793525, -8.03981997680926], [-34.873834002980686, -8.0398102111995], [-34.87377647091139, -8.039796080537801], [-34.87374092353183, -8.039787310285147], [-34.873691160055834, -8.039775060843397], [-34.873675813107496, -8.039771243261608], [-34.873660209581146, -8.03979057144672], [-34.87364931936447, -8.039755996429443], [-34.87363885441448, -8.039722771984547], [-34.87362024579051, -8.039696258637147], [-34.87358396861028, -8.039716619535001], [-34.873489158752456, -8.039775982896048], [-34.8733623175316, -8.039856672314746], [-34.87331817334027, -8.039888893606397], [-34.87310342131373, -8.04011316842229], [-34.872936959778606, -8.040259218475754], [-34.87291659944881, -8.04022871611285], [-34.872899215100304, -8.040191073270181], [-34.87280115774305, -8.039922288805583], [-34.872778334208036, -8.039854698476857], [-34.87274171679619, -8.039766521687373], [-34.872621559771915, -8.039530720381155], [-34.87251879439254, -8.039284308045751], [-34.87247676340786, -8.039185578065364], [-34.872454497000305, -8.039146280350382], [-34.87244963477377, -8.039137700124758], [-34.87246471734465, -8.039126798629495], [-34.87255670716853, -8.039060307880945], [-34.872622616420315, -8.039012668646736], [-34.872655771293395, -8.038988704816614], [-34.87275892041565, -8.03891345863608], [-34.872787339054305, -8.038890191737156], [-34.87279724057703, -8.038882085775677], [-34.87285851433442, -8.038815987215388], [-34.872900873241846, -8.03877029329662], [-34.87303843981696, -8.038628403698457], [-34.873145640006186, -8.038517834426798], [-34.873184051472485, -8.038478699549188], [-34.87319801815757, -8.038462032341492], [-34.87323073008051, -8.038422996673518], [-34.873275418456, -8.038357383235354], [-34.873286789094486, -8.038333594621346], [-34.87340002449745, -8.038096662628712], [-34.873442827802776, -8.03800710130773], [-34.87349794775799, -8.0379121298392], [-34.87350582666476, -8.037899712462671], [-34.87353028289435, -8.037871054454376], [-34.873544730645584, -8.03785980142824], [-34.87356002528769, -8.037847889078488], [-34.87358889142753, -8.037833612148694], [-34.873593838202844, -8.037831165741705], [-34.873630336073234, -8.037821569728312], [-34.873668025856446, -8.037819492080798], [-34.87369902605374, -8.037821959934773], [-34.87372283418901, -8.037830957338707], [-34.873762815612615, -8.037852288674214], [-34.873957225010635, -8.037986003416911], [-34.874077562611134, -8.03806037895188], [-34.87414066730285, -8.038099381826397], [-34.874342156032945, -8.038199793696124], [-34.874435179968415, -8.038242888456876], [-34.87515987221904, -8.038578614191103], [-34.87554507272872, -8.038757062966067], [-34.875998747482534, -8.038967234024883], [-34.87620337044558, -8.039065190342887], [-34.87647784507721, -8.039196585152544], [-34.87681849795893, -8.039359660344417], [-34.87709706499693, -8.039487770403323], [-34.87729780835618, -8.039580091445472], [-34.87747874858736, -8.03966330380583], [-34.877660717857374, -8.039746990531125], [-34.87817117745392, -8.039982175534414], [-34.878225185207945, -8.04000705854699], [-34.87882145342828, -8.040291844289577], [-34.878981459408834, -8.040356799594614], [-34.8791534792688, -8.040433523472332], [-34.87959580421252, -8.040635422241605], [-34.88015027932019, -8.040895056307802], [-34.8805129728627, -8.041062118767481], [-34.88069551125715, -8.041145081604704], [-34.88082804147739, -8.041204850349807], [-34.881129062979255, -8.041352204347797], [-34.88152871817141, -8.041543235442829], [-34.88207261377218, -8.041795073702957], [-34.88235884167274, -8.041928058910004], [-34.88266651340071, -8.042071006203361], [-34.88292628081147, -8.042193215318017], [-34.88297994603337, -8.042218462581042], [-34.8829955592159, -8.042225895781607], [-34.882531076024414, -8.042547480204776], [-34.88246725414205, -8.042506857618354], [-34.881905730968256, -8.04225594804921], [-34.881880679526624, -8.04225397259094], [-34.881817072036554, -8.042251556290564], [-34.88179759799814, -8.042277869303774], [-34.88172664949609, -8.042427274707956], [-34.88165424597328, -8.042585129091737], [-34.881603712429815, -8.04268056221524], [-34.88156293469489, -8.042757570662003], [-34.88144261031344, -8.043001522397525], [-34.88134753143325, -8.043194534614864], [-34.88129575254161, -8.043299646208157], [-34.88119100041136, -8.043483384358193], [-34.88115101397195, -8.043542591415234], [-34.881129179877185, -8.043567775182071], [-34.881122785068044, -8.043584702669808], [-34.88111727629405, -8.043593330242935], [-34.88110869385629, -8.043603815318246], [-34.881096120153735, -8.043618005521806], [-34.8810678980657, -8.04364762956337], [-34.88103078139702, -8.043687126236449], [-34.880977081725646, -8.043740216697483], [-34.88092794528859, -8.043780075807113], [-34.880843470791355, -8.043844060363321], [-34.880790300054905, -8.04387810028116], [-34.880767850289125, -8.043889570123275], [-34.88072573959906, -8.043915570911643], [-34.8806307806974, -8.043978682193988], [-34.880496898127326, -8.044063976163661], [-34.88042503252473, -8.044110406216259], [-34.88036730055189, -8.044147705404129], [-34.88028497666899, -8.044200892522868], [-34.88020640296235, -8.044255535209048], [-34.88018996248797, -8.044274477780434], [-34.88008407994609, -8.044352049158984], [-34.880162864905586, -8.044455017823593], [-34.880250468096506, -8.04458447005332], [-34.88028870403447, -8.044637022859149], [-34.88032612956024, -8.044687519870637], [-34.88042018751935, -8.044821676256047], [-34.880355841626816, -8.044880543705242], [-34.88031549278566, -8.044915690244528], [-34.8802622298926, -8.044957916117301], [-34.88024735737619, -8.044969500422642], [-34.87994982829195, -8.045201261854247], [-34.879689085698246, -8.04540436799461], [-34.878872346058834, -8.04604056658933], [-34.878752777765435, -8.046133703626753], [-34.878727677526584, -8.046153290630716], [-34.878652890172035, -8.046211651490859], [-34.87850757309302, -8.046095176189281], [-34.87850673524884, -8.046096225143065], [-34.8783048399995, -8.045936776262918], [-34.878047372973874, -8.045733438675057], [-34.878040587848076, -8.045728079566649], [-34.877836551333395, -8.045930743695974], [-34.877643169997164, -8.046126890318234], [-34.87763525110074, -8.046138099200405], [-34.87763180803332, -8.0461477976826], [-34.8776293766791, -8.04616071821216], [-34.87762542878064, -8.046168929977506], [-34.87762122891391, -8.04617639702625], [-34.87761727415595, -8.046183118893188], [-34.87761084461115, -8.046193327375827], [-34.87759300280375, -8.046213518506162], [-34.87757481773917, -8.046236779665788], [-34.87748465775861, -8.046322697514347], [-34.877137030667015, -8.046646123811314], [-34.87697418547855, -8.046752785443593], [-34.87689452943075, -8.046812333687834], [-34.8766212541414, -8.046419270365444], [-34.87705654559113, -8.046091960222403], [-34.8768560518161, -8.04581061367906], [-34.877501849406535, -8.045312381320587], [-34.87740878136937, -8.045241013591896], [-34.87701135249355, -8.044925541449164], [-34.87702584141682, -8.044915136111669], [-34.87706711847015, -8.044885490556071], [-34.877268589335635, -8.044758008612982]]]}}, {"type": "Feature", "properties": {"bairro": "Prado", "CDTIPO": "ZEIS"}, "geometry": {"type": "Polygon", "coordinates": [[[-34.91551492822771, -8.054557516010584], [-34.915442276708234, -8.054328313434993], [-34.915485435975555, -8.054319739329372], [-34.915476777967484, -8.05426476384492], [-34.915704508153176, -8.05423336162908], [-34.91562212024734, -8.053963489138546], [-34.915964463584416, -8.05386373314913], [-34.91613388706258, -8.054475846339107], [-34.91615985699479, -8.054558067137004], [-34.91624507245307, -8.054827863810617], [-34.91631090346491, -8.055043600314173], [-34.916435595463064, -8.055461511403978], [-34.916453158102065, -8.05552065182285], [-34.91656661369822, -8.05548418324869], [-34.91684422462488, -8.05539495015885], [-34.9169830835548, -8.055346673203298], [-34.91700720143108, -8.055338288281607], [-34.91714579565028, -8.055288898711096], [-34.917175437354786, -8.05527833538273], [-34.91719334480924, -8.055271953959858], [-34.917238573405484, -8.055397962392872], [-34.91731543015174, -8.055627281214356], [-34.91738471375261, -8.055791456075179], [-34.917453100074944, -8.055985639151702], [-34.91749831913471, -8.05610957815965], [-34.91754777355148, -8.05625108499118], [-34.91765718867034, -8.056560948962415], [-34.91768036095622, -8.056632227204846], [-34.91784849568716, -8.057152500133984], [-34.917717842002325, -8.057190410199363], [-34.917613156159305, -8.057220785456334], [-34.917516887382796, -8.057248904561265], [-34.91739846777496, -8.057284572199364], [-34.91728884797424, -8.057317588625843], [-34.917185065122105, -8.057348847355238], [-34.91701196412393, -8.057400984065051], [-34.9169109438999, -8.057431409831539], [-34.916744132682574, -8.057481651952504], [-34.916651188523275, -8.057509645946379], [-34.91646907915057, -8.05756449517571], [-34.916425886955004, -8.05757750494786], [-34.91630403185027, -8.057613342062831], [-34.916119679476076, -8.057665372826886], [-34.915883868403604, -8.057731929113904], [-34.91577924260844, -8.057761458384178], [-34.915617395808255, -8.057807138508283], [-34.915364152594265, -8.057878613634717], [-34.915178912553195, -8.057931564897912], [-34.91496669912898, -8.057993925018287], [-34.914943269721995, -8.058000810422275], [-34.9147722762112, -8.0580510569187], [-34.91458445132893, -8.058106251252388], [-34.91444562753811, -8.058147044563835], [-34.91426908340022, -8.058199607699127], [-34.914250790662955, -8.058122718343022], [-34.91420224131879, -8.057866977212312], [-34.91435511837624, -8.057821901819327], [-34.91435908500926, -8.057820732422552], [-34.914346790848754, -8.05776796352837], [-34.914343898451456, -8.057745450456776], [-34.91431617389949, -8.057623799699455], [-34.914283805297075, -8.05747691195788], [-34.91425334899411, -8.057351665819425], [-34.91424041532384, -8.057295797150504], [-34.91423301310974, -8.057261553195076], [-34.91420787422631, -8.057167966973676], [-34.91420617915785, -8.057160884308281], [-34.91420194680035, -8.05714392211717], [-34.914178444160434, -8.057049723431627], [-34.91415127453957, -8.056947106033489], [-34.914125327033425, -8.056842226378931], [-34.91412450501377, -8.056838902354144], [-34.91412436539587, -8.056838338869547], [-34.914098626349926, -8.056735928141391], [-34.91408963732067, -8.05670025683444], [-34.914067082187614, -8.056620048628561], [-34.914029003474255, -8.056413650288544], [-34.9140185143354, -8.056369718306147], [-34.91401105052467, -8.056332778703386], [-34.91351501886789, -8.056450642389041], [-34.91307686317661, -8.05654897710885], [-34.912924390645145, -8.056586278716342], [-34.912674260429824, -8.056633422751107], [-34.91267139264579, -8.056626364528425], [-34.91264630940846, -8.05656462989378], [-34.912646771375904, -8.056564685599032], [-34.91268788524946, -8.056461404128473], [-34.912720201023255, -8.056404422017934], [-34.912754326385766, -8.056347432369401], [-34.91279825940084, -8.056258823386532], [-34.912846177484994, -8.056178963439331], [-34.912882377018356, -8.056153587416107], [-34.91290898984284, -8.05612343744515], [-34.9129226756655, -8.056107933066409], [-34.91284606251526, -8.056013670980589], [-34.91284906610058, -8.056007346592482], [-34.91291241722585, -8.055920139638493], [-34.91296034302311, -8.055849272393436], [-34.91296108016479, -8.055832980408603], [-34.91296169650993, -8.055819359596462], [-34.912910251534754, -8.05571181419616], [-34.91287800806614, -8.05565321662649], [-34.91280417212527, -8.055505554679677], [-34.91276870507634, -8.055430762235513], [-34.91277642585517, -8.05542722116102], [-34.91289901980104, -8.055358079571203], [-34.91288361867001, -8.055329340654144], [-34.9128216069715, -8.055213629267094], [-34.91287214289756, -8.055179377178996], [-34.913057159568915, -8.055239893841296], [-34.91316727788992, -8.055245408436466], [-34.913180480589304, -8.05523693903536], [-34.91318368926528, -8.055244155684322], [-34.913200075714244, -8.055237209244686], [-34.913296725268566, -8.055246882960077], [-34.91333491168934, -8.055246523984689], [-34.913334090506815, -8.055226187252725], [-34.91336793491726, -8.055228379011366], [-34.913377311031674, -8.055216131288963], [-34.91348669986209, -8.055195731462874], [-34.913586662887184, -8.055177002910137], [-34.91374377634812, -8.05514723480284], [-34.91398490057508, -8.055090190380266], [-34.91406497012482, -8.055235703812942], [-34.91505491340156, -8.055004998250457], [-34.91520899616423, -8.054969088903324], [-34.915179600810454, -8.054848188245245], [-34.915178564852624, -8.054843927707756], [-34.915142705833766, -8.054779209565055], [-34.91545075291675, -8.054693631491698], [-34.91539784981788, -8.05456368971254], [-34.91547442543281, -8.054560037665308], [-34.91551492822771, -8.054557516010584]]]}}, {"type": "Feature", "properties": {"bairro": "Tamarineira", "CDTIPO": "ZEIS"}, "geometry": {"type": "Polygon", "coordinates": [[[-34.90287989262641, -8.03059763526452], [-34.9028767016728, -8.030593930676709], [-34.90287579924509, -8.030594529730648], [-34.902705183531694, -8.030451266959695], [-34.90270451932318, -8.03045062633323], [-34.90258244531844, -8.030332889612728], [-34.902581859412116, -8.030332312812856], [-34.90246710508944, -8.030350931348025], [-34.902359292000924, -8.030411385314437], [-34.902263113674955, -8.030430012814064], [-34.902164991707046, -8.030429963924243], [-34.902121675419366, -8.030429942739376], [-34.90202741436498, -8.030424955098852], [-34.90198602741517, -8.030403905305075], [-34.90197913852983, -8.030400401333955], [-34.90197776911087, -8.03039654637483], [-34.90193688382218, -8.030442551082], [-34.90186068570434, -8.030323036116657], [-34.901801261944115, -8.030186105277195], [-34.90179620497673, -8.030169675450388], [-34.90175948350096, -8.030175452282963], [-34.9017476503355, -8.030118920215697], [-34.901705012588224, -8.029915223764593], [-34.901686863154694, -8.029919954600937], [-34.90165076376638, -8.029801530728069], [-34.90165242334788, -8.029760924792168], [-34.901648028363475, -8.029709957248265], [-34.90169613174706, -8.029673301669824], [-34.90227499128106, -8.029296118911097], [-34.9022790447955, -8.029301965785368], [-34.90229480135847, -8.029324692712596], [-34.9023788933117, -8.02944598467959], [-34.90249686722116, -8.02961614501909], [-34.90269468562971, -8.029866458942628], [-34.9027699837584, -8.029963699750512], [-34.90292733541674, -8.030170004232716], [-34.90302393923937, -8.03028289894218], [-34.90305025690732, -8.030306698912904], [-34.90318213295306, -8.030223568742734], [-34.90319944229616, -8.030253470372992], [-34.90323608488232, -8.030319376691045], [-34.903254020177606, -8.030351635046863], [-34.903271884961434, -8.030410429124263], [-34.90329108815916, -8.030451032516481], [-34.90336269618767, -8.030648051781187], [-34.903455753316926, -8.030852758518508], [-34.90344476743778, -8.030858618920885], [-34.90327882555796, -8.03094712966769], [-34.903248255146394, -8.030907055326933], [-34.90307539955461, -8.03076745739274], [-34.90296958324301, -8.030675681063027], [-34.902914929735104, -8.030628280310218], [-34.90287989262641, -8.03059763526452]]]}}, {"type": "Feature", "properties": {"bairro": "Torr\u00f5es", "CDTIPO": "ZEIS"}, "geometry": {"type": "MultiPolygon", "coordinates": [[[[-34.93599151456276, -8.052633677600435], [-34.93590151009822, -8.052950962348081], [-34.93577841173681, -8.05336800741041], [-34.93560201799453, -8.05397625192503], [-34.93559175663565, -8.054011634391623], [-34.935960280357165, -8.054137579992526], [-34.9363088003562, -8.054264027377119], [-34.936605570303215, -8.054402068263244], [-34.93661313200606, -8.054405585486725], [-34.93656172514957, -8.054475864332776], [-34.93646361318268, -8.054615374620411], [-34.9363480142758, -8.054780940919722], [-34.936292118470334, -8.054860998396292], [-34.936261114466575, -8.054908622954978], [-34.93620472969491, -8.055002416212501], [-34.93613856508654, -8.055112474360897], [-34.93611869469234, -8.05515347749933], [-34.93603328814354, -8.0553297128029], [-34.935947274268294, -8.055568267386871], [-34.935942356549404, -8.05558190565077], [-34.93538508579314, -8.055341646699466], [-34.93525921726663, -8.055763619365225], [-34.935247832045455, -8.055837194381068], [-34.93519102396841, -8.055925967557195], [-34.93518707158883, -8.055932593036431], [-34.93518644841234, -8.055936216713627], [-34.935185882605, -8.055939505620124], [-34.935187137211955, -8.055946405767552], [-34.93519523961696, -8.055958909470114], [-34.93520948036253, -8.055978707944147], [-34.93522755248826, -8.05600383310223], [-34.935249201873944, -8.056036737033038], [-34.93525930818388, -8.05605424244684], [-34.93526365983676, -8.056061778895621], [-34.93527467835806, -8.056079220335876], [-34.935212661680026, -8.056095215541948], [-34.9350878996651, -8.056168774155932], [-34.93507305386108, -8.056144003524029], [-34.93504861019354, -8.056101637378143], [-34.935048138264, -8.05610082053226], [-34.93502047062834, -8.056052866270484], [-34.93499066191688, -8.056001201022204], [-34.93487794095332, -8.055805831626929], [-34.934835284315994, -8.05573254233774], [-34.9347729432902, -8.055626201480091], [-34.93473409070492, -8.055559926860887], [-34.93468674810314, -8.055479168658204], [-34.93463777958537, -8.055395638149074], [-34.93460537504183, -8.055340363453563], [-34.934552954401774, -8.055250943024609], [-34.93454695359677, -8.055240706699896], [-34.93451537445969, -8.055187139472318], [-34.9344977910042, -8.055157361502465], [-34.93444888945481, -8.05507454393461], [-34.934412675549225, -8.055013213742487], [-34.93435079357488, -8.055049535817806], [-34.93426948064481, -8.055098339602294], [-34.934194866842404, -8.055143032684725], [-34.934136853298966, -8.055177215579077], [-34.934041304060244, -8.055233515994349], [-34.934015216827454, -8.055248441111434], [-34.933984613825714, -8.055259275883408], [-34.933969812099676, -8.055261918628197], [-34.93394878314813, -8.05525898108075], [-34.93392627393097, -8.055250326942868], [-34.933913614156026, -8.055241581152362], [-34.93387457195612, -8.0552153876643], [-34.93386206561504, -8.055195970590546], [-34.93384687634529, -8.055172388531078], [-34.933778260608, -8.055088989391933], [-34.93374928358203, -8.055051967571611], [-34.933743159214124, -8.055059073390776], [-34.933729060259, -8.055075430034771], [-34.93369076962447, -8.05511985231448], [-34.933597186940716, -8.055221846952598], [-34.933510546515066, -8.055315154330287], [-34.93341965135118, -8.055415228720381], [-34.93336941669932, -8.055472531317134], [-34.93326558117893, -8.055591525285532], [-34.93319073751492, -8.05567364990436], [-34.93313580207198, -8.055733377626257], [-34.93308478310059, -8.055788847767323], [-34.933059476865324, -8.05583590289174], [-34.93303290520261, -8.055875682721434], [-34.9329837815675, -8.055949224120477], [-34.93295224357558, -8.055996438803476], [-34.932858029460284, -8.056137484286204], [-34.93283891805349, -8.056166096410017], [-34.93280237797279, -8.056213979258933], [-34.9327611980286, -8.056267942051129], [-34.932690495896175, -8.05636059110311], [-34.93266659256542, -8.05639191447096], [-34.9325738774294, -8.056513409900932], [-34.93255364486153, -8.05653992266331], [-34.93250810181417, -8.056594838090248], [-34.93242515547162, -8.0566948559273], [-34.93234850896861, -8.056787278026198], [-34.93231765085255, -8.056824487017238], [-34.932280649275285, -8.056868612958581], [-34.93221080001133, -8.056947966531746], [-34.93217176398896, -8.056992314509042], [-34.93212679229658, -8.057043404876834], [-34.93202689476607, -8.05715689523677], [-34.931908076885854, -8.057292268808883], [-34.93181503144677, -8.05740024647029], [-34.93184168847358, -8.0574384636707], [-34.93186058702785, -8.057470890788478], [-34.93188694260102, -8.057516116739396], [-34.931931946177514, -8.057593341553108], [-34.93200069348956, -8.057711307830896], [-34.93202934255225, -8.057760243145143], [-34.93211488924072, -8.057906364775096], [-34.93216342389124, -8.057989266641256], [-34.932200880440405, -8.058053245491589], [-34.93225864599406, -8.05815191575854], [-34.932302274464824, -8.058226435716247], [-34.932372505761656, -8.058352188744744], [-34.932427963977105, -8.058454335991684], [-34.9326730802126, -8.058935384469534], [-34.93248026965581, -8.05907873013146], [-34.932532069297395, -8.059131658828854], [-34.932553613521236, -8.059153673156503], [-34.93262385990294, -8.059216803012571], [-34.93267375896811, -8.059261646638776], [-34.93282626233693, -8.059392272275295], [-34.93300953998671, -8.059580909650323], [-34.93313494629258, -8.059800736727924], [-34.9332173977604, -8.059945266920678], [-34.93328662371199, -8.060066613507358], [-34.93339206345471, -8.06025144102097], [-34.93346032055216, -8.060211735681417], [-34.933478702699674, -8.060200114127804], [-34.93350588342417, -8.060182930002863], [-34.93354864207043, -8.060253729116102], [-34.933600047000205, -8.06033884381579], [-34.93367135201085, -8.06045690871061], [-34.933723149291346, -8.060539632114757], [-34.93385791008377, -8.060754854613336], [-34.933889572342494, -8.060803848698914], [-34.933989012398, -8.06095434295804], [-34.93401395602102, -8.060992092463245], [-34.93410639179368, -8.061132683266427], [-34.93417445016003, -8.061240140688483], [-34.934233955915886, -8.061334095726927], [-34.93432398367716, -8.06147624012596], [-34.934441297029835, -8.061669435090684], [-34.93434294954004, -8.061722967339842], [-34.93424570659225, -8.061776636293853], [-34.934198825324295, -8.061802511033001], [-34.93422639529348, -8.061865699949395], [-34.934247910761556, -8.0619150139919], [-34.93433400446533, -8.062138040955736], [-34.9343914120926, -8.062289772181531], [-34.93442593182756, -8.06237825895069], [-34.93451671701485, -8.062610973217016], [-34.93456541985198, -8.062740642267375], [-34.93460448449946, -8.062844650942727], [-34.93464516978392, -8.062950684269916], [-34.93473193652488, -8.063170155832578], [-34.93486745983942, -8.063542732757417], [-34.934910891465876, -8.063653430626458], [-34.935024400106805, -8.063699618710475], [-34.93513010086465, -8.06374263063198], [-34.93517233863316, -8.063759816968888], [-34.93530775509331, -8.063814920310108], [-34.935514716761595, -8.063899851128905], [-34.935762783110235, -8.06400363418683], [-34.9359826000901, -8.064095598082783], [-34.93604556855782, -8.064121942036158], [-34.93615367882247, -8.06416173648154], [-34.93635917152036, -8.064237378259188], [-34.93636404750264, -8.06423917326128], [-34.93662797118291, -8.064336323640315], [-34.93686634373604, -8.064424067725435], [-34.93697578988358, -8.064464354636272], [-34.9370067580901, -8.064480969336353], [-34.93709510929999, -8.06452837140816], [-34.937123816272745, -8.06444631763519], [-34.93735450575968, -8.063935431422241], [-34.93701451206527, -8.063798447901114], [-34.936913687598576, -8.06401725336507], [-34.93678786102296, -8.063931532927779], [-34.936958609796434, -8.06372540619786], [-34.936790347077554, -8.063641027295523], [-34.93675978657956, -8.063623723553887], [-34.93683343464302, -8.06350666576449], [-34.93689328535714, -8.06341846728424], [-34.93692022028803, -8.063366606423067], [-34.93695158651698, -8.06332755312006], [-34.937007611459805, -8.063244386598681], [-34.93704710773197, -8.063195200200795], [-34.93707381307486, -8.063145803062131], [-34.937121499422815, -8.063064032040248], [-34.93718093371273, -8.06297298413258], [-34.937226788713254, -8.062917339847845], [-34.93758303936038, -8.063455368218591], [-34.93780344679696, -8.063819363089827], [-34.93794242093021, -8.06405938699486], [-34.93805183956487, -8.064248365921607], [-34.93815456590485, -8.064398705628737], [-34.93821201152323, -8.064488524423561], [-34.93824822742386, -8.064552967471409], [-34.938284783302244, -8.064665925761645], [-34.938293400325726, -8.064746973934346], [-34.93829284959582, -8.06483739259272], [-34.938292537412536, -8.064888582400233], [-34.93828965915104, -8.06501176226113], [-34.93829936233455, -8.065011200130721], [-34.938334094276286, -8.065009185178395], [-34.938451010608155, -8.065007411417433], [-34.93859978168336, -8.06500573909061], [-34.93876724376086, -8.06500758450321], [-34.93884918337416, -8.0650017669171], [-34.93898394765612, -8.064976030708733], [-34.93919321102707, -8.064919816960188], [-34.939425394315926, -8.064857445588865], [-34.939567306479134, -8.06481233137654], [-34.939739309201876, -8.064757651702314], [-34.93994138977001, -8.064693410210166], [-34.940135849570915, -8.064631592326887], [-34.94030930304294, -8.06457645083902], [-34.94061949487072, -8.064477841141112], [-34.94091521894625, -8.064375340051292], [-34.94119801221662, -8.064276242333397], [-34.94133125323022, -8.06423060365957], [-34.941808476468445, -8.064076181075972], [-34.94219435756681, -8.063948940117971], [-34.94250342122211, -8.063847029348082], [-34.942646975026044, -8.063798839001077], [-34.94282798418203, -8.063736790901288], [-34.942322414181234, -8.063604153910399], [-34.94173220148805, -8.063566927665233], [-34.94170684044191, -8.063441487031024], [-34.94168019273183, -8.06330967983813], [-34.94162433150216, -8.063033379300855], [-34.94156740895848, -8.062764463528003], [-34.94154991216525, -8.062684781168253], [-34.941498648559616, -8.062451318908346], [-34.94148031057036, -8.06236623430234], [-34.941442155820816, -8.062169387229352], [-34.94142289248287, -8.062070005823193], [-34.94138528611663, -8.061932771032694], [-34.941324895743385, -8.061693411423539], [-34.94129107341161, -8.061533649627059], [-34.9412686938617, -8.06144348438537], [-34.94123634451368, -8.061317731404603], [-34.94121938891764, -8.061255819164408], [-34.94117096463595, -8.061089040557247], [-34.94114225145142, -8.060928773562397], [-34.94112330288884, -8.060826880970284], [-34.94109103994896, -8.060665384993033], [-34.94106674215696, -8.060543850102992], [-34.94102745310942, -8.060350402972547], [-34.940990035176966, -8.060210175670885], [-34.940963481349655, -8.060110664177223], [-34.94094432713582, -8.06002592146849], [-34.94091121947676, -8.059872134666081], [-34.94088564102167, -8.059770382819522], [-34.94085578857482, -8.059660286927691], [-34.94083230179126, -8.059573168982851], [-34.940783769100676, -8.059390200098896], [-34.94073944238205, -8.059229073948323], [-34.94062913838416, -8.058773271909851], [-34.94057715519575, -8.058558464142283], [-34.9403623641659, -8.057667101887585], [-34.94015455764692, -8.056844774838376], [-34.94013278259308, -8.056750154988183], [-34.94008707625106, -8.056551547753221], [-34.940070187157616, -8.056478157214015], [-34.94002151822697, -8.05626808342289], [-34.93997465675545, -8.056072398985416], [-34.939933813689166, -8.05590184219599], [-34.939919305428, -8.05584476754326], [-34.939866973137335, -8.055638896781483], [-34.93981870544684, -8.055449016621823], [-34.939801389523765, -8.055382157126], [-34.93959334608834, -8.054526131766764], [-34.93956879425697, -8.054405468369525], [-34.93950898688282, -8.054151288643787], [-34.93946707655877, -8.053974970707552], [-34.93942247557523, -8.053787334093672], [-34.939353043016524, -8.05348976824819], [-34.93931683667293, -8.053333686711856], [-34.93927460632179, -8.053151634013979], [-34.939241275718736, -8.053018288423852], [-34.93923914012485, -8.053018401582003], [-34.93923491588148, -8.052979127835886], [-34.939147792258716, -8.052635214303136], [-34.93911953161844, -8.052523656779284], [-34.939118424153534, -8.052519284594084], [-34.939116679230345, -8.052504281057372], [-34.93911345889554, -8.052476585275132], [-34.93912521905642, -8.052425712917206], [-34.93913087291123, -8.052383043862772], [-34.93915128850456, -8.052299248409092], [-34.93919380919949, -8.05212472538267], [-34.93922075149063, -8.052014139138628], [-34.939229807098044, -8.051983538469585], [-34.939275877844246, -8.051827856288513], [-34.93926866519285, -8.051826010858408], [-34.93926959957264, -8.051822221175756], [-34.93909588858044, -8.051772477726836], [-34.9390582487328, -8.051759220511698], [-34.93890582513907, -8.051718349074946], [-34.93888466217857, -8.051777380640416], [-34.938883112432755, -8.051780138091432], [-34.938877775997334, -8.051789628738403], [-34.938825815649494, -8.051965924013441], [-34.938781576286516, -8.051948910889111], [-34.93855471641916, -8.052014040470475], [-34.938344363282106, -8.052074430656413], [-34.93833574383498, -8.052078319029494], [-34.93831277925895, -8.052105863718793], [-34.937286304236125, -8.050676392339257], [-34.9372775248491, -8.050669719388432], [-34.937170662444274, -8.050535730642997], [-34.937031586238234, -8.050359237077148], [-34.93673611091685, -8.049984801443815], [-34.936697110832355, -8.05011227894826], [-34.93665627613708, -8.050245755370932], [-34.93661694911709, -8.050374302108136], [-34.93658190109556, -8.05050599193432], [-34.93655057717543, -8.050623688422654], [-34.936455382900256, -8.050975497196614], [-34.93639657219731, -8.051182330199891], [-34.93630436191593, -8.051506629926147], [-34.93619308651192, -8.051909311586963], [-34.93599151456276, -8.052633677600435]]], [[[-34.93604127527857, -8.047434075811376], [-34.93594500441352, -8.047697337441287], [-34.93593345326684, -8.047754877094754], [-34.93589340355889, -8.047954390895436], [-34.93618819476272, -8.04803058358036], [-34.93618909777563, -8.048220743415287], [-34.936267850999734, -8.048177793678406], [-34.93646985433738, -8.048062025852566], [-34.93651527186998, -8.048124959714457], [-34.93665239470513, -8.048371872415764], [-34.936950765427575, -8.048909131946047], [-34.936202921844746, -8.049409604696496], [-34.936185662560895, -8.049499785025445], [-34.93644159873537, -8.049731846736352], [-34.936673537983225, -8.049905845633756], [-34.93673945840293, -8.049968285765633], [-34.937159938872185, -8.050498825384324], [-34.937779030887334, -8.049913925335975], [-34.93760658132585, -8.049532262860067], [-34.93735902055861, -8.048808893660796], [-34.93726629732408, -8.048173482716576], [-34.93715071744299, -8.047381428446293], [-34.93694158999242, -8.047412076410568], [-34.93692828239885, -8.047187268573806], [-34.93692711371065, -8.047143262055334], [-34.93608190112687, -8.047115781090174], [-34.93607217154959, -8.047276142852226], [-34.93604127527857, -8.047434075811376]]]]}}, {"type": "Feature", "properties": {"bairro": "Cohab", "CDTIPO": "ZEIS"}, "geometry": {"type": "MultiPolygon", "coordinates": [[[[-34.938655885204554, -8.130589676791132], [-34.93857964342349, -8.130816983990043], [-34.94106931134315, -8.131778809092305], [-34.940293042725905, -8.133683636293943], [-34.9412350063105, -8.134201270770617], [-34.94028301140951, -8.135902398566577], [-34.93999621273012, -8.136111846224955], [-34.93969116334459, -8.136132269336436], [-34.939390700915034, -8.135979135464305], [-34.93894584085009, -8.135293827101515], [-34.938588978920116, -8.135136638491538], [-34.93756030015606, -8.135127001695684], [-34.93732145946562, -8.135329553323825], [-34.937196286471185, -8.136797952079629], [-34.94379124111686, -8.137421770356228], [-34.94413064266099, -8.137539646840587], [-34.94747533884761, -8.13787799986071], [-34.947495125819636, -8.134737237260657], [-34.947153859609266, -8.133628221844166], [-34.94443773923982, -8.130306521322924], [-34.94409702936286, -8.129595524014952], [-34.943939371516166, -8.128823424037678], [-34.94375614146112, -8.124960080679058], [-34.94371079348755, -8.124613914576278], [-34.94371079309004, -8.124613915139971], [-34.943563938553226, -8.12384545326212], [-34.94292252273833, -8.12142988736764], [-34.942881017968396, -8.121249220038647], [-34.9428031863487, -8.120808517786692], [-34.942780698942045, -8.120555064241305], [-34.94277108108906, -8.120236848361957], [-34.94277469329473, -8.120111875469805], [-34.94278838234768, -8.11991831409946], [-34.942792935452445, -8.119870914844215], [-34.942803830057294, -8.11978655316088], [-34.94282329196404, -8.119663806300823], [-34.94284745752436, -8.11953761606867], [-34.94298670353496, -8.119030856401139], [-34.94298842876955, -8.118979286719384], [-34.94315009987905, -8.11836102509039], [-34.943397840533144, -8.117419849023054], [-34.943031056552144, -8.116958937500558], [-34.94192411734358, -8.117817445122734], [-34.94080575670669, -8.116205932707919], [-34.940682053747395, -8.11628372007662], [-34.94056163976039, -8.116137451256877], [-34.93936201582949, -8.116954253113242], [-34.93945448163655, -8.11708939827043], [-34.93934513046108, -8.117161400663997], [-34.938691541273336, -8.116155699441459], [-34.93593839967551, -8.117959119341897], [-34.934829835521576, -8.11638702384834], [-34.93397728996102, -8.117107486722498], [-34.933354808177924, -8.118943273749489], [-34.93349322277272, -8.119430804438126], [-34.933194757051574, -8.119622073484512], [-34.933925315109626, -8.120622099982235], [-34.9328668794765, -8.121250925804366], [-34.93207301841883, -8.125982893453028], [-34.93283585291667, -8.126141997479992], [-34.93240662341876, -8.127445873442388], [-34.93318030794338, -8.127975585977273], [-34.932959349144, -8.129197107273946], [-34.93435352040769, -8.1294425378521], [-34.934664286659945, -8.129524236884802], [-34.93468016213899, -8.129530997753427], [-34.93470547535218, -8.129545088043523], [-34.93506810888175, -8.129790936110638], [-34.93510368037681, -8.129821514430736], [-34.93522348627559, -8.129944267400418], [-34.935271983882046, -8.130001284598206], [-34.9353149060531, -8.13005839162028], [-34.9353524609538, -8.130113782087854], [-34.93540363806069, -8.130207011822927], [-34.93547441808154, -8.130360436632401], [-34.93567600041928, -8.130340100932255], [-34.93639740448225, -8.130461967466232], [-34.9365002907198, -8.129880036297829], [-34.93780737877607, -8.130180191432185], [-34.93871048191102, -8.130316369979735], [-34.938655885204554, -8.130589676791132]]], [[[-34.9564487684841, -8.120485428283207], [-34.956044157760395, -8.120386281093353], [-34.955447374670776, -8.120240042534546], [-34.955425075442136, -8.120234578095943], [-34.954919906574105, -8.12199358472093], [-34.95480839350922, -8.122381874721077], [-34.95409159799045, -8.122207135670688], [-34.95399365000189, -8.122411905114522], [-34.95398214144051, -8.122675469551655], [-34.95395017399546, -8.123407601222025], [-34.953787723620046, -8.123642333128776], [-34.95353236645884, -8.123908814627294], [-34.953277457782605, -8.124025932594957], [-34.951382740238415, -8.123986842423623], [-34.95129857638937, -8.123995548059748], [-34.95130096267188, -8.12448943065744], [-34.95128412842069, -8.12490100195451], [-34.95121545063371, -8.125788749111093], [-34.95108252364122, -8.127220529516405], [-34.9506929899667, -8.127559540854596], [-34.95002595732411, -8.128140058622991], [-34.94985205829691, -8.128572907182729], [-34.950692253918774, -8.128757591394484], [-34.95076673093712, -8.12877750623142], [-34.9507507279885, -8.130078924990729], [-34.950750849523835, -8.13019040104946], [-34.95094463253808, -8.130183957085627], [-34.951082819813266, -8.130258808396515], [-34.95121115789487, -8.130450106060799], [-34.95131926443444, -8.13071485753828], [-34.95134366463048, -8.130836852134268], [-34.9512606669186, -8.130954172322555], [-34.9510924779977, -8.131061668685915], [-34.95094037013309, -8.131139991173931], [-34.951123175590695, -8.132124786801908], [-34.950997769617175, -8.13216081752066], [-34.9504796412548, -8.132309683248446], [-34.95055384020136, -8.132389782356379], [-34.95142036853945, -8.133244978074007], [-34.95241947544436, -8.132206401106597], [-34.95242336648588, -8.132078526449357], [-34.95259181481591, -8.131936362785503], [-34.952953604131764, -8.131817809170508], [-34.95304690594655, -8.1318457874065], [-34.95311404259281, -8.131908875092378], [-34.95323061351236, -8.132700559894552], [-34.953167536343706, -8.133179346172836], [-34.95768124702214, -8.13429606013831], [-34.95771151905973, -8.134303415960586], [-34.95779423941159, -8.134157532962663], [-34.95785500003361, -8.134037429609544], [-34.95789889977132, -8.133982202719727], [-34.957935634926464, -8.133938908419275], [-34.95798672253383, -8.13391000866111], [-34.95807147586899, -8.13389701411177], [-34.958136327339695, -8.133861247812343], [-34.95817899955949, -8.133806026822164], [-34.95819095416048, -8.133741174007763], [-34.95820715620747, -8.133540596326984], [-34.95822580039858, -8.133337561450347], [-34.958241760056, -8.133086860497569], [-34.958264078883026, -8.132882585651572], [-34.95825882106599, -8.132724944781462], [-34.95825285826896, -8.13259289341983], [-34.958261972246284, -8.132448588367591], [-34.9582994480013, -8.132324455854759], [-34.95833442012654, -8.132208617311601], [-34.95835830465656, -8.132074020966632], [-34.95836124938471, -8.13192240937808], [-34.95837382921872, -8.131591239038109], [-34.958376335740795, -8.131566534940326], [-34.958375718849304, -8.13136485404247], [-34.95837993170591, -8.13122179397361], [-34.95842723459818, -8.131064785748956], [-34.95843736193766, -8.13096495996504], [-34.958431818705925, -8.130789981001344], [-34.95848551620437, -8.130490262917233], [-34.95849001927279, -8.13044587731053], [-34.95853463294941, -8.13023444444794], [-34.95856414673717, -8.129995903522639], [-34.958570825481395, -8.12985527700435], [-34.95855944032655, -8.129761539633957], [-34.958560971863186, -8.12962435337812], [-34.958579198891464, -8.12956677228039], [-34.95860944828282, -8.129471207909043], [-34.95875760280447, -8.129254998182438], [-34.95892326100425, -8.129045864066084], [-34.959024968804606, -8.128886046082613], [-34.95912125972459, -8.128755990745388], [-34.95920791360888, -8.128662658698529], [-34.95926942861313, -8.128616293288664], [-34.959349576945826, -8.128516834271739], [-34.95945825175295, -8.128421830254881], [-34.95958165715975, -8.128317317951256], [-34.959709874577385, -8.128193221746416], [-34.95979332496579, -8.128058812010025], [-34.95984991570765, -8.127977377326223], [-34.95997179660046, -8.127883671948773], [-34.95998415753439, -8.12787154072821], [-34.96014452501568, -8.127758341305341], [-34.96022994598554, -8.127663792826269], [-34.96036430933425, -8.127542111390378], [-34.960414348576286, -8.1274880780153], [-34.96046657963659, -8.127380241089552], [-34.960523593022664, -8.127246707324147], [-34.96056600998464, -8.127138917725055], [-34.96057220592965, -8.126945870300204], [-34.96058168980385, -8.126830757700146], [-34.96058005866286, -8.126747632035512], [-34.96066667084886, -8.126591689088968], [-34.960720998923236, -8.126464541749739], [-34.960767149717526, -8.12636773719763], [-34.96074329219675, -8.126303378068606], [-34.96072870263808, -8.126264018807827], [-34.96061151483147, -8.126106513757842], [-34.960586522760075, -8.126071928245713], [-34.96048802945804, -8.125986422800121], [-34.96046053408324, -8.125882638897705], [-34.96048007664465, -8.1258088854551], [-34.96049426853881, -8.125755329613684], [-34.96061757655793, -8.125471777484892], [-34.96065138116247, -8.125406384529716], [-34.96061971509516, -8.125313382414612], [-34.96058364036481, -8.125269412166675], [-34.96055677300586, -8.125236664549359], [-34.96047317137343, -8.12520039078072], [-34.960415836566796, -8.125195379472336], [-34.96034061480881, -8.125188804514414], [-34.960217736656205, -8.125149052341888], [-34.96014018047543, -8.125094410933997], [-34.96006478066329, -8.124978631653349], [-34.96003121133588, -8.124887102262955], [-34.9600225575851, -8.124804891845471], [-34.960014490620246, -8.124728250187346], [-34.960004095138345, -8.124608489885247], [-34.95995819266119, -8.12450357053651], [-34.95989507284921, -8.12439017742604], [-34.959824793847986, -8.124318385584546], [-34.95975580745612, -8.124211593970923], [-34.959699213549406, -8.124085719842771], [-34.95968328767888, -8.12397919596369], [-34.95966666280126, -8.123889963380382], [-34.959662950068385, -8.12381340467673], [-34.959642443509026, -8.12371861468153], [-34.95961100492523, -8.123666049853759], [-34.95955468369707, -8.123604946925507], [-34.9595264752099, -8.123574343705334], [-34.95943738893548, -8.12346157187302], [-34.95940920005891, -8.12339012588129], [-34.95938320389147, -8.12329473670285], [-34.959372348236975, -8.123254906421279], [-34.95936756823601, -8.123187786484761], [-34.959395186416955, -8.123141596280979], [-34.95936796624858, -8.123040179437133], [-34.95933399286959, -8.122924368465963], [-34.95927522095322, -8.122818840140786], [-34.95923560977091, -8.122731736035401], [-34.95921013787679, -8.122646403539603], [-34.959199646973374, -8.122549899999116], [-34.95919828534519, -8.122498855478774], [-34.959206492794074, -8.122476397591187], [-34.95922707900278, -8.122420066314804], [-34.959524735720876, -8.121970112719515], [-34.959784155252386, -8.121302723063119], [-34.9564487684841, -8.120485428283207]]]]}}, {"type": "Feature", "properties": {"bairro": "Monteiro", "CDTIPO": "ZEIS"}, "geometry": {"type": "MultiPolygon", "coordinates": [[[[-34.92737618645031, -8.031097543221254], [-34.927402645403774, -8.031138174206433], [-34.92731357989616, -8.031200141727501], [-34.92733239326959, -8.03122840033537], [-34.9274587725952, -8.031423682391864], [-34.927739379235895, -8.0318533166548], [-34.927939563336295, -8.03156690002352], [-34.92793790410316, -8.031566261399778], [-34.92796003059567, -8.031539868552475], [-34.92810543224686, -8.031347832055863], [-34.92842289860071, -8.030928544765233], [-34.929234410406714, -8.029885964631895], [-34.929362959247804, -8.029750742958159], [-34.92989331269835, -8.02919285900053], [-34.92998139402766, -8.029093802236419], [-34.92978390726736, -8.028870422892059], [-34.92969586508044, -8.02875799950302], [-34.92949826230715, -8.028480576806162], [-34.9294228385783, -8.028373709245027], [-34.929377235735245, -8.028301447480956], [-34.92933386684569, -8.028182866665253], [-34.92930806465598, -8.028109180355896], [-34.92919015916536, -8.02788715862217], [-34.92907687584976, -8.027663961573918], [-34.9289427372641, -8.02767958244323], [-34.92883048049806, -8.027691590235566], [-34.92887037976791, -8.027874547330965], [-34.92888327132673, -8.027915531142954], [-34.9289030666001, -8.027997165212337], [-34.92891516311533, -8.028081095517912], [-34.92881181936012, -8.028452331617803], [-34.92878765346387, -8.0285391386823], [-34.92876411191132, -8.028623707988185], [-34.928745252782, -8.028691452514023], [-34.92872647838419, -8.028758893783461], [-34.92872099769221, -8.028778582747284], [-34.92857105115576, -8.028832625139533], [-34.928499704733404, -8.02885900913305], [-34.92874167966804, -8.029547240047155], [-34.928712486244294, -8.029572179764038], [-34.92847259469529, -8.029809680473605], [-34.92848691162009, -8.029830561292115], [-34.928458596031945, -8.029853168932963], [-34.928435315369846, -8.029871757030032], [-34.928405332340574, -8.029899290563781], [-34.92834568592974, -8.029945405949608], [-34.928304142384796, -8.029983390346253], [-34.92824351579528, -8.030033036145909], [-34.928214083252314, -8.029986742570959], [-34.9281501923077, -8.02988625218203], [-34.927838519966286, -8.029396034291437], [-34.92783342629063, -8.029392984362232], [-34.927801627871865, -8.029343319738116], [-34.927783818644436, -8.029317366301555], [-34.92771591618884, -8.029210718965514], [-34.92768490183135, -8.02922959277983], [-34.92757881013862, -8.02929346443087], [-34.92761657265493, -8.029357657385738], [-34.92763796691623, -8.029393719492337], [-34.92766702599997, -8.029439509515946], [-34.92768357524128, -8.029467548197637], [-34.9277147100645, -8.02955708945732], [-34.927664926155586, -8.02974427850862], [-34.92764572178823, -8.029826366642999], [-34.92771802433786, -8.02988687188206], [-34.927892292900445, -8.030046977621613], [-34.92802169841587, -8.030156847971442], [-34.92812886709501, -8.030244129725377], [-34.92808204528956, -8.030290129827225], [-34.92799135141587, -8.030368319356183], [-34.927982141988075, -8.030375908701053], [-34.9279552805927, -8.030400312198783], [-34.9278798399249, -8.030464260001535], [-34.92784096130032, -8.030497095020216], [-34.92780395184921, -8.030528352733992], [-34.927732373759, -8.030450521474819], [-34.927724545567514, -8.030461733234091], [-34.92763062501281, -8.0305485119243], [-34.92758555555563, -8.030588953760132], [-34.927527922212995, -8.030640387255701], [-34.92750350995343, -8.030660609736758], [-34.927539838019506, -8.03070371227202], [-34.927453702792164, -8.030775785197108], [-34.92741388378898, -8.030735412997572], [-34.927396322412555, -8.030714522027008], [-34.92735797346533, -8.030740636469654], [-34.92739949833219, -8.03079807293161], [-34.92737627787176, -8.030813870783415], [-34.92725308574975, -8.030906210039987], [-34.92724903043976, -8.030908896920511], [-34.927248004180456, -8.030909577061445], [-34.92723582740448, -8.030917645890176], [-34.92734226107406, -8.031054061465142], [-34.92737412959103, -8.031094906679474], [-34.92737618645031, -8.031097543221254]]], [[[-34.92625162411339, -8.027413610083434], [-34.92618903436154, -8.027431222156238], [-34.926049747717556, -8.027470414233369], [-34.92589798982232, -8.02751311634261], [-34.92590980909047, -8.027568559448467], [-34.9259546688685, -8.027772395778978], [-34.92600880731128, -8.027981974640918], [-34.926023000380354, -8.028048989437645], [-34.926034004056426, -8.02807531567958], [-34.92605758466753, -8.028131729821755], [-34.92609960105164, -8.028121692438043], [-34.92613015479783, -8.028114393769961], [-34.92613418526616, -8.028114522263177], [-34.926170714371665, -8.028115682931352], [-34.9262516221536, -8.028118254999027], [-34.92629682869984, -8.028087666946181], [-34.92633324450499, -8.028000887538896], [-34.92647620197251, -8.027799266555776], [-34.926478778002135, -8.027795633735936], [-34.92651822788656, -8.027740646743142], [-34.926504487558155, -8.027731218452601], [-34.92647602194344, -8.027695822191255], [-34.926452439756616, -8.027492224474765], [-34.92645087216944, -8.02747869442579], [-34.92644711186036, -8.027427532313666], [-34.92643228270896, -8.027424366111937], [-34.92637043572271, -8.027411162573127], [-34.92630380844016, -8.027407895321263], [-34.92625162411339, -8.027413610083434]]]]}}, {"type": "Feature", "properties": {"bairro": "Caxang\u00e1", "CDTIPO": "ZEIS"}, "geometry": {"type": "Polygon", "coordinates": [[[-34.95627034455021, -8.022382949875295], [-34.95628109092877, -8.022379812406594], [-34.95637477785378, -8.02235892228064], [-34.95643693371249, -8.022343024028945], [-34.956476594221776, -8.022333322308324], [-34.956484022252084, -8.022332147010854], [-34.956546027633344, -8.022322336389347], [-34.956567976637025, -8.022321000776461], [-34.95668759365595, -8.022305680127184], [-34.9567878731283, -8.022286629956477], [-34.95682645770926, -8.02228294882808], [-34.956868444685114, -8.022280846258788], [-34.956922238416546, -8.022272598831506], [-34.95696037794054, -8.02226442580374], [-34.95701603348755, -8.022246274754503], [-34.95712279444896, -8.022216845110485], [-34.95714144573389, -8.022209462625849], [-34.957166382788344, -8.022265471652085], [-34.9571887875482, -8.022315793620153], [-34.95720933431128, -8.022354258842306], [-34.957256896060045, -8.02240020678244], [-34.957301404069916, -8.02244616923202], [-34.95742365368538, -8.022568379779083], [-34.95747381232641, -8.022624971298734], [-34.95752141632119, -8.022679544473297], [-34.95764060899186, -8.022801263193212], [-34.95767997043905, -8.02283557975391], [-34.957776154878474, -8.02293609589809], [-34.957897449415654, -8.023071504386031], [-34.95794093995669, -8.023117471569702], [-34.958049876886044, -8.023223508530451], [-34.958148107369475, -8.023326045292533], [-34.9582212745702, -8.023403837338597], [-34.958282712815446, -8.02347711883709], [-34.95835842106787, -8.023553884421394], [-34.95837735808023, -8.023575105343884], [-34.95844539660491, -8.023644804323506], [-34.95852726679637, -8.02373270367044], [-34.95859273764564, -8.02379784760372], [-34.95866537524805, -8.023871075727596], [-34.95875800399707, -8.02397313084992], [-34.95882502412561, -8.024042833676523], [-34.95884805048156, -8.02406758709073], [-34.95891660527084, -8.024138805904055], [-34.958994349908835, -8.024215561620874], [-34.959041934856394, -8.024266075462243], [-34.959069566639975, -8.024295881331367], [-34.959167802502535, -8.024399432034137], [-34.95930644694974, -8.024543382775828], [-34.95946709787351, -8.0247115835914], [-34.95953973489465, -8.02478481238932], [-34.95959448979714, -8.024844425540453], [-34.95966814538656, -8.024917648550817], [-34.95974232774137, -8.024994421016126], [-34.9597857476153, -8.025037289182523], [-34.95979040618893, -8.025041888465267], [-34.959918831438046, -8.025177769252984], [-34.959926865337, -8.025186617731986], [-34.96001480245575, -8.02528348115028], [-34.960018063886125, -8.025286108134118], [-34.96000038280919, -8.025304985566905], [-34.959954546814785, -8.025353922686435], [-34.95993354706034, -8.025379045677417], [-34.95995784017692, -8.025404083159483], [-34.96015383492074, -8.025558573590203], [-34.96016801381615, -8.025572555779219], [-34.96023887950451, -8.02563778300807], [-34.960263423325316, -8.02565929712144], [-34.960035753528246, -8.026031902151926], [-34.9600256005105, -8.026048519794376], [-34.96001973745824, -8.026058115197612], [-34.95991933029663, -8.026222442023188], [-34.959834313708335, -8.026361580345299], [-34.95981142212443, -8.02639904439439], [-34.95943197967228, -8.026174543208853], [-34.9594161339573, -8.02619846187419], [-34.959321429577, -8.02634308678537], [-34.95923150455285, -8.02648326726237], [-34.959181298826444, -8.026562943616709], [-34.95911431252055, -8.026669628579466], [-34.9590794435788, -8.026715333024278], [-34.959063224701154, -8.02674485671867], [-34.95905856955762, -8.026709557027196], [-34.95904651188453, -8.026618114456719], [-34.95903497173001, -8.026530187954982], [-34.959025425942905, -8.026487475792175], [-34.95901849167676, -8.02645958744226], [-34.958989476186396, -8.026354368424126], [-34.95896150372712, -8.026252928758023], [-34.958925743075994, -8.026130125657263], [-34.95890431133242, -8.026050718914377], [-34.95887245454626, -8.025925669655953], [-34.958836836959115, -8.025919041690234], [-34.95875247157209, -8.025934438600174], [-34.95869422697504, -8.025950283434307], [-34.95857922892014, -8.025986151703533], [-34.95857456873325, -8.02598935792161], [-34.958542179747056, -8.025999711478118], [-34.95852354931684, -8.026003519374584], [-34.95840511703748, -8.026040458964028], [-34.95842970181236, -8.026128473514053], [-34.958436847301286, -8.026150101285632], [-34.958465631713, -8.02625539651602], [-34.958466489031075, -8.026260173919733], [-34.95848239424024, -8.026348823722692], [-34.95848577005783, -8.026367755494876], [-34.95803242057485, -8.02649677991383], [-34.95796290764376, -8.02620681692592], [-34.95795233853485, -8.026180886814238], [-34.95794653257835, -8.026146544518035], [-34.95811356444246, -8.026093525022606], [-34.958054066863674, -8.025874071352721], [-34.9583298932409, -8.025790379802705], [-34.95833364273765, -8.02578924185144], [-34.958246545691935, -8.025483116034316], [-34.958232603548794, -8.025431819156655], [-34.95820103134448, -8.025323142459994], [-34.957981638449596, -8.024552021109804], [-34.95796816235924, -8.024555990681248], [-34.95796261697653, -8.024535142697964], [-34.957935637274346, -8.024445077336607], [-34.957917959598255, -8.024386065913816], [-34.957879931650176, -8.024261470721584], [-34.95786418351103, -8.024210299923805], [-34.95783737214813, -8.024123178213477], [-34.95781772609071, -8.024059187629089], [-34.95773972209669, -8.023806379426421], [-34.957723570835896, -8.023752837416868], [-34.957704581282705, -8.023682551552309], [-34.95768752150646, -8.023619402972242], [-34.9576629729374, -8.023520671590218], [-34.95763046460374, -8.02339577706352], [-34.957629378377014, -8.023391869528195], [-34.95758398937323, -8.023228574610943], [-34.95756887422497, -8.023173952749016], [-34.95756559314659, -8.02316209735368], [-34.95754623890081, -8.023092156737883], [-34.957516010910005, -8.022975238566477], [-34.95750565844548, -8.022932003082952], [-34.95740853375117, -8.022801022343629], [-34.957391593222326, -8.02277812119048], [-34.95737394794143, -8.022754266908496], [-34.95730267513898, -8.022661951214376], [-34.9572277042541, -8.022570512826002], [-34.9572023073963, -8.022534801781138], [-34.95718307883071, -8.022547023650684], [-34.957145466244526, -8.02257092908318], [-34.95707504638999, -8.022606443798205], [-34.957005904234535, -8.022625038672096], [-34.956961269219356, -8.022636132815352], [-34.956829566916284, -8.0226536156204], [-34.95671161388328, -8.022684620822792], [-34.95662013151508, -8.022715499290028], [-34.95656046802809, -8.022729314570926], [-34.956479121016976, -8.022750673172933], [-34.95648259696551, -8.022751131277754], [-34.95649122819676, -8.022781922688589], [-34.95669145293277, -8.023467727324876], [-34.956710716665505, -8.023550619775829], [-34.95672168172218, -8.023607782797662], [-34.95682390854725, -8.02402050194004], [-34.95684717559635, -8.024078518649686], [-34.956845791953334, -8.02407879644051], [-34.956875130604644, -8.024156948983928], [-34.95689753063425, -8.024239426005757], [-34.956900946614155, -8.024252179386787], [-34.95690720877902, -8.024275558025858], [-34.95696032038517, -8.024473837184294], [-34.95697513589914, -8.024529145763273], [-34.95699246424524, -8.02459383812154], [-34.95705551365167, -8.024829218060779], [-34.95711604656939, -8.025043816929303], [-34.95720661174555, -8.025364881412905], [-34.95720843766251, -8.025371353819429], [-34.95729629113137, -8.025653386397451], [-34.957381269860406, -8.025926190559481], [-34.95745427618674, -8.026214099427111], [-34.957458255936686, -8.026229794582786], [-34.95749297287534, -8.026302528808444], [-34.95749855885346, -8.026314233106792], [-34.95751639970942, -8.026351612711132], [-34.95752349231189, -8.026377546719868], [-34.95760555083153, -8.026677607093756], [-34.957617926346266, -8.0267227892689], [-34.95774059879267, -8.027170641936008], [-34.957750737594814, -8.027207658572587], [-34.95781929562954, -8.027460118268381], [-34.957868328249454, -8.027640677351412], [-34.957875879984535, -8.027665312759241], [-34.95789120920505, -8.027715321102887], [-34.957922940044384, -8.027847973165077], [-34.95795804356149, -8.027994727612827], [-34.95798728386573, -8.028116968795915], [-34.958067914367305, -8.028239144398436], [-34.95813661042854, -8.028302204438415], [-34.95815953920458, -8.028259390120013], [-34.958311902329896, -8.027974895751198], [-34.95873722298763, -8.028236271262966], [-34.958668257669544, -8.028356280402766], [-34.958644402553745, -8.028396560595738], [-34.958667480397764, -8.028410229245392], [-34.95895623655998, -8.028573899189578], [-34.95900348392786, -8.02851770221971], [-34.9591579756981, -8.028606664756875], [-34.95905877037411, -8.028787251395801], [-34.958888292386675, -8.029118152675917], [-34.958527214305086, -8.028885939014538], [-34.95817164031232, -8.02935190931095], [-34.958139836850144, -8.029325509855866], [-34.958095558176616, -8.029366623148656], [-34.95797396366673, -8.029432263190172], [-34.95785704257813, -8.029478338258864], [-34.95780569444381, -8.029498572848325], [-34.95778733993492, -8.029453985999611], [-34.95774953243314, -8.029362136131944], [-34.95791188035139, -8.029296695449936], [-34.957921630169864, -8.029328222755643], [-34.958019323159654, -8.029282788858952], [-34.95805531969894, -8.029249370433181], [-34.958081247434954, -8.02921382932383], [-34.958104027208066, -8.029147479846973], [-34.95810737489794, -8.029094841369654], [-34.958099266379634, -8.029030296930616], [-34.957820522088326, -8.028276723023728], [-34.957663277763864, -8.027712191903445], [-34.95764964686339, -8.02771548509725], [-34.95763941308403, -8.027620571257863], [-34.95728115683395, -8.026380129593417], [-34.95725628524387, -8.02629127190814], [-34.956896230891566, -8.025018790385934], [-34.95667562530919, -8.024238964817695], [-34.95664495739901, -8.0241305565993], [-34.956644967404614, -8.024130373030795], [-34.95661342175472, -8.024138785941643], [-34.95657831362981, -8.024005052132313], [-34.956621449634454, -8.023992647926523], [-34.95627340757194, -8.022800573071356], [-34.956401790358, -8.0227605123279], [-34.95627213508869, -8.022796215295811], [-34.956260645172335, -8.02276298388378], [-34.955933551332194, -8.022861412694226], [-34.95585180755688, -8.022537482291483], [-34.95595907911444, -8.022482580840828], [-34.95605507241934, -8.022444022024873], [-34.95613492094893, -8.022424344021456], [-34.95617542454571, -8.022414362587195], [-34.95623994392124, -8.02240090670825], [-34.956274134919475, -8.022393775877436], [-34.95627288065949, -8.022390193685004], [-34.95626920923656, -8.022391342993236], [-34.95627034455021, -8.022382949875295]]]}}, {"type": "Feature", "properties": {"bairro": "Engenho Do Meio", "CDTIPO": "ZEIS"}, "geometry": {"type": "Polygon", "coordinates": [[[-34.945654511904564, -8.055591083818166], [-34.94622581423509, -8.05542994823734], [-34.94622599352208, -8.055784709495907], [-34.94622202146573, -8.056098892357262], [-34.94621740362414, -8.056333724540593], [-34.946209494007796, -8.05665339738762], [-34.946198534172964, -8.057078841180022], [-34.946193403529804, -8.057205012810739], [-34.946179687224564, -8.057572187503764], [-34.946153367920196, -8.057843655292482], [-34.94612630351376, -8.058122820072313], [-34.94610406532007, -8.058352191375606], [-34.946073930495935, -8.058490340115135], [-34.94587691757437, -8.058559104306351], [-34.945668393971694, -8.058631885497894], [-34.94516973542586, -8.058750118570961], [-34.94477313326338, -8.058855106265435], [-34.94477032749401, -8.058811385306736], [-34.944669056170376, -8.057568357220307], [-34.94463864104086, -8.057218982570834], [-34.94459138022139, -8.056562271328584], [-34.94456723051145, -8.056297246336943], [-34.944552373769525, -8.05619220119352], [-34.944509759677906, -8.055915534610952], [-34.94510875861811, -8.055742415152363], [-34.945654511904564, -8.055591083818166]]]}}, {"type": "Feature", "properties": {"bairro": "Macaxeira", "CDTIPO": "ZEIS"}, "geometry": {"type": "Polygon", "coordinates": [[[-34.930091180389844, -8.019973849711205], [-34.92994199025954, -8.019932200970567], [-34.92992561257629, -8.019987178453256], [-34.929892740801634, -8.019983803048726], [-34.92974992396473, -8.01997981636319], [-34.92974890436828, -8.019979787690517], [-34.92963615198298, -8.019976640091631], [-34.92946089617003, -8.019959699158036], [-34.92939658275679, -8.019958101934373], [-34.92927254129353, -8.019941165985786], [-34.92915190817954, -8.019926702001085], [-34.92913539443058, -8.019925332860238], [-34.9290703631042, -8.019925366252107], [-34.92899852478065, -8.019924437051879], [-34.92894546764023, -8.019924866368545], [-34.92891620598442, -8.019932326293882], [-34.92889753978686, -8.019936120358663], [-34.92886674748423, -8.01996790029869], [-34.928862216798734, -8.01998131605089], [-34.92881679705675, -8.019970310307286], [-34.928770941154426, -8.01995913392553], [-34.928661360124636, -8.01993243493859], [-34.92861877531126, -8.019907501526207], [-34.92854457965988, -8.019862688517465], [-34.928487799882184, -8.019829370415664], [-34.92846079870999, -8.01981186769997], [-34.92849127135709, -8.019776918747967], [-34.92844340291426, -8.019738810792003], [-34.928431029958205, -8.019749065606101], [-34.928399658377415, -8.01970951255845], [-34.92839398100517, -8.019696319991965], [-34.928365577641884, -8.019702492094384], [-34.92828982533026, -8.019722859017868], [-34.928235947154455, -8.019739989146224], [-34.92813564409471, -8.019805930690135], [-34.92782504774582, -8.019450218909698], [-34.927966087144625, -8.019329526797438], [-34.92808142671023, -8.019223444315879], [-34.92809042627808, -8.019215825268336], [-34.92813821559668, -8.019175369119766], [-34.92825529738262, -8.01905484515179], [-34.92831860798376, -8.018989933857458], [-34.92839204360841, -8.018904873405091], [-34.928459978114404, -8.018836519492432], [-34.928449242107824, -8.018823443725669], [-34.92848106809788, -8.018791031571384], [-34.92850541106225, -8.01877163583213], [-34.9285370694651, -8.018734842486765], [-34.9285773045761, -8.018688083321658], [-34.928536703981166, -8.01866363600216], [-34.92860941194046, -8.018587972111959], [-34.928601549833, -8.018580208703352], [-34.92860071787417, -8.018579386288872], [-34.92861106057442, -8.018569821740469], [-34.92866964991649, -8.018515636582556], [-34.92863335647095, -8.018483839898062], [-34.92867369540274, -8.018401956656918], [-34.92868546856721, -8.018374523920833], [-34.92869333288759, -8.018356197989572], [-34.92873211480204, -8.018375805347214], [-34.928732239031, -8.018375606776676], [-34.92877506083962, -8.018307102825114], [-34.928781690057534, -8.018309609477807], [-34.9287982809274, -8.01826538660519], [-34.92881283325563, -8.018220666100884], [-34.92886739463259, -8.018240199561816], [-34.92895998947868, -8.018117846432382], [-34.9289635543668, -8.018121013833797], [-34.92900590956093, -8.018159812969268], [-34.92905539044429, -8.018096701268478], [-34.92910694942816, -8.018030938174254], [-34.92920016179236, -8.018104655246184], [-34.92926737727342, -8.018156661031998], [-34.929411812399266, -8.01827144908801], [-34.929504902541005, -8.018328069085099], [-34.92950891191739, -8.018384922808632], [-34.92953697618567, -8.01845094310815], [-34.929578467092384, -8.018549375187146], [-34.92959928060344, -8.018613023743324], [-34.929623900989526, -8.018716346238575], [-34.929740083483644, -8.018789169893378], [-34.92985628961007, -8.018866804792367], [-34.929932477577324, -8.01890253059223], [-34.93002304944704, -8.018924391241738], [-34.930106316121076, -8.018925805569838], [-34.93018412297037, -8.018920930621132], [-34.93027635764534, -8.01890516285506], [-34.930378463031694, -8.018871307430963], [-34.93046790227085, -8.018838414502314], [-34.93055196767695, -8.018817272374184], [-34.93061799648946, -8.018809746707108], [-34.93070045777461, -8.018802332050644], [-34.93081012307164, -8.01881427772657], [-34.93091600867781, -8.019204081123911], [-34.931136827357555, -8.020016990508235], [-34.93107692144775, -8.020171525310959], [-34.93102938577035, -8.0202873834865], [-34.9309918577387, -8.020270034295809], [-34.93077739118591, -8.020187458803482], [-34.93070377824353, -8.020159116355062], [-34.93053793714273, -8.020098566132509], [-34.930091180389844, -8.019973849711205]]]}}, {"type": "Feature", "properties": {"bairro": "Iputinga", "CDTIPO": "ZEIS"}, "geometry": {"type": "MultiPolygon", "coordinates": [[[[-34.92758451765313, -8.040537556762912], [-34.927306880455305, -8.040692910951416], [-34.92729831692688, -8.040723417902969], [-34.92760865230661, -8.041271725234798], [-34.92792365905386, -8.041094130952624], [-34.927849230800376, -8.04102577181892], [-34.92778921268344, -8.040954904084499], [-34.92772140821203, -8.040848633784684], [-34.927684834596256, -8.040767620959896], [-34.92765603191525, -8.040680333661225], [-34.92761405176177, -8.040549261352124], [-34.92758451765313, -8.040537556762912]]], [[[-34.93660594159994, -8.032155393107317], [-34.93626091749332, -8.03224035349913], [-34.935443728536725, -8.032378940714402], [-34.935660526052835, -8.033607696764712], [-34.93639655930181, -8.033494659649428], [-34.93649800921302, -8.034146791440325], [-34.93722889457293, -8.033935840762677], [-34.937243437147565, -8.033906453776826], [-34.93663254235572, -8.03216930779791], [-34.93660594159994, -8.032155393107317]]], [[[-34.9322856707987, -8.030739660002103], [-34.932299583339535, -8.03086218469633], [-34.93231292989596, -8.030980101358738], [-34.93232351569468, -8.031074658418213], [-34.93246361158354, -8.031058125867935], [-34.93304180004649, -8.030944529955596], [-34.93322698419457, -8.030906652037647], [-34.93334834982314, -8.030883941233359], [-34.933528221139824, -8.030849439500686], [-34.933587531910135, -8.030837954903845], [-34.93364422667669, -8.030825860607438], [-34.93370190653805, -8.030815124988658], [-34.93376082552615, -8.030804228943135], [-34.933910230626324, -8.030775977192004], [-34.933957405663904, -8.030766253752295], [-34.93407101135196, -8.030743481602592], [-34.93412062295273, -8.030734019713252], [-34.93423320231938, -8.03071325844806], [-34.93429605146724, -8.030701427137995], [-34.934270465669414, -8.030552202023522], [-34.93424939727019, -8.030429320628407], [-34.93423173099793, -8.030274798465838], [-34.93422663640265, -8.03023783660898], [-34.93419007691154, -8.030017743536984], [-34.93417986162576, -8.029963597058945], [-34.93412709542573, -8.029705498638428], [-34.934116892135016, -8.029644106996697], [-34.934108066913595, -8.029579331322948], [-34.934097447471835, -8.029467375095136], [-34.9340929663644, -8.029402304161861], [-34.9340786277652, -8.029127532346774], [-34.93401833840748, -8.029075915759757], [-34.933990833404216, -8.02905236784802], [-34.93389399985023, -8.028982582455466], [-34.933781422282145, -8.02888669681531], [-34.933766496057885, -8.028873184442146], [-34.933738629864536, -8.028855915063831], [-34.933716797794574, -8.028847608155623], [-34.933683753394654, -8.028838948929952], [-34.933622048179316, -8.028822779714718], [-34.93352570329274, -8.02880507818697], [-34.933456518490004, -8.02879688261211], [-34.93329368373872, -8.028781957958303], [-34.933199203810275, -8.028773298089712], [-34.93264181216201, -8.028712833671744], [-34.9324822480732, -8.028696180130044], [-34.932397628499785, -8.02866972802706], [-34.93236066070351, -8.028659025864446], [-34.932319669364496, -8.028653687378121], [-34.93227837913982, -8.028655730104798], [-34.93223055241779, -8.02866340867762], [-34.932226709601494, -8.028664025211299], [-34.932224008502494, -8.028673422908547], [-34.93220284145473, -8.028747076364773], [-34.932161283545575, -8.028844839139794], [-34.93185725669219, -8.029295615654018], [-34.931783981036425, -8.02940426033203], [-34.931756256539224, -8.02944536689776], [-34.932135243044584, -8.029468736083187], [-34.93216811027235, -8.029475593572364], [-34.93216742819987, -8.029517609188833], [-34.93218074597747, -8.029759929622834], [-34.93218894210044, -8.029909061358524], [-34.93221266900436, -8.030040915942537], [-34.93222711175634, -8.030121175329015], [-34.932251986893924, -8.030299432442044], [-34.932251243041435, -8.030309194322172], [-34.93225221994449, -8.030319754537258], [-34.932247934745796, -8.030374327244429], [-34.93225682833415, -8.030509622721492], [-34.93227217963904, -8.030629518898898], [-34.9322856707987, -8.030739660002103]]]]}}, {"type": "Feature", "properties": {"bairro": "Jiqui\u00e1", "CDTIPO": "ZEIS"}, "geometry": {"type": "Polygon", "coordinates": [[[-34.92278262679454, -8.08236582383408], [-34.92256947493558, -8.082937381072824], [-34.92272236811156, -8.083018503635664], [-34.92283649634509, -8.083081953331819], [-34.9228760130888, -8.083148787140017], [-34.92295369922926, -8.083251945460223], [-34.92301413455705, -8.08330823170757], [-34.92314682118508, -8.08339868590474], [-34.923205055724644, -8.083469690605211], [-34.923207178327196, -8.083532086910086], [-34.923208971187705, -8.08357715576225], [-34.92318706971231, -8.08362704083815], [-34.92314181716242, -8.0836726303174], [-34.92295829622443, -8.083775974399376], [-34.92285551567902, -8.083786166690444], [-34.92267235122667, -8.083736327894266], [-34.92227576766112, -8.08341888685744], [-34.922062572358854, -8.08342744025353], [-34.92186596084216, -8.083509270061088], [-34.921706359552665, -8.083635154182113], [-34.921637386246346, -8.083240063503768], [-34.921615423470904, -8.083058772573112], [-34.92214302091179, -8.083059951318297], [-34.92220783934368, -8.083047447099386], [-34.92225788698965, -8.08301639323375], [-34.92227572230679, -8.08297771052834], [-34.92238586197574, -8.082673970948083], [-34.92243209033247, -8.082513188938336], [-34.92259000285818, -8.082068375825157], [-34.922733491657816, -8.081774118480498], [-34.92280429467154, -8.081818597858502], [-34.92270969161124, -8.082142188018192], [-34.922745254525886, -8.082166226926743], [-34.92269563856778, -8.082328820333403], [-34.92278262679454, -8.08236582383408]]]}}, {"type": "Feature", "properties": {"bairro": "Parnamirim", "CDTIPO": "ZEIS"}, "geometry": {"type": "Polygon", "coordinates": [[[-34.91131571759337, -8.036935565372143], [-34.911385280221126, -8.0374385187458], [-34.91133098244864, -8.037450831526085], [-34.911196016860394, -8.03748058371063], [-34.91119349425688, -8.03748113969012], [-34.911178484589, -8.037484448763054], [-34.91116987270397, -8.037438046889017], [-34.91116648099684, -8.03741977338583], [-34.911067446700464, -8.037439003250476], [-34.911054921848276, -8.037441434667933], [-34.91107825364098, -8.037581524372184], [-34.911014729921156, -8.03758755516604], [-34.910994755739054, -8.03758945166007], [-34.91101204499153, -8.037775699491029], [-34.911015558116745, -8.037852660849916], [-34.910927848071324, -8.037859860964927], [-34.91081404782351, -8.037853883546239], [-34.91067505210137, -8.037844305714174], [-34.91051825157767, -8.037816220271269], [-34.91038377877382, -8.037776876587555], [-34.91006652599473, -8.037618138722705], [-34.91005419035355, -8.037611966125766], [-34.91009843468219, -8.037536863916126], [-34.91016977036513, -8.03741577334663], [-34.91018353301461, -8.037369262910508], [-34.910220047358614, -8.037330193881921], [-34.910285367773085, -8.037287295131541], [-34.9103446176618, -8.03722275319032], [-34.91040829616395, -8.037142993285883], [-34.91045845179399, -8.037116593721583], [-34.91053003952445, -8.037104068693507], [-34.91065811116877, -8.03708779769918], [-34.910790121915845, -8.037058700433242], [-34.91131571759337, -8.036935565372143]]]}}, {"type": "Feature", "properties": {"bairro": "Casa Forte", "CDTIPO": "ZEIS"}, "geometry": {"type": "Polygon", "coordinates": [[[-34.91607175774228, -8.034221333908288], [-34.915831997046595, -8.034330354976287], [-34.91553744337481, -8.034460297251831], [-34.914768250908836, -8.034826586891583], [-34.91523549961716, -8.034068687913713], [-34.91562761160414, -8.033416505792745], [-34.91585057353039, -8.033814711921602], [-34.91607175774228, -8.034221333908288]]]}}, {"type": "Feature", "properties": {"bairro": "Nova Descoberta", "CDTIPO": "ZEIS"}, "geometry": {"type": "MultiPolygon", "coordinates": [[[[-34.919129034273496, -8.002613660885752], [-34.918260535293086, -8.00314756180637], [-34.918263403513414, -8.003179443877826], [-34.92064525262474, -8.004253070026076], [-34.92067540784204, -8.004242912640947], [-34.92075075271581, -8.00410347177114], [-34.920819160390074, -8.004001825918115], [-34.92089975487317, -8.003897465385084], [-34.92093319103728, -8.00386050531902], [-34.92100635278203, -8.003799673862565], [-34.92137674760354, -8.003538664119933], [-34.921373111675415, -8.003503648602818], [-34.92123686510579, -8.003445374181114], [-34.920899243277375, -8.003300587054753], [-34.920775813239665, -8.003248734926743], [-34.92065922843851, -8.003203739860204], [-34.92040229483467, -8.003106808497392], [-34.920142852216586, -8.00300881278352], [-34.92007323672938, -8.002981725462648], [-34.91996940109395, -8.002939807950916], [-34.919706684790754, -8.00283412451757], [-34.919218762991825, -8.002637960753109], [-34.919160953769094, -8.002611704329857], [-34.919129034273496, -8.002613660885752]]], [[[-34.923006962180544, -7.998302255878588], [-34.922986116570506, -7.998343607135296], [-34.92298459780861, -7.998345623034938], [-34.9232105086667, -7.998517964658667], [-34.92331869553462, -7.998621959509576], [-34.923376670294246, -7.998672992286723], [-34.9234743590516, -7.998768616446742], [-34.92362903767933, -7.9985854479887], [-34.923871221592734, -7.998298655051474], [-34.923882626639966, -7.998285150375407], [-34.923887030813354, -7.998279934211458], [-34.92393048925312, -7.998312852044097], [-34.92409763050246, -7.998439452875861], [-34.92415914335214, -7.998486046369489], [-34.92415421584317, -7.998492610218787], [-34.92429718719779, -7.9985879209778314], [-34.92430115844057, -7.998590566740924], [-34.924301208478575, -7.9985905999580345], [-34.924305747447455, -7.998593627301586], [-34.92430757704075, -7.998594846491089], [-34.92431564760677, -7.998588965024345], [-34.92432327799462, -7.998583404742656], [-34.924327210663165, -7.9985805331961], [-34.924327831633356, -7.998580084599706], [-34.92432817872826, -7.998579834365136], [-34.924355100047144, -7.998561343790911], [-34.92437936533608, -7.998544684566021], [-34.92438248423562, -7.998542536444785], [-34.92453188174992, -7.998439931612687], [-34.92454534195781, -7.998428755247477], [-34.92457709301974, -7.998402393089418], [-34.92458949711727, -7.998392094065186], [-34.9245895332545, -7.998392064062716], [-34.92459106179057, -7.998390780403362], [-34.924595683531734, -7.998386898518715], [-34.924600309782, -7.998383011188649], [-34.924609567702646, -7.998375231982864], [-34.92461882470751, -7.998367450973088], [-34.924637335084185, -7.998351888066032], [-34.924663059996234, -7.998330280425715], [-34.9246798729507, -7.998316153846542], [-34.92469382667024, -7.998304427316708], [-34.924707144362344, -7.998293226298751], [-34.924711829348745, -7.998289293491069], [-34.924713895407386, -7.998287559815473], [-34.924715962372936, -7.998285826135639], [-34.92471836268896, -7.998283812451055], [-34.9247200963167, -7.998282361488079], [-34.9247242266666, -7.998278904089743], [-34.924726288228655, -7.9982771785716205], [-34.9247283443576, -7.998275454886941], [-34.92473039687154, -7.998273733931305], [-34.924732445761975, -7.998272013896589], [-34.924734491935865, -7.998270294778603], [-34.924736532668156, -7.998268575685972], [-34.9247385697812, -7.998266858418328], [-34.92474060326651, -7.998265141167592], [-34.924742631314466, -7.998263424846237], [-34.92474465482353, -7.998261707641988], [-34.92474667289524, -7.998259991367136], [-34.92474868552536, -7.998258275117652], [-34.92475069271389, -7.998256558893515], [-34.92475269446083, -7.998254842694723], [-34.92475468985502, -7.998253125621493], [-34.92475667890069, -7.998251408577846], [-34.924758661589365, -7.998249689755688], [-34.92476063792528, -7.998247970059091], [-34.92476260700575, -7.998246250396299], [-34.92476456881805, -7.998244528055215], [-34.924766523370664, -7.99824280484388], [-34.92476847065935, -7.998241079858288], [-34.92477041068411, -7.9982393530983975], [-34.92477234162685, -7.998237623668682], [-34.92477426530566, -7.99823589246468], [-34.92477618081361, -7.998234159490637], [-34.92477740450662, -7.998233046311296], [-34.92477862456767, -7.998231932244815], [-34.924779841899436, -7.998230816382939], [-34.924781054692325, -7.998229699638149], [-34.92478226475593, -7.998228581097962], [-34.92478347028064, -7.998227461674874], [-34.9247846730761, -7.998226340456368], [-34.924785871332645, -7.99822521835497], [-34.924787066859935, -7.998224094458158], [-34.92478742351905, -7.998223756484772], [-34.924788257839836, -7.998222967870362], [-34.92478944519203, -7.998221841299464], [-34.924790628903764, -7.998220712033347], [-34.924791808979315, -7.998219580976065], [-34.92479298451172, -7.998218448131824], [-34.9247941564037, -7.998217312592379], [-34.92479532466371, -7.998216176165794], [-34.92479666081087, -7.998214868088999], [-34.92479799330909, -7.998213555508914], [-34.924799322162634, -7.998212239329557], [-34.924800646456085, -7.998210917747093], [-34.92480196710484, -7.998209592565361], [-34.92480288422686, -7.998208667955727], [-34.92486628264566, -7.998134819795069], [-34.92488704629298, -7.998103882756307], [-34.92488944202049, -7.99810031139452], [-34.924915789702176, -7.998061052657136], [-34.924917360442606, -7.99805871285648], [-34.924917587152066, -7.998058320341044], [-34.924926662543264, -7.998042374690304], [-34.92492668413141, -7.99804233661908], [-34.924942930629584, -7.998007804389997], [-34.92494344338332, -7.998006714413798], [-34.924961527174155, -7.997968277115031], [-34.9249615747239, -7.997968166597885], [-34.92496223171097, -7.997966502774358], [-34.92496292987386, -7.997964723039027], [-34.92496362439205, -7.997962939704425], [-34.924964316176734, -7.997961153670383], [-34.92496500431249, -7.997959363133047], [-34.92496568881207, -7.997957570804531], [-34.92496637147657, -7.9979557739642715], [-34.924967050500626, -7.997953974428795], [-34.924967726791174, -7.997952172193892], [-34.92496840034398, -7.997950366355484], [-34.92496907115902, -7.997948556913608], [-34.92496974014748, -7.997946744768036], [-34.92497040549551, -7.997944929927265], [-34.92497106901694, -7.997943112382827], [-34.92497172980063, -7.997941291234911], [-34.92497237532772, -7.99793950451245], [-34.924973018125506, -7.997937715994577], [-34.924973659096736, -7.997935924773048], [-34.92497429823714, -7.9979341299438005], [-34.924974935555205, -7.997932333314919], [-34.92497557104668, -7.997930533982377], [-34.92497620471157, -7.997928731946157], [-34.92497683654988, -7.997926927206262], [-34.92497746746853, -7.997925119758483], [-34.92497809656484, -7.997923310511083], [-34.92498102422036, -7.997914810438513], [-34.92499230641398, -7.9978815091768345], [-34.9250346554822, -7.997761471183004], [-34.925046049064136, -7.997581790098425], [-34.924829074725054, -7.997546790887627], [-34.92475868935009, -7.997534038981565], [-34.924637978266375, -7.997512169089503], [-34.924569409201276, -7.997503992276357], [-34.92447477408667, -7.9974872217662565], [-34.924361984040296, -7.997467233293236], [-34.92428301145905, -7.997452688780306], [-34.92423727291676, -7.997441599318583], [-34.924150937719844, -7.997420666627892], [-34.924123889224944, -7.997418987240861], [-34.92406779637613, -7.997415505767065], [-34.923994867732205, -7.997414315865179], [-34.92393012763335, -7.997413260478238], [-34.92392265290934, -7.997413137993907], [-34.92391269691122, -7.997409948737564], [-34.92388991010833, -7.997402648816472], [-34.92386106941387, -7.997393409857119], [-34.92380876964844, -7.997442597608111], [-34.923764196115144, -7.997488681881077], [-34.92374948276932, -7.997503590600635], [-34.923730264244426, -7.997523063218601], [-34.92370407423838, -7.997545485719497], [-34.92367101356698, -7.997573791314509], [-34.92365007413512, -7.9975894983910605], [-34.92362335694517, -7.9976147720444395], [-34.923614435840506, -7.997624753763407], [-34.92359262521884, -7.997654474244195], [-34.923554550905806, -7.9976839368813115], [-34.923521310014834, -7.997702436041373], [-34.923481617523905, -7.99771502917687], [-34.92345309361051, -7.997731582517448], [-34.92342719590173, -7.997754840807408], [-34.923404871039175, -7.997774891115458], [-34.923373920393686, -7.9978106571346235], [-34.92334790125307, -7.99784206520514], [-34.9233378634809, -7.997856454001183], [-34.92332282189047, -7.997888411240232], [-34.92330749317314, -7.997907872058663], [-34.92328380359626, -7.997930686109665], [-34.92325631523052, -7.9979485590702], [-34.92324124037771, -7.99795910284183], [-34.92321964159894, -7.997976947466764], [-34.92320184798362, -7.997992773679262], [-34.92318434007591, -7.998012667745554], [-34.92317338312166, -7.998027351024677], [-34.92316253659429, -7.9980439223758015], [-34.923148501035605, -7.998061999377659], [-34.92312756297916, -7.998084395589303], [-34.923125261792855, -7.998086856315438], [-34.92311881161338, -7.998094411770486], [-34.923111178017066, -7.998103354144191], [-34.92310028762806, -7.998113857631809], [-34.92309875997662, -7.9981153311354936], [-34.9230794395157, -7.998133966145291], [-34.92306925090587, -7.998144620958905], [-34.923062394013854, -7.998177054490305], [-34.92305337609822, -7.99820218512446], [-34.92304341637958, -7.9982299419258025], [-34.923006962180544, -7.998302255878588]]]]}}, {"type": "Feature", "properties": {"bairro": "Arruda", "CDTIPO": "ZEIS"}, "geometry": {"type": "Polygon", "coordinates": [[[-34.89033714154548, -8.022234153227009], [-34.89047801356896, -8.022569992550485], [-34.890738395428905, -8.023157500790807], [-34.89067043855361, -8.023186707216807], [-34.8905981404191, -8.023221747695723], [-34.89041148007678, -8.023310863671233], [-34.89019021478523, -8.022829573811457], [-34.889978940745934, -8.02237258467049], [-34.89019760546581, -8.022288079298523], [-34.89027202501277, -8.02225931794698], [-34.89033714154548, -8.022234153227009]]]}}, {"type": "Feature", "properties": {"bairro": "S\u00e3o Jos\u00e9", "CDTIPO": "ZEIS"}, "geometry": {"type": "MultiPolygon", "coordinates": [[[[-34.88726026742545, -8.072203471100718], [-34.88706596688071, -8.071979893568953], [-34.886926064707275, -8.07180170295544], [-34.886833012851, -8.071679909648019], [-34.886816099025005, -8.071683739545845], [-34.8865320922054, -8.07258046579031], [-34.88730575991583, -8.072797385025913], [-34.88743756717736, -8.072383776373922], [-34.88726026742545, -8.072203471100718]]], [[[-34.88601795183725, -8.071876822700608], [-34.88626096263543, -8.071112208671241], [-34.886092351842905, -8.07096110049173], [-34.88539238137664, -8.071424320540501], [-34.88561875724899, -8.071747299462531], [-34.885541159582246, -8.071817361423546], [-34.88542837681127, -8.071889936071937], [-34.8853056993879, -8.071843669922877], [-34.88520944812163, -8.072096984127437], [-34.88640965495594, -8.07254222715658], [-34.88656734370892, -8.072040279354999], [-34.88601795183725, -8.071876822700608]]]]}}, {"type": "Feature", "properties": {"bairro": "Pina", "CDTIPO": "ZEIS"}, "geometry": {"type": "MultiPolygon", "coordinates": [[[[-34.89671614996665, -8.08941343171829], [-34.89686162841439, -8.089601191840751], [-34.8974487691954, -8.08978761429248], [-34.897576122510195, -8.08974880744863], [-34.897408958775905, -8.088345587479735], [-34.89659345053287, -8.08843983641254], [-34.89671614996665, -8.08941343171829]]], [[[-34.89337591446324, -8.087948120733076], [-34.89331117241853, -8.087307486525964], [-34.8919870647165, -8.087447026440593], [-34.89205298329486, -8.088082819072584], [-34.89337591446324, -8.087948120733076]]]]}}, {"type": "Feature", "properties": {"bairro": "Po\u00e7o Da Panela", "CDTIPO": "ZEIS"}, "geometry": {"type": "Polygon", "coordinates": [[[-34.92592973135038, -8.036033157153959], [-34.926061396165274, -8.036058179346982], [-34.9264088982182, -8.036112042030396], [-34.92641183357374, -8.036217061879212], [-34.92643107751138, -8.036752762399866], [-34.92641006861134, -8.03738674200278], [-34.92626695585158, -8.038086322956323], [-34.9259309578717, -8.038642908921029], [-34.92566409161679, -8.038995269232533], [-34.92557891777491, -8.03906194499976], [-34.92521217728642, -8.039349011890122], [-34.92483647497312, -8.03955727748571], [-34.924791729720106, -8.03958207753744], [-34.924772885346705, -8.039592526344876], [-34.92442010966753, -8.039076812320861], [-34.92403010621136, -8.039343492253142], [-34.924075286391485, -8.039424420100046], [-34.9239593278113, -8.039525865285048], [-34.923669114858725, -8.039072436488238], [-34.92393388884735, -8.038868461260849], [-34.92414446433689, -8.038692783668088], [-34.924209875729574, -8.038641857220803], [-34.92511437329671, -8.037937699346132], [-34.92493271505836, -8.037740190499976], [-34.92493971736501, -8.037734416920243], [-34.92498239059409, -8.037699193753259], [-34.925047849027465, -8.037637139841506], [-34.92503125908018, -8.03761207564601], [-34.92505127509197, -8.037596206041423], [-34.925044439208435, -8.037585335099571], [-34.925063368736765, -8.03757372870626], [-34.92506479760119, -8.037572826993822], [-34.92503369200563, -8.03753941399443], [-34.92502923402338, -8.037534625277452], [-34.925047534494354, -8.037518492491685], [-34.92503785632077, -8.037505004048734], [-34.92508375555268, -8.03746914196606], [-34.925109246830566, -8.037446818847469], [-34.92516296365684, -8.037510764510008], [-34.92524357256155, -8.037605159484501], [-34.92529413874168, -8.037562621636814], [-34.92515497553954, -8.037409420656694], [-34.925129108735014, -8.037380955452111], [-34.925156801996096, -8.037356262421369], [-34.925180307993834, -8.037382270599762], [-34.92531731419025, -8.037533917653212], [-34.925381897615985, -8.037453669082177], [-34.925428037922174, -8.037390078328006], [-34.92546690472685, -8.037342071475827], [-34.92552900097509, -8.037286434011206], [-34.92553773666327, -8.037277017983762], [-34.92572242546246, -8.037436297747153], [-34.925760977399726, -8.037392695119621], [-34.92586505317429, -8.037266335219806], [-34.92589592714412, -8.03722948572736], [-34.92575938035913, -8.037088712575267], [-34.92591201078324, -8.036943374975973], [-34.925883593439934, -8.036922226576271], [-34.92559520567895, -8.036707579886722], [-34.925625984405244, -8.036665921266714], [-34.92568653110599, -8.036599080725871], [-34.92570181937521, -8.03658278122683], [-34.925826689846595, -8.036449923207314], [-34.92586026425491, -8.036414471409904], [-34.9258947846663, -8.036252663818733], [-34.9259213312689, -8.036088723848247], [-34.92592973135038, -8.036033157153959]]]}}, {"type": "Feature", "properties": {"bairro": "Torre", "CDTIPO": "ZEIS"}, "geometry": {"type": "Polygon", "coordinates": [[[-34.91264171068367, -8.045477511031033], [-34.91296380046984, -8.044663707344341], [-34.913282558407275, -8.044822241821084], [-34.913292064264795, -8.045437142970309], [-34.91347162905112, -8.045526803117257], [-34.913199565092214, -8.046021690827072], [-34.91264171068367, -8.045477511031033]]]}}, {"type": "Feature", "properties": {"bairro": "AFLITOS", "CDTIPO": "NON-ZEIS"}, "geometry": {"type": "Point", "coordinates": [-34.92997441426655, -8.026085145977975]}}, {"type": "Feature", "properties": {"bairro": "AGUA FRIA", "CDTIPO": "NON-ZEIS"}, "geometry": {"type": "Point", "coordinates": [-34.896715379005265, -8.016570561418684]}}, {"type": "Feature", "properties": {"bairro": "ALTO DO MANDU", "CDTIPO": "NON-ZEIS"}, "geometry": {"type": "Point", "coordinates": [-34.92997441426655, -8.021585145977975]}}, {"type": "Feature", "properties": {"bairro": "ALTO JOSE BONIFACIO", "CDTIPO": "NON-ZEIS"}, "geometry": {"type": "Point", "coordinates": [-34.940812689571906, -8.119393308129684]}}, {"type": "Feature", "properties": {"bairro": "ALTO JOSE DO PINHO", "CDTIPO": "NON-ZEIS"}, "geometry": {"type": "Point", "coordinates": [-34.939312689571906, -8.125393308129684]}}, {"type": "Feature", "properties": {"bairro": "ALTO SANTA TEREZINHA", "CDTIPO": "NON-ZEIS"}, "geometry": {"type": "Point", "coordinates": [-34.895215379005265, -8.018070561418684]}}, {"type": "Feature", "properties": {"bairro": "BEBERIBE", "CDTIPO": "NON-ZEIS"}, "geometry": {"type": "Point", "coordinates": [-34.893715379005265, -8.016570561418684]}}, {"type": "Feature", "properties": {"bairro": "BOA VISTA", "CDTIPO": "NON-ZEIS"}, "geometry": {"type": "Point", "coordinates": [-34.88144715256529, -8.056969005496608]}}, {"type": "Feature", "properties": {"bairro": "BOMBA DO HEMETERIO", "CDTIPO": "NON-ZEIS"}, "geometry": {"type": "Point", "coordinates": [-34.896715379005265, -8.019570561418684]}}, {"type": "Feature", "properties": {"bairro": "BRASILIA TEIMOSA", "CDTIPO": "NON-ZEIS"}, "geometry": {"type": "Point", "coordinates": [-34.90423870561492, -8.108742086205197]}}, {"type": "Feature", "properties": {"bairro": "BREJO DA GUABIRABA", "CDTIPO": "NON-ZEIS"}, "geometry": {"type": "Point", "coordinates": [-34.940812689571906, -8.120893308129684]}}, {"type": "Feature", "properties": {"bairro": "BREJO DE BEBERIBE", "CDTIPO": "NON-ZEIS"}, "geometry": {"type": "Point", "coordinates": [-34.950159156370205, -7.963537377521947]}}, {"type": "Feature", "properties": {"bairro": "CABANGA", "CDTIPO": "NON-ZEIS"}, "geometry": {"type": "Point", "coordinates": [-34.88294715256529, -8.062969005496608]}}, {"type": "Feature", "properties": {"bairro": "CACOTE", "CDTIPO": "NON-ZEIS"}, "geometry": {"type": "Point", "coordinates": [-34.94207225268952, -8.083145740409744]}}, {"type": "Feature", "properties": {"bairro": "CAJUEIRO", "CDTIPO": "NON-ZEIS"}, "geometry": {"type": "Point", "coordinates": [-34.895215379005265, -8.016570561418684]}}, {"type": "Feature", "properties": {"bairro": "CAMPINA DO BARRETO", "CDTIPO": "NON-ZEIS"}, "geometry": {"type": "Point", "coordinates": [-34.895215379005265, -8.015070561418684]}}, {"type": "Feature", "properties": {"bairro": "CASA AMARELA", "CDTIPO": "NON-ZEIS"}, "geometry": {"type": "Point", "coordinates": [-34.92697441426655, -8.026085145977975]}}, {"type": "Feature", "properties": {"bairro": "CAXANGA", "CDTIPO": "NON-ZEIS"}, "geometry": {"type": "Point", "coordinates": [-34.95375486780765, -8.04737850341764]}}, {"type": "Feature", "properties": {"bairro": "CIDADE UNIVERSITARIA", "CDTIPO": "NON-ZEIS"}, "geometry": {"type": "Point", "coordinates": [-34.95375486780765, -8.04587850341764]}}, {"type": "Feature", "properties": {"bairro": "COQUEIRAL", "CDTIPO": "NON-ZEIS"}, "geometry": {"type": "Point", "coordinates": [-34.94357225268952, -8.083145740409744]}}, {"type": "Feature", "properties": {"bairro": "CORDEIRO", "CDTIPO": "NON-ZEIS"}, "geometry": {"type": "Point", "coordinates": [-34.95675486780765, -8.04737850341764]}}, {"type": "Feature", "properties": {"bairro": "CORREGO DO JENIPAPO", "CDTIPO": "NON-ZEIS"}, "geometry": {"type": "Point", "coordinates": [-34.940812689571906, -8.120893308129684]}}, {"type": "Feature", "properties": {"bairro": "DERBY", "CDTIPO": "NON-ZEIS"}, "geometry": {"type": "Point", "coordinates": [-34.92847441426655, -8.026085145977975]}}, {"type": "Feature", "properties": {"bairro": "DOIS IRMAOS", "CDTIPO": "NON-ZEIS"}, "geometry": {"type": "Point", "coordinates": [-34.92847441426655, -8.024585145977975]}}, {"type": "Feature", "properties": {"bairro": "ENCRUZILHADA", "CDTIPO": "NON-ZEIS"}, "geometry": {"type": "Point", "coordinates": [-34.895215379005265, -8.015070561418684]}}, {"type": "Feature", "properties": {"bairro": "ESTANCIA", "CDTIPO": "NON-ZEIS"}, "geometry": {"type": "Point", "coordinates": [-34.94057225268952, -8.083145740409744]}}, {"type": "Feature", "properties": {"bairro": "FUNDAO", "CDTIPO": "NON-ZEIS"}, "geometry": {"type": "Point", "coordinates": [-34.893715379005265, -8.016570561418684]}}, {"type": "Feature", "properties": {"bairro": "GRACAS", "CDTIPO": "NON-ZEIS"}, "geometry": {"type": "Point", "coordinates": [-34.92697441426655, -8.021585145977975]}}, {"type": "Feature", "properties": {"bairro": "GUABIRABA", "CDTIPO": "NON-ZEIS"}, "geometry": {"type": "Point", "coordinates": [-34.937812689571906, -8.119393308129684]}}, {"type": "Feature", "properties": {"bairro": "HIPODROMO", "CDTIPO": "NON-ZEIS"}, "geometry": {"type": "Point", "coordinates": [-34.896715379005265, -8.019570561418684]}}, {"type": "Feature", "properties": {"bairro": "ILHA DO LEITE", "CDTIPO": "NON-ZEIS"}, "geometry": {"type": "Point", "coordinates": [-34.88444715256529, -8.059969005496608]}}, {"type": "Feature", "properties": {"bairro": "ILHA DO RETIRO", "CDTIPO": "NON-ZEIS"}, "geometry": {"type": "Point", "coordinates": [-34.95675486780765, -8.04587850341764]}}, {"type": "Feature", "properties": {"bairro": "JAQUEIRA", "CDTIPO": "NON-ZEIS"}, "geometry": {"type": "Point", "coordinates": [-34.92847441426655, -8.021585145977975]}}, {"type": "Feature", "properties": {"bairro": "JARDIM SAO PAULO", "CDTIPO": "NON-ZEIS"}, "geometry": {"type": "Point", "coordinates": [-34.94207225268952, -8.078645740409744]}}, {"type": "Feature", "properties": {"bairro": "JIQUIA", "CDTIPO": "NON-ZEIS"}, "geometry": {"type": "Point", "coordinates": [-34.94057225268952, -8.084645740409744]}}, {"type": "Feature", "properties": {"bairro": "JORDAO", "CDTIPO": "NON-ZEIS"}, "geometry": {"type": "Point", "coordinates": [-34.947159156370205, -7.968037377521947]}}, {"type": "Feature", "properties": {"bairro": "MANGABEIRA", "CDTIPO": "NON-ZEIS"}, "geometry": {"type": "Point", "coordinates": [-34.940812689571906, -8.125393308129684]}}, {"type": "Feature", "properties": {"bairro": "MORRO DA CONCEICAO", "CDTIPO": "NON-ZEIS"}, "geometry": {"type": "Point", "coordinates": [-34.940812689571906, -8.120893308129684]}}, {"type": "Feature", "properties": {"bairro": "PAISSANDU", "CDTIPO": "NON-ZEIS"}, "geometry": {"type": "Point", "coordinates": [-34.88294715256529, -8.061469005496608]}}, {"type": "Feature", "properties": {"bairro": "PASSARINHO", "CDTIPO": "NON-ZEIS"}, "geometry": {"type": "Point", "coordinates": [-34.939312689571906, -8.120893308129684]}}, {"type": "Feature", "properties": {"bairro": "PAU FERRO", "CDTIPO": "NON-ZEIS"}, "geometry": {"type": "Point", "coordinates": [-34.939312689571906, -8.119393308129684]}}, {"type": "Feature", "properties": {"bairro": "PEIXINHOS", "CDTIPO": "NON-ZEIS"}, "geometry": {"type": "Point", "coordinates": [-34.893715379005265, -8.019570561418684]}}, {"type": "Feature", "properties": {"bairro": "POCO", "CDTIPO": "NON-ZEIS"}, "geometry": {"type": "Point", "coordinates": [-34.92697441426655, -8.023085145977975]}}, {"type": "Feature", "properties": {"bairro": "PONTO DE PARADA", "CDTIPO": "NON-ZEIS"}, "geometry": {"type": "Point", "coordinates": [-34.893715379005265, -8.015070561418684]}}, {"type": "Feature", "properties": {"bairro": "PORTO DA MADEIRA", "CDTIPO": "NON-ZEIS"}, "geometry": {"type": "Point", "coordinates": [-34.893715379005265, -8.013570561418684]}}, {"type": "Feature", "properties": {"bairro": "RECIFE", "CDTIPO": "NON-ZEIS"}, "geometry": {"type": "Point", "coordinates": [-34.88444715256529, -8.061469005496608]}}, {"type": "Feature", "properties": {"bairro": "ROSARINHO", "CDTIPO": "NON-ZEIS"}, "geometry": {"type": "Point", "coordinates": [-34.896715379005265, -8.016570561418684]}}, {"type": "Feature", "properties": {"bairro": "SAN MARTIN", "CDTIPO": "NON-ZEIS"}, "geometry": {"type": "Point", "coordinates": [-34.94357225268952, -8.080145740409744]}}, {"type": "Feature", "properties": {"bairro": "SANCHO", "CDTIPO": "NON-ZEIS"}, "geometry": {"type": "Point", "coordinates": [-34.94357225268952, -8.078645740409744]}}, {"type": "Feature", "properties": {"bairro": "SANTANA", "CDTIPO": "NON-ZEIS"}, "geometry": {"type": "Point", "coordinates": [-34.92847441426655, -8.026085145977975]}}, {"type": "Feature", "properties": {"bairro": "SANTO ANTONIO", "CDTIPO": "NON-ZEIS"}, "geometry": {"type": "Point", "coordinates": [-34.88294715256529, -8.059969005496608]}}, {"type": "Feature", "properties": {"bairro": "SAO JOSE", "CDTIPO": "NON-ZEIS"}, "geometry": {"type": "Point", "coordinates": [-34.88294715256529, -8.058469005496608]}}, {"type": "Feature", "properties": {"bairro": "SITIO DOS PINTOS", "CDTIPO": "NON-ZEIS"}, "geometry": {"type": "Point", "coordinates": [-34.92847441426655, -8.020085145977975]}}, {"type": "Feature", "properties": {"bairro": "SOLEDADE", "CDTIPO": "NON-ZEIS"}, "geometry": {"type": "Point", "coordinates": [-34.88144715256529, -8.062969005496608]}}, {"type": "Feature", "properties": {"bairro": "TEJIPIO", "CDTIPO": "NON-ZEIS"}, "geometry": {"type": "Point", "coordinates": [-34.94057225268952, -8.081645740409744]}}, {"type": "Feature", "properties": {"bairro": "TORREAO", "CDTIPO": "NON-ZEIS"}, "geometry": {"type": "Point", "coordinates": [-34.893715379005265, -8.013570561418684]}}, {"type": "Feature", "properties": {"bairro": "TORROES", "CDTIPO": "NON-ZEIS"}, "geometry": {"type": "Point", "coordinates": [-34.95675486780765, -8.05037850341764]}}, {"type": "Feature", "properties": {"bairro": "TOTO", "CDTIPO": "NON-ZEIS"}, "geometry": {"type": "Point", "coordinates": [-34.94357225268952, -8.083145740409744]}}, {"type": "Feature", "properties": {"bairro": "VARZEA", "CDTIPO": "NON-ZEIS"}, "geometry": {"type": "Point", "coordinates": [-34.95675486780765, -8.04737850341764]}}, {"type": "Feature", "properties": {"bairro": "VASCO DA GAMA", "CDTIPO": "NON-ZEIS"}, "geometry": {"type": "Point", "coordinates": [-34.940812689571906, -8.120893308129684]}}, {"type": "Feature", "properties": {"bairro": "ZUMBI", "CDTIPO": "NON-ZEIS"}, "geometry": {"type": "Point", "coordinates": [-34.95675486780765, -8.04437850341764]}}]}