{"type":"FeatureCollection","":{"type":"name","properties":{"name":"EPSG:4326"}},"features":[{"type":"Feature","geometry":{"type":"Polygon","coordinates":[[[-34.88788838644026,-8.0809515203640903],[-34.887291211869361,-8.0800141338117015],[-34.885346983571374,-8.0789794172501637],[-34.874475669493513,-8.0731555948925102],[-34.872275346144235,-8.0675516787273089],[-34.872268574505789,-8.0675345510511072],[-34.870701328217876,-8.0679500235706296],[-34.869723475131408,-8.0682773328553967],[-34.86643667530565,-8.059945645289643],[-34.862339289406712,-8.0502809177683989],[-34.861738100789552,-8.0491549085091538],[-34.860842018907348,-8.0487134188623539],[-34.857729633547308,-8.0477507603751395],[-34.857559375484406,-8.0477480682235534],[-34.858061264511356,-8.0467061680102852],[-34.863606319727126,-8.0405918015424636],[-34.868891723837486,-8.0369869467154373],[-34.869003114534237,-8.0368959400518651],[-34.868844248020658,-8.0371876658804844],[-34.869003119570451,-8.0368970403043942],[-34.869259559835207,-8.0366753489177949],[-34.869485098890252,-8.0365233820209721],[-34.870277506999372,-8.0362101614617121],[-34.870747376808154,-8.0361067952908822],[-34.873044681770729,-8.0372385940211277],[-34.877562498780328,-8.0393491786715447],[-34.878748066779501,-8.0398853939456831],[-34.88459698244737,-8.0425859349905018],[-34.887944884283833,-8.0441515877031211],[-34.889206050509955,-8.0447183147391534],[-34.889521426624924,-8.0448862823390197],[-34.889735570382435,-8.0450305766867238],[-34.890055674630688,-8.0452997660198644],[-34.890522473417661,-8.0458632519106903],[-34.89127711014946,-8.0468485840285524],[-34.893274865794517,-8.0495217415234901],[-34.893744463458326,-8.0501002153634325],[-34.894845344694716,-8.0514776065298879],[-34.896249644040807,-8.0534735872399921],[-34.897408627738876,-8.0550782918815713],[-34.897607428792597,-8.055482526120052],[-34.897691265417315,-8.0559215538757538],[-34.897696068863041,-8.0588525871742949],[-34.897917511461557,-8.0589195970496306],[-34.898121709727846,-8.058943308323629],[-34.898069228299683,-8.059398942760934],[-34.898122440619424,-8.0594822516567071],[-34.898299603006379,-8.0596619745140661],[-34.899859915684253,-8.061463356194615],[-34.899942590599153,-8.0619763708317453],[-34.900704017809232,-8.0618133659250333],[-34.900698928735302,-8.0619621146965024],[-34.900741278689893,-8.0622414525913229],[-34.900750889086353,-8.0628345628778924],[-34.900835586903142,-8.0633932376626039],[-34.9008578930924,-8.0637749342970686],[-34.900839344799863,-8.0641977306134844],[-34.900720544433206,-8.0651255145074447],[-34.900626877755094,-8.0655759280231543],[-34.900525605306022,-8.0658627498883835],[-34.900330218969671,-8.0665045373407462],[-34.900212101508103,-8.0666634724009292],[-34.900714716620726,-8.0668780239175657],[-34.900922230947046,-8.0669875825007455],[-34.901125860470685,-8.0670566349111681],[-34.901191162229509,-8.0671007921449647],[-34.901386362396039,-8.0671258733690667],[-34.901594654628504,-8.0670709458218806],[-34.901792099089441,-8.06686264867818],[-34.902342151862058,-8.0659852159400707],[-34.902581369541203,-8.0657543877217588],[-34.902836029623813,-8.0656798909129037],[-34.903100322069363,-8.0657013614453774],[-34.903381856210785,-8.0658483360197408],[-34.903489281789554,-8.0659707152227735],[-34.904023842557336,-8.0669500300352013],[-34.904206455047508,-8.0671984473381873],[-34.904551514690134,-8.0675780741616503],[-34.904792997503186,-8.0678311055336973],[-34.904945925793022,-8.0679606469399303],[-34.905226075806453,-8.0681561846013992],[-34.905437357394483,-8.0682431763606601],[-34.905796420317245,-8.0684712209241596],[-34.906086257454142,-8.0685773989070562],[-34.906155277434749,-8.0686552794949584],[-34.906204752054137,-8.0687479132449109],[-34.906234681308376,-8.0688553001656533],[-34.906338739724511,-8.0690845312639166],[-34.906437323513323,-8.0691915993698853],[-34.906516312499896,-8.0693036451793692],[-34.906630571063729,-8.0696159188177745],[-34.906661209162124,-8.0698748169330141],[-34.906662883936093,-8.0702319765777979],[-34.906570648271199,-8.0704327964840097],[-34.906537390775895,-8.0706576258628786],[-34.906543482746898,-8.0709115682887393],[-34.906588085212945,-8.0710139632152096],[-34.906598720571772,-8.0711902412943992],[-34.906579630788421,-8.0713027429397819],[-34.906516614128662,-8.0714594402508677],[-34.906429190360861,-8.0716406882113301],[-34.906356088273363,-8.0717387801758349],[-34.905671182574942,-8.0720938748389557],[-34.90526039353491,-8.072340166228976],[-34.905104038196122,-8.072463083525582],[-34.904801776132622,-8.07284572188901],[-34.90434409923413,-8.0735516634333422],[-34.904213202034278,-8.0738748526069415],[-34.904160447352851,-8.0741242677085907],[-34.904196882652457,-8.0745783666553379],[-34.904184415491805,-8.0750577820077556],[-34.904160468870565,-8.07518008292449],[-34.903875677728259,-8.0756919037178534],[-34.902702742966184,-8.0775992624507751],[-34.902097642566801,-8.079347432151188],[-34.902063600167018,-8.079548264210624],[-34.901923015842698,-8.0798006284316966],[-34.901787168944878,-8.0806152181310669],[-34.901530354376639,-8.0813636348302822],[-34.900756828671454,-8.0826628375608323],[-34.900776011431923,-8.0831402648391215],[-34.895251712936307,-8.0825935012519921],[-34.89448712556009,-8.0825880059275335],[-34.893729576785574,-8.0826543386923522],[-34.892900540689666,-8.0828559948690444],[-34.892534824022583,-8.0830455858575512],[-34.891391986377812,-8.0835828167249897],[-34.890697815425867,-8.0839577067997066],[-34.889270669559643,-8.0826068878004467],[-34.888405229011674,-8.0817573825372122],[-34.88788838644026,-8.0809515203640903]]]},"properties":{"cdistscodi":1}},{"type":"Feature","geometry":{"type":"Polygon","coordinates":[[[-34.891687537229807,-8.0035238625497609],[-34.891794105338747,-8.0034993192223869],[-34.892584268641642,-8.0034580169307326],[-34.892910722133145,-8.0034582328742996],[-34.893094324178598,-8.0034060092306518],[-34.893330888506568,-8.0032884625242886],[-34.893466415262282,-8.0032433131115095],[-34.893741235473456,-8.0032249252688334],[-34.893959248344892,-8.0031828209309044],[-34.894100118122857,-8.0031787488655244],[-34.894351090505175,-8.0032049994868739],[-34.894430005747218,-8.0031789469903067],[-34.894633946384715,-8.0030666890820559],[-34.894707732890367,-8.0030457961473473],[-34.894975664894019,-8.0030240136018342],[-34.89509598886886,-8.0030354509583379],[-34.895168101428148,-8.0030248440799046],[-34.895595354388099,-8.0029012808835098],[-34.896151875439287,-8.0024945363826721],[-34.896545838236257,-8.0022323985157104],[-34.897158520238982,-8.0017716721357335],[-34.897191760736533,-8.0017338392935642],[-34.897403217202019,-8.0016132726068498],[-34.897564582542138,-8.0015595601386895],[-34.897869059895669,-8.0015335848281044],[-34.897999634582447,-8.0015422349400467],[-34.898076232424465,-8.0015772609875171],[-34.898676391525946,-8.0019495679506196],[-34.898760849176895,-8.0019931906929838],[-34.898937419269373,-8.002040067415205],[-34.899118229245417,-8.0020414559245143],[-34.899243813865098,-8.0020109324112063],[-34.899324048413042,-8.0019174019558132],[-34.899371183306926,-8.001885021706741],[-34.900808287758188,-8.0009550973361687],[-34.900909818361335,-8.0008958487494084],[-34.901012095973989,-8.0008776317007531],[-34.901494045778229,-8.0005571067432104],[-34.901597260360795,-8.0005011772647734],[-34.901711120672168,-8.0004618345788074],[-34.90180970242772,-8.0003660007193336],[-34.901866857297591,-8.0003352376038226],[-34.902015356842519,-8.0002070086312393],[-34.902332111828557,-8.0000136786670097],[-34.902503372640091,-7.99987536463758],[-34.903063771514248,-7.9995572496607492],[-34.903315354822254,-7.9993453651192148],[-34.903808498540478,-7.9990523156621247],[-34.90395868411705,-7.9989165131788909],[-34.904131813215841,-7.998821999608773],[-34.9044362514841,-7.9986115334568089],[-34.904621110750462,-7.9985269465875355],[-34.904696464666934,-7.9984617164853606],[-34.904821838148003,-7.9983857195875814],[-34.904867734982915,-7.998326174541174],[-34.904947613982948,-7.9982764518714484],[-34.904994859537645,-7.9982679146484372],[-34.905107065115587,-7.9981900401068007],[-34.905344052697977,-7.9981115889074976],[-34.905454253278499,-7.9980029444343907],[-34.905609970241954,-7.9977526850072787],[-34.905709154331895,-7.9976673820234172],[-34.905937647038868,-7.9976358277895958],[-34.906051490613073,-7.9975926030784681],[-34.906156836543282,-7.9975166992304034],[-34.906221934084662,-7.9975186191535332],[-34.906312393076192,-7.9974721726294469],[-34.906554217890395,-7.9971954529758111],[-34.906690577013251,-7.9969702341709343],[-34.906809691367343,-7.9968643211166439],[-34.906832780140455,-7.9968048803506289],[-34.90698678906184,-7.9966660896472659],[-34.907022782097897,-7.9965106538330595],[-34.906988588063292,-7.996254942516952],[-34.907019814696937,-7.9961445170825902],[-34.907162506828136,-7.9960149938224623],[-34.907205784837977,-7.9959433760286416],[-34.907260118388365,-7.9959043106841552],[-34.907370584335808,-7.995878958546264],[-34.907384501775674,-7.9958571568067907],[-34.907318724907043,-7.9957798325203386],[-34.907313895482915,-7.9957456981291148],[-34.907378941827169,-7.9956662156558966],[-34.907415833437767,-7.9955423838207746],[-34.907442723580516,-7.9955382736040326],[-34.907492554571597,-7.9954870267973783],[-34.907557521058443,-7.9954612166338634],[-34.907588376889628,-7.9953973046278906],[-34.907783924530108,-7.9952189488068059],[-34.907977409541772,-7.9950760935448129],[-34.908159376455764,-7.9949682274102551],[-34.908286279351245,-7.9948628332652421],[-34.908506381619375,-7.9945817753582897],[-34.908827821811407,-7.9940727852113636],[-34.909021486442079,-7.9938573880786672],[-34.909109864896585,-7.9937216721092064],[-34.909285767193118,-7.9933870279321413],[-34.909459738559946,-7.9931156106362158],[-34.909500761863384,-7.9929651420888579],[-34.909582638749022,-7.9928666106851898],[-34.909743279790369,-7.9927194695885477],[-34.909972784516675,-7.9925465036529557],[-34.910328980636223,-7.9923362720745637],[-34.910403188094975,-7.9923112334620905],[-34.910508205740342,-7.992244578224704],[-34.91062924118124,-7.9921930020112493],[-34.910756212240649,-7.9921025794099236],[-34.910890831774061,-7.991981621745972],[-34.911093592317677,-7.9919196847903384],[-34.911336706346184,-7.9918032166401076],[-34.911382281392569,-7.9917941351298936],[-34.911467672862145,-7.9917349594395661],[-34.91154452563211,-7.9916325671662483],[-34.911713781054473,-7.9915436158735869],[-34.911958868244561,-7.9913722396701363],[-34.912114814875217,-7.9912922187373043],[-34.912176887754775,-7.9912425775525167],[-34.912516977206828,-7.9910446990726296],[-34.912699615641344,-7.9909623340656672],[-34.912958545168259,-7.9908968112649781],[-34.913137789902692,-7.9908028192211962],[-34.913286716613584,-7.9906490784012245],[-34.913556754213687,-7.9904603951755915],[-34.913722696939509,-7.9903769987294346],[-34.913863551850703,-7.9902815216223306],[-34.914013767501004,-7.9901654842306122],[-34.914137161854434,-7.9900240618445899],[-34.91436125404482,-7.9898843898670719],[-34.914449288357154,-7.9897952551849025],[-34.914504218636907,-7.9897645011655536],[-34.914587605997589,-7.9897524687520001],[-34.914808764745807,-7.9895800947132463],[-34.915263670245601,-7.9893107008162563],[-34.915420934004977,-7.9891558125143147],[-34.915640983510521,-7.9889845508018267],[-34.915764037221919,-7.9888550751442757],[-34.915821453385874,-7.9888097856517692],[-34.915861512078955,-7.988796650161289],[-34.916040937778405,-7.9886222487080571],[-34.916187616459382,-7.9885833060816234],[-34.916280870142067,-7.9885396196961773],[-34.916324617189368,-7.9884967187728986],[-34.916410667363152,-7.9883399408504054],[-34.916447485095681,-7.9882427259080782],[-34.916468533745359,-7.9882232198451444],[-34.916610558552314,-7.9881404921573758],[-34.916722424189963,-7.9881510619341736],[-34.916845824348549,-7.9882503086665126],[-34.91687365222338,-7.988252949703786],[-34.916944652102195,-7.9882088139947918],[-34.917008306401812,-7.9881403106923274],[-34.917020738847079,-7.9880626181918277],[-34.916956731549803,-7.987935925339908],[-34.916975131049512,-7.9878260421222853],[-34.916945180030254,-7.9877258106761122],[-34.916927254711645,-7.9875800507582388],[-34.916854599781878,-7.9875077449817526],[-34.916784850535436,-7.9874620423260803],[-34.916737856509037,-7.9874051430877122],[-34.916718732614257,-7.987359759020328],[-34.916725147869201,-7.9873042747699525],[-34.916708665569239,-7.9872162499287844],[-34.917280167354633,-7.9871535224818029],[-34.918352037370212,-7.9872294224085092],[-34.918522259797882,-7.9872623226287489],[-34.918758045267104,-7.9873263718641541],[-34.918837075274084,-7.9873608233776405],[-34.919319068394188,-7.9876530809083999],[-34.919352338656665,-7.9877131823830645],[-34.919345903868376,-7.9877828487470461],[-34.91916067513796,-7.988170078761935],[-34.91910839242675,-7.9882428699445791],[-34.919069588960646,-7.9882718852116676],[-34.919005392392393,-7.9882777992427458],[-34.918813664223741,-7.9882382539121686],[-34.91880277587746,-7.9882559771092687],[-34.918947144722715,-7.988528238837449],[-34.919024165956493,-7.9887272882110869],[-34.919685987903506,-7.989152829859095],[-34.919936683646171,-7.9892729684581276],[-34.920050097837382,-7.9893540199458659],[-34.920217199197879,-7.9894918133147579],[-34.92034783357699,-7.9896363367961474],[-34.920451309515954,-7.9896928898628126],[-34.921137889390636,-7.9902602704243257],[-34.922127235120982,-7.9912395665012772],[-34.922574107225905,-7.9916261030154123],[-34.922739406431006,-7.9917960545091455],[-34.922845678886766,-7.9918730590254663],[-34.922893487649262,-7.9919361281994536],[-34.923659190435792,-7.9927049023890504],[-34.923384407622208,-7.9929654901475331],[-34.923308421020465,-7.9930946790873501],[-34.923040348467069,-7.9937751074985757],[-34.923034295191933,-7.9938451200668847],[-34.92319204883313,-7.994480621599096],[-34.923203829508346,-7.9946109931459493],[-34.923196358954762,-7.9947191881568687],[-34.923166622718604,-7.9948433929003997],[-34.922999074371063,-7.9951829676242943],[-34.922954778939591,-7.9952498737582021],[-34.922814922043983,-7.9953842383700273],[-34.922696123426867,-7.9955708890447816],[-34.922504028924536,-7.9961205348148798],[-34.922320529767866,-7.9968021590932006],[-34.922245019195877,-7.9970331460411845],[-34.921921868275909,-7.9978595623433257],[-34.921729657352401,-7.9984034471366412],[-34.921588868601113,-7.9986201137718647],[-34.921500326675798,-7.9986952647196876],[-34.921587356324366,-7.9987869539199012],[-34.921589074624769,-7.9988139846452313],[-34.921175671278547,-7.9992122985579952],[-34.921298302899494,-7.9992852834249515],[-34.921565867248994,-7.9995123702628828],[-34.921539885083035,-7.9995364271643874],[-34.921538590612478,-7.9996140198918591],[-34.921648689473358,-7.9998798977964496],[-34.921664108536767,-7.9999428093917899],[-34.921654231733363,-7.9999867422045403],[-34.921555609586754,-8.0000274049330375],[-34.921475461492193,-8.0001000858481035],[-34.921148984520514,-8.0005102952124894],[-34.920867590659206,-8.0006222186214444],[-34.920572630507785,-8.0007192590100065],[-34.920473665794766,-8.0007879418797003],[-34.920395778089379,-8.0008227852151776],[-34.920087317598224,-8.0010537094632515],[-34.919888443277159,-8.0010821044539764],[-34.919738713209767,-8.0011306339444008],[-34.919528221411063,-8.001333408974693],[-34.919428047311307,-8.0013966539199259],[-34.919365115761011,-8.0014074110934299],[-34.919197139115532,-8.0014022144611054],[-34.91914171918733,-8.0014159237053182],[-34.919052080248271,-8.0014880915300886],[-34.919025540259057,-8.0015447641468995],[-34.918971604218349,-8.0015825380945369],[-34.918876287927837,-8.0016105678368863],[-34.91884646509768,-8.0016465797560059],[-34.918490321759002,-8.0018081778350698],[-34.918126940887994,-8.0020251163754583],[-34.91791594443248,-8.0021202688000059],[-34.917841471836041,-8.0022282392675681],[-34.917681780426413,-8.0023919145871485],[-34.917653567535034,-8.0024518360171459],[-34.91762219217145,-8.0024758988383855],[-34.917502214289918,-8.0024734665285209],[-34.917434598687436,-8.002445380360852],[-34.917362365203502,-8.0023904070357332],[-34.917288768717775,-8.0023653392711687],[-34.917213840769072,-8.0023761509871409],[-34.916865141942921,-8.0025272488123758],[-34.91664029794304,-8.0026887077172493],[-34.916603503121664,-8.0026987419471372],[-34.916499828864936,-8.0027765002098974],[-34.916332758743415,-8.0030617203946992],[-34.916135519245088,-8.003312409720996],[-34.916083849482682,-8.0034218725335524],[-34.916077659361157,-8.00346746438459],[-34.916101269972252,-8.0036104213649555],[-34.916040381066658,-8.0038121145821748],[-34.916006067268604,-8.0038496425646048],[-34.915947681575972,-8.0038708409703805],[-34.915767677702242,-8.0038597195141232],[-34.915507161995258,-8.0037512277033809],[-34.91546617030761,-8.003712101047455],[-34.915403408346215,-8.0037183212340217],[-34.915373752282889,-8.0037336354436039],[-34.915340236134845,-8.0037920445141602],[-34.91520121715071,-8.0038529674603112],[-34.915148169344434,-8.0039457204366862],[-34.915101830436278,-8.0039773273926578],[-34.915078046620437,-8.0040222812707604],[-34.915119217895466,-8.0041311151644869],[-34.915114681032861,-8.0041770871983626],[-34.91505421485703,-8.0042527009619064],[-34.914951269686163,-8.0042812635454812],[-34.914861474519128,-8.0043459268353363],[-34.914739812227033,-8.0043622556158383],[-34.914536161626636,-8.0044849602642607],[-34.914141204055397,-8.0046251257174585],[-34.914052951709778,-8.0046820826867702],[-34.913994278395222,-8.0047658707476987],[-34.91412363114663,-8.0051007680600001],[-34.914078942381266,-8.005225740213989],[-34.914044698071599,-8.0052782165218428],[-34.913986271605374,-8.005323586942767],[-34.913836397888382,-8.0053090784973513],[-34.913440518106555,-8.0053395428639487],[-34.913269736837194,-8.0053813795210935],[-34.913264948352008,-8.005410402394423],[-34.913307070896821,-8.005466590107476],[-34.913273675285645,-8.0055540236243381],[-34.913061108291977,-8.0057535461356615],[-34.913007157635903,-8.0057979672256767],[-34.91295040604637,-8.0058178585828319],[-34.912888252001451,-8.0058306400833104],[-34.91283718110013,-8.0058210614206082],[-34.912706588565065,-8.0059385592067915],[-34.91245458331295,-8.0061256643725685],[-34.912283181478728,-8.0062256957181983],[-34.912237286799567,-8.0062731197765853],[-34.912190808840847,-8.0062880579588267],[-34.91212636961825,-8.0062910335909301],[-34.912047927694395,-8.0062664114488644],[-34.911998691660436,-8.0062661921365148],[-34.911773425702648,-8.0063563709017664],[-34.911661756724747,-8.0063760681946814],[-34.911532067914216,-8.0063064827375019],[-34.911425909135126,-8.0062784096933406],[-34.911143765421485,-8.0062609430002603],[-34.910931208306096,-8.0063679866298099],[-34.910811368212734,-8.0063954459132809],[-34.91073219819404,-8.0064060837407656],[-34.910453993573029,-8.0063861465096036],[-34.910526112224822,-8.0065042002907791],[-34.910757013467155,-8.0070203881639674],[-34.910848240791559,-8.0073375087320589],[-34.910871148347148,-8.0076789099015286],[-34.911091653876483,-8.0076171755744596],[-34.911262107595121,-8.0075981724122975],[-34.911112487749207,-8.007840198554657],[-34.91103218397663,-8.0079255693230831],[-34.910752734894075,-8.008081679400112],[-34.910736149791795,-8.0081166686434226],[-34.910701042332015,-8.0084249459295158],[-34.9106401537084,-8.0087561134332468],[-34.910578182602222,-8.0095077184548895],[-34.910509901183197,-8.0098859697661986],[-34.910421796684787,-8.010910905394395],[-34.910354266425685,-8.0110138183124455],[-34.910343205169184,-8.011058814423798],[-34.910359301082742,-8.0111902158062218],[-34.910341862450416,-8.011227159096352],[-34.910619149438688,-8.0112530378149209],[-34.911133485372787,-8.0114858553752146],[-34.911475968213153,-8.011606362880892],[-34.911884559750746,-8.0118091175084754],[-34.912029009924744,-8.0118483910904104],[-34.912262512054426,-8.0118761197667574],[-34.912565348937953,-8.0119650972410419],[-34.912684767161736,-8.0120379426089272],[-34.912763465632864,-8.0121174382392422],[-34.912112892047865,-8.0125477240756062],[-34.911555688138641,-8.0128887099551847],[-34.911204024212346,-8.0130377136455042],[-34.911013811061274,-8.0130424649681977],[-34.910977515668172,-8.0130297349006234],[-34.910242902625086,-8.0124987496579791],[-34.910229978705146,-8.0126074008267825],[-34.910188942926737,-8.0126684573973872],[-34.910191262658742,-8.0132021770276403],[-34.910203914407411,-8.0132669636088991],[-34.910274667347771,-8.0134284648565526],[-34.910284577423326,-8.0138551184138453],[-34.910251689663646,-8.0139878524742922],[-34.909942572322187,-8.0145501312355005],[-34.909881681028935,-8.0146291921552297],[-34.909896444687284,-8.0147035882450162],[-34.910335393476657,-8.0154230119972496],[-34.910371149067032,-8.0155363529123047],[-34.910392612504801,-8.015746931144518],[-34.910357323031057,-8.0159095937917186],[-34.910212965360088,-8.0163985783728116],[-34.910193910657753,-8.0165285017735517],[-34.910218878173993,-8.0169636261979065],[-34.910182302403861,-8.017376985733458],[-34.910279258731983,-8.0179644734435023],[-34.910307527512728,-8.0180533505820435],[-34.910423894110529,-8.0182331643952196],[-34.910640773353208,-8.0183540377363656],[-34.910667121177624,-8.0184984678647417],[-34.910347524506101,-8.018631654821526],[-34.910200677246607,-8.0186219019830585],[-34.910117332899482,-8.0185777839043606],[-34.909878535033663,-8.0185435945378014],[-34.909575445459993,-8.0185879691908646],[-34.909250606239681,-8.0185910109777421],[-34.909101975298348,-8.01862373915713],[-34.908988056109173,-8.0188100614096296],[-34.908965928098525,-8.0189825563322525],[-34.908701478319678,-8.0190569291786709],[-34.908569588171325,-8.019116406077849],[-34.908345197853912,-8.0192407779834785],[-34.907905941516631,-8.0195181861232676],[-34.908218042269375,-8.0199351335428108],[-34.908116367803963,-8.0200064908800144],[-34.907952917586854,-8.0200870810653502],[-34.907680659506369,-8.0202552669494089],[-34.90717355659806,-8.0204172824734705],[-34.906618948986548,-8.020541413564322],[-34.905920894691882,-8.020742412890753],[-34.904905315864262,-8.0211374860836369],[-34.904647273821531,-8.0212581499511906],[-34.904389111330303,-8.0213264775728614],[-34.902300968368515,-8.0221233240636973],[-34.902317220816741,-8.0221564139559192],[-34.902082742017527,-8.0222448586325577],[-34.901857123039996,-8.0223542295188484],[-34.900927844893566,-8.0226817595620705],[-34.900720973981507,-8.0227907025494343],[-34.900620649721276,-8.0229032852121822],[-34.900344064709031,-8.0234806156349716],[-34.899758388646873,-8.0247822569900187],[-34.899657272769652,-8.0249737173052953],[-34.899074247269645,-8.0262415864405661],[-34.898953220273995,-8.0262646066249967],[-34.898958517894464,-8.0263830809210734],[-34.898950589853413,-8.0264225839352559],[-34.898510800581064,-8.0265529653393823],[-34.897657160529043,-8.0268546794061475],[-34.896667967775876,-8.0273598116240663],[-34.895481074280745,-8.0279967746812204],[-34.895231679417627,-8.0280877696465431],[-34.895128747211842,-8.0281062122707905],[-34.894956161854616,-8.0280993071606073],[-34.895170860267982,-8.0282651907283],[-34.89573841586828,-8.0283813091350549],[-34.8963837692365,-8.0286379573135207],[-34.896655539193894,-8.0287671878217441],[-34.896990136592237,-8.0290017568689844],[-34.897369364932381,-8.0294504874892016],[-34.898497235612297,-8.0310389516295722],[-34.89803645407094,-8.0314697548832381],[-34.899593564938719,-8.0340067332652829],[-34.900184684381166,-8.0350198268732989],[-34.900200908936903,-8.0350865610421511],[-34.899170225889158,-8.0352655848913717],[-34.899174131266406,-8.0353526959983146],[-34.899303137317148,-8.0360247439293282],[-34.899390308734581,-8.0362984976667349],[-34.898370995127941,-8.0368185005531974],[-34.89812659337808,-8.0369711683453797],[-34.898125397884712,-8.0369721430334824],[-34.896847887830958,-8.0374940920074867],[-34.895773809091274,-8.0379129072306217],[-34.895279766834456,-8.0379876521379785],[-34.894876318536163,-8.0380877440130352],[-34.894297192651798,-8.0382804352731831],[-34.89428595847918,-8.0382965904528927],[-34.894610552017383,-8.0393080056135062],[-34.89375750792761,-8.0396613842330797],[-34.893712404856409,-8.0396905785958879],[-34.892558842306357,-8.0399020883369126],[-34.892481796455698,-8.0399491478187244],[-34.892417471215083,-8.0399357681460835],[-34.89222441752235,-8.039735977643728],[-34.892245418255101,-8.0393831220189522],[-34.892225528876779,-8.0391599808437757],[-34.892124480907931,-8.0388053646620534],[-34.892033048396847,-8.0385602447793385],[-34.891071855454435,-8.0389495738454571],[-34.890781833708068,-8.0390264106964526],[-34.890543765504916,-8.0390762675291043],[-34.889053552545441,-8.0393206380192144],[-34.888753966644103,-8.0393770691104436],[-34.888500204390574,-8.039445873255131],[-34.888263880064308,-8.0395318984736104],[-34.887659202702643,-8.0398193831305278],[-34.886800238193153,-8.0404345675973534],[-34.88459698244737,-8.0425859349905018],[-34.878748066779501,-8.0398853939456831],[-34.877562498780328,-8.0393491786715447],[-34.873044681770729,-8.0372385940211277],[-34.870747376808154,-8.0361067952908822],[-34.871040362130366,-8.0360576084214284],[-34.875452456738174,-8.0317289634049427],[-34.875556638247794,-8.0317484875719742],[-34.875564900539878,-8.0316696453052128],[-34.875607034070555,-8.0316183289464771],[-34.876189089124892,-8.0299729336684056],[-34.876213122698992,-8.029835148185624],[-34.876212750249536,-8.0297540200127866],[-34.87577030744464,-8.0274008017062197],[-34.874641810468574,-8.0238902970800261],[-34.873650437111969,-8.0209202193733056],[-34.873436538520416,-8.0202394776989951],[-34.873176609716907,-8.0189823482986053],[-34.873082522195524,-8.0183110133368807],[-34.872962948754555,-8.0172790724370842],[-34.873480635202753,-8.0172291989158637],[-34.875104965740768,-8.0170274081455624],[-34.875418670850543,-8.0169158201327075],[-34.877044877042643,-8.0166513741252867],[-34.878787060913567,-8.016477393029886],[-34.879392913011657,-8.0164354704882133],[-34.879387768960285,-8.016069087734973],[-34.879448954841173,-8.0155992157346532],[-34.879681512992107,-8.0145149342076696],[-34.879694590130107,-8.0143451888806521],[-34.879714616689981,-8.0131020573140397],[-34.879751533371774,-8.0125198307414465],[-34.879801069581845,-8.0120993387662551],[-34.879874339723131,-8.0116747922521299],[-34.879948579594846,-8.0114613611718593],[-34.880019195480642,-8.0113209504796004],[-34.88019436588953,-8.0111031128139025],[-34.880314520822239,-8.010974314260574],[-34.880388912932972,-8.0109239357672788],[-34.880493904801959,-8.0108659291789301],[-34.880634531085725,-8.0107579983766968],[-34.880817838535144,-8.0105688100219972],[-34.88142915850937,-8.0098293017732338],[-34.881562488648818,-8.0096951775293892],[-34.881784294110204,-8.0095558813967394],[-34.882008589660586,-8.0094380322202081],[-34.882182657658483,-8.0093204112951142],[-34.882311323551193,-8.0092125347225913],[-34.883299821214955,-8.008833701768177],[-34.883683514083359,-8.0085291560752339],[-34.884014071381266,-8.0081127946383237],[-34.884280672920113,-8.0078326250215781],[-34.884959701000859,-8.0067351742802764],[-34.885109279086457,-8.0065698150490849],[-34.885464144078234,-8.0061630446280674],[-34.885616551116954,-8.0060169121247799],[-34.885719004453698,-8.0059306121810874],[-34.885840634974144,-8.0058537617123253],[-34.886093563984872,-8.0057214748603478],[-34.886270272159884,-8.0056586777691443],[-34.886454254915144,-8.005617304804618],[-34.887312430082119,-8.0055084749844223],[-34.887539256673826,-8.0054216066453847],[-34.887656147180877,-8.0053543136738554],[-34.887753793651136,-8.0052632681349198],[-34.887858396386733,-8.0051245059538001],[-34.888077376920194,-8.0048922366589021],[-34.888251407101869,-8.0047674619788953],[-34.888515821366823,-8.0045326005665292],[-34.888661226426301,-8.0044246460979096],[-34.888890256940222,-8.0042972354292505],[-34.88905284368272,-8.0042845699432483],[-34.889107954254648,-8.0043057750648998],[-34.889127253189436,-8.004341450286411],[-34.889184722472073,-8.0043554924239242],[-34.889390416657307,-8.0043545506276708],[-34.889507504249544,-8.0043301721032272],[-34.889779685739668,-8.0042240208323427],[-34.889920197070595,-8.0040922469612248],[-34.890075136058684,-8.0039770953734592],[-34.89046616953329,-8.0037106585624063],[-34.890642809848998,-8.0036335559177694],[-34.890673639268314,-8.0035761937212389],[-34.890847569895286,-8.0034299603950654],[-34.89095499060813,-8.0033841693336605],[-34.891687537229807,-8.0035238625497609]]]},"properties":{"cdistscodi":2}},{"type":"Feature","geometry":{"type":"Polygon","coordinates":[[[-34.916637825556528,-8.043256995603894],[-34.91584557592801,-8.043311300834926],[-34.9150025243474,-8.043098340444736],[-34.914519171840055,-8.0429214218237721],[-34.914120746152314,-8.0426969570239741],[-34.913684079585074,-8.0423877980464393],[-34.913066503149814,-8.0418342993263003],[-34.912001876317824,-8.0407736567613934],[-34.91159969876761,-8.0397476461596593],[-34.910677568595432,-8.0388089256117361],[-34.909945261813071,-8.038142847265263],[-34.909024644518894,-8.0375458817769534],[-34.908358696166843,-8.0372867306401474],[-34.907782949906199,-8.0372654973665352],[-34.907303747913204,-8.0374231897584476],[-34.906800449843246,-8.0375690471046237],[-34.906345594216823,-8.0378103604927293],[-34.905986899745578,-8.0380871082233778],[-34.905299014151922,-8.0388398941569008],[-34.905225610233011,-8.0391100026636764],[-34.905114615121434,-8.0393244709055356],[-34.90495851882185,-8.0398740338913992],[-34.904857116376007,-8.0401442722348797],[-34.904774465581397,-8.0404330294043849],[-34.904738224931798,-8.0417721587597804],[-34.904780389742534,-8.0420858572735927],[-34.904788699615153,-8.0421910497820104],[-34.904758461717158,-8.042642556939839],[-34.904608348713538,-8.0433629444398882],[-34.904287322130777,-8.0439983220011424],[-34.904001288590791,-8.0444182546007923],[-34.903727421235189,-8.0448740096636069],[-34.903526109051327,-8.0454490314193254],[-34.903384625570993,-8.0459878968717966],[-34.903391053413642,-8.0467214570940087],[-34.903425723915191,-8.0471598040209678],[-34.903536622102344,-8.0477812179593631],[-34.9038296382518,-8.0488562767457204],[-34.904048648101174,-8.0495011085751251],[-34.904242820157023,-8.0499666553307385],[-34.904328660802143,-8.0503609413923627],[-34.904367790086198,-8.0510305318836544],[-34.904347365841119,-8.0517960755734297],[-34.904278273233636,-8.0524183258842346],[-34.904148696761688,-8.0530400505542108],[-34.903709721180675,-8.0549699037387246],[-34.90351298792924,-8.0555674047211969],[-34.903227282523218,-8.0560590976684079],[-34.902941297134845,-8.056490991218741],[-34.902595034585367,-8.0568633637579392],[-34.902068715403352,-8.0572246115588673],[-34.901399401650806,-8.0578018049543818],[-34.901136911889154,-8.0581259466101649],[-34.900899146021523,-8.0586054575508896],[-34.900650999926789,-8.0594318609229862],[-34.90048729989293,-8.0603535551811198],[-34.900574425919444,-8.0610229216675187],[-34.900704017809232,-8.0618133659250333],[-34.899942590599153,-8.0619763708317453],[-34.899859915684253,-8.061463356194615],[-34.898299603006379,-8.0596619745140661],[-34.898122440619424,-8.0594822516567071],[-34.898069228299683,-8.059398942760934],[-34.898121709727846,-8.058943308323629],[-34.897917511461557,-8.0589195970496306],[-34.897696068863041,-8.0588525871742949],[-34.897691265417315,-8.0559215538757538],[-34.897607428792597,-8.055482526120052],[-34.897408627738876,-8.0550782918815713],[-34.896249644040807,-8.0534735872399921],[-34.894845344694716,-8.0514776065298879],[-34.893744463458326,-8.0501002153634325],[-34.893274865794517,-8.0495217415234901],[-34.89127711014946,-8.0468485840285524],[-34.890522473417661,-8.0458632519106903],[-34.890055674630688,-8.0452997660198644],[-34.889735570382435,-8.0450305766867238],[-34.889521426624924,-8.0448862823390197],[-34.889206050509955,-8.0447183147391534],[-34.887944884283833,-8.0441515877031211],[-34.88459698244737,-8.0425859349905018],[-34.886800238193153,-8.0404345675973534],[-34.887659202702643,-8.0398193831305278],[-34.888263880064308,-8.0395318984736104],[-34.888500204390574,-8.039445873255131],[-34.888753966644103,-8.0393770691104436],[-34.889053552545441,-8.0393206380192144],[-34.890543765504916,-8.0390762675291043],[-34.890781833708068,-8.0390264106964526],[-34.891071855454435,-8.0389495738454571],[-34.892033048396847,-8.0385602447793385],[-34.892124480907931,-8.0388053646620534],[-34.892225528876779,-8.0391599808437757],[-34.892245418255101,-8.0393831220189522],[-34.89222441752235,-8.039735977643728],[-34.892417471215083,-8.0399357681460835],[-34.892481796455698,-8.0399491478187244],[-34.892558842306357,-8.0399020883369126],[-34.893712404856409,-8.0396905785958879],[-34.89375750792761,-8.0396613842330797],[-34.894610552017383,-8.0393080056135062],[-34.89428595847918,-8.0382965904528927],[-34.894297192651798,-8.0382804352731831],[-34.894876318536163,-8.0380877440130352],[-34.895279766834456,-8.0379876521379785],[-34.895773809091274,-8.0379129072306217],[-34.896847887830958,-8.0374940920074867],[-34.898125397884712,-8.0369721430334824],[-34.89812659337808,-8.0369711683453797],[-34.898370995127941,-8.0368185005531974],[-34.899390308734581,-8.0362984976667349],[-34.899303137317148,-8.0360247439293282],[-34.899174131266406,-8.0353526959983146],[-34.899170225889158,-8.0352655848913717],[-34.900200908936903,-8.0350865610421511],[-34.900184684381166,-8.0350198268732989],[-34.899593564938719,-8.0340067332652829],[-34.89803645407094,-8.0314697548832381],[-34.898497235612297,-8.0310389516295722],[-34.897369364932381,-8.0294504874892016],[-34.896990136592237,-8.0290017568689844],[-34.896655539193894,-8.0287671878217441],[-34.8963837692365,-8.0286379573135207],[-34.89573841586828,-8.0283813091350549],[-34.895170860267982,-8.0282651907283],[-34.894956161854616,-8.0280993071606073],[-34.895128747211842,-8.0281062122707905],[-34.895231679417627,-8.0280877696465431],[-34.895481074280745,-8.0279967746812204],[-34.896667967775876,-8.0273598116240663],[-34.897657160529043,-8.0268546794061475],[-34.898510800581064,-8.0265529653393823],[-34.898950589853413,-8.0264225839352559],[-34.898958517894464,-8.0263830809210734],[-34.899170231197409,-8.0263560069484878],[-34.903008072438439,-8.0264481794334674],[-34.903556104971727,-8.0264119256587723],[-34.904624679228355,-8.0261022580865795],[-34.904876777186594,-8.0260708709230251],[-34.905098788470482,-8.0260909099082163],[-34.905300212711715,-8.0261355823601424],[-34.905416055088438,-8.026142108627381],[-34.90547379546593,-8.0261879271769718],[-34.906173529479013,-8.0257855416172088],[-34.906570487049095,-8.0255989634370053],[-34.906599611444499,-8.0255991657359029],[-34.906916863322863,-8.0254775161434413],[-34.907429969077754,-8.0253082337059976],[-34.909165787557299,-8.0248397588369293],[-34.91132844390161,-8.0242772102043798],[-34.911904661187798,-8.0241135027125701],[-34.912640391765414,-8.0237984313530468],[-34.912882227926104,-8.0236632146801785],[-34.913320605878333,-8.023408581252589],[-34.914720908412932,-8.0225353600743041],[-34.914484047055147,-8.0219522188924799],[-34.914447059823743,-8.0217957216643789],[-34.914390071806139,-8.0214078936980169],[-34.914453583224315,-8.0213251747264014],[-34.914787584677512,-8.0211847997242245],[-34.915012226974966,-8.0211125246521497],[-34.915161473601771,-8.0210819150266364],[-34.915291036168675,-8.0210717935282236],[-34.915406353877742,-8.0211230112878216],[-34.915478320952673,-8.0211859602087792],[-34.916937812155872,-8.0205964826038905],[-34.91707352351343,-8.0204989812399177],[-34.917235824841846,-8.0208581699418406],[-34.917482047515996,-8.0213260385864729],[-34.917824489166506,-8.0212416523404357],[-34.91825214937942,-8.0211656771664774],[-34.918882723956202,-8.02109862212777],[-34.919609836352528,-8.0210409803951084],[-34.921278901399965,-8.0208456595760307],[-34.924715086066769,-8.0204724453684157],[-34.924930475276575,-8.0204365762633465],[-34.924979197477683,-8.0204103811904357],[-34.925358985484841,-8.0203348498121105],[-34.925648591903716,-8.0202559355139122],[-34.926117242106713,-8.0200770517092881],[-34.92660668106042,-8.0198261278488658],[-34.927142438620898,-8.0194276820671959],[-34.927821857213132,-8.0187664061709683],[-34.928215482516499,-8.0183726848602337],[-34.928434027177886,-8.0181741646974629],[-34.928589769572454,-8.0182864447363098],[-34.92880443278959,-8.0184110179347883],[-34.928713111222002,-8.0186484508693443],[-34.928627988602251,-8.0190070736966348],[-34.928554955102463,-8.0191395384337039],[-34.928314171378915,-8.0194227131827152],[-34.928262209230581,-8.0195407905995548],[-34.928247289177413,-8.0197244115441073],[-34.928164644172242,-8.0197937700328552],[-34.928421393237976,-8.020085298579108],[-34.928570216228103,-8.0201450696638297],[-34.928704483748568,-8.0201667322600283],[-34.929132036910921,-8.020180462142493],[-34.929197873100527,-8.0201958861688585],[-34.929221639266913,-8.0202620983729425],[-34.929266685831877,-8.0202718573051204],[-34.929345652261553,-8.0202531630092295],[-34.929479528943006,-8.0201828998040181],[-34.929624557186585,-8.020138241489045],[-34.92981785174829,-8.0201491084206022],[-34.92984704293314,-8.020134402735712],[-34.929906227310376,-8.0200640807820296],[-34.930094111497603,-8.0200199347963732],[-34.930215109394332,-8.020016746857495],[-34.930489377938777,-8.0200846045699699],[-34.930582174488556,-8.0198162864138745],[-34.930583788272699,-8.0197438638224572],[-34.930558194740925,-8.0197069526816929],[-34.929952530955404,-8.0193086633921418],[-34.929815691865784,-8.0191903314118775],[-34.929754859675839,-8.0191189273237775],[-34.929616403135256,-8.0189016391811485],[-34.929808982936962,-8.0187039325270408],[-34.92985512578452,-8.0186075019505285],[-34.93008825579998,-8.0175779269509082],[-34.93013909413326,-8.0174184398385506],[-34.930208489900274,-8.0173119493595717],[-34.930326045474914,-8.017183664212828],[-34.930960020522235,-8.0165833922995962],[-34.932008678501411,-8.0173980546911547],[-34.933005710932321,-8.0182991140648916],[-34.93306244885877,-8.0183320248796353],[-34.93318409127108,-8.0183646301841573],[-34.933889823864114,-8.0183862025762025],[-34.934029582595699,-8.018378909738308],[-34.934149216719135,-8.0183385352057126],[-34.934254050805087,-8.0182709565802472],[-34.934868656123726,-8.0176742041685554],[-34.93519329657569,-8.0173475492890276],[-34.935274183011082,-8.0172078263581898],[-34.935305135885557,-8.017066679950938],[-34.935309432213039,-8.0169206810339073],[-34.93521517270333,-8.0163421901636109],[-34.935075024195108,-8.0160922459961377],[-34.934817696109164,-8.0157738960363396],[-34.934777496851702,-8.015640896585877],[-34.934773624097161,-8.0155247960392817],[-34.934812206888004,-8.015237636845141],[-34.93481500115405,-8.0151264809183722],[-34.934792974000139,-8.015041983703977],[-34.934368352325833,-8.014152002911251],[-34.934201778899499,-8.013943573454501],[-34.934279026535428,-8.0136012752115047],[-34.934277337260198,-8.0132436267912848],[-34.934220039655919,-8.0127997726656144],[-34.934155305094961,-8.0126866390668301],[-34.933479851083476,-8.0122082070026561],[-34.93328904422895,-8.0120446422359421],[-34.933669326231055,-8.0119206012780602],[-34.934044916083586,-8.0117102989024094],[-34.934325502842562,-8.0115194000884102],[-34.93455662075236,-8.0113249425658353],[-34.935511587387076,-8.0103143378447434],[-34.936541222640855,-8.0091841735231348],[-34.937017412808288,-8.0085297762935124],[-34.93716816467969,-8.0082333202495288],[-34.937314807039641,-8.0078724271090351],[-34.937445985211951,-8.0074585232304329],[-34.937554250415296,-8.0070257689664466],[-34.937804523421164,-8.0061839563748087],[-34.937900856340605,-8.0053774940380951],[-34.938245612598188,-8.0030219880575313],[-34.938521757583835,-8.0012093665967878],[-34.938706651974911,-8.0001717296673398],[-34.938803803445246,-7.9997598157153496],[-34.93923258332768,-7.9983513143086],[-34.939285807112256,-7.9980964763839175],[-34.939334353220637,-7.9977373226451558],[-34.939365479727229,-7.9972363503876824],[-34.939342890383337,-7.9968858760306372],[-34.939303986089008,-7.9966272976214432],[-34.939087324417464,-7.9959647200720108],[-34.938926552866207,-7.9956107229545026],[-34.938643871152586,-7.9951529573094859],[-34.938550942416136,-7.9950354938505175],[-34.938908432059598,-7.9947038651383941],[-34.939617003878958,-7.9940979913547725],[-34.939952685732941,-7.9938663913862582],[-34.940594493034396,-7.9935190494776229],[-34.941054485120311,-7.9934260394749597],[-34.942779042086208,-7.9927962505905619],[-34.943311273995185,-7.9925854849348905],[-34.943582117189486,-7.9924909581214276],[-34.943899292494059,-7.9924071947240707],[-34.94477199618796,-7.9923574744870471],[-34.945144417781577,-7.9924036453458092],[-34.945652715153756,-7.992506151203929],[-34.946188344447037,-7.9926363624645109],[-34.950633353028032,-7.9935061790887145],[-34.951195321921944,-7.993603986998373],[-34.951763959777281,-7.9937319894127912],[-34.952420400148007,-7.9939590203559732],[-34.952625778016873,-7.9940805400179551],[-34.952943391859222,-7.9943128813999991],[-34.953424227590219,-7.9946931953292921],[-34.953887704046871,-7.995126911261357],[-34.954451520993516,-7.995612206661785],[-34.95523525414221,-7.9962532911544395],[-34.956528173312549,-7.9973490369618725],[-34.956740113797416,-7.9975590188434662],[-34.957727254657875,-7.9983760317991921],[-34.957893415760665,-7.9985361358523157],[-34.958037313174003,-7.9987109683012036],[-34.958108876097562,-7.9988317482719191],[-34.958325084384171,-7.9993392676211812],[-34.958728589596141,-8.0009424428483662],[-34.958796748454574,-8.001021222357986],[-34.959124126862072,-8.001547841780507],[-34.959370289106566,-8.001754823927584],[-34.959622955561215,-8.0019089164728019],[-34.959856307704044,-8.0020204324004442],[-34.960376039330292,-8.0020985424207307],[-34.960523282894954,-8.0021154917524502],[-34.960710694642216,-8.0021164827981739],[-34.961657890190239,-8.0020484947292942],[-34.962016816504999,-8.0020589950402048],[-34.962139629071849,-8.002079581162274],[-34.962328735465448,-8.0021457249558434],[-34.963025422209,-8.002480173667788],[-34.96302490974395,-8.0025186249942575],[-34.96299615386215,-8.0046798261229757],[-34.962717581555047,-8.0155913352493435],[-34.962689960534647,-8.0156018786566268],[-34.962592059596687,-8.0159281967079199],[-34.962501168529876,-8.0160647574558848],[-34.962449218149445,-8.0161846782709087],[-34.962439071512293,-8.0162595206530565],[-34.962294785351467,-8.0165279767906767],[-34.962275980506554,-8.0166746630007939],[-34.962213242455405,-8.0167362955926418],[-34.962219891816865,-8.016870895586786],[-34.962301324866026,-8.0169527800226028],[-34.962307843387329,-8.017060455564371],[-34.962209571662051,-8.0172224812604611],[-34.96219231530781,-8.0173796343260229],[-34.96216701791797,-8.0174246323386402],[-34.962164231808657,-8.0175188729467433],[-34.962084868489441,-8.0176178927223951],[-34.96209982301901,-8.0178470846097483],[-34.962058652854168,-8.0179301478586762],[-34.961992570687677,-8.0180188525499663],[-34.9618049673565,-8.0181937659133649],[-34.961671302202518,-8.0186363586207996],[-34.961336283267251,-8.0192760276278516],[-34.961075237451247,-8.0197385634767766],[-34.96102054141874,-8.0198907472649665],[-34.960891555406924,-8.0201537722790679],[-34.960806033168659,-8.0202342839333696],[-34.96073208730877,-8.0204169433249923],[-34.960652942220214,-8.0206714454827779],[-34.960584406313039,-8.0208264561128448],[-34.960424485087735,-8.0209957119660729],[-34.960228582617354,-8.0211734273337303],[-34.960073981296993,-8.0212957009226411],[-34.959941453878159,-8.02137535409733],[-34.959901775865859,-8.0213773745456027],[-34.959852445309174,-8.0214162200945207],[-34.959698639907117,-8.0214729430962741],[-34.958784679078107,-8.0216548658297437],[-34.958355378996636,-8.0218280830312843],[-34.957985067738718,-8.0219194303366361],[-34.957640619745867,-8.0220490509205948],[-34.956983614646163,-8.0222649427635986],[-34.956470402424664,-8.0223441713329784],[-34.956055073326304,-8.0224440220205722],[-34.955759301722225,-8.0225705731137928],[-34.955585848024043,-8.0226347307973054],[-34.954974947164629,-8.0227592134952488],[-34.954521314861303,-8.022879752967663],[-34.954372132638937,-8.0228964582668088],[-34.954262935224534,-8.0228841771551167],[-34.953963988986125,-8.0227960088132502],[-34.953695520695774,-8.0227044979845648],[-34.953364246064602,-8.0225684903756935],[-34.952950851419601,-8.0223768771799318],[-34.952836520985691,-8.0222974321886102],[-34.952365012530485,-8.0220357048537316],[-34.952223044101011,-8.0218827976927702],[-34.95200937453459,-8.0216115869198514],[-34.951706154078884,-8.0211339120347969],[-34.951515143734049,-8.0208895412589918],[-34.951444405286473,-8.0208258419386294],[-34.951143397714965,-8.0206416954164244],[-34.950969752362823,-8.0205769267782721],[-34.950836741369187,-8.0205436533232479],[-34.950709932217279,-8.0205386977505135],[-34.950695873450528,-8.0205532390470093],[-34.950512261170267,-8.0205614975338388],[-34.950318829054375,-8.0206224849122325],[-34.950219069872503,-8.0206700699904836],[-34.950138814942797,-8.0206688507922745],[-34.949843957094444,-8.0207646332143199],[-34.949455888911913,-8.0208352604186786],[-34.949128421631961,-8.02082401191646],[-34.948926414802635,-8.020773509583945],[-34.948846684289904,-8.020730834329564],[-34.948750419116003,-8.0207035148145476],[-34.948548465900913,-8.0206678745736895],[-34.948474547721872,-8.0206879253516696],[-34.948379766399732,-8.0206691781411976],[-34.94805997792686,-8.0205387451288068],[-34.947848322068161,-8.0205633546344366],[-34.947610598700521,-8.0206728003221865],[-34.947292069674766,-8.0207688539262136],[-34.946945797218092,-8.0209189713552114],[-34.946842725119922,-8.0209250158552337],[-34.946668177997509,-8.0209888433276202],[-34.946446497695035,-8.0211032572263186],[-34.946218233612228,-8.0211515528400579],[-34.946188665891206,-8.0211967585567088],[-34.945929701336645,-8.0213644839758942],[-34.945731208439312,-8.0215732521737362],[-34.945613596628938,-8.0216436674730165],[-34.94553114687082,-8.0217256999963951],[-34.945424345115022,-8.0218797846371181],[-34.945045168877876,-8.022334744727619],[-34.944721685663566,-8.0226221995057383],[-34.944373077625151,-8.022891009225539],[-34.944224044374799,-8.0229397082019691],[-34.944031974249093,-8.0230509998004251],[-34.94359485751432,-8.0232706325743148],[-34.943501846279709,-8.0232870706757389],[-34.943415148172427,-8.0232810810916249],[-34.943077425393106,-8.023138694256545],[-34.942894230878487,-8.0230915663984401],[-34.942729894321666,-8.0230907806335523],[-34.942951656666864,-8.027434432210061],[-34.942698938106659,-8.0274239143885637],[-34.94224686602022,-8.0273197745815335],[-34.941926767995447,-8.0272712723487789],[-34.941706664173438,-8.0271472825030017],[-34.94162426897163,-8.026966377277299],[-34.941428478886714,-8.0266797348155787],[-34.941321385418412,-8.0265802148409975],[-34.940497442236392,-8.0260902334520914],[-34.94011986178856,-8.0258231999543419],[-34.9398428081047,-8.0255932013337663],[-34.939547114595456,-8.0254007985439877],[-34.938143186677934,-8.0242821420563981],[-34.937903467542242,-8.0239894495963977],[-34.937852228055576,-8.0237646365531283],[-34.937863911679607,-8.023583289824284],[-34.937938520111643,-8.0234454048959591],[-34.938131730639114,-8.0231881834177692],[-34.938387002946747,-8.0227931378318846],[-34.938467529144695,-8.0225802075533519],[-34.93846560356311,-8.0221738707454904],[-34.938383270402518,-8.022005464319232],[-34.938106694400069,-8.0218754877294707],[-34.937924785726963,-8.0218700933111098],[-34.937680545642095,-8.0219462611790675],[-34.937405154945367,-8.0220663344339762],[-34.936653822725091,-8.022338682480914],[-34.936290596503277,-8.0224529194474492],[-34.935858233822955,-8.0225362217151801],[-34.935469388540021,-8.0225380498613585],[-34.935161897483447,-8.0225019860085194],[-34.934772517123911,-8.0223912891193994],[-34.934515379265527,-8.0223924973877327],[-34.934295956887667,-8.0224122820397969],[-34.934139578892079,-8.0225005392347786],[-34.933954377642564,-8.0225376392630103],[-34.933550540539272,-8.0226095822855328],[-34.933262424971566,-8.0226922045190268],[-34.933006140698012,-8.0228747001174519],[-34.932913661425829,-8.0232127162216784],[-34.932978388082262,-8.0236375168038894],[-34.933168990992286,-8.0241554967296995],[-34.933258688107344,-8.0245551727790883],[-34.933234752640573,-8.0247990937878484],[-34.933072631846656,-8.0249999029802197],[-34.932853860643178,-8.0251572182421782],[-34.932309813457763,-8.0254973547910691],[-34.932009831308356,-8.0257238180962229],[-34.931816381856585,-8.0259310274437574],[-34.931642247913501,-8.0262444206910626],[-34.931530775586893,-8.0265450167028813],[-34.931352023271621,-8.0272085159620516],[-34.930985412512015,-8.02793541250632],[-34.930773734865348,-8.0282677374830325],[-34.930480480129184,-8.0285251544097971],[-34.929893312698347,-8.0291928590005295],[-34.929234410402458,-8.0298859637278621],[-34.927910597643574,-8.0316051554428736],[-34.927660273443891,-8.0319671414102114],[-34.927402674161449,-8.0323921119461481],[-34.927126916765104,-8.0329559170920994],[-34.926806718292426,-8.033669934686154],[-34.926581197457232,-8.0345147626419777],[-34.926464235535661,-8.0352428280379318],[-34.926399484608112,-8.0358731487049546],[-34.926431073870532,-8.036752759704763],[-34.926410067691528,-8.0373867392949183],[-34.926266954041814,-8.0380863238688587],[-34.925930960614082,-8.0386429134284718],[-34.925664091642382,-8.0389952746567612],[-34.925212190072244,-8.0393507611858599],[-34.924350480427968,-8.0398284160667828],[-34.923243333265006,-8.0401691278905041],[-34.922611362349762,-8.0405093557569689],[-34.92193615462493,-8.0408300422804722],[-34.920118667405781,-8.0419558863656899],[-34.919716950674164,-8.0422680816992731],[-34.918625581348373,-8.0429046728002849],[-34.91732373566974,-8.0431824660268632],[-34.916637825556528,-8.043256995603894]]]},"properties":{"cdistscodi":3}},{"type":"Feature","geometry":{"type":"Polygon","coordinates":[[[-34.900704017809232,-8.0618133659250333],[-34.900574425919444,-8.0610229216675187],[-34.90048729989293,-8.0603535551811198],[-34.900650999926789,-8.0594318609229862],[-34.900899146021523,-8.0586054575508896],[-34.901136911889154,-8.0581259466101649],[-34.901399401650806,-8.0578018049543818],[-34.902068715403352,-8.0572246115588673],[-34.902595034585367,-8.0568633637579392],[-34.902941297134845,-8.056490991218741],[-34.903227282523218,-8.0560590976684079],[-34.90351298792924,-8.0555674047211969],[-34.903709721180675,-8.0549699037387246],[-34.904148696761688,-8.0530400505542108],[-34.904278273233636,-8.0524183258842346],[-34.904347365841119,-8.0517960755734297],[-34.904367790086198,-8.0510305318836544],[-34.904328660802143,-8.0503609413923627],[-34.904242820157023,-8.0499666553307385],[-34.904048648101174,-8.0495011085751251],[-34.9038296382518,-8.0488562767457204],[-34.903536622102344,-8.0477812179593631],[-34.903425723915191,-8.0471598040209678],[-34.903391053413642,-8.0467214570940087],[-34.903384625570993,-8.0459878968717966],[-34.903526109051327,-8.0454490314193254],[-34.903727421235189,-8.0448740096636069],[-34.904001288590791,-8.0444182546007923],[-34.904287322130777,-8.0439983220011424],[-34.904608348713538,-8.0433629444398882],[-34.904758461717158,-8.042642556939839],[-34.904788699615153,-8.0421910497820104],[-34.904780389742534,-8.0420858572735927],[-34.904738224931798,-8.0417721587597804],[-34.904774465581397,-8.0404330294043849],[-34.904857116376007,-8.0401442722348797],[-34.90495851882185,-8.0398740338913992],[-34.905114615121434,-8.0393244709055356],[-34.905225610233011,-8.0391100026636764],[-34.905299014151922,-8.0388398941569008],[-34.905986899745578,-8.0380871082233778],[-34.906345594216823,-8.0378103604927293],[-34.906800449843246,-8.0375690471046237],[-34.907303747913204,-8.0374231897584476],[-34.907782949906199,-8.0372654973665352],[-34.908358696166843,-8.0372867306401474],[-34.909024644518894,-8.0375458817769534],[-34.909945261813071,-8.038142847265263],[-34.910677568595432,-8.0388089256117361],[-34.91159969876761,-8.0397476461596593],[-34.912001876317824,-8.0407736567613934],[-34.913066503149814,-8.0418342993263003],[-34.913684079585074,-8.0423877980464393],[-34.914120746152314,-8.0426969570239741],[-34.914519171840055,-8.0429214218237721],[-34.9150025243474,-8.043098340444736],[-34.91584557592801,-8.043311300834926],[-34.916637825556528,-8.043256995603894],[-34.91732373566974,-8.0431824660268632],[-34.918625581348373,-8.0429046728002849],[-34.919716950674164,-8.0422680816992731],[-34.920118667405781,-8.0419558863656899],[-34.92193615462493,-8.0408300422804722],[-34.922611362349762,-8.0405093557569689],[-34.923243333265006,-8.0401691278905041],[-34.924350480427968,-8.0398284160667828],[-34.925212190072244,-8.0393507611858599],[-34.925664091642382,-8.0389952746567612],[-34.925930960614082,-8.0386429134284718],[-34.926266954041814,-8.0380863238688587],[-34.926410067691528,-8.0373867392949183],[-34.926431073870532,-8.036752759704763],[-34.926399484608112,-8.0358731487049546],[-34.926464235535661,-8.0352428280379318],[-34.926581197457232,-8.0345147626419777],[-34.926806718292426,-8.033669934686154],[-34.927126916765104,-8.0329559170920994],[-34.927402674161449,-8.0323921119461481],[-34.927660273443891,-8.0319671414102114],[-34.927910597643574,-8.0316051554428736],[-34.929234410402458,-8.0298859637278621],[-34.929893312698347,-8.0291928590005295],[-34.930480480129184,-8.0285251544097971],[-34.930773734865348,-8.0282677374830325],[-34.930985412512015,-8.02793541250632],[-34.931352023271621,-8.0272085159620516],[-34.931530775586893,-8.0265450167028813],[-34.931642247913501,-8.0262444206910626],[-34.931816381856585,-8.0259310274437574],[-34.932009831308356,-8.0257238180962229],[-34.932309813457763,-8.0254973547910691],[-34.932853860643178,-8.0251572182421782],[-34.933072631846656,-8.0249999029802197],[-34.933234752640573,-8.0247990937878484],[-34.933258688107344,-8.0245551727790883],[-34.933168990992286,-8.0241554967296995],[-34.932978388082262,-8.0236375168038894],[-34.932913661425829,-8.0232127162216784],[-34.933006140698012,-8.0228747001174519],[-34.933262424971566,-8.0226922045190268],[-34.933550540539272,-8.0226095822855328],[-34.933954377642564,-8.0225376392630103],[-34.934139578892079,-8.0225005392347786],[-34.934295956887667,-8.0224122820397969],[-34.934515379265527,-8.0223924973877327],[-34.934772517123911,-8.0223912891193994],[-34.935161897483447,-8.0225019860085194],[-34.935469388540021,-8.0225380498613585],[-34.935858233822955,-8.0225362217151801],[-34.936290596503277,-8.0224529194474492],[-34.936653822725091,-8.022338682480914],[-34.937405154945367,-8.0220663344339762],[-34.937680545642095,-8.0219462611790675],[-34.937924785726963,-8.0218700933111098],[-34.938106694400069,-8.0218754877294707],[-34.938383270402518,-8.022005464319232],[-34.93846560356311,-8.0221738707454904],[-34.938467529144695,-8.0225802075533519],[-34.938387002946747,-8.0227931378318846],[-34.938131730639114,-8.0231881834177692],[-34.937938520111643,-8.0234454048959591],[-34.937863911679607,-8.023583289824284],[-34.937852228055576,-8.0237646365531283],[-34.937903467542242,-8.0239894495963977],[-34.938143186677934,-8.0242821420563981],[-34.939547114595456,-8.0254007985439877],[-34.9398428081047,-8.0255932013337663],[-34.94011986178856,-8.0258231999543419],[-34.940497442236392,-8.0260902334520914],[-34.941321385418412,-8.0265802148409975],[-34.941428478886714,-8.0266797348155787],[-34.94162426897163,-8.026966377277299],[-34.941706664173438,-8.0271472825030017],[-34.941926767995447,-8.0272712723487789],[-34.94224686602022,-8.0273197745815335],[-34.942698938106659,-8.0274239143885637],[-34.942951656666864,-8.027434432210061],[-34.942729894321666,-8.0230907806335523],[-34.942894230878487,-8.0230915663984401],[-34.943077425393106,-8.023138694256545],[-34.943415148172427,-8.0232810810916249],[-34.943501846279709,-8.0232870706757389],[-34.94359485751432,-8.0232706325743148],[-34.944031974249093,-8.0230509998004251],[-34.944224044374799,-8.0229397082019691],[-34.944373077625151,-8.022891009225539],[-34.944721685663566,-8.0226221995057383],[-34.945045168877876,-8.022334744727619],[-34.945424345115022,-8.0218797846371181],[-34.94553114687082,-8.0217256999963951],[-34.945613596628938,-8.0216436674730165],[-34.945731208439312,-8.0215732521737362],[-34.945929701336645,-8.0213644839758942],[-34.946188665891206,-8.0211967585567088],[-34.946218233612228,-8.0211515528400579],[-34.946446497695035,-8.0211032572263186],[-34.946668177997509,-8.0209888433276202],[-34.946842725119922,-8.0209250158552337],[-34.946945797218092,-8.0209189713552114],[-34.947292069674766,-8.0207688539262136],[-34.947610598700521,-8.0206728003221865],[-34.947848322068161,-8.0205633546344366],[-34.94805997792686,-8.0205387451288068],[-34.948379766399732,-8.0206691781411976],[-34.948474547721872,-8.0206879253516696],[-34.948548465900913,-8.0206678745736895],[-34.948750419116003,-8.0207035148145476],[-34.948846684289904,-8.020730834329564],[-34.948926414802635,-8.020773509583945],[-34.949128421631961,-8.02082401191646],[-34.949455888911913,-8.0208352604186786],[-34.949843957094444,-8.0207646332143199],[-34.950138814942797,-8.0206688507922745],[-34.950219069872503,-8.0206700699904836],[-34.950318829054375,-8.0206224849122325],[-34.950512261170267,-8.0205614975338388],[-34.950695873450528,-8.0205532390470093],[-34.950709932217279,-8.0205386977505135],[-34.950836741369187,-8.0205436533232479],[-34.950969752362823,-8.0205769267782721],[-34.951143397714965,-8.0206416954164244],[-34.951444405286473,-8.0208258419386294],[-34.951515143734049,-8.0208895412589918],[-34.951706154078884,-8.0211339120347969],[-34.95200937453459,-8.0216115869198514],[-34.952223044101011,-8.0218827976927702],[-34.952365012530485,-8.0220357048537316],[-34.952836520985691,-8.0222974321886102],[-34.952950851419601,-8.0223768771799318],[-34.953364246064602,-8.0225684903756935],[-34.953695520695774,-8.0227044979845648],[-34.953963988986125,-8.0227960088132502],[-34.954262935224534,-8.0228841771551167],[-34.954372132638937,-8.0228964582668088],[-34.954521314861303,-8.022879752967663],[-34.954974947164629,-8.0227592134952488],[-34.955585848024043,-8.0226347307973054],[-34.955759301722225,-8.0225705731137928],[-34.956055073326304,-8.0224440220205722],[-34.956470402424664,-8.0223441713329784],[-34.956983614646163,-8.0222649427635986],[-34.957640619745867,-8.0220490509205948],[-34.957985067738718,-8.0219194303366361],[-34.958355378996636,-8.0218280830312843],[-34.958784679078107,-8.0216548658297437],[-34.959698639907117,-8.0214729430962741],[-34.959852445309174,-8.0214162200945207],[-34.959901775865859,-8.0213773745456027],[-34.959941453878159,-8.02137535409733],[-34.960611158687101,-8.0212256260752319],[-34.961362178133996,-8.0209998622739658],[-34.962136723056872,-8.0207897055756998],[-34.962324551860057,-8.0207251859480344],[-34.963136541180447,-8.0205086700557171],[-34.963381571761161,-8.0204622944422024],[-34.963492549032779,-8.0203969871971825],[-34.963632147674723,-8.0203464067907593],[-34.964434893615753,-8.0201290965076666],[-34.964626080868022,-8.0200645563481778],[-34.96491693528997,-8.0199417787793301],[-34.965059984834014,-8.0199233653200093],[-34.96522874486908,-8.0198778598145779],[-34.96531615372038,-8.0197605973811719],[-34.965407524252981,-8.0196956536043533],[-34.965558294256496,-8.0196465544033302],[-34.96563913835179,-8.0196354168270432],[-34.965806713954805,-8.0197181647241322],[-34.96588244815257,-8.0196885268162763],[-34.96597492953574,-8.0196983254205367],[-34.966202873603756,-8.0196016061823521],[-34.966546671301067,-8.019484432166232],[-34.966833925702765,-8.0194864090511491],[-34.966889292459818,-8.0194727504043186],[-34.967243549064349,-8.0193099470091695],[-34.967501159081358,-8.0192103019422216],[-34.967572700324418,-8.0191584598230001],[-34.967820062023321,-8.0191300629090669],[-34.968111094411448,-8.0190716926260706],[-34.968201868744245,-8.0191422285797351],[-34.968320485937454,-8.0191893190151831],[-34.968644744858871,-8.0193897422200298],[-34.968806966777365,-8.0195092427124504],[-34.969052307809442,-8.0195884948488505],[-34.97122296393465,-8.0225048602058884],[-34.971735449976315,-8.023031874873892],[-34.975835410840446,-8.0290126728363251],[-34.976022884421958,-8.0289394415414659],[-34.976155164045288,-8.0289288771384619],[-34.976566475934433,-8.028946756432207],[-34.976693190213048,-8.0289806364708998],[-34.976945253559009,-8.0291527898887942],[-34.977167421310646,-8.0293381527797401],[-34.977289967050105,-8.0293744392756317],[-34.977446579655222,-8.0293935435491921],[-34.977611637101141,-8.0293927500789195],[-34.97811361880192,-8.0293594059545566],[-34.978099055512345,-8.0294863180912195],[-34.978155295350135,-8.0295279414230407],[-34.978327140635805,-8.0298145485306289],[-34.978516193739488,-8.0300382343475754],[-34.978800207906872,-8.0304304439957441],[-34.978846301983708,-8.0304590708092523],[-34.97891212615626,-8.0305506878629185],[-34.978965982769381,-8.0305818483772136],[-34.979090470169645,-8.0307621968388201],[-34.979352825415368,-8.031057950416173],[-34.979549342069369,-8.0313832109201773],[-34.979634302430931,-8.0315991476163351],[-34.979678100828259,-8.0318091024614802],[-34.979688135630454,-8.0319887584812726],[-34.979573613336726,-8.0323182643308808],[-34.979507108065924,-8.0324461469768327],[-34.979499292179575,-8.0325067321296792],[-34.979525137893106,-8.0325548296699871],[-34.980210021119973,-8.032941561091965],[-34.982069392351598,-8.0341157079412309],[-34.982135252918752,-8.0341943529481732],[-34.982306007125914,-8.0346023050114788],[-34.982365850167575,-8.0346858652494628],[-34.98244001130913,-8.0347307841722291],[-34.982565901542749,-8.0347456603951848],[-34.982692515898364,-8.0348854076535439],[-34.983507257782868,-8.0349184449168138],[-34.98351916472744,-8.0349686515092351],[-34.983545728397281,-8.0350010376635375],[-34.98357851989627,-8.0350364873533255],[-34.983628336907742,-8.0350594714884949],[-34.983695099408429,-8.035052955822211],[-34.983752629316484,-8.0350650625041382],[-34.983937950044428,-8.035163254296533],[-34.983986093984512,-8.0351614724350693],[-34.984132396294434,-8.0352211482277536],[-34.984318743461728,-8.0352063221730337],[-34.984703866339224,-8.0354228401714245],[-34.984804734650666,-8.0354903921650678],[-34.984876735725031,-8.035603064376561],[-34.985562220395366,-8.0363398050182386],[-34.985610546922111,-8.0363751803321559],[-34.985696119314838,-8.0364041840071074],[-34.985795808327843,-8.0364609852258422],[-34.985901852345421,-8.0365471736906802],[-34.985955592400991,-8.0366145389526267],[-34.986248966182629,-8.0366497009634781],[-34.986575795951993,-8.0365915346423442],[-34.986800912708837,-8.0364651518553494],[-34.986910491104169,-8.0363337451498236],[-34.987041904048432,-8.0362672839930749],[-34.987147208522195,-8.0362411791617472],[-34.987369696904977,-8.0361296276747289],[-34.987707640119993,-8.0358558460622138],[-34.987823284287742,-8.0357326853514994],[-34.988172951229494,-8.0354133697259176],[-34.988385059457933,-8.0351653410056301],[-34.98838410813233,-8.0351506479365664],[-34.988545512452632,-8.0349868485384999],[-34.988607157863591,-8.0348774216357839],[-34.988867936346253,-8.0345797622392023],[-34.989038467674497,-8.0344124914241757],[-34.989249934430944,-8.0341374333977509],[-34.989255857947526,-8.0340785724961759],[-34.989240131815379,-8.0340383958999642],[-34.98925705057642,-8.0340042530302505],[-34.989301930390738,-8.0339699748701037],[-34.989500611174194,-8.0339411450698037],[-34.989588816179285,-8.0338725962291342],[-34.989639765421899,-8.033808873460961],[-34.98972611415649,-8.0336784041664302],[-34.989773406433571,-8.0335016777207944],[-34.989807337056099,-8.0334519710655403],[-34.989997566574374,-8.0332822940301476],[-34.990025140191591,-8.0332032011220029],[-34.99012274523195,-8.0331516385813764],[-34.990170649185785,-8.0331003156838801],[-34.990178203460317,-8.033056927451824],[-34.990137387974215,-8.0329688757801705],[-34.990155727230793,-8.0329068594198603],[-34.990203531284529,-8.0328354088681575],[-34.990252669329877,-8.032719056114594],[-34.990253927892986,-8.0326586683127612],[-34.990301817610593,-8.0326042501003396],[-34.99039305886869,-8.0325217518313323],[-34.990520054836729,-8.032445272150575],[-34.990648786368759,-8.0324059458320853],[-34.990791067627029,-8.0323871430695988],[-34.99083615143995,-8.0322935416527983],[-34.990892231643393,-8.0322513233517849],[-34.9909807187029,-8.0322558489996734],[-34.991106654525261,-8.0322034476145756],[-34.991308404902675,-8.0322324264964671],[-34.991405036888203,-8.0322905782766032],[-34.991455154770904,-8.0323040550582654],[-34.991477605437836,-8.0322889774795616],[-34.991487370652479,-8.0322390442556024],[-34.991516060256508,-8.0322201974123644],[-34.991627476050411,-8.0322308812938932],[-34.991678522389137,-8.0321782521222804],[-34.991729380224029,-8.0320869596012656],[-34.99175128067796,-8.0319197715698341],[-34.991755967823984,-8.0316877370978919],[-34.991790703312745,-8.0316508347012441],[-34.991841429285721,-8.0316417151068915],[-34.99192318026325,-8.0315916049919061],[-34.991969581194134,-8.0315511267133619],[-34.992009572243603,-8.0314704259493226],[-34.992054629057371,-8.0314733039920032],[-34.992251299653397,-8.0315450159434896],[-34.992438016241316,-8.0316520908406535],[-34.992629672501586,-8.0317312986327618],[-34.992729933476603,-8.0318117971712919],[-34.99274205181797,-8.0318674146251361],[-34.992739259496496,-8.0319889010634871],[-34.993114388378416,-8.0321942819251362],[-34.993262188096274,-8.0322431106059025],[-34.993321264531666,-8.0322536607883954],[-34.993389495676062,-8.0322301065595276],[-34.993488555316503,-8.0321584091237934],[-34.993744139522512,-8.0320131852044021],[-34.993827841933367,-8.0319771707778767],[-34.993860498728374,-8.031984753602277],[-34.994021307852776,-8.0321319978924262],[-34.994171583667054,-8.0323904230358831],[-34.994187463104979,-8.0324615650396183],[-34.994147206174794,-8.0324880800218743],[-34.994064802240644,-8.0324714514330253],[-34.993963613835938,-8.0324254942556408],[-34.993927985752244,-8.0324457942083036],[-34.993904854740258,-8.0324799672863421],[-34.993944184333962,-8.0325819584270732],[-34.993910367702064,-8.0326548900196819],[-34.993906185459565,-8.032797950423582],[-34.994061987349973,-8.0328370243898632],[-34.99419564842399,-8.0328245660115236],[-34.994227724399721,-8.0328075386487878],[-34.994355639296955,-8.0326584531244585],[-34.994440205184965,-8.0326445440789414],[-34.994585993929782,-8.0326893897896667],[-34.99469487396702,-8.032801899856242],[-34.994922884859569,-8.0329574284559211],[-34.995194346358033,-8.0329988029334469],[-34.995369509393463,-8.0330548720647883],[-34.995563913834218,-8.03314539407015],[-34.996034883694279,-8.0332112288772439],[-34.996139051070465,-8.0332308494455305],[-34.996202900203983,-8.0332645994345206],[-34.996218719524421,-8.0333233564420912],[-34.996200373689319,-8.0333838252005538],[-34.996206473034626,-8.0336779555962359],[-34.996172635924971,-8.0337462425264139],[-34.996073687365609,-8.03384116349077],[-34.996015978453251,-8.0339666580762934],[-34.996122409480321,-8.034022572268551],[-34.996151266647843,-8.0341352958030452],[-34.996153128287894,-8.0345162031359987],[-34.996068586091916,-8.0345942068187224],[-34.99600534135071,-8.0346862134608372],[-34.996048250257267,-8.0347777092086794],[-34.996261491188292,-8.034967130583837],[-34.996523890850462,-8.0350787216850232],[-34.996567251863304,-8.0352619164872241],[-34.99651867685651,-8.0354596614748068],[-34.996328666827509,-8.0356792601810323],[-34.996192610337204,-8.0368015049545107],[-34.996073693475999,-8.0368991664327751],[-34.99604656230678,-8.036998388145582],[-34.995251935772735,-8.0377923675291871],[-34.994872247295795,-8.0382440619502944],[-34.99437088086497,-8.0389734427252559],[-34.994245502745606,-8.0395196946718155],[-34.994085451947619,-8.0400777379767039],[-34.993819587027673,-8.0403911344602523],[-34.99358941240866,-8.0409666900595127],[-34.993361684652712,-8.0417290783996354],[-34.993192013160311,-8.042531558765754],[-34.993404543575927,-8.0433956213172717],[-34.993835431829716,-8.0439471934499149],[-34.994478179086691,-8.0452244133094322],[-34.994987513824967,-8.0460187600627986],[-34.99526844403514,-8.0460950693423445],[-34.995682236611657,-8.0462484088862993],[-34.996284621880179,-8.0467192998697108],[-34.996691612107234,-8.0470746243432796],[-34.997129697752108,-8.0474142649424802],[-34.997599528412081,-8.0478702588907822],[-34.998274454793844,-8.0488301484497757],[-34.998501369572324,-8.049015464401883],[-35.000197389021402,-8.0500092066787872],[-35.006426652680126,-8.0520837795812188],[-35.012750623288461,-8.0543908022445105],[-35.018514653492275,-8.0563309960118001],[-35.01355493553929,-8.0567301139562382],[-35.013502012355175,-8.0568729104590435],[-35.013449396534696,-8.05707806606266],[-35.01333452063546,-8.0573458871366501],[-35.01316526889557,-8.0574625295717333],[-35.012763535303556,-8.057562493530062],[-35.012629554314479,-8.0575809721223965],[-35.01258512726924,-8.0576346418173053],[-35.012585743640386,-8.0577593582618832],[-35.012622507998572,-8.0579640741673373],[-35.012623696800866,-8.058204600020332],[-35.012606437820253,-8.0583294078385332],[-35.012562274895693,-8.0584365278411223],[-35.012625105806322,-8.0584896691337864],[-35.012625942427249,-8.0586589288331396],[-35.012518816422961,-8.0586861783403752],[-35.012403368198612,-8.058838194487155],[-35.012377653020948,-8.0590610334462518],[-35.012270659890525,-8.0591150112272292],[-35.012181368810779,-8.0591332676853558],[-35.012118756113338,-8.059124665101324],[-35.012092251089648,-8.059187156771829],[-35.012092647312542,-8.0592673326806104],[-35.012075079097897,-8.0593297777691877],[-35.011887376617146,-8.0593306991642581],[-35.01192348064717,-8.0594017898476071],[-35.011771751900838,-8.059447078976703],[-35.011646662066404,-8.0594565983824484],[-35.011530598014474,-8.0594838960850836],[-35.01139652459085,-8.0594845540682716],[-35.011234932902909,-8.0593428093681059],[-35.011163208222108,-8.0592986196448244],[-35.011002319786321,-8.0592994090589922],[-35.010769311623953,-8.0591758308187593],[-35.010617142792562,-8.0591320338014238],[-35.01053630268153,-8.0590522542228662],[-35.010464840209536,-8.0590615129050054],[-35.010242177495755,-8.0592229599728586],[-35.0101621748884,-8.059312438441335],[-35.01003734701596,-8.0593754104474513],[-35.009957430476291,-8.0594827056940872],[-35.009958178128322,-8.0596341479685591],[-35.009931848630728,-8.0597322704586141],[-35.009860606810292,-8.0597860723999002],[-35.009825117825002,-8.059839698104442],[-35.009932904170995,-8.0599460728592511],[-35.009996481029781,-8.0601506586627654],[-35.010006124361084,-8.0602931491409553],[-35.009926119724135,-8.0603826276323822],[-35.009786091613563,-8.0604596258527703],[-35.00961198431591,-8.060511689378421],[-35.009533044442286,-8.060520510927379],[-35.009394661617158,-8.0604874507319408],[-35.009023780930313,-8.0602137505925686],[-35.008791855708708,-8.0600883741453853],[-35.008370867382993,-8.0599498648062102],[-35.008057082890822,-8.059813644836245],[-35.007673890537752,-8.0599026773670737],[-35.007549983678622,-8.0599454539478259],[-35.007170137618672,-8.0601413026682565],[-35.006492674472071,-8.0606197511250866],[-35.006169256875793,-8.0608181334780689],[-35.006057007849648,-8.0609367629110835],[-35.005769167915794,-8.0614863983476983],[-35.005461347716228,-8.0619883397942527],[-35.005343388140332,-8.0620929396400935],[-35.005067669418665,-8.0622404802892245],[-35.004871532641772,-8.0625085274151402],[-35.0047308674188,-8.062585123325821],[-35.004587243723527,-8.0626336223536228],[-35.004435127890993,-8.0626765371856166],[-35.004327924201128,-8.0626742501559594],[-35.004268631730554,-8.062663295142638],[-35.004158317331544,-8.0626019800919639],[-35.003948888121819,-8.0624624351701435],[-35.003770915716757,-8.0624098890015059],[-35.003734286110941,-8.0624185026254782],[-35.003009302540839,-8.062987144729485],[-35.002916951086029,-8.0631366019303226],[-35.002864102777266,-8.0632886765940448],[-35.002893431322434,-8.0635162590036078],[-35.003005088212099,-8.063850272108418],[-35.002980282532747,-8.0639684726257173],[-35.002935481678641,-8.0640361675931107],[-35.002640127873967,-8.0642062969089405],[-35.002576010682887,-8.0643612408886884],[-35.002548012225624,-8.0644035475094533],[-35.002517021412181,-8.0644121316981341],[-35.002463344560041,-8.0643955287376929],[-35.002383973648726,-8.0643171957198359],[-35.002360579289977,-8.0641486229516808],[-35.002320727408041,-8.0640757215319265],[-35.002244330551655,-8.0640283013040186],[-35.002154065429039,-8.064028742492086],[-35.002097801994111,-8.0640599421477379],[-35.002030032843919,-8.0640462158719082],[-35.001907893512779,-8.0638753168243653],[-35.001885329277243,-8.0638754270926771],[-35.001865789748031,-8.0639176941471664],[-35.001784056384246,-8.0639321492380205],[-35.001659831996712,-8.0639102660765793],[-35.001605862074619,-8.0638346211322141],[-35.001512856336724,-8.0638519436481033],[-35.001445381237872,-8.0638972563977251],[-35.0014146576885,-8.06395925767292],[-35.001333185188322,-8.0640271289826924],[-35.00122617363067,-8.0640642012714441],[-35.001141548374008,-8.0640646146854458],[-35.001104987645917,-8.0640872852829588],[-35.001051824204147,-8.0641746996618959],[-35.000998476465874,-8.0642255645409868],[-35.000908280352419,-8.0642400617222894],[-35.000843330226566,-8.0642263223814403],[-35.000752817975119,-8.0641761601905717],[-35.000577096248747,-8.0640083284038333],[-35.000483722648539,-8.0639497474140178],[-35.000345281479866,-8.0639054403547128],[-35.000203673979307,-8.0637908638902349],[-35.000130153477727,-8.0637546742506352],[-35.000016892966968,-8.0636680724956769],[-34.999926503447817,-8.0636432111719412],[-34.999678368895239,-8.0636641020765758],[-34.999627469776364,-8.0636390488190575],[-34.999582089880569,-8.0635886641921264],[-34.999570473943741,-8.0635212475534939],[-34.999623048203411,-8.0633129434088673],[-34.999622790671467,-8.0632605332068206],[-34.999600011560055,-8.0632174665895242],[-34.999435480228442,-8.0630299043820663],[-34.999333613114459,-8.0629657378637702],[-34.999157784727885,-8.0627754182108404],[-34.999095492700206,-8.0627279266121779],[-34.998985466912977,-8.06272565285186],[-34.99876784958218,-8.0626423739814062],[-34.998722718439424,-8.0626425941508248],[-34.998711546325893,-8.0626651379688266],[-34.99873151240665,-8.0627100246226089],[-34.998892754776676,-8.0628020157778941],[-34.998900579351641,-8.0628447431881014],[-34.998872154154739,-8.0629053228636351],[-34.998824637652646,-8.0629787188651196],[-34.998671902331772,-8.0630748987318501],[-34.998557076717184,-8.0630913651345928],[-34.998538022098032,-8.0631105455761922],[-34.998535017706928,-8.0631487315941612],[-34.99848728242381,-8.0631775956889502],[-34.998420271989858,-8.063181105624933],[-34.998295185290182,-8.0630576506936311],[-34.99828207336774,-8.0629877316975165],[-34.998447481535827,-8.062872403559485],[-34.998501352349471,-8.0627926104796668],[-34.998488348834947,-8.0627449551850923],[-34.998424218814044,-8.0626848287978135],[-34.998289930730458,-8.0626377659633803],[-34.998101102952724,-8.0625337110989506],[-34.998011376701321,-8.0624609817416228],[-34.997930975238852,-8.0623373077998934],[-34.997773626153325,-8.0621440269494435],[-34.997687108415683,-8.0620744648992222],[-34.997594311771202,-8.0620271994732438],[-34.997456552924341,-8.0619228934153409],[-34.997382753067406,-8.0618437228146291],[-34.997299502626603,-8.0617900518807968],[-34.997167954756826,-8.0615595375446691],[-34.997125893380222,-8.0615180246755429],[-34.996964032785833,-8.0614353750589327],[-34.996748841376046,-8.0612499376300093],[-34.996614177094415,-8.0611920782815734],[-34.996409971908385,-8.0610539370211001],[-34.996266883415203,-8.0608751920953186],[-34.996217314338843,-8.0608767344477332],[-34.996080031614618,-8.0608175885502806],[-34.995805713040944,-8.0607487065191386],[-34.995701386806971,-8.0607583171880979],[-34.995603722343532,-8.060796504076345],[-34.995540082700721,-8.0608553259082392],[-34.995437889356744,-8.0610339683465053],[-34.995383941647596,-8.0612071732075048],[-34.995346985429094,-8.0613867970613633],[-34.99536453150678,-8.0615063408879042],[-34.995311667688412,-8.0616340301905645],[-34.995264796410332,-8.0616900438339183],[-34.995278512363853,-8.0617902304060109],[-34.995235720244764,-8.0619123335312395],[-34.995276787957813,-8.0619709835955433],[-34.995282324828089,-8.0620359721078607],[-34.995246354169296,-8.0621505757002154],[-34.995184287247334,-8.0622640054825787],[-34.995185694456076,-8.0622848037998889],[-34.995148106200126,-8.0623356988726549],[-34.9951629235035,-8.0624305508728469],[-34.995152652917426,-8.0624644086092001],[-34.99509931547194,-8.0624958778994049],[-34.994993817362911,-8.0625327992977667],[-34.994942915502797,-8.0625291444814682],[-34.99491495770755,-8.0624148548704735],[-34.99486902090139,-8.0623591638368719],[-34.994828633677386,-8.0623710630436545],[-34.994818101764487,-8.0623516100345647],[-34.994658846466194,-8.0623341810624218],[-34.994600179760695,-8.0623435692676555],[-34.994539009085329,-8.0623737712159418],[-34.994472439126511,-8.0623675962541661],[-34.994158960058655,-8.0622950030726859],[-34.99402942999189,-8.0622202144611794],[-34.993842876983742,-8.0622237240887475],[-34.993749312294796,-8.0622995984140911],[-34.993703745076211,-8.0623193253456638],[-34.99365540907764,-8.0623065570737023],[-34.993557191640129,-8.0622316132183052],[-34.993506302544134,-8.0622305626398294],[-34.993421679629463,-8.0622673838920544],[-34.993340606637901,-8.0622300697012523],[-34.99324537270666,-8.0622318320840858],[-34.993079497573191,-8.0621949303673954],[-34.992967330309128,-8.0622019777081082],[-34.992977983121321,-8.0622461371612015],[-34.993063449350835,-8.0623822542881793],[-34.993070243808859,-8.0624368351013196],[-34.993043433586273,-8.0625565949410625],[-34.993050721107615,-8.0627125975536753],[-34.993165492869018,-8.0629708041614183],[-34.99316562023597,-8.0629968095820281],[-34.993194480754134,-8.0630291769499252],[-34.993202518624578,-8.0630720473129411],[-34.993189842134512,-8.0631475307499585],[-34.993204416146547,-8.0631929701878349],[-34.99332763416141,-8.0633106982921472],[-34.993403538363062,-8.0633584410822703],[-34.993494616633654,-8.0633072858183414],[-34.993548171840324,-8.0633200286842008],[-34.993622791764423,-8.0633716794402623],[-34.993740451397194,-8.063420518037935],[-34.993754445136062,-8.0635570776484897],[-34.993815820990775,-8.0636645972440384],[-34.993879499310928,-8.0638967631491525],[-34.993861309534431,-8.0639793989243937],[-34.993792290766692,-8.0640370137501378],[-34.993738624203615,-8.0641231896821974],[-34.993754199315092,-8.0641972383394176],[-34.993725763339619,-8.0642580231253849],[-34.993620020897019,-8.0644101532914227],[-34.993451079987416,-8.0647731714576913],[-34.993362149229462,-8.0649066900266888],[-34.993310304360556,-8.0650198114390879],[-34.993273390824953,-8.0650755839878876],[-34.993238021262606,-8.0651010262741956],[-34.993185629837043,-8.0651029654252824],[-34.993130016496224,-8.0651369299053677],[-34.993149193129483,-8.0652564442936345],[-34.993141163135228,-8.0653423990316035],[-34.993175267447342,-8.0654028794684525],[-34.993175729628426,-8.0654972165674632],[-34.993213864721582,-8.0656907631618946],[-34.993211152725223,-8.0658272305319443],[-34.993192853948351,-8.0659046786648023],[-34.99316631842111,-8.0659370145392533],[-34.993165427932823,-8.0660420347342487],[-34.993138421067286,-8.0661212790543253],[-34.993150565793563,-8.0663060475023727],[-34.993109378477556,-8.0663587554352745],[-34.993043352843152,-8.0663597764809492],[-34.992996621844824,-8.0664279150399807],[-34.992923741734224,-8.0664639741158126],[-34.992783236353375,-8.0664611574767466],[-34.992543312653062,-8.0665260332513533],[-34.992485657829739,-8.0665151129183403],[-34.992436983326805,-8.0664733433757707],[-34.992328716593519,-8.0664556684962054],[-34.992299297302878,-8.0664726129003803],[-34.992277044356257,-8.0665189285226617],[-34.992229480849069,-8.0665604665643631],[-34.99221937322794,-8.0666480288493219],[-34.992157017306276,-8.0666812377574857],[-34.992135221325896,-8.0666771409815876],[-34.992075025613509,-8.0665780210226732],[-34.9919561970069,-8.0665547951889742],[-34.991564554522647,-8.0667660304000695],[-34.991519084251834,-8.0668047575361683],[-34.991479551878399,-8.0669085654170818],[-34.991509325832475,-8.06710725167855],[-34.99149188540688,-8.0671318391667555],[-34.991325756861094,-8.0672040586571008],[-34.991288122413827,-8.0672651512058469],[-34.991306526539177,-8.0673290168986842],[-34.991297143635748,-8.0673862257854783],[-34.991264974986528,-8.0674157856085245],[-34.991225463083026,-8.067523793488796],[-34.991110722039004,-8.0676181656664063],[-34.990868577071424,-8.0679469913509898],[-34.990791657087392,-8.0680187787626405],[-34.990750260251659,-8.0680287814717921],[-34.990497993125878,-8.0684423706102244],[-34.990407805467633,-8.0685303222641895],[-34.990299992197443,-8.0686050568681171],[-34.990243423729815,-8.0686725388650107],[-34.990145926813014,-8.0688459418918796],[-34.990135772442493,-8.0689244036474594],[-34.989940294113751,-8.0690289695504021],[-34.989786449940375,-8.069027617257694],[-34.989657346191223,-8.0690583478480438],[-34.989503246808169,-8.069148710939416],[-34.989365727466307,-8.0691822848267805],[-34.989310405333526,-8.0692175575077982],[-34.989271300336917,-8.06926535620536],[-34.989224725922142,-8.0693656978843649],[-34.98922382714624,-8.0694773484612021],[-34.989249860478687,-8.0696211138414924],[-34.989311873896689,-8.069804940720207],[-34.989348657893032,-8.0700007907718199],[-34.989496795933405,-8.0705580567717288],[-34.989504125678046,-8.0706265751706834],[-34.989582993921829,-8.070803374386788],[-34.989596642719441,-8.0708649173429095],[-34.989602507702095,-8.0709152981691723],[-34.989576543045004,-8.071063846295818],[-34.989559819747349,-8.0710919306644566],[-34.989398025819568,-8.0711893320702917],[-34.989194537459994,-8.0712358279162029],[-34.988943073625407,-8.0712398479472824],[-34.988785850689702,-8.0712665186017407],[-34.988614739270417,-8.0713261586882368],[-34.988513244408225,-8.0714008641749526],[-34.988471174281301,-8.0714164704565956],[-34.988248024737871,-8.0714644617421349],[-34.988054911430766,-8.0714780010485949],[-34.987890820574805,-8.0715369070593752],[-34.987784856371334,-8.0715591255812384],[-34.987604299027026,-8.0715550999546739],[-34.987277919690861,-8.0716098949421351],[-34.986921433134015,-8.0716227055165675],[-34.986728524132786,-8.0716534188308646],[-34.98660665180887,-8.071640267413434],[-34.986395224179766,-8.0716435835387621],[-34.986218426854691,-8.0716788009361409],[-34.986177930127965,-8.0716434945317399],[-34.9861308390931,-8.0715770284874928],[-34.986063924686832,-8.0715270712368881],[-34.985854846293037,-8.0715155143710824],[-34.985791718047871,-8.0715032483705098],[-34.985719432697444,-8.0714604987004233],[-34.983107922936675,-8.0693287331227559],[-34.983023808781212,-8.0693112308667345],[-34.982949960650394,-8.069259634055209],[-34.982204728362419,-8.0686759976240303],[-34.980961858679038,-8.0676583731795564],[-34.980923085572819,-8.0676549690491761],[-34.98089968025991,-8.0676586739892766],[-34.98084590345465,-8.0677164006021815],[-34.980773059124559,-8.068298611843197],[-34.980701002899266,-8.0690424435376062],[-34.980647742013133,-8.069206128098827],[-34.980534984975705,-8.0701028076091532],[-34.975481669397134,-8.0681860611616756],[-34.974348011250306,-8.0723680624716447],[-34.970364816932921,-8.0718539941347558],[-34.971307395619931,-8.068640116734219],[-34.971412243657149,-8.0678892613181112],[-34.971296844079475,-8.0674739582272625],[-34.970681850179162,-8.066970656109909],[-34.96936785306054,-8.0666334420741581],[-34.969713722553841,-8.0663515257964811],[-34.969697395129764,-8.0660894321841337],[-34.9694186224975,-8.0660094105242486],[-34.967218037896714,-8.0664085679734221],[-34.967131431441672,-8.0660113604991928],[-34.962184327749597,-8.0657548383084876],[-34.959497457618333,-8.0597648411316616],[-34.958175606178884,-8.058705039171798],[-34.957792880396333,-8.0587949490300961],[-34.955292747989624,-8.0595503795734054],[-34.954695259674509,-8.0574198534009369],[-34.954609952089235,-8.0569965058326147],[-34.946159087530496,-8.0595787561042496],[-34.945910730350228,-8.0596249803960927],[-34.945818554430048,-8.0596559214997576],[-34.945595756164352,-8.0605326269206454],[-34.945367145981585,-8.061310883806124],[-34.945172812784968,-8.0618535746177997],[-34.944829124622274,-8.0627240565232619],[-34.944614970683396,-8.0631748743728853],[-34.944397873949519,-8.0635583337413586],[-34.944421472904516,-8.0635570618403829],[-34.942158617249277,-8.0666560956861293],[-34.941971682027287,-8.0665791479952915],[-34.941912999295653,-8.0666243159685553],[-34.9381731953453,-8.0678449127066933],[-34.93691811789224,-8.0681670874278151],[-34.935286277473324,-8.0686943342907007],[-34.934758183082799,-8.0688499289705113],[-34.934682791240292,-8.0688829116363703],[-34.934636389130475,-8.0689268952459816],[-34.934562024831408,-8.0689060691815868],[-34.934466439867251,-8.0689291104246905],[-34.932781873409688,-8.0694917348489739],[-34.930856925965806,-8.0635955810590119],[-34.930829188698816,-8.0635190568854895],[-34.930733685903412,-8.0634472159540742],[-34.93013428888154,-8.0618325660395591],[-34.930110465163246,-8.0617267852308672],[-34.92733648907695,-8.0605747844986446],[-34.926766155822421,-8.0604553081413481],[-34.926279151365129,-8.0604458962146825],[-34.92574248900992,-8.0605161991674699],[-34.923797262726055,-8.0610009643937666],[-34.921574949765365,-8.0615197080807324],[-34.920971921162767,-8.0616947970232768],[-34.920957139001466,-8.0617635641132281],[-34.920745916814973,-8.0621538664982104],[-34.920652696112796,-8.062387671502897],[-34.920621587786343,-8.0623800740389235],[-34.920549240784027,-8.0623266386887611],[-34.920487652192925,-8.0623134387709943],[-34.920242926590021,-8.0623276548616918],[-34.920210649030935,-8.0623067921255132],[-34.919761130286354,-8.0622889901681827],[-34.919760895483329,-8.0623405580412317],[-34.918869466773792,-8.0624783938722917],[-34.918775460941795,-8.062520524939222],[-34.91845680554902,-8.0627575253203148],[-34.918354709725939,-8.0628936759975094],[-34.918296209568375,-8.0630155435817255],[-34.918271152240003,-8.0631487741450805],[-34.918292805199208,-8.0633828990494383],[-34.918284599492118,-8.0635493292460243],[-34.917591079274949,-8.0643589339413602],[-34.917365866915382,-8.0645314996997417],[-34.917057217398323,-8.0647121358913623],[-34.916298432794633,-8.0650267103567668],[-34.914798957207495,-8.0656813698437961],[-34.914135373595627,-8.066032614166879],[-34.914101971924246,-8.0659990116052374],[-34.913322269991347,-8.0632456665910439],[-34.912028713311777,-8.0638206467252651],[-34.912066447025872,-8.0639907522550587],[-34.911165376238145,-8.0641678813016036],[-34.911083637660205,-8.0641969332796268],[-34.910236020516422,-8.0646463817040352],[-34.909176364195794,-8.0651806259820269],[-34.908975384072441,-8.0652631638087122],[-34.909006848947477,-8.0650686978974235],[-34.908575867666947,-8.0651883534789928],[-34.907996141767143,-8.0652981999344675],[-34.907995656638597,-8.0653405975375296],[-34.907692976206221,-8.0654593924505242],[-34.907580262857849,-8.0655605943940465],[-34.907263038868059,-8.0661989956736857],[-34.907100855783888,-8.0664686740743878],[-34.906920714736415,-8.066689842420713],[-34.906734183686943,-8.0668480893154815],[-34.905559929083509,-8.0676338196502826],[-34.905460442838184,-8.0676861888119316],[-34.905279452135488,-8.0678444103922526],[-34.905123447786373,-8.0678959386028541],[-34.905020766435385,-8.0679087749582052],[-34.904945925793022,-8.0679606469399303],[-34.904792997503186,-8.0678311055336973],[-34.904551514690134,-8.0675780741616503],[-34.904206455047508,-8.0671984473381873],[-34.904023842557336,-8.0669500300352013],[-34.903489281789554,-8.0659707152227735],[-34.903381856210785,-8.0658483360197408],[-34.903100322069363,-8.0657013614453774],[-34.902836029623813,-8.0656798909129037],[-34.902581369541203,-8.0657543877217588],[-34.902342151862058,-8.0659852159400707],[-34.901792099089441,-8.06686264867818],[-34.901594654628504,-8.0670709458218806],[-34.901386362396039,-8.0671258733690667],[-34.901191162229509,-8.0671007921449647],[-34.901125860470685,-8.0670566349111681],[-34.900922230947046,-8.0669875825007455],[-34.900714716620726,-8.0668780239175657],[-34.900212101508103,-8.0666634724009292],[-34.900330218969671,-8.0665045373407462],[-34.900525605306022,-8.0658627498883835],[-34.900626877755094,-8.0655759280231543],[-34.900720544433206,-8.0651255145074447],[-34.900839344799863,-8.0641977306134844],[-34.9008578930924,-8.0637749342970686],[-34.900835586903142,-8.0633932376626039],[-34.900750889086353,-8.0628345628778924],[-34.900741278689893,-8.0622414525913229],[-34.900698928735302,-8.0619621146965024],[-34.900704017809232,-8.0618133659250333]]]},"properties":{"cdistscodi":4}},{"type":"Feature","geometry":{"type":"Polygon","coordinates":[[[-34.917760023733528,-8.1420055931860116],[-34.91710060582836,-8.1379120739408108],[-34.915589709708549,-8.1288303405656013],[-34.914515770075091,-8.1228365322352865],[-34.914521588629988,-8.1228025618431055],[-34.916565039465148,-8.1224382604763168],[-34.916985304003965,-8.1223219120019703],[-34.917418667279122,-8.1221445053491834],[-34.917807299802419,-8.1219041605800371],[-34.918237946225481,-8.1215940373607172],[-34.918497499221573,-8.121328844219553],[-34.919016021652347,-8.1206725592473372],[-34.919222840689095,-8.1204563479269183],[-34.919385143459948,-8.1203093778191668],[-34.920918380065515,-8.1193918988915428],[-34.921104925324002,-8.1192735439772186],[-34.922095791653796,-8.118194390018175],[-34.92369512526146,-8.1163292704619714],[-34.925310471586727,-8.1145005842658779],[-34.92588886906951,-8.1137857507465689],[-34.926073969683941,-8.1134889586245524],[-34.926212544735904,-8.1132143948906581],[-34.92632602122648,-8.1128225626760369],[-34.926554881795809,-8.111289609251676],[-34.92706452018723,-8.1078197872791034],[-34.927740061034449,-8.1030861956376832],[-34.927820023288412,-8.1024271965420382],[-34.928055166660954,-8.102467751797418],[-34.928590121714265,-8.1024759079121029],[-34.928721670758499,-8.1024545674638109],[-34.928867820157436,-8.1024738467338455],[-34.92912512044439,-8.1026050455982599],[-34.929433083873612,-8.1028121666536475],[-34.929962121049897,-8.1030926112996227],[-34.930301706361412,-8.1033540746229882],[-34.930541012494899,-8.1035641901938611],[-34.931470730654162,-8.104271853220375],[-34.931945395649748,-8.1045358488178003],[-34.932198194970283,-8.1046306078525454],[-34.932510618744033,-8.1046953063383977],[-34.933075320736897,-8.1047455720919626],[-34.933616638075485,-8.1047661657375709],[-34.934015311028858,-8.1048139097059391],[-34.93441678152999,-8.104752443104557],[-34.934628994666333,-8.1046918761612687],[-34.934834993477097,-8.1046764752339584],[-34.935160050407404,-8.1046496486685111],[-34.935402461483314,-8.1046551164205649],[-34.93559813928178,-8.1046078619359783],[-34.935903462801043,-8.1045766317433987],[-34.936115786212817,-8.1045392262793854],[-34.936331572181949,-8.1045315828192237],[-34.936534237399684,-8.1045570907600606],[-34.937202358112529,-8.1047094348604141],[-34.937401512260379,-8.1046952540077282],[-34.937587115442561,-8.1046248838095227],[-34.937755958276242,-8.1045215049521389],[-34.937894633252093,-8.1043587096885972],[-34.938045951555033,-8.1041068622660877],[-34.938193596070015,-8.1037656587587392],[-34.938400777627059,-8.1033477482897851],[-34.938615568174889,-8.1028362215660987],[-34.938685561087503,-8.10269768117662],[-34.938774872017994,-8.102567434904314],[-34.938894626495397,-8.1022567599733648],[-34.939025370962845,-8.1020206811177466],[-34.939485372294129,-8.1016235737622235],[-34.939634878447762,-8.1013587210039688],[-34.939711203543631,-8.1012542249966017],[-34.939872908986928,-8.1008652903093807],[-34.940271339919882,-8.1005246819538943],[-34.94041383211102,-8.100447343368117],[-34.940946198518823,-8.10031886534364],[-34.941719692607627,-8.1000578245013806],[-34.94202662518687,-8.0998975652529364],[-34.942522864375455,-8.0995904176781117],[-34.942703701223117,-8.0994398080636429],[-34.942922731217749,-8.0992182367354992],[-34.943028563133836,-8.099087799212791],[-34.943324126201219,-8.0986057423522695],[-34.943497953953255,-8.0983708643627033],[-34.943929193712371,-8.0978872939767115],[-34.943983283393464,-8.0977436398042446],[-34.944129013996267,-8.0975399794561849],[-34.944230915358318,-8.0974152207747263],[-34.94442625219861,-8.0972155929061955],[-34.944779903603475,-8.0967787848623054],[-34.945014645711751,-8.0964451130717343],[-34.945130783038927,-8.0963811251956876],[-34.945345772546197,-8.0962986809352824],[-34.946116948443539,-8.0960396467435132],[-34.946658776781163,-8.0959667483664113],[-34.946873907802249,-8.0959139093611263],[-34.947114803351738,-8.0958128394061291],[-34.947666313126973,-8.0954364234511331],[-34.947939862077597,-8.0951760617052351],[-34.94838371659106,-8.0948075612751325],[-34.948420530688097,-8.0947407709256005],[-34.949483359123107,-8.0963326749691458],[-34.949651847936856,-8.0966548156252234],[-34.949834008653625,-8.0970975862167158],[-34.949977268545894,-8.0976188328199452],[-34.950064649666658,-8.0980914131505468],[-34.95008330845728,-8.0985675873269471],[-34.950049717538114,-8.0990701056038485],[-34.949934599148776,-8.0996349940271362],[-34.94982187430471,-8.1000171961504908],[-34.949643871079914,-8.1004256600344444],[-34.949251544094238,-8.1011446707163159],[-34.948796664801911,-8.1018481902076243],[-34.948562857794627,-8.1022374945813738],[-34.94840683867622,-8.102539014176168],[-34.948309974849572,-8.1028167513481293],[-34.948271808731945,-8.1030485411018915],[-34.948273252683606,-8.103348644720004],[-34.948356828056433,-8.1037103362877492],[-34.948683495027517,-8.1049320502391105],[-34.948721324140166,-8.1053102692123353],[-34.948725602157531,-8.1055190225958818],[-34.948684428531834,-8.1058062817719172],[-34.948591016785244,-8.1061198886741845],[-34.948286540756705,-8.10671763438204],[-34.947325605483073,-8.1083761008230635],[-34.946848912987136,-8.1093113296376345],[-34.946788587244441,-8.1094376997529487],[-34.947031309311875,-8.1095451980337003],[-34.947214202465155,-8.1096500258678965],[-34.947660174992123,-8.1099815745449568],[-34.947761571287373,-8.1099784020492933],[-34.947801799467072,-8.1099309046370962],[-34.952200459594422,-8.1107681714246951],[-34.952354747543737,-8.1108323232831303],[-34.952713153610617,-8.1110893975315914],[-34.95281284397948,-8.1111353856049142],[-34.953066427395541,-8.1112001359927106],[-34.953891374035116,-8.111456744544661],[-34.953942104887496,-8.1114178931653669],[-34.954006889480517,-8.1113094797452447],[-34.954064512095464,-8.1113224402997464],[-34.954283038876198,-8.1114184634022219],[-34.954576944472173,-8.1107489843652161],[-34.95554277500915,-8.1114311698900696],[-34.956165699901071,-8.1118330100880627],[-34.956448160865726,-8.111981681675271],[-34.956539347214893,-8.1120620703124686],[-34.956684641639718,-8.111902580289625],[-34.956899957070497,-8.1117687901970044],[-34.959225548095297,-8.1106711058390495],[-34.959478258846033,-8.110583456030108],[-34.959731154640892,-8.1105342214376517],[-34.960262304399429,-8.1104977327488985],[-34.960446517092976,-8.1104609920871713],[-34.960595819156033,-8.1103796016531522],[-34.96085945974999,-8.110161288428742],[-34.961163653183689,-8.1099587858800195],[-34.961293724868021,-8.1098864513780846],[-34.96177327113876,-8.109675421745802],[-34.961913224572143,-8.1096536195314162],[-34.962896408086166,-8.1096949814719199],[-34.962978723441573,-8.1097112318081557],[-34.96309073411259,-8.1097567898647167],[-34.963176485391578,-8.1098191204643477],[-34.963242257119639,-8.1098968011436536],[-34.963581271883697,-8.1104414299030427],[-34.963813611473761,-8.1106324855801386],[-34.963848296690905,-8.1106781123584408],[-34.963928864898435,-8.1108159846275871],[-34.963938934373687,-8.1108815284781137],[-34.96342504821682,-8.1155009792283934],[-34.963451218815074,-8.1159707632978719],[-34.963437952193352,-8.1162096928354952],[-34.963374014666883,-8.1163778899222088],[-34.963354677628274,-8.116563318907291],[-34.963518080996316,-8.1187323295251712],[-34.963591574584612,-8.1199476819769032],[-34.963632089603657,-8.1209830261441844],[-34.963629405961534,-8.1211261625668083],[-34.963456082403056,-8.1217909101014421],[-34.963462114747557,-8.1219875261521342],[-34.963526249845451,-8.1220991960034254],[-34.962643402029904,-8.1251920050620132],[-34.962478745489747,-8.1253653677558759],[-34.962459417639927,-8.125347138913277],[-34.962073819530559,-8.1254578403119559],[-34.962040536823444,-8.1253986987678264],[-34.960474359808934,-8.1259052003121717],[-34.960513088019397,-8.1259928526381788],[-34.960707268361062,-8.1262211550519954],[-34.960768507650002,-8.1263736801228763],[-34.960596487863391,-8.1268764315680428],[-34.9605499443715,-8.1271733531657233],[-34.960501562092126,-8.1273199267394389],[-34.960425471348046,-8.1274627275843727],[-34.960398700313732,-8.1275425132863148],[-34.960169237281889,-8.1277733955260647],[-34.959898063309154,-8.1279961733964488],[-34.959681576079745,-8.1282594614620756],[-34.959237361499142,-8.1286668489133582],[-34.958641434178205,-8.1295248395668303],[-34.958639932654371,-8.129787843484058],[-34.958482633191551,-8.1305775907050197],[-34.958438508543487,-8.1309933457838142],[-34.958390388122069,-8.1312249113326516],[-34.958351366466559,-8.1321714618973342],[-34.958284732097447,-8.1323568488898204],[-34.958265545149949,-8.1324620928586437],[-34.95825925403436,-8.1329051610648921],[-34.958165050507056,-8.1338538011052499],[-34.958075816688883,-8.1339120915447811],[-34.957927111172658,-8.1339564182509445],[-34.957779645891563,-8.1342028197232654],[-34.957600268701768,-8.1346304034209655],[-34.95737622315427,-8.1353258061793188],[-34.956879414168363,-8.1361502985137797],[-34.956490602338029,-8.1369472947178139],[-34.956324792734364,-8.1369915561806323],[-34.956290419050937,-8.1370412758215451],[-34.956751173505516,-8.1385957424273148],[-34.956739214537052,-8.1386077749732166],[-34.956656822383884,-8.138609882505234],[-34.956541954835572,-8.1386412276734053],[-34.955124328279389,-8.1387534083799444],[-34.954803133054135,-8.1386838169847451],[-34.954631373889946,-8.1386658263403699],[-34.954205747026421,-8.1386901137743752],[-34.954149146878024,-8.1387006497865055],[-34.953912710011124,-8.1387975844622655],[-34.953400876176651,-8.1387453068593576],[-34.953378942566637,-8.1387232145605211],[-34.953171658630659,-8.1387186040615376],[-34.9530547522983,-8.1386925279793445],[-34.952954674212926,-8.1386551544676689],[-34.952799480794475,-8.1385675742893007],[-34.952476030449837,-8.1383097548946601],[-34.952385794545279,-8.1382709326123255],[-34.952199960020117,-8.1382479920258799],[-34.951949684122184,-8.1382828437734656],[-34.95178680945461,-8.1383523258472508],[-34.951356500383916,-8.1386908797022244],[-34.951277927568029,-8.1387361222587682],[-34.951025040500284,-8.1388130466526789],[-34.950866080503559,-8.1388194192057277],[-34.950776219412127,-8.1387870071300004],[-34.950636630574579,-8.1386764859968981],[-34.950619289284631,-8.1386406453671274],[-34.950592907575214,-8.1384666778873296],[-34.950352553908282,-8.137989030640707],[-34.949984435615249,-8.1376876088841001],[-34.949777675446605,-8.1374882883996094],[-34.94952676782961,-8.1374330410454085],[-34.949403134342212,-8.1374267919046019],[-34.949376539583206,-8.1374005766585835],[-34.949006645191986,-8.1373750609947759],[-34.94892727974613,-8.1373577082068937],[-34.947976227205395,-8.1373488621050409],[-34.947903960409477,-8.137378340703739],[-34.947662496788297,-8.13739266727152],[-34.94741963336471,-8.1373852319258599],[-34.947391646606476,-8.137840733352304],[-34.945976841316863,-8.1377381947985334],[-34.945061153994978,-8.1376359573101507],[-34.944090765015801,-8.1375203727506502],[-34.943921719849897,-8.1374554389204263],[-34.943770458959449,-8.1374189904523675],[-34.94334308747127,-8.1373708524091946],[-34.942141819102858,-8.1372556644515104],[-34.937198249259552,-8.136831461266107],[-34.937123257735081,-8.1368675479532602],[-34.936983024883901,-8.1370668257875334],[-34.936523077978208,-8.1379047776449731],[-34.936390964977846,-8.1380731822505616],[-34.933630423820013,-8.1411903096335454],[-34.933479778557128,-8.1412821014466967],[-34.933332148707969,-8.1413242916252972],[-34.933331468421059,-8.1415157097098128],[-34.933325237273912,-8.1415516293363694],[-34.933297385002547,-8.1415852571234328],[-34.933182514099002,-8.1416655624460326],[-34.933109835604853,-8.1416986081771121],[-34.932504208008304,-8.1419216191176442],[-34.932353726343074,-8.1419199408116274],[-34.932053172255571,-8.1418352363667825],[-34.931963530114011,-8.1418356631060949],[-34.9318724108428,-8.1418616182541861],[-34.9318331809976,-8.1418594146780769],[-34.931585634794693,-8.1418127369191211],[-34.931483154476041,-8.1418068447545036],[-34.931169057521224,-8.1417349647476591],[-34.930927306520346,-8.1417281394575376],[-34.930687748813256,-8.1416782336011995],[-34.930572512398513,-8.1416827713654243],[-34.930364320204589,-8.1416638209514591],[-34.92990196942575,-8.1415543637656889],[-34.929712206366908,-8.1415401123240407],[-34.928469743734027,-8.1413203072286962],[-34.927806590808046,-8.1412309412195114],[-34.927566468783205,-8.1412304869212058],[-34.927362198379853,-8.14119476954418],[-34.927235108801703,-8.1412312621938518],[-34.926998274986495,-8.1412483378416631],[-34.92695275907284,-8.1412708859026797],[-34.926659877373716,-8.1412578765199957],[-34.926422584982397,-8.1413132308081657],[-34.926134579307323,-8.1413401833669035],[-34.925556927643669,-8.141356741005751],[-34.925305952728678,-8.1413870991772423],[-34.924834120165961,-8.1413869902035838],[-34.924654372350375,-8.1414189421516028],[-34.924258859269685,-8.141390955641965],[-34.924210857214987,-8.1413971653628039],[-34.924126640125053,-8.141457236864742],[-34.924029682799308,-8.1414999448732086],[-34.923830126091694,-8.1414527751516488],[-34.923499117016057,-8.1414955120577641],[-34.923357742445354,-8.1414905163264049],[-34.923097960862314,-8.1415328204456632],[-34.921398462197594,-8.1416491305901602],[-34.921029813986934,-8.1417691101796841],[-34.920742962939059,-8.1418892104483316],[-34.91943734386745,-8.1425037466612107],[-34.918918486655173,-8.1427290979883118],[-34.91836769472966,-8.1430198646904319],[-34.918049439559979,-8.1431448419313757],[-34.917951095104286,-8.1431966193774912],[-34.917760023733528,-8.1420055931860116]]]},"properties":{"cdistscodi":8}},{"type":"Feature","geometry":{"type":"Polygon","coordinates":[[[-34.942522864375455,-8.0995904176781117],[-34.94202662518687,-8.0998975652529364],[-34.941719692607627,-8.1000578245013806],[-34.940946198518823,-8.10031886534364],[-34.94041383211102,-8.100447343368117],[-34.940271339919882,-8.1005246819538943],[-34.939872908986928,-8.1008652903093807],[-34.939711203543631,-8.1012542249966017],[-34.939634878447762,-8.1013587210039688],[-34.939485372294129,-8.1016235737622235],[-34.939025370962845,-8.1020206811177466],[-34.938894626495397,-8.1022567599733648],[-34.938774872017994,-8.102567434904314],[-34.938685561087503,-8.10269768117662],[-34.938615568174889,-8.1028362215660987],[-34.938400777627059,-8.1033477482897851],[-34.938193596070015,-8.1037656587587392],[-34.938045951555033,-8.1041068622660877],[-34.937894633252093,-8.1043587096885972],[-34.937755958276242,-8.1045215049521389],[-34.937587115442561,-8.1046248838095227],[-34.937401512260379,-8.1046952540077282],[-34.937202358112529,-8.1047094348604141],[-34.936534237399684,-8.1045570907600606],[-34.936331572181949,-8.1045315828192237],[-34.936115786212817,-8.1045392262793854],[-34.935903462801043,-8.1045766317433987],[-34.93559813928178,-8.1046078619359783],[-34.935402461483314,-8.1046551164205649],[-34.935160050407404,-8.1046496486685111],[-34.934834993477097,-8.1046764752339584],[-34.934628994666333,-8.1046918761612687],[-34.93441678152999,-8.104752443104557],[-34.934015311028858,-8.1048139097059391],[-34.933616638075485,-8.1047661657375709],[-34.933075320736897,-8.1047455720919626],[-34.932510618744033,-8.1046953063383977],[-34.932198194970283,-8.1046306078525454],[-34.931945395649748,-8.1045358488178003],[-34.931470730654162,-8.104271853220375],[-34.930541012494899,-8.1035641901938611],[-34.930301706361412,-8.1033540746229882],[-34.929962121049897,-8.1030926112996227],[-34.929433083873612,-8.1028121666536475],[-34.92912512044439,-8.1026050455982599],[-34.928867820157436,-8.1024738467338455],[-34.928721670758499,-8.1024545674638109],[-34.928590121714265,-8.1024759079121029],[-34.928055166660954,-8.102467751797418],[-34.927820023288412,-8.1024271965420382],[-34.927823758598372,-8.1023868923407107],[-34.927162110472992,-8.1022746623383863],[-34.9268788673998,-8.1022760008693364],[-34.92642019838312,-8.1023494085697845],[-34.926160613537995,-8.1023543839677501],[-34.925810874448068,-8.1023897816040815],[-34.925637699551721,-8.1023681019822096],[-34.925343860846617,-8.1022907506329815],[-34.925121026053958,-8.1021118265932426],[-34.925026361271769,-8.1019847905495279],[-34.924984464796438,-8.1018064867068222],[-34.924801248870168,-8.1015302380064913],[-34.924095253835198,-8.10084612757122],[-34.9238236521076,-8.1004996411912362],[-34.92375057304799,-8.1003621911587178],[-34.923539164984433,-8.100186129334169],[-34.923472474936951,-8.1000342673253947],[-34.922922970425383,-8.0994003748288801],[-34.922399241957557,-8.0986482516516567],[-34.922119690538246,-8.0980130878255441],[-34.921778617250212,-8.0975693052752238],[-34.921326419058971,-8.0971515355017587],[-34.920651635548168,-8.0968047128672342],[-34.919905600825203,-8.0961533397105736],[-34.919824321779288,-8.0958219581895925],[-34.919902170003603,-8.0954290797146182],[-34.919932911898563,-8.0949896974030295],[-34.919785776090912,-8.0946901782075251],[-34.919228074444206,-8.0928447518407509],[-34.919416034381385,-8.091470221191047],[-34.919139003520485,-8.090087487593367],[-34.918741077337565,-8.0894791225365914],[-34.918153270316743,-8.0890947438425957],[-34.917975720300284,-8.0888990491610624],[-34.91730187652621,-8.0888031160270213],[-34.916675082282524,-8.0887924119750974],[-34.916415605260092,-8.0887879827754485],[-34.914912617895524,-8.0888277954148791],[-34.914145814832999,-8.0887074372713901],[-34.913904243334045,-8.0886159868786667],[-34.913338086028887,-8.0882746222976571],[-34.913283612951268,-8.0882709149479872],[-34.912685390411617,-8.0876813249345894],[-34.911747362498033,-8.0862619984103983],[-34.911531376936935,-8.0857489395990534],[-34.910816204700815,-8.0845641169883233],[-34.910343683486538,-8.0838523892300813],[-34.910328402659651,-8.0838067185545377],[-34.909964542449067,-8.0834957073649552],[-34.909645166731472,-8.0833361286724905],[-34.909161360837324,-8.0831741716344112],[-34.908272201240464,-8.0833137143927534],[-34.906842745449019,-8.0837156651803035],[-34.906457089938833,-8.0837860333928226],[-34.90586313991102,-8.0839581590923295],[-34.905184145195577,-8.0841137419020175],[-34.90491242010885,-8.0841488785981728],[-34.904386280782688,-8.0842868144809543],[-34.904097640650946,-8.0843389654222868],[-34.902974913536518,-8.0844626164648616],[-34.902031462858396,-8.0841203242183592],[-34.901717944882044,-8.0838759431472411],[-34.901497973045188,-8.0837286738771379],[-34.900776011431923,-8.0831402648391215],[-34.900756828671454,-8.0826628375608323],[-34.901530354376639,-8.0813636348302822],[-34.901787168944878,-8.0806152181310669],[-34.901923015842698,-8.0798006284316966],[-34.902063600167018,-8.079548264210624],[-34.902097642566801,-8.079347432151188],[-34.902702742966184,-8.0775992624507751],[-34.903875677728259,-8.0756919037178534],[-34.904160468870565,-8.07518008292449],[-34.904184415491805,-8.0750577820077556],[-34.904196882652457,-8.0745783666553379],[-34.904160447352851,-8.0741242677085907],[-34.904213202034278,-8.0738748526069415],[-34.90434409923413,-8.0735516634333422],[-34.904801776132622,-8.07284572188901],[-34.905104038196122,-8.072463083525582],[-34.90526039353491,-8.072340166228976],[-34.905671182574942,-8.0720938748389557],[-34.906356088273363,-8.0717387801758349],[-34.906429190360861,-8.0716406882113301],[-34.906516614128662,-8.0714594402508677],[-34.906579630788421,-8.0713027429397819],[-34.906598720571772,-8.0711902412943992],[-34.906588085212945,-8.0710139632152096],[-34.906543482746898,-8.0709115682887393],[-34.906537390775895,-8.0706576258628786],[-34.906570648271199,-8.0704327964840097],[-34.906662883936093,-8.0702319765777979],[-34.906661209162124,-8.0698748169330141],[-34.906630571063729,-8.0696159188177745],[-34.906516312499896,-8.0693036451793692],[-34.906437323513323,-8.0691915993698853],[-34.906338739724511,-8.0690845312639166],[-34.906234681308376,-8.0688553001656533],[-34.906204752054137,-8.0687479132449109],[-34.906155277434749,-8.0686552794949584],[-34.906086257454142,-8.0685773989070562],[-34.905796420317245,-8.0684712209241596],[-34.905437357394483,-8.0682431763606601],[-34.905226075806453,-8.0681561846013992],[-34.904945925793022,-8.0679606469399303],[-34.905020766435385,-8.0679087749582052],[-34.905123447786373,-8.0678959386028541],[-34.905279452135488,-8.0678444103922526],[-34.905460442838184,-8.0676861888119316],[-34.905559929083509,-8.0676338196502826],[-34.906734183686943,-8.0668480893154815],[-34.906920714736415,-8.066689842420713],[-34.907100855783888,-8.0664686740743878],[-34.907263038868059,-8.0661989956736857],[-34.907580262857849,-8.0655605943940465],[-34.907692976206221,-8.0654593924505242],[-34.907995656638597,-8.0653405975375296],[-34.907996141767143,-8.0652981999344675],[-34.908575867666947,-8.0651883534789928],[-34.909006848947477,-8.0650686978974235],[-34.908975384072441,-8.0652631638087122],[-34.909176364195794,-8.0651806259820269],[-34.910236020516422,-8.0646463817040352],[-34.911083637660205,-8.0641969332796268],[-34.911165376238145,-8.0641678813016036],[-34.912066447025872,-8.0639907522550587],[-34.912028713311777,-8.0638206467252651],[-34.913322269991347,-8.0632456665910439],[-34.914101971924246,-8.0659990116052374],[-34.914135373595627,-8.066032614166879],[-34.914798957207495,-8.0656813698437961],[-34.916298432794633,-8.0650267103567668],[-34.917057217398323,-8.0647121358913623],[-34.917365866915382,-8.0645314996997417],[-34.917591079274949,-8.0643589339413602],[-34.918284599492118,-8.0635493292460243],[-34.918292805199208,-8.0633828990494383],[-34.918271152240003,-8.0631487741450805],[-34.918296209568375,-8.0630155435817255],[-34.918354709725939,-8.0628936759975094],[-34.91845680554902,-8.0627575253203148],[-34.918775460941795,-8.062520524939222],[-34.918869466773792,-8.0624783938722917],[-34.919760895483329,-8.0623405580412317],[-34.919761130286354,-8.0622889901681827],[-34.920210649030935,-8.0623067921255132],[-34.920242926590021,-8.0623276548616918],[-34.920487652192925,-8.0623134387709943],[-34.920549240784027,-8.0623266386887611],[-34.920621587786343,-8.0623800740389235],[-34.920652696112796,-8.062387671502897],[-34.920745916814973,-8.0621538664982104],[-34.920957139001466,-8.0617635641132281],[-34.920971921162767,-8.0616947970232768],[-34.921574949765365,-8.0615197080807324],[-34.923797262726055,-8.0610009643937666],[-34.92574248900992,-8.0605161991674699],[-34.926279151365129,-8.0604458962146825],[-34.926766155822421,-8.0604553081413481],[-34.92733648907695,-8.0605747844986446],[-34.930110465163246,-8.0617267852308672],[-34.93013428888154,-8.0618325660395591],[-34.930733685903412,-8.0634472159540742],[-34.930829188698816,-8.0635190568854895],[-34.930856925965806,-8.0635955810590119],[-34.932781873409688,-8.0694917348489739],[-34.934466439867251,-8.0689291104246905],[-34.934562024831408,-8.0689060691815868],[-34.934636389130475,-8.0689268952459816],[-34.934682791240292,-8.0688829116363703],[-34.934758183082799,-8.0688499289705113],[-34.935286277473324,-8.0686943342907007],[-34.93691811789224,-8.0681670874278151],[-34.9381731953453,-8.0678449127066933],[-34.941912999295653,-8.0666243159685553],[-34.941971682027287,-8.0665791479952915],[-34.942158617249277,-8.0666560956861293],[-34.944421472904516,-8.0635570618403829],[-34.944397873949519,-8.0635583337413586],[-34.944614970683396,-8.0631748743728853],[-34.944829124622274,-8.0627240565232619],[-34.945172812784968,-8.0618535746177997],[-34.945367145981585,-8.061310883806124],[-34.945595756164352,-8.0605326269206454],[-34.945818554430048,-8.0596559214997576],[-34.945910730350228,-8.0596249803960927],[-34.946159087530496,-8.0595787561042496],[-34.954609952089235,-8.0569965058326147],[-34.954695259674509,-8.0574198534009369],[-34.955292747989624,-8.0595503795734054],[-34.957792880396333,-8.0587949490300961],[-34.958175606178884,-8.058705039171798],[-34.959497457618333,-8.0597648411316616],[-34.962184327749597,-8.0657548383084876],[-34.967131431441672,-8.0660113604991928],[-34.967218037896714,-8.0664085679734221],[-34.9694186224975,-8.0660094105242486],[-34.969697395129764,-8.0660894321841337],[-34.969713722553841,-8.0663515257964811],[-34.96936785306054,-8.0666334420741581],[-34.970681850179162,-8.066970656109909],[-34.971296844079475,-8.0674739582272625],[-34.971412243657149,-8.0678892613181112],[-34.971307395619931,-8.068640116734219],[-34.970364816932921,-8.0718539941347558],[-34.974348011250306,-8.0723680624716447],[-34.975481669397134,-8.0681860611616756],[-34.980534984975705,-8.0701028076091532],[-34.980647742013133,-8.069206128098827],[-34.980701002899266,-8.0690424435376062],[-34.980773059124559,-8.068298611843197],[-34.98084590345465,-8.0677164006021815],[-34.98089968025991,-8.0676586739892766],[-34.980923085572819,-8.0676549690491761],[-34.980961858679038,-8.0676583731795564],[-34.982204728362419,-8.0686759976240303],[-34.982949960650394,-8.069259634055209],[-34.983023808781212,-8.0693112308667345],[-34.983107922936675,-8.0693287331227559],[-34.985719432697444,-8.0714604987004233],[-34.985791718047871,-8.0715032483705098],[-34.985854846293037,-8.0715155143710824],[-34.986063924686832,-8.0715270712368881],[-34.9861308390931,-8.0715770284874928],[-34.986177930127965,-8.0716434945317399],[-34.986153323049265,-8.071659868350249],[-34.98591654251679,-8.0717138839543807],[-34.985723585264523,-8.0719163748373735],[-34.985704118877557,-8.0720039311867549],[-34.985722903656765,-8.0721162820111072],[-34.985761213884309,-8.0721540932779554],[-34.985796510154323,-8.0722530467524258],[-34.98578529353464,-8.0723324015175795],[-34.985797220392207,-8.0723984289142283],[-34.985861016467553,-8.0725633266328654],[-34.985879806218811,-8.0726772305248637],[-34.985963609063987,-8.0728651606400277],[-34.985969041688165,-8.072959304938081],[-34.986057661985726,-8.0731158238185561],[-34.986115275362103,-8.0733716151734267],[-34.986174073259981,-8.0735315820599869],[-34.986176721834113,-8.0735807464460585],[-34.986276837236403,-8.0739242154622097],[-34.986370258759813,-8.0743285895340673],[-34.986373785854319,-8.074371528134435],[-34.986354023134858,-8.074398056011475],[-34.986147165123,-8.0744700986784093],[-34.986008891998104,-8.0746071432474515],[-34.985955693798196,-8.0746378906911822],[-34.985927515828095,-8.0746380274720782],[-34.985794442778179,-8.0745445054517511],[-34.985754257086398,-8.0744620950480783],[-34.985742111233051,-8.0743514640462486],[-34.985573182633388,-8.0743330480246733],[-34.985546535173803,-8.0743573691081956],[-34.985471957962467,-8.0743610352468966],[-34.985433773918814,-8.0743496571375104],[-34.985297112916918,-8.0742602801035304],[-34.985254322467227,-8.0742629656751994],[-34.985216575145458,-8.0743407984373992],[-34.98520550553134,-8.0744498895757264],[-34.985217454836487,-8.0745208718547392],[-34.985191230868381,-8.0745821267050921],[-34.985095282899131,-8.0746222419919338],[-34.984967756368697,-8.0746459911849406],[-34.984910225411809,-8.0746931857099504],[-34.984837690952133,-8.0748283515971213],[-34.984801843702989,-8.0749557357188397],[-34.984777148650799,-8.0749905475775776],[-34.984592243429091,-8.0751450913064762],[-34.98450755867092,-8.0751157650380581],[-34.984410971289051,-8.0750253661430396],[-34.984171891215269,-8.0749488788329273],[-34.984090731561494,-8.0749624884328473],[-34.983991119364532,-8.0749315836799234],[-34.983939724154126,-8.0749301794549631],[-34.983885046792807,-8.0749354013911052],[-34.983832143987733,-8.0749653950224971],[-34.983769487943391,-8.0750334340430427],[-34.983728489459999,-8.0751244994029019],[-34.983694364481885,-8.0752650929551812],[-34.983654944325899,-8.0753396259363228],[-34.98357912809368,-8.0754292075617489],[-34.983533189252235,-8.0755269044159785],[-34.983504034933695,-8.075667472967762],[-34.983477796328323,-8.0757254227285937],[-34.983424994703697,-8.0757752411819705],[-34.983296059470781,-8.0758502117910833],[-34.983211657715437,-8.0758787055353913],[-34.983117252588755,-8.0758956852410364],[-34.983009430167336,-8.0758813384937191],[-34.982339001063103,-8.075732595483478],[-34.981704761941181,-8.0756397392941857],[-34.980983911361669,-8.0755019101698426],[-34.980673746834988,-8.0754674497475616],[-34.980617060266496,-8.0754749492112694],[-34.98057077083655,-8.0754999545835471],[-34.980362824147512,-8.0756892996200822],[-34.979899302435577,-8.0758187548039242],[-34.979735348111376,-8.0758509371490081],[-34.979617880124728,-8.075897765763532],[-34.979232941253315,-8.0761656158646264],[-34.979196815908345,-8.0762957016158534],[-34.979109873137126,-8.0767642698531592],[-34.979095871991198,-8.0769526769399302],[-34.979051944112236,-8.0771230551169566],[-34.979050052135996,-8.0773904791422613],[-34.979026581887396,-8.0777014109812129],[-34.978954714394867,-8.077921486929073],[-34.978928392705036,-8.0779629167322593],[-34.978857404397615,-8.078022735488938],[-34.97873491388799,-8.0780596747233737],[-34.978380076914554,-8.0780415660723328],[-34.978236103075758,-8.0780918251222609],[-34.978151808391679,-8.0781434480243863],[-34.977941456541359,-8.078179159468263],[-34.977802117306844,-8.0781600079847902],[-34.977672608851449,-8.0781176810846897],[-34.977437647653844,-8.0782063772164143],[-34.977400511805911,-8.0782512566019697],[-34.977383843561817,-8.078364110561461],[-34.97742190122009,-8.078619434651646],[-34.977431797594114,-8.0788223146528555],[-34.977410578510934,-8.0789966638309583],[-34.977425279454081,-8.0792266632221423],[-34.977375006676453,-8.0793605519670546],[-34.977320262139408,-8.0793964988145817],[-34.977305826391223,-8.0794454712829999],[-34.977270361141173,-8.0794828599400663],[-34.977229656193501,-8.0794898234517483],[-34.977185392234766,-8.0794629708026804],[-34.977134508094281,-8.0794716740652213],[-34.977129275428439,-8.0793493396467255],[-34.977078118621471,-8.0792897320007153],[-34.977043113539366,-8.0792746312638979],[-34.976921248522267,-8.0792935433835318],[-34.976871124111639,-8.0793200487379764],[-34.976840083800738,-8.0793641745098004],[-34.976560090687386,-8.0798834622008737],[-34.976492675210473,-8.079883176975482],[-34.976474296463302,-8.0798071481723408],[-34.9764424694716,-8.0797489187614371],[-34.976409407059272,-8.0797736411190488],[-34.976332130487243,-8.0798876170761833],[-34.976320815051572,-8.0799548575936502],[-34.976336871877294,-8.079980431875752],[-34.976397775726291,-8.0800277772265776],[-34.976402250150258,-8.0800724436859781],[-34.976466395316919,-8.0801502120944289],[-34.976538358149462,-8.0802036115892193],[-34.976572719231527,-8.0802119958017204],[-34.976618914792866,-8.0802594113077433],[-34.976698353454537,-8.0804636366698492],[-34.976668002641617,-8.0805236384295824],[-34.976469164623829,-8.0805930069079217],[-34.976195475722456,-8.0805192040229823],[-34.976142659426749,-8.0804962519233676],[-34.976068794569777,-8.080430031534334],[-34.975991956070828,-8.0803052406229252],[-34.976000165271579,-8.0801799500561984],[-34.975979073999746,-8.0801275259364669],[-34.975938934275071,-8.0800648101640267],[-34.975913154706802,-8.0800576057664344],[-34.9759006046582,-8.0799965882191689],[-34.975877774884218,-8.0799649381017993],[-34.975822368078433,-8.0799132927335577],[-34.975831926078229,-8.0798625502447976],[-34.975817625897626,-8.0798204769995454],[-34.975762204631238,-8.0797317329283054],[-34.97570110972292,-8.0796766046620725],[-34.975671187295021,-8.0795994472820212],[-34.975635080733205,-8.0795856002090236],[-34.975519717411537,-8.0794291896203383],[-34.975418364076354,-8.0792549994958183],[-34.975319299191355,-8.079173634237609],[-34.975228973672678,-8.0791245992197069],[-34.975182348203859,-8.0791144407308177],[-34.974947013743886,-8.079114356089768],[-34.974781017632495,-8.0791322602846307],[-34.974489602209594,-8.079193521760212],[-34.974373176583299,-8.0791965266375545],[-34.97427938460654,-8.0791908718591348],[-34.97420753797774,-8.0791612925532448],[-34.974171842578336,-8.0791303146352753],[-34.974015915436091,-8.0789004224201815],[-34.973962750501272,-8.0786985436405274],[-34.973954984090412,-8.0784174919838421],[-34.973940245155262,-8.0783748620377249],[-34.973888414583762,-8.0783123886053758],[-34.973814387378653,-8.0782796176260536],[-34.973780257470317,-8.0782844227585429],[-34.973716096092993,-8.0783343882549872],[-34.973569762514138,-8.0784094331402905],[-34.973475399632022,-8.0784346689880326],[-34.973194151681781,-8.0783765552348932],[-34.973032078881374,-8.0782831722070974],[-34.972872891442009,-8.0782715495273489],[-34.972768248097232,-8.0782274475234299],[-34.972614079610537,-8.0782257150610484],[-34.97246507896876,-8.0782636040125535],[-34.972348496550474,-8.0783211611191703],[-34.971995466914706,-8.0783302984273639],[-34.971756944251936,-8.0783661408714362],[-34.971730729371671,-8.0783845305661686],[-34.971696830190226,-8.0784520174328929],[-34.971684851765126,-8.0785822334985227],[-34.971693563129996,-8.0787069635704736],[-34.971749147280434,-8.0788395460757254],[-34.971866146006469,-8.0790059443262763],[-34.971912562597296,-8.0791053585938517],[-34.971994464880375,-8.0791998654808648],[-34.97208395845805,-8.0792737617265704],[-34.972312286596356,-8.0793322416910698],[-34.972338097149475,-8.0793529361842893],[-34.972359560038029,-8.0794713333948387],[-34.972315183997885,-8.0795980561255458],[-34.972252847480995,-8.0796656142155143],[-34.972156666334762,-8.0797125183620917],[-34.972089259789094,-8.0797288584452822],[-34.972040183192853,-8.0797896744610949],[-34.971920288257088,-8.0800315710147306],[-34.971856972194132,-8.0802039827529626],[-34.971765879861735,-8.0803007930058417],[-34.971716309108459,-8.0804106217886549],[-34.971587241239639,-8.0805832159201945],[-34.971507516322355,-8.0806532444639316],[-34.971371437775488,-8.0808627524478389],[-34.971371935699949,-8.0809653109167847],[-34.971429701990694,-8.0812264618497061],[-34.971406131702366,-8.0813593012906466],[-34.971363122156198,-8.08149141452032],[-34.971316450422123,-8.0815338154988847],[-34.971226384630221,-8.0815512348179812],[-34.971167218887693,-8.0815604899504603],[-34.971123131137489,-8.0815983365850439],[-34.971028052879824,-8.0817279209746058],[-34.970930760147262,-8.081803656376815],[-34.970900357937211,-8.0818446824948555],[-34.970883055731072,-8.0819018665391731],[-34.970910666760403,-8.082043960619524],[-34.971014592893816,-8.0821555597610537],[-34.971145432857796,-8.0822347921160489],[-34.9712539482883,-8.0823215668592336],[-34.971295281535809,-8.0823900885801425],[-34.971321915122886,-8.0825014031311824],[-34.971407297406337,-8.0831063171839226],[-34.971428789715688,-8.0831786185067571],[-34.971453804367236,-8.0834167786184636],[-34.971434432452355,-8.0835584365649211],[-34.971333490182843,-8.0837610031305047],[-34.971327680054976,-8.0837923694989122],[-34.971379762140401,-8.0839109897040888],[-34.9713807138627,-8.0839958151490858],[-34.971448915854843,-8.0840846392605421],[-34.971532519444544,-8.0841074696037794],[-34.971691642537024,-8.0842607103957445],[-34.971821377689523,-8.0844635697698166],[-34.971928173224747,-8.0847624541351717],[-34.972031603558705,-8.0849045247183131],[-34.972172780689725,-8.0850528940893955],[-34.972304356716066,-8.0850989197971028],[-34.972356608997273,-8.0851466238426486],[-34.972520871754639,-8.0852287804907501],[-34.972700907684484,-8.0853445605541268],[-34.972862526724043,-8.0854176569151317],[-34.972930303357778,-8.085430437230773],[-34.97293818132173,-8.0854639505745567],[-34.973037409209688,-8.0855438300256228],[-34.973270714099229,-8.0856489823654289],[-34.97340923272882,-8.0857857010466834],[-34.973554627226825,-8.085998854062451],[-34.973666543041915,-8.0862808625552933],[-34.973684029497733,-8.0864000172878487],[-34.973672766514575,-8.0864908004272102],[-34.973643202577705,-8.0865622262352126],[-34.97344564434583,-8.0868548026149281],[-34.973345278689621,-8.0870756246694508],[-34.973321073575796,-8.0871794278412121],[-34.973319292399623,-8.0873479291956532],[-34.973297542957724,-8.0874219118300683],[-34.973225073893985,-8.0874961403754977],[-34.972999304491246,-8.087603509933901],[-34.972899255127267,-8.0876221380141455],[-34.972565897893553,-8.0878026091118773],[-34.972393184697694,-8.0878552867279865],[-34.972341587308129,-8.0879423764183773],[-34.972186232406344,-8.0880882881013001],[-34.97184634166765,-8.0882623083975034],[-34.971657813281162,-8.0882657054925264],[-34.971559445060002,-8.0881201888043819],[-34.971453914446641,-8.0877887848467029],[-34.971374470777292,-8.0876731228541985],[-34.971202621915303,-8.087607820284104],[-34.970875031350623,-8.0875528753499637],[-34.970764742108628,-8.0875474010572113],[-34.970652906756591,-8.0875125304770634],[-34.970328317030507,-8.0875037269752035],[-34.970299050609754,-8.0875175705900588],[-34.970285411664399,-8.0875404749992388],[-34.970295881896675,-8.0876199035934402],[-34.970283023778407,-8.0878035885790958],[-34.970314231278806,-8.0880007670753233],[-34.970277197418973,-8.0881142257545733],[-34.970250785152736,-8.088149067178465],[-34.970214198971973,-8.0881656871389254],[-34.969763730918835,-8.0880874675544785],[-34.969640152359332,-8.0881227793226778],[-34.969621053502124,-8.0881539313436441],[-34.969704875799962,-8.0883854726252675],[-34.969798129759788,-8.0885641763669671],[-34.96980686338869,-8.0886637091492268],[-34.96978507186499,-8.0887067522785756],[-34.969749472763553,-8.0887379847903134],[-34.969529214593408,-8.0888742526239135],[-34.969439600342206,-8.0889194498553323],[-34.969408434906477,-8.0889196001368422],[-34.969312913113484,-8.0889789360097542],[-34.969437899750282,-8.0890919560478292],[-34.969412476832971,-8.0891239540074888],[-34.96949155557553,-8.0893546638659473],[-34.965658496633885,-8.0922124038175038],[-34.965841201469459,-8.0922691600531653],[-34.966222214765381,-8.0924593416492314],[-34.966036054447549,-8.092788695466016],[-34.965813277527189,-8.0932232529565891],[-34.965819246509575,-8.0932335446937156],[-34.965739864241044,-8.0933386117014123],[-34.965592103962017,-8.0936828662224993],[-34.965495293642512,-8.0938687720309339],[-34.96607501461903,-8.0941110743185032],[-34.966251300796827,-8.0941574067925259],[-34.966208990339467,-8.0942799882088785],[-34.965913584772174,-8.0946868805725014],[-34.965857636782772,-8.0947431786270503],[-34.965524768428729,-8.0944708270486583],[-34.963705684621829,-8.0933646217454562],[-34.963536569270779,-8.0935762785713372],[-34.963481937164822,-8.0935986577471013],[-34.963183209230401,-8.0938129313362577],[-34.963133760749685,-8.0938688994867238],[-34.9631443916103,-8.0939730658566678],[-34.963184056612675,-8.0940401734764116],[-34.963188620474405,-8.0941387079356097],[-34.963220146984867,-8.0942354845339377],[-34.963413286071315,-8.0945734214265919],[-34.963552861574328,-8.0947142011311932],[-34.963666541519721,-8.0947788859417784],[-34.96392507191625,-8.0946725458098996],[-34.964309586846355,-8.094631880534056],[-34.964462406940527,-8.0946970484213949],[-34.964696017653068,-8.0948633733055484],[-34.964667933946927,-8.0949166351443864],[-34.964653542725252,-8.0949176952463748],[-34.964528557197987,-8.0952113034864706],[-34.964412478817138,-8.0952003936197432],[-34.964378486488087,-8.0952112836398342],[-34.964235097153527,-8.0954136699553025],[-34.964196354551135,-8.0954952261177144],[-34.964191243047054,-8.095554429910413],[-34.964073893811829,-8.0957069769573895],[-34.963841011275058,-8.0958304917530093],[-34.963779711920594,-8.0958529781542783],[-34.963746345860621,-8.0958345607456241],[-34.963403552148399,-8.0961102583765356],[-34.963386920007288,-8.0961103384011217],[-34.963166661779297,-8.0958503291292061],[-34.963100157541518,-8.0957541565684696],[-34.963081731925129,-8.095704405592528],[-34.962538817466061,-8.0958588745181448],[-34.962202266879942,-8.0959129831950047],[-34.961888785958031,-8.0955788308391607],[-34.96163231285599,-8.0952816993189138],[-34.961550932729899,-8.0951620865612917],[-34.960917368941608,-8.095717499097816],[-34.960998930220363,-8.0957924344212078],[-34.961072930003908,-8.0959075833595655],[-34.961312480879805,-8.0963227076380981],[-34.961346151782458,-8.0964037420467321],[-34.961354110612675,-8.0966255648633538],[-34.961331606805125,-8.0969550333607838],[-34.961685659047511,-8.0968435439687774],[-34.96194018717344,-8.096796575853169],[-34.962114676096029,-8.0968094601291618],[-34.962210092508947,-8.0968444531530022],[-34.962127845653072,-8.0971593428327697],[-34.962213691967079,-8.0975877840855546],[-34.962215216062766,-8.097665542132658],[-34.962205270512001,-8.09774449895089],[-34.96202195207772,-8.0982783039873336],[-34.962004144361664,-8.098629478369789],[-34.962014737881582,-8.0986843206315537],[-34.962225675856914,-8.0991144482429203],[-34.962264203261448,-8.099250352309264],[-34.962365820731236,-8.0998548340620875],[-34.962385067529098,-8.1000377196893325],[-34.962387178351861,-8.1004734251783646],[-34.962407317918569,-8.100603700517178],[-34.962387127836202,-8.1006998607543697],[-34.962369392868695,-8.1010659016236541],[-34.962250924116368,-8.1017206173957828],[-34.962193246910523,-8.1018958679004811],[-34.962081631067548,-8.1020702334331851],[-34.961878377897015,-8.1022793490167828],[-34.96170582073654,-8.1024288492228749],[-34.961651298684217,-8.1025446159925973],[-34.961654158805985,-8.1026612503112929],[-34.961822600454433,-8.1033203038129571],[-34.961920768843413,-8.1035853492831738],[-34.962029887296019,-8.1038072383622595],[-34.962122456311441,-8.1038643638161645],[-34.962372195084797,-8.1039761132086952],[-34.962407747395964,-8.1039228813755724],[-34.962439241780928,-8.1039072336602498],[-34.962763262578974,-8.1038735208155952],[-34.962785789443878,-8.1041093345820805],[-34.962800685478619,-8.1045781438567559],[-34.962822582952292,-8.1045974797541103],[-34.962824534443982,-8.1047632934794418],[-34.962854033340477,-8.1049301190692873],[-34.962878481556359,-8.1054755031097852],[-34.962906050606648,-8.1057178160706371],[-34.962887291448141,-8.1061090211250768],[-34.962843921527373,-8.1063086290590398],[-34.963291099236265,-8.1064988995785896],[-34.963297879515238,-8.1065254754498959],[-34.963299748554086,-8.1065578852280176],[-34.963211204742258,-8.1066589835591749],[-34.962913015103609,-8.1069573148464986],[-34.962848399357533,-8.1070497655805447],[-34.962811137244607,-8.1071335540668592],[-34.962791493178919,-8.1073196345380651],[-34.962844183247334,-8.1079455904319424],[-34.962809088975831,-8.108123213924193],[-34.962653347550514,-8.1084908180645865],[-34.962573430243658,-8.1086055239940844],[-34.962505282150204,-8.1086758102908405],[-34.962172359285475,-8.1088736378268464],[-34.962042714192101,-8.1089732271908801],[-34.961943904357142,-8.1090760807895634],[-34.96189483035171,-8.1091957576990801],[-34.961816827698534,-8.109626079344622],[-34.96177327113876,-8.109675421745802],[-34.961293724868021,-8.1098864513780846],[-34.961163653183689,-8.1099587858800195],[-34.96085945974999,-8.110161288428742],[-34.960595819156033,-8.1103796016531522],[-34.960446517092976,-8.1104609920871713],[-34.960262304399429,-8.1104977327488985],[-34.959731154640892,-8.1105342214376517],[-34.959478258846033,-8.110583456030108],[-34.959225548095297,-8.1106711058390495],[-34.956899957070497,-8.1117687901970044],[-34.956684641639718,-8.111902580289625],[-34.956539347214893,-8.1120620703124686],[-34.956448160865726,-8.111981681675271],[-34.956165699901071,-8.1118330100880627],[-34.95554277500915,-8.1114311698900696],[-34.954576944472173,-8.1107489843652161],[-34.954283038876198,-8.1114184634022219],[-34.954064512095464,-8.1113224402997464],[-34.954006889480517,-8.1113094797452447],[-34.953942104887496,-8.1114178931653669],[-34.953891374035116,-8.111456744544661],[-34.953066427395541,-8.1112001359927106],[-34.95281284397948,-8.1111353856049142],[-34.952713153610617,-8.1110893975315914],[-34.952354747543737,-8.1108323232831303],[-34.952200459594422,-8.1107681714246951],[-34.947801799467072,-8.1099309046370962],[-34.947761571287373,-8.1099784020492933],[-34.947660174992123,-8.1099815745449568],[-34.947214202465155,-8.1096500258678965],[-34.947031309311875,-8.1095451980337003],[-34.946788587244441,-8.1094376997529487],[-34.946848912987136,-8.1093113296376345],[-34.947325605483073,-8.1083761008230635],[-34.948286540756705,-8.10671763438204],[-34.948591016785244,-8.1061198886741845],[-34.948684428531834,-8.1058062817719172],[-34.948725602157531,-8.1055190225958818],[-34.948721324140166,-8.1053102692123353],[-34.948683495027517,-8.1049320502391105],[-34.948356828056433,-8.1037103362877492],[-34.948273252683606,-8.103348644720004],[-34.948271808731945,-8.1030485411018915],[-34.948309974849572,-8.1028167513481293],[-34.94840683867622,-8.102539014176168],[-34.948562857794627,-8.1022374945813738],[-34.948796664801911,-8.1018481902076243],[-34.949251544094238,-8.1011446707163159],[-34.949643871079914,-8.1004256600344444],[-34.94982187430471,-8.1000171961504908],[-34.949934599148776,-8.0996349940271362],[-34.950049717538114,-8.0990701056038485],[-34.95008330845728,-8.0985675873269471],[-34.950064649666658,-8.0980914131505468],[-34.949977268545894,-8.0976188328199452],[-34.949834008653625,-8.0970975862167158],[-34.949651847936856,-8.0966548156252234],[-34.949483359123107,-8.0963326749691458],[-34.948420530688097,-8.0947407709256005],[-34.94838371659106,-8.0948075612751325],[-34.947939862077597,-8.0951760617052351],[-34.947666313126973,-8.0954364234511331],[-34.947114803351738,-8.0958128394061291],[-34.946873907802249,-8.0959139093611263],[-34.946658776781163,-8.0959667483664113],[-34.946116948443539,-8.0960396467435132],[-34.945345772546197,-8.0962986809352824],[-34.945130783038927,-8.0963811251956876],[-34.945014645711751,-8.0964451130717343],[-34.944779903603475,-8.0967787848623054],[-34.94442625219861,-8.0972155929061955],[-34.944230915358318,-8.0974152207747263],[-34.944129013996267,-8.0975399794561849],[-34.943983283393464,-8.0977436398042446],[-34.943929193712371,-8.0978872939767115],[-34.943497953953255,-8.0983708643627033],[-34.943324126201219,-8.0986057423522695],[-34.943028563133836,-8.099087799212791],[-34.942922731217749,-8.0992182367354992],[-34.942703701223117,-8.0994398080636429],[-34.942522864375455,-8.0995904176781117]],[[-34.946722762051984,-8.089431290153577],[-34.946723089538651,-8.089423920611809],[-34.946722910578202,-8.0894276479454206],[-34.946722762051984,-8.089431290153577]]]},"properties":{"cdistscodi":5}},{"type":"Feature","geometry":{"type":"Polygon","coordinates":[[[-34.882667739520635,-8.100412799020015],[-34.882565096619238,-8.1004186873205253],[-34.882255369029579,-8.0998653059997086],[-34.881556367553252,-8.0981658309181501],[-34.879412683938668,-8.0912692494809413],[-34.879557712142486,-8.0911688979622305],[-34.879412596190143,-8.0912501195321269],[-34.878095974906309,-8.0888264780066184],[-34.878098310831511,-8.0887737583985828],[-34.877358282386062,-8.0867120209204337],[-34.875921705135816,-8.0829369050768705],[-34.873549326101212,-8.0769216306327163],[-34.869723475131408,-8.0682773328553967],[-34.870701328217876,-8.0679500235706296],[-34.872268574505789,-8.0675345510511072],[-34.872275346144235,-8.0675516787273089],[-34.874475669493513,-8.0731555948925102],[-34.885346983571374,-8.0789794172501637],[-34.887291211869361,-8.0800141338117015],[-34.88788838644026,-8.0809515203640903],[-34.888405229011674,-8.0817573825372122],[-34.889270669559643,-8.0826068878004467],[-34.890697815425867,-8.0839577067997066],[-34.891391986377812,-8.0835828167249897],[-34.892534824022583,-8.0830455858575512],[-34.892900540689666,-8.0828559948690444],[-34.893729576785574,-8.0826543386923522],[-34.89448712556009,-8.0825880059275335],[-34.895251712936307,-8.0825935012519921],[-34.900776011431923,-8.0831402648391215],[-34.901497973045188,-8.0837286738771379],[-34.901717944882044,-8.0838759431472411],[-34.902031462858396,-8.0841203242183592],[-34.902974913536518,-8.0844626164648616],[-34.904097640650946,-8.0843389654222868],[-34.904386280782688,-8.0842868144809543],[-34.90491242010885,-8.0841488785981728],[-34.905184145195577,-8.0841137419020175],[-34.90586313991102,-8.0839581590923295],[-34.906457089938833,-8.0837860333928226],[-34.906842745449019,-8.0837156651803035],[-34.908272201240464,-8.0833137143927534],[-34.909161360837324,-8.0831741716344112],[-34.909645166731472,-8.0833361286724905],[-34.909964542449067,-8.0834957073649552],[-34.910328402659651,-8.0838067185545377],[-34.910343683486538,-8.0838523892300813],[-34.910816204700815,-8.0845641169883233],[-34.911531376936935,-8.0857489395990534],[-34.911747362498033,-8.0862619984103983],[-34.912685390411617,-8.0876813249345894],[-34.913283612951268,-8.0882709149479872],[-34.913338086028887,-8.0882746222976571],[-34.913904243334045,-8.0886159868786667],[-34.914145814832999,-8.0887074372713901],[-34.914912617895524,-8.0888277954148791],[-34.916415605260092,-8.0887879827754485],[-34.916675082282524,-8.0887924119750974],[-34.91730187652621,-8.0888031160270213],[-34.917975720300284,-8.0888990491610624],[-34.918153270316743,-8.0890947438425957],[-34.918741077337565,-8.0894791225365914],[-34.919139003520485,-8.090087487593367],[-34.919416034381385,-8.091470221191047],[-34.919228074444206,-8.0928447518407509],[-34.919785776090912,-8.0946901782075251],[-34.919932911898563,-8.0949896974030295],[-34.919902170003603,-8.0954290797146182],[-34.919824321779288,-8.0958219581895925],[-34.919905600825203,-8.0961533397105736],[-34.920651635548168,-8.0968047128672342],[-34.921326419058971,-8.0971515355017587],[-34.921778617250212,-8.0975693052752238],[-34.922119690538246,-8.0980130878255441],[-34.922399241957557,-8.0986482516516567],[-34.922922970425383,-8.0994003748288801],[-34.923472474936951,-8.1000342673253947],[-34.923539164984433,-8.100186129334169],[-34.92375057304799,-8.1003621911587178],[-34.9238236521076,-8.1004996411912362],[-34.924095253835198,-8.10084612757122],[-34.924801248870168,-8.1015302380064913],[-34.924984464796438,-8.1018064867068222],[-34.925026361271769,-8.1019847905495279],[-34.925121026053958,-8.1021118265932426],[-34.925343860846617,-8.1022907506329815],[-34.925637699551721,-8.1023681019822096],[-34.925810874448068,-8.1023897816040815],[-34.926160613537995,-8.1023543839677501],[-34.92642019838312,-8.1023494085697845],[-34.9268788673998,-8.1022760008693364],[-34.927162110472992,-8.1022746623383863],[-34.927823758598372,-8.1023868923407107],[-34.927820023288412,-8.1024271965420382],[-34.927740061034449,-8.1030861956376832],[-34.92706452018723,-8.1078197872791034],[-34.926554881795809,-8.111289609251676],[-34.92632602122648,-8.1128225626760369],[-34.926212544735904,-8.1132143948906581],[-34.926073969683941,-8.1134889586245524],[-34.92588886906951,-8.1137857507465689],[-34.925310471586727,-8.1145005842658779],[-34.92369512526146,-8.1163292704619714],[-34.922095791653796,-8.118194390018175],[-34.921104925324002,-8.1192735439772186],[-34.920918380065515,-8.1193918988915428],[-34.919385143459948,-8.1203093778191668],[-34.919222840689095,-8.1204563479269183],[-34.919016021652347,-8.1206725592473372],[-34.918497499221573,-8.121328844219553],[-34.918237946225481,-8.1215940373607172],[-34.917807299802419,-8.1219041605800371],[-34.917418667279122,-8.1221445053491834],[-34.916985304003965,-8.1223219120019703],[-34.916565039465148,-8.1224382604763168],[-34.914521588629988,-8.1228025618431055],[-34.914515770075091,-8.1228365322352865],[-34.915589709708549,-8.1288303405656013],[-34.91710060582836,-8.1379120739408108],[-34.917760023733528,-8.1420055931860116],[-34.917951095104286,-8.1431966193774912],[-34.916909385060265,-8.1437616141265838],[-34.916618155411868,-8.1438947629700991],[-34.915881825743838,-8.1442895178473975],[-34.915711814601558,-8.1443548352822699],[-34.915953165342906,-8.1452614644420116],[-34.915947243254266,-8.1452774318989416],[-34.914983206796563,-8.1456761678015575],[-34.915285954613751,-8.1464201139285013],[-34.914284744650679,-8.1467865234538355],[-34.914582034978253,-8.1476548260123103],[-34.913745520615564,-8.1479388080681829],[-34.914023443173264,-8.1487532480952787],[-34.91157020503983,-8.149702327330866],[-34.91245904645465,-8.1520688131443446],[-34.914400345666309,-8.1531383214525253],[-34.915322490684609,-8.1536682182776712],[-34.915313423499356,-8.1537132824299725],[-34.913953277272903,-8.1539845266661484],[-34.913455537962108,-8.1540485304459942],[-34.912165500459786,-8.1543515866068095],[-34.911946030324067,-8.1533348815177682],[-34.911175606298578,-8.1536318663327538],[-34.911487241411017,-8.1545220895158526],[-34.907897484963648,-8.1553402278969696],[-34.905150337463482,-8.1486473495829639],[-34.902886531144055,-8.1437381142380723],[-34.901420116257533,-8.1401428405812304],[-34.897701551519276,-8.1316209427035275],[-34.896084166486148,-8.1278249322792426],[-34.895558366898115,-8.1265269218853824],[-34.894943147717399,-8.1246308862752006],[-34.894091218087802,-8.122741699540093],[-34.892443692273538,-8.1198895001885134],[-34.891599876924978,-8.1184951362109867],[-34.890037148486485,-8.115245477726468],[-34.888760662221934,-8.1126965007355345],[-34.8869137120301,-8.1091604225484666],[-34.885069867342224,-8.1050431284579112],[-34.88354097583791,-8.1028347913958623],[-34.883301216180122,-8.1021856629617233],[-34.883008500743543,-8.101323869073239],[-34.882667739520635,-8.100412799020015]]]},"properties":{"cdistscodi":6}},{"type":"Feature","geometry":{"type":"Polygon","coordinates":[[[-34.898958517894464,-8.0263830809210734],[-34.898953220273995,-8.0262646066249967],[-34.899074247269645,-8.0262415864405661],[-34.899657272769652,-8.0249737173052953],[-34.899758388646873,-8.0247822569900187],[-34.900344064709031,-8.0234806156349716],[-34.900620649721276,-8.0229032852121822],[-34.900720973981507,-8.0227907025494343],[-34.900927844893566,-8.0226817595620705],[-34.901857123039996,-8.0223542295188484],[-34.902082742017527,-8.0222448586325577],[-34.902317220816741,-8.0221564139559192],[-34.902300968368515,-8.0221233240636973],[-34.904389111330303,-8.0213264775728614],[-34.904647273821531,-8.0212581499511906],[-34.904905315864262,-8.0211374860836369],[-34.905920894691882,-8.020742412890753],[-34.906618948986548,-8.020541413564322],[-34.90717355659806,-8.0204172824734705],[-34.907680659506369,-8.0202552669494089],[-34.907952917586854,-8.0200870810653502],[-34.908116367803963,-8.0200064908800144],[-34.908218042269375,-8.0199351335428108],[-34.907905941516631,-8.0195181861232676],[-34.908345197853912,-8.0192407779834785],[-34.908569588171325,-8.019116406077849],[-34.908701478319678,-8.0190569291786709],[-34.908965928098525,-8.0189825563322525],[-34.908988056109173,-8.0188100614096296],[-34.909101975298348,-8.01862373915713],[-34.909250606239681,-8.0185910109777421],[-34.909575445459993,-8.0185879691908646],[-34.909878535033663,-8.0185435945378014],[-34.910117332899482,-8.0185777839043606],[-34.910200677246607,-8.0186219019830585],[-34.910347524506101,-8.018631654821526],[-34.910667121177624,-8.0184984678647417],[-34.910640773353208,-8.0183540377363656],[-34.910423894110529,-8.0182331643952196],[-34.910307527512728,-8.0180533505820435],[-34.910279258731983,-8.0179644734435023],[-34.910182302403861,-8.017376985733458],[-34.910218878173993,-8.0169636261979065],[-34.910193910657753,-8.0165285017735517],[-34.910212965360088,-8.0163985783728116],[-34.910357323031057,-8.0159095937917186],[-34.910392612504801,-8.015746931144518],[-34.910371149067032,-8.0155363529123047],[-34.910335393476657,-8.0154230119972496],[-34.909896444687284,-8.0147035882450162],[-34.909881681028935,-8.0146291921552297],[-34.909942572322187,-8.0145501312355005],[-34.910251689663646,-8.0139878524742922],[-34.910284577423326,-8.0138551184138453],[-34.910274667347771,-8.0134284648565526],[-34.910203914407411,-8.0132669636088991],[-34.910191262658742,-8.0132021770276403],[-34.910188942926737,-8.0126684573973872],[-34.910229978705146,-8.0126074008267825],[-34.910242902625086,-8.0124987496579791],[-34.910977515668172,-8.0130297349006234],[-34.911013811061274,-8.0130424649681977],[-34.911204024212346,-8.0130377136455042],[-34.911555688138641,-8.0128887099551847],[-34.912112892047865,-8.0125477240756062],[-34.912763465632864,-8.0121174382392422],[-34.912684767161736,-8.0120379426089272],[-34.912565348937953,-8.0119650972410419],[-34.912262512054426,-8.0118761197667574],[-34.912029009924744,-8.0118483910904104],[-34.911884559750746,-8.0118091175084754],[-34.911475968213153,-8.011606362880892],[-34.911133485372787,-8.0114858553752146],[-34.910619149438688,-8.0112530378149209],[-34.910341862450416,-8.011227159096352],[-34.910359301082742,-8.0111902158062218],[-34.910343205169184,-8.011058814423798],[-34.910354266425685,-8.0110138183124455],[-34.910421796684787,-8.010910905394395],[-34.910509901183197,-8.0098859697661986],[-34.910578182602222,-8.0095077184548895],[-34.9106401537084,-8.0087561134332468],[-34.910701042332015,-8.0084249459295158],[-34.910736149791795,-8.0081166686434226],[-34.910752734894075,-8.008081679400112],[-34.91103218397663,-8.0079255693230831],[-34.911112487749207,-8.007840198554657],[-34.911262107595121,-8.0075981724122975],[-34.911091653876483,-8.0076171755744596],[-34.910871148347148,-8.0076789099015286],[-34.910848240791559,-8.0073375087320589],[-34.910757013467155,-8.0070203881639674],[-34.910526112224822,-8.0065042002907791],[-34.910453993573029,-8.0063861465096036],[-34.91073219819404,-8.0064060837407656],[-34.910811368212734,-8.0063954459132809],[-34.910931208306096,-8.0063679866298099],[-34.911143765421485,-8.0062609430002603],[-34.911425909135126,-8.0062784096933406],[-34.911532067914216,-8.0063064827375019],[-34.911661756724747,-8.0063760681946814],[-34.911773425702648,-8.0063563709017664],[-34.911998691660436,-8.0062661921365148],[-34.912047927694395,-8.0062664114488644],[-34.91212636961825,-8.0062910335909301],[-34.912190808840847,-8.0062880579588267],[-34.912237286799567,-8.0062731197765853],[-34.912283181478728,-8.0062256957181983],[-34.91245458331295,-8.0061256643725685],[-34.912706588565065,-8.0059385592067915],[-34.91283718110013,-8.0058210614206082],[-34.912888252001451,-8.0058306400833104],[-34.91295040604637,-8.0058178585828319],[-34.913007157635903,-8.0057979672256767],[-34.913061108291977,-8.0057535461356615],[-34.913273675285645,-8.0055540236243381],[-34.913307070896821,-8.005466590107476],[-34.913264948352008,-8.005410402394423],[-34.913269736837194,-8.0053813795210935],[-34.913440518106555,-8.0053395428639487],[-34.913836397888382,-8.0053090784973513],[-34.913986271605374,-8.005323586942767],[-34.914044698071599,-8.0052782165218428],[-34.914078942381266,-8.005225740213989],[-34.91412363114663,-8.0051007680600001],[-34.913994278395222,-8.0047658707476987],[-34.914052951709778,-8.0046820826867702],[-34.914141204055397,-8.0046251257174585],[-34.914536161626636,-8.0044849602642607],[-34.914739812227033,-8.0043622556158383],[-34.914861474519128,-8.0043459268353363],[-34.914951269686163,-8.0042812635454812],[-34.91505421485703,-8.0042527009619064],[-34.915114681032861,-8.0041770871983626],[-34.915119217895466,-8.0041311151644869],[-34.915078046620437,-8.0040222812707604],[-34.915101830436278,-8.0039773273926578],[-34.915148169344434,-8.0039457204366862],[-34.91520121715071,-8.0038529674603112],[-34.915340236134845,-8.0037920445141602],[-34.915373752282889,-8.0037336354436039],[-34.915403408346215,-8.0037183212340217],[-34.91546617030761,-8.003712101047455],[-34.915507161995258,-8.0037512277033809],[-34.915767677702242,-8.0038597195141232],[-34.915947681575972,-8.0038708409703805],[-34.916006067268604,-8.0038496425646048],[-34.916040381066658,-8.0038121145821748],[-34.916101269972252,-8.0036104213649555],[-34.916077659361157,-8.00346746438459],[-34.916083849482682,-8.0034218725335524],[-34.916135519245088,-8.003312409720996],[-34.916332758743415,-8.0030617203946992],[-34.916499828864936,-8.0027765002098974],[-34.916603503121664,-8.0026987419471372],[-34.91664029794304,-8.0026887077172493],[-34.916865141942921,-8.0025272488123758],[-34.917213840769072,-8.0023761509871409],[-34.917288768717775,-8.0023653392711687],[-34.917362365203502,-8.0023904070357332],[-34.917434598687436,-8.002445380360852],[-34.917502214289918,-8.0024734665285209],[-34.91762219217145,-8.0024758988383855],[-34.917653567535034,-8.0024518360171459],[-34.917681780426413,-8.0023919145871485],[-34.917841471836041,-8.0022282392675681],[-34.91791594443248,-8.0021202688000059],[-34.918126940887994,-8.0020251163754583],[-34.918490321759002,-8.0018081778350698],[-34.91884646509768,-8.0016465797560059],[-34.918876287927837,-8.0016105678368863],[-34.918971604218349,-8.0015825380945369],[-34.919025540259057,-8.0015447641468995],[-34.919052080248271,-8.0014880915300886],[-34.91914171918733,-8.0014159237053182],[-34.919197139115532,-8.0014022144611054],[-34.919365115761011,-8.0014074110934299],[-34.919428047311307,-8.0013966539199259],[-34.919528221411063,-8.001333408974693],[-34.919738713209767,-8.0011306339444008],[-34.919888443277159,-8.0010821044539764],[-34.920087317598224,-8.0010537094632515],[-34.920395778089379,-8.0008227852151776],[-34.920473665794766,-8.0007879418797003],[-34.920572630507785,-8.0007192590100065],[-34.920867590659206,-8.0006222186214444],[-34.921148984520514,-8.0005102952124894],[-34.921475461492193,-8.0001000858481035],[-34.921555609586754,-8.0000274049330375],[-34.921654231733363,-7.9999867422045403],[-34.921664108536767,-7.9999428093917899],[-34.921648689473358,-7.9998798977964496],[-34.921538590612478,-7.9996140198918591],[-34.921539885083035,-7.9995364271643874],[-34.921565867248994,-7.9995123702628828],[-34.921298302899494,-7.9992852834249515],[-34.921175671278547,-7.9992122985579952],[-34.921589074624769,-7.9988139846452313],[-34.921587356324366,-7.9987869539199012],[-34.921500326675798,-7.9986952647196876],[-34.921588868601113,-7.9986201137718647],[-34.921729657352401,-7.9984034471366412],[-34.921921868275909,-7.9978595623433257],[-34.922245019195877,-7.9970331460411845],[-34.922320529767866,-7.9968021590932006],[-34.922504028924536,-7.9961205348148798],[-34.922696123426867,-7.9955708890447816],[-34.922814922043983,-7.9953842383700273],[-34.922954778939591,-7.9952498737582021],[-34.922999074371063,-7.9951829676242943],[-34.923166622718604,-7.9948433929003997],[-34.923196358954762,-7.9947191881568687],[-34.923203829508346,-7.9946109931459493],[-34.92319204883313,-7.994480621599096],[-34.923034295191933,-7.9938451200668847],[-34.923040348467069,-7.9937751074985757],[-34.923308421020465,-7.9930946790873501],[-34.923384407622208,-7.9929654901475331],[-34.923659190435792,-7.9927049023890504],[-34.922893487649262,-7.9919361281994536],[-34.922845678886766,-7.9918730590254663],[-34.922739406431006,-7.9917960545091455],[-34.922574107225905,-7.9916261030154123],[-34.922127235120982,-7.9912395665012772],[-34.921137889390636,-7.9902602704243257],[-34.920451309515954,-7.9896928898628126],[-34.92034783357699,-7.9896363367961474],[-34.920217199197879,-7.9894918133147579],[-34.920050097837382,-7.9893540199458659],[-34.919936683646171,-7.9892729684581276],[-34.919685987903506,-7.989152829859095],[-34.919024165956493,-7.9887272882110869],[-34.918947144722715,-7.988528238837449],[-34.91880277587746,-7.9882559771092687],[-34.918813664223741,-7.9882382539121686],[-34.919005392392393,-7.9882777992427458],[-34.919069588960646,-7.9882718852116676],[-34.91910839242675,-7.9882428699445791],[-34.91916067513796,-7.988170078761935],[-34.919345903868376,-7.9877828487470461],[-34.919352338656665,-7.9877131823830645],[-34.919319068394188,-7.9876530809083999],[-34.918837075274084,-7.9873608233776405],[-34.918758045267104,-7.9873263718641541],[-34.918522259797882,-7.9872623226287489],[-34.918352037370212,-7.9872294224085092],[-34.917280167354633,-7.9871535224818029],[-34.916708665569239,-7.9872162499287844],[-34.916738405695455,-7.9871202385686209],[-34.916811319645511,-7.9870095484570243],[-34.916825172296512,-7.9867593888224109],[-34.916771544918078,-7.9867113928221887],[-34.916616744795576,-7.9866788388953625],[-34.916544448693692,-7.9866836102285665],[-34.916447504596036,-7.9866513413692468],[-34.916413993205815,-7.9866226614811549],[-34.916323340326478,-7.9865082922866177],[-34.916298538888675,-7.9864385364485306],[-34.91619004136593,-7.9863148231969081],[-34.91618305883155,-7.9861296403629449],[-34.916158376416966,-7.9859661675189635],[-34.916200894138328,-7.985898317414474],[-34.916186009348714,-7.9858079969138256],[-34.916205885673278,-7.9857757417506496],[-34.916287350926289,-7.9857093746649692],[-34.916328349874277,-7.9855544690970159],[-34.916392572859472,-7.9854887369939611],[-34.916397985838955,-7.9854565488467975],[-34.916442722946471,-7.9853875791640538],[-34.916493310929035,-7.9853801357232177],[-34.916525949881645,-7.9853411665818674],[-34.916597028634364,-7.9853142196818556],[-34.916667704926965,-7.9853199918897673],[-34.916684897085823,-7.9853088220358712],[-34.916741089286596,-7.9851910004678857],[-34.916726031179515,-7.985063527303728],[-34.916667203112631,-7.9849739646699947],[-34.916626127887483,-7.9849436753235015],[-34.916377695129718,-7.9849226253178189],[-34.916311761235278,-7.9849794937233289],[-34.916282820028322,-7.9849763008487722],[-34.916248077109728,-7.9849221174772644],[-34.9162328277801,-7.984872834234876],[-34.916246626560408,-7.9848494797450229],[-34.916329805990934,-7.9847930865482217],[-34.916329451784982,-7.9847171167751796],[-34.916322521019922,-7.984662249451917],[-34.916283333132249,-7.9846091959609353],[-34.916224565717464,-7.9844131628411459],[-34.916229779784125,-7.9842190518824863],[-34.916051130885592,-7.9842015793353314],[-34.915846108549609,-7.9841354300523815],[-34.915796993871417,-7.9841007225834035],[-34.915727148799554,-7.9839593797055688],[-34.915657803361903,-7.983626901205235],[-34.915559801681468,-7.9833276044234784],[-34.915277312395268,-7.9830689036118372],[-34.915132297824655,-7.9829733315834384],[-34.915027394657905,-7.9829383334592388],[-34.914639743961615,-7.9826895247433871],[-34.914382279507109,-7.982565833717465],[-34.914371483770466,-7.9825436788690389],[-34.91444707626674,-7.9822986432209362],[-34.91455796055228,-7.9820175871495662],[-34.914483423754902,-7.9817094651262295],[-34.914474630638232,-7.9815381334889972],[-34.914420596435633,-7.9811900164375018],[-34.9142358059419,-7.9804126616498428],[-34.914160221270606,-7.9800210816426906],[-34.910929464951515,-7.9546498949362325],[-34.910813195045712,-7.9540556530434801],[-34.911095673110346,-7.9546418511595105],[-34.91081395205677,-7.9540548232389598],[-34.910512339410431,-7.9517298847862952],[-34.909490548215842,-7.9443536445968634],[-34.909468210837915,-7.944338894220083],[-34.909578902064951,-7.9442443197939836],[-34.909621307604993,-7.9441786024052856],[-34.90963141994024,-7.9440754484118559],[-34.909595076578363,-7.9439324041281809],[-34.909602230017612,-7.9438724349461998],[-34.909766904994697,-7.9437142850245959],[-34.909790907498504,-7.9436480554947311],[-34.909795827040732,-7.9435528956570982],[-34.909827296586954,-7.9434617870391238],[-34.909904579963509,-7.9433980647191023],[-34.909977539255003,-7.9433099577569717],[-34.910080126633986,-7.9432826671417915],[-34.910150821427656,-7.9432335803342804],[-34.910209456870334,-7.9432211204167134],[-34.910270414906556,-7.9431818305492907],[-34.910457828078542,-7.9431581984959854],[-34.910625625518975,-7.9429931748360083],[-34.910736590009236,-7.942835458673799],[-34.910772089576525,-7.9426977402275307],[-34.910777267105459,-7.9423964058767114],[-34.910901235743786,-7.9422091536276369],[-34.910927046604648,-7.9421075069411202],[-34.910920279871647,-7.9420649608251459],[-34.910758403971563,-7.9418691977260112],[-34.910691491390338,-7.9416074955059273],[-34.910572487707199,-7.9414475615871405],[-34.91050949659278,-7.9413233956863492],[-34.910479279952511,-7.9411827046517374],[-34.910495371952791,-7.9411105780601368],[-34.910646014387758,-7.9410083569334562],[-34.910711336984974,-7.9409261786953547],[-34.910740569522176,-7.9408539917268124],[-34.910733666599924,-7.9407819707958316],[-34.910630815748071,-7.9405630099538884],[-34.910630588666464,-7.9405138846807466],[-34.910659987736217,-7.9404777232815515],[-34.910856756797756,-7.9404047665403219],[-34.910922427520362,-7.9403979147909221],[-34.911070465623645,-7.9404430862811104],[-34.911139406563628,-7.9404329440202543],[-34.911247403920711,-7.9403440187269974],[-34.911289760846692,-7.9402684968884376],[-34.911302628814283,-7.9402094851057248],[-34.911272684664752,-7.9401277446541174],[-34.911094490594017,-7.9399549819521607],[-34.911044821009845,-7.9398700575660488],[-34.910939200652749,-7.9397624639182318],[-34.910902747361156,-7.939693853309441],[-34.910895510510123,-7.9395497812677052],[-34.91087215237377,-7.939471285944828],[-34.910868110083307,-7.9393075483343862],[-34.910893814970912,-7.9391829758290502],[-34.911306866137878,-7.9389943963716947],[-34.91136922097543,-7.9389810089457642],[-34.911520377326916,-7.9389901397443952],[-34.911599081392907,-7.9389603017183639],[-34.911700372218135,-7.9388419318238661],[-34.911752765844199,-7.9388056647099194],[-34.912005183415573,-7.9386898755869693],[-34.912194957385104,-7.9385252471446117],[-34.912276551890223,-7.9384102431620915],[-34.912368138729995,-7.9383246686375788],[-34.912423529745091,-7.9382261605340245],[-34.91245857422976,-7.9379901907858965],[-34.912501082251829,-7.9379474190760835],[-34.912586538505209,-7.9379568516188304],[-34.912688268163542,-7.9379334575720479],[-34.912803001011184,-7.937880528316791],[-34.913120526250864,-7.9376367096299489],[-34.913195536316856,-7.9375184603983557],[-34.9132343951797,-7.9373971019759848],[-34.913227476879662,-7.9373218057894164],[-34.913184347735566,-7.9372303016135799],[-34.913186874534873,-7.9370665340097597],[-34.913222479264817,-7.9369517405459238],[-34.913271694155242,-7.9369384142492221],[-34.913328251979664,-7.937015726051138],[-34.913427422201202,-7.9370040712496719],[-34.913513600522862,-7.9370167396034299],[-34.913507698795932,-7.9369551733822252],[-34.913522512308255,-7.9369196422113033],[-34.91361794695068,-7.9369098705519372],[-34.913664844603282,-7.9369301862614741],[-34.913768200388226,-7.9370137025235046],[-34.913801743389186,-7.9369799511914598],[-34.913823914745976,-7.9369163889431738],[-34.913888212534573,-7.9366510525249669],[-34.91401883707691,-7.9365589941459502],[-34.914175878989028,-7.9365116090326007],[-34.914235786618647,-7.9365113334117687],[-34.914325795394682,-7.9365426503112149],[-34.914413767467614,-7.9365385117302276],[-34.914636221278919,-7.9364665620653758],[-34.914759789302884,-7.9364678603176761],[-34.914797145472598,-7.9364490229901232],[-34.914820783021426,-7.936297729448178],[-34.914861458976205,-7.9361874194076005],[-34.914857377780223,-7.9361146461657786],[-34.914889040342885,-7.9360790365337905],[-34.914945238292624,-7.936086244603878],[-34.915123969969848,-7.9362758026294182],[-34.915188080712596,-7.9363744307499609],[-34.915248100657806,-7.9363984187747043],[-34.915448494551029,-7.9364142947732992],[-34.915545758241166,-7.9363951824911441],[-34.915627836852167,-7.93633134440452],[-34.915678116424417,-7.9362732516137706],[-34.915707697972231,-7.9361928567226503],[-34.915703633915818,-7.9361238154403368],[-34.915516276054696,-7.9360929479214084],[-34.915469247891011,-7.936044635819151],[-34.915450103500419,-7.9359532665468588],[-34.915475293511982,-7.9357329058763062],[-34.915454484075674,-7.9356863399681483],[-34.915407507837216,-7.9356492263066958],[-34.915366270218783,-7.9356382174278766],[-34.915263536920413,-7.9356890849096509],[-34.915247929334825,-7.9355529036241164],[-34.915258988950697,-7.9355155228116798],[-34.915309440471887,-7.9354947591901119],[-34.915346701454318,-7.9354553917777659],[-34.915409661564176,-7.9353057832574363],[-34.915447112682308,-7.9353074777711212],[-34.915490395675775,-7.9353558071373893],[-34.915514655352297,-7.9353388969630769],[-34.91560116623576,-7.9350193299206619],[-34.915646010544776,-7.9350004589892391],[-34.915689104244692,-7.9350077264097187],[-34.915719282229418,-7.9350561160823023],[-34.915722261285289,-7.935295012453901],[-34.915750489871684,-7.9353266125931148],[-34.915774749532488,-7.9353097024065464],[-34.915833662725966,-7.9350947854007572],[-34.915964104723152,-7.9349635315689637],[-34.91607372081986,-7.9347819781145752],[-34.916103561624894,-7.9347575764243885],[-34.916200850813119,-7.93474406286398],[-34.916227242348825,-7.9347831381316078],[-34.916205208863857,-7.9348765629540141],[-34.916216571922924,-7.9349045078214866],[-34.91630435330935,-7.9348593088266526],[-34.916382903550272,-7.9348421486114535],[-34.916474774951645,-7.93487158871174],[-34.916502986251068,-7.9348994559754455],[-34.916508767241162,-7.9349348923333194],[-34.916456832499925,-7.9350396544614465],[-34.916457031404654,-7.9350825832277083],[-34.916489116595137,-7.9351384298341712],[-34.916586916106276,-7.9352350365557269],[-34.916622572503542,-7.9352535368168331],[-34.916659928455928,-7.9352347002713062],[-34.916693288518246,-7.9351617537597967],[-34.916716648615129,-7.9349507333924905],[-34.916796656204177,-7.934843975948815],[-34.916958889777497,-7.9347051087627811],[-34.916992544762934,-7.9346956210401203],[-34.917028209769754,-7.9347159881342373],[-34.917049045241797,-7.9347681536126453],[-34.917055041626774,-7.9348502515252335],[-34.917048695193252,-7.9350966564633474],[-34.917028716100873,-7.9352292685958385],[-34.91703470476461,-7.9353094996417015],[-34.917068671226346,-7.9353672035098795],[-34.91710434495436,-7.9353894374425495],[-34.917853837308201,-7.9355259696005707],[-34.917983255206011,-7.9355776345247619],[-34.918092218322201,-7.9356592568451321],[-34.918188197677409,-7.9357670701438856],[-34.918343641340044,-7.936182578875143],[-34.918454857285539,-7.9363463161228696],[-34.918473899352776,-7.9364152882066854],[-34.918464815570765,-7.9364750572912506],[-34.918380873631051,-7.9365407704286559],[-34.918375456077676,-7.9365837250409461],[-34.918426289347309,-7.936645083849287],[-34.918467484697352,-7.9366467607946181],[-34.918603967027849,-7.9366069356097775],[-34.918687882947516,-7.9365356218570353],[-34.918882617552292,-7.9365421895667199],[-34.91892772068902,-7.936579311376053],[-34.918965197842383,-7.9365866043085393],[-34.919002597050074,-7.9365771000334879],[-34.919028650268885,-7.9365433829320171],[-34.919113702403521,-7.9363134136978966],[-34.919109585813892,-7.9362331741484828],[-34.919058328144871,-7.936080359271358],[-34.919064924405312,-7.935888081731723],[-34.919148156815858,-7.9356693204934619],[-34.919202083706942,-7.9355906792287438],[-34.919259885556258,-7.935540018134521],[-34.919325313362464,-7.9355191849952149],[-34.919375999329063,-7.9355488143358324],[-34.919423165458461,-7.9356269893034197],[-34.919472836480089,-7.9358414046000618],[-34.919501039354451,-7.9358674056414431],[-34.91955355368912,-7.9358876947363486],[-34.919661780736369,-7.9358106698190376],[-34.919768404687595,-7.9357915125387173],[-34.91978698682744,-7.93576156367899],[-34.919788651427318,-7.9357167604054499],[-34.91980722489776,-7.9356849446884263],[-34.919835254496576,-7.9356736166933155],[-34.919859609253677,-7.9356772372145539],[-34.919887907433811,-7.9357237682331707],[-34.919925947686416,-7.9358523796962031],[-34.920038430015488,-7.9358854575869646],[-34.920098250692895,-7.9358665161892503],[-34.920180163655814,-7.9357672152484025],[-34.920234264547886,-7.9357259028925391],[-34.920260074974379,-7.9356399264119437],[-34.92025418190012,-7.9355802255622194],[-34.920278363338227,-7.9355465179614226],[-34.920300828226523,-7.9355464142893304],[-34.920391261561761,-7.9356691841033831],[-34.920421301416191,-7.9356877099107104],[-34.920447398704447,-7.9356633261353871],[-34.920467480644561,-7.9355531109542792],[-34.920513771607311,-7.9354427748117145],[-34.920538031016427,-7.9354258652962448],[-34.920564249612468,-7.935427610279211],[-34.920662075934537,-7.9355298154629024],[-34.920703226877968,-7.935522158837129],[-34.920792568140911,-7.9354097579741092],[-34.920898341482086,-7.9352076901173119],[-34.9210850581564,-7.9351004395005091],[-34.921210350472506,-7.9350699970612721],[-34.921315231601085,-7.9350788455045995],[-34.921407059800231,-7.9350989528519849],[-34.921654758645552,-7.9352228630545598],[-34.921962060337918,-7.9352811709215327],[-34.922012546900312,-7.935267872181508],[-34.922118657817386,-7.9351385952340241],[-34.922360341101879,-7.9351766754775941],[-34.922523205686147,-7.9351740561785524],[-34.922582956664705,-7.9351401832553563],[-34.922622045009881,-7.9350914742524941],[-34.922623613885541,-7.9350261410663325],[-34.922594881735222,-7.9348862883662292],[-34.922602135770966,-7.9348358595491986],[-34.922702890911047,-7.9347626014383446],[-34.92277175968497,-7.9346764259938727],[-34.92288182798108,-7.9343112076573119],[-34.922962348666779,-7.9342346835076309],[-34.923008825742329,-7.9342449215551607],[-34.923112054119969,-7.9342205537408281],[-34.92318677192425,-7.934184372244399],[-34.923163528770836,-7.934017243017232],[-34.923221508225474,-7.9339243979507401],[-34.923363002390559,-7.9337550148567271],[-34.923494381940557,-7.933664817599154],[-34.923571718910893,-7.9335479922378296],[-34.923646443487918,-7.9335133032750953],[-34.923715475470267,-7.9335428481860752],[-34.923772719593522,-7.9336142560350789],[-34.92386286505031,-7.9336750598997758],[-34.924063111786118,-7.9339010968983938],[-34.924119032543203,-7.9340098405138253],[-34.924132824469041,-7.9340769695283804],[-34.92413687527111,-7.9343039143548362],[-34.924159562295436,-7.9343515910727742],[-34.924229939655199,-7.9343482795540829],[-34.924398234853946,-7.9344669553901559],[-34.924478035231814,-7.9345576699393625],[-34.924607092519672,-7.9346123204702756],[-34.924740795829813,-7.9346998004402591],[-34.924881709506565,-7.9347275182077119],[-34.925299339819333,-7.9346778047006747],[-34.925422009878282,-7.9346473741289634],[-34.925566916208837,-7.9345675655541985],[-34.925793840540095,-7.9344112245261949],[-34.925889476101347,-7.9343644939173128],[-34.926016659970976,-7.9343385210434958],[-34.926091662465467,-7.934363558221154],[-34.926123461103252,-7.9344380695072383],[-34.926155537873328,-7.934572307348593],[-34.9261603817883,-7.9346752694943605],[-34.926210657461205,-7.9348303711385197],[-34.926309027912495,-7.9350494133140481],[-34.926444626031135,-7.9352219941585878],[-34.92651820023346,-7.9352619684291303],[-34.926679727046007,-7.9352134390427507],[-34.926759145442581,-7.9352220305899044],[-34.926834265468692,-7.9352724513196993],[-34.926885520997693,-7.9353438862817001],[-34.926945650615572,-7.9353913893731809],[-34.927011589621735,-7.9354000432824865],[-34.927122244350535,-7.9353622011759706],[-34.927371410379031,-7.935157974802503],[-34.9274477431713,-7.9351471693796416],[-34.927563829401393,-7.9353108808560444],[-34.927632938386623,-7.935356849628989],[-34.928174525921648,-7.9355529321642848],[-34.928277733109198,-7.9355240835323153],[-34.928334457012504,-7.9354835049185697],[-34.928349636707097,-7.9352057039621595],[-34.928404716360369,-7.9351337764781071],[-34.928840576026339,-7.9348181897697305],[-34.928979650475668,-7.9347727497747575],[-34.929292378574516,-7.9347100806229491],[-34.929404529882518,-7.934672231061719],[-34.929606576666608,-7.9346414304031461],[-34.929778906389487,-7.9346615359320189],[-34.930123406490914,-7.9346674040224672],[-34.930273919172329,-7.9347020411495528],[-34.930396163815601,-7.9347049619821082],[-34.93052182219332,-7.934673022620002],[-34.930756434390986,-7.9345599454536124],[-34.930889650606431,-7.934542903306518],[-34.931146971249738,-7.9344819816394718],[-34.931384228726287,-7.9342942345802809],[-34.931432134078207,-7.9342895326370071],[-34.931475733645371,-7.9343251663502334],[-34.931519479632364,-7.9343921558144954],[-34.931693565148549,-7.9344674995389814],[-34.931780429657472,-7.9344670963341688],[-34.931891062497492,-7.9344247745037233],[-34.931980008539284,-7.9342287554851891],[-34.932035978654511,-7.9340269182308241],[-34.932077704542003,-7.9339819292434441],[-34.932210773958857,-7.9339335300811866],[-34.932526479882739,-7.9335468261827895],[-34.932891671216282,-7.9331733303266159],[-34.932993212712255,-7.9331086524437451],[-34.933067969999044,-7.9330814284686371],[-34.93312638544095,-7.933082650679645],[-34.933251097046096,-7.9331686749584289],[-34.933429499876112,-7.9332066684273155],[-34.933482043760414,-7.9332333020436128],[-34.933597357531433,-7.9332312728588814],[-34.933658544755346,-7.9331847007596448],[-34.93372444684438,-7.9328648556730652],[-34.93376165050713,-7.9328139153768538],[-34.934048573944359,-7.9326781966120565],[-34.93413530533649,-7.9326494233378622],[-34.934181747299583,-7.9326521945546435],[-34.934223800869958,-7.9326773824174541],[-34.934244976831074,-7.9327220792490483],[-34.934245304914796,-7.9327922571305116],[-34.934302439586666,-7.9328397729676148],[-34.934322265072197,-7.9329158324555369],[-34.934350888267957,-7.9329515354412186],[-34.934413951235967,-7.9329855848654223],[-34.934485873827072,-7.9329927163291512],[-34.934605630773362,-7.9329802144051698],[-34.934699823322106,-7.9329454341159851],[-34.934915459886135,-7.932827291963056],[-34.935181400957838,-7.9328260556578973],[-34.935227153357594,-7.9328045089695598],[-34.935275805699888,-7.9327494253938946],[-34.935385009474658,-7.9325691085303776],[-34.935439246901581,-7.9324012366505317],[-34.935498985709515,-7.9321022913784782],[-34.935680939020521,-7.9317905884468471],[-34.93580578256806,-7.9316863883751356],[-34.935918584435285,-7.9316218637322988],[-34.936119975622638,-7.9315447367566883],[-34.93619936623255,-7.9315260820495705],[-34.936370703281852,-7.9315588085383224],[-34.936444308404567,-7.9316102759400859],[-34.936533439705109,-7.9317134799586393],[-34.936592003636505,-7.9318168270494747],[-34.936626042339789,-7.9319050494162244],[-34.936732939563022,-7.9325384576682634],[-34.936796937615689,-7.9328121581584545],[-34.936823718837466,-7.9328797303042764],[-34.93692767876675,-7.933012039091957],[-34.937035985960868,-7.9330916680486876],[-34.937091152651021,-7.9331028584937124],[-34.937167117097921,-7.9331414273552445],[-34.937360669188557,-7.9332801871328673],[-34.937553910442411,-7.9333525515408381],[-34.937629766827108,-7.9333682255441751],[-34.937703230737895,-7.9333633044896112],[-34.937845328873948,-7.9333031152736053],[-34.938046791491345,-7.9331693857119649],[-34.938126768748269,-7.9330843004412728],[-34.938265937918125,-7.9328890441533142],[-34.938419164326554,-7.9327532491205979],[-34.938508037457659,-7.9326063056778136],[-34.938617631418118,-7.9324707138038608],[-34.938745983698595,-7.9324174574221287],[-34.938853485409197,-7.9323253757639067],[-34.938929148471118,-7.9322998390334609],[-34.939014082987534,-7.9322925743914148],[-34.93909892184373,-7.9322647058211073],[-34.939144688174167,-7.9322301493226792],[-34.939185615803872,-7.9321429576748415],[-34.939198911408369,-7.9320398667255363],[-34.939269616746451,-7.9319365092455278],[-34.939370315290269,-7.9318627762917107],[-34.939478044989883,-7.9316263183527473],[-34.939484639262524,-7.9316334911543231],[-34.939552739051173,-7.9315554340656433],[-34.93967034829987,-7.9314904187565149],[-34.939908960810754,-7.9312731525078206],[-34.939978280342665,-7.9312429251262131],[-34.940076505378947,-7.9312884513299187],[-34.940353616190315,-7.9313676317449753],[-34.940544355031307,-7.9314702065102045],[-34.940919070162018,-7.93146271172089],[-34.941149330116978,-7.9313869143349693],[-34.941235296709628,-7.9312773017615799],[-34.941292383047838,-7.931156327874513],[-34.941354803187195,-7.9309433613452063],[-34.941341654880702,-7.9305985426044172],[-34.941366052781817,-7.9304687890747427],[-34.941381866641038,-7.9304605499097613],[-34.941389865230576,-7.930341427695315],[-34.941412406658245,-7.930281596158081],[-34.941466247706977,-7.9302045528229339],[-34.941600296008673,-7.9301982394539969],[-34.941643126502264,-7.9302065722073207],[-34.941686050398317,-7.9302348136300838],[-34.941838669403793,-7.9305384241225481],[-34.941879301139224,-7.9306861299435401],[-34.941942780308672,-7.9308394165997926],[-34.942006714231283,-7.9310894024825007],[-34.942038413384296,-7.9311575135044121],[-34.942135965910488,-7.9312765121643523],[-34.942233490891098,-7.9313898226009814],[-34.942402265904626,-7.9314885797890531],[-34.94256206988927,-7.9314992107875701],[-34.942676030308007,-7.9314673932969031],[-34.942880862384094,-7.931346984664537],[-34.942948845633197,-7.9312442786714241],[-34.942982624039601,-7.9311474197154634],[-34.942992806343447,-7.9308857125260337],[-34.94293485772117,-7.9306954262819813],[-34.942931684564414,-7.9306271813344695],[-34.942964472009429,-7.9305500598169942],[-34.94296171905988,-7.9305127957717083],[-34.942866860505426,-7.9303551345912133],[-34.94285501008536,-7.9303024880083672],[-34.942863702381636,-7.9302317503581525],[-34.942941508628145,-7.9300527171342656],[-34.943009272775775,-7.9299315731001681],[-34.943054269571896,-7.9299043698625438],[-34.943135463172148,-7.9298975640503331],[-34.943241265957262,-7.9299150655106105],[-34.943467326814911,-7.9300078449992704],[-34.943491786946673,-7.9300000183434589],[-34.943582533584397,-7.9298312073909027],[-34.943698246400963,-7.9297625413467179],[-34.943798766491291,-7.929753074070053],[-34.943975509545659,-7.9297766720109539],[-34.944396332487543,-7.9298865368662836],[-34.944477483726175,-7.9298707329458136],[-34.94450331687505,-7.929880895020804],[-34.944540880750537,-7.9299179964611488],[-34.94458411474816,-7.9300643299573084],[-34.944667357779551,-7.9302194746325743],[-34.944852331932701,-7.9303484355270211],[-34.94494304498933,-7.9304469876102148],[-34.94510195905255,-7.9307920177708224],[-34.94520290823521,-7.9308738114090431],[-34.945376176193633,-7.9309809756766443],[-34.945467882856022,-7.9310165384347373],[-34.945604653572239,-7.9310390358443366],[-34.945652337864331,-7.9310349572181202],[-34.945759147188021,-7.9309920398739564],[-34.945873462463872,-7.930900242331802],[-34.945923422474067,-7.9308318829925035],[-34.946023944653973,-7.9305486253146453],[-34.946066236361339,-7.9304944412055232],[-34.946138078427019,-7.9304182671056571],[-34.946292245300015,-7.9303018602403839],[-34.946378171504733,-7.9302050539792104],[-34.946484424361522,-7.9300438826565838],[-34.946580664942068,-7.9299470281597992],[-34.946723397806771,-7.9298666659045196],[-34.946822585934072,-7.9298482070003296],[-34.946921913108582,-7.9298593108544209],[-34.946969845121338,-7.9299079318052694],[-34.947076864176005,-7.9301837912616389],[-34.94723006043948,-7.930409304981322],[-34.947320501790863,-7.9304500145880192],[-34.947417269306378,-7.9304649869452399],[-34.947609851845009,-7.930566917598437],[-34.94764339741905,-7.9305719029309847],[-34.947819964308081,-7.9305582231370426],[-34.947841724482593,-7.9305247003335326],[-34.947884379723384,-7.9302738486751174],[-34.947889767254402,-7.9300488789944721],[-34.947907635856204,-7.9300102339582956],[-34.947987333147012,-7.9299597305195952],[-34.948119615530125,-7.9299428793914188],[-34.948354843541225,-7.9299734359858363],[-34.948498138689828,-7.9300126124562471],[-34.948538244476232,-7.9300419890851161],[-34.948566880424643,-7.9300996972243176],[-34.948592719297146,-7.9303849348617614],[-34.948639308548671,-7.9304219926901647],[-34.948647352833483,-7.9304875105547277],[-34.9487176504323,-7.9306311463739458],[-34.948676351735315,-7.930896131024082],[-34.948688626573826,-7.931038751934409],[-34.948671521589993,-7.9312393543053732],[-34.948687925023059,-7.9314372287100223],[-34.948786550282968,-7.9315730185014965],[-34.948990725404727,-7.9316723238212967],[-34.949077438119183,-7.9317426146878613],[-34.949271602223412,-7.9316324464428876],[-34.949330447430867,-7.9315344809146442],[-34.949389638670468,-7.9315097817085931],[-34.949447752414251,-7.9315300758513354],[-34.949507475629552,-7.9316184881427887],[-34.949588330516342,-7.9318134894584285],[-34.949768796883852,-7.9320800065647035],[-34.950002196355662,-7.9323617004936358],[-34.95010174820117,-7.9324203617826825],[-34.950216686564815,-7.9324609558200176],[-34.950290276930005,-7.9324824628538106],[-34.950362475775592,-7.9324821245785131],[-34.950535054530306,-7.9324427545567335],[-34.950698372719302,-7.9323532964472312],[-34.950740881990406,-7.9323453856878459],[-34.950782192730678,-7.932356760325975],[-34.950912917552316,-7.9324641202551076],[-34.950932510786224,-7.9325180156158339],[-34.950923716017073,-7.9325669017848357],[-34.950894287074071,-7.9326145991022186],[-34.950794034453374,-7.9326806243766539],[-34.95071471808609,-7.9328121060430234],[-34.950574299035964,-7.9331096905190037],[-34.950588820309335,-7.9331816038925309],[-34.950642019936986,-7.9332533369026974],[-34.950718940854131,-7.9334342168660381],[-34.950861420666541,-7.9335736570171838],[-34.950915001376622,-7.9337263676063534],[-34.95096292218485,-7.9337724177072069],[-34.951081808082236,-7.9338297024534485],[-34.951102599940285,-7.9338643114792848],[-34.951165973945791,-7.9339064315194001],[-34.951233027406154,-7.9339086882755021],[-34.951523922526285,-7.9338057787273506],[-34.951594819989936,-7.933802875166502],[-34.951633655116787,-7.9338361130843698],[-34.951645634150282,-7.9339157516461496],[-34.951619681600711,-7.9341536710878131],[-34.951648566993953,-7.9342640792685186],[-34.951778409617027,-7.9344575644754185],[-34.95186488414803,-7.9347502293225212],[-34.951866200372741,-7.9350291533167772],[-34.951833804366679,-7.9355408918053483],[-34.951847121528864,-7.9356308067224779],[-34.951904644130032,-7.9357989234300019],[-34.952036349587061,-7.9358407235955344],[-34.952158600050417,-7.9357913051468234],[-34.952232952642952,-7.9357009789409387],[-34.952340135190845,-7.9354639630781767],[-34.952373449666538,-7.9354201041010253],[-34.952399234731175,-7.9354199831182042],[-34.952448360388395,-7.9354480312919149],[-34.952590853633616,-7.9355900406838229],[-34.952642588533706,-7.9356245034708488],[-34.952682646611613,-7.9356435970571821],[-34.952726457683873,-7.9356382492238655],[-34.953139605198359,-7.9352134166672865],[-34.95321295331329,-7.9351835081690032],[-34.953251698546417,-7.9351974656346567],[-34.953299990045551,-7.9353219218122559],[-34.953278033458496,-7.9355868154822007],[-34.953295808088562,-7.9358013931119089],[-34.95333601796581,-7.9358526194364742],[-34.953390234677499,-7.9358665042415275],[-34.953620782912751,-7.9358165769686515],[-34.953685331503458,-7.9358342698970761],[-34.953721691337599,-7.9358893709223963],[-34.953775207634266,-7.9360279417809334],[-34.953881462134667,-7.936140557432962],[-34.953920188344895,-7.9361506582256638],[-34.953972975985977,-7.9361349863493817],[-34.954119205556196,-7.9359761959302517],[-34.954195247950409,-7.935970697467841],[-34.954298030777423,-7.9358943767870285],[-34.954341604930462,-7.9358389003949759],[-34.954391376297316,-7.9357306933756302],[-34.954544112573565,-7.9355847269822437],[-34.954617443266194,-7.9355509616555784],[-34.954676730812146,-7.9355468273862204],[-34.954741321885066,-7.9355735170410115],[-34.955153728654828,-7.9358106622610602],[-34.955222144641944,-7.9358283358587522],[-34.95534321444697,-7.9358020594169272],[-34.955412998873129,-7.9358364369765386],[-34.955491644343013,-7.9358360673753214],[-34.955563514443867,-7.935766318600999],[-34.955609952908496,-7.9357712416674229],[-34.955635950675692,-7.9358161085244801],[-34.955703138017377,-7.9358466424706986],[-34.955735151402386,-7.9358002174011864],[-34.955752817815124,-7.9357191551725776],[-34.955743453216868,-7.9356472170812573],[-34.955568119107994,-7.935649326702217],[-34.955496011095342,-7.9356689462198764],[-34.955475255264197,-7.9356420506950149],[-34.955487862144821,-7.9355815784340438],[-34.955538022119015,-7.9355556342877751],[-34.955754430246202,-7.9355147703750157],[-34.955846807777682,-7.9354192167766815],[-34.955882955966494,-7.9354293304128429],[-34.95597612885868,-7.9355021601078022],[-34.956029062169435,-7.9355173352431505],[-34.956087048962168,-7.9355106357796172],[-34.956116531145248,-7.9354745061389371],[-34.95614454850287,-7.9354011076860331],[-34.956173593872798,-7.9352724318249424],[-34.956201921255499,-7.9352645862257711],[-34.956304966633667,-7.9353470508779091],[-34.956390480984695,-7.9353721899896934],[-34.956410540652712,-7.935400474636265],[-34.956413601794466,-7.9354458669399097],[-34.956373898581361,-7.93547727037474],[-34.956260053912608,-7.9354806434165877],[-34.956206144813002,-7.9355177901411205],[-34.956175088946729,-7.9355718562599895],[-34.956052865303811,-7.9356093241234618],[-34.95603884732764,-7.9356547967258013],[-34.956056141162669,-7.9357001221339027],[-34.956121677352691,-7.9357140030753905],[-34.956198451349373,-7.9356966144051073],[-34.956300682431277,-7.9356450514636441],[-34.956360499043022,-7.9356532845512398],[-34.956437273008206,-7.9356358958419992],[-34.956528400505512,-7.9356439807809318],[-34.956639695111562,-7.9357030540708298],[-34.956676698731719,-7.935702880064615],[-34.956707970251294,-7.9356942186915429],[-34.956724873885577,-7.9356572468329682],[-34.956713005096915,-7.9355551380506792],[-34.956738529272371,-7.9355351524848743],[-34.956801205644076,-7.9355462089634718],[-34.956875388310429,-7.9355827533702179],[-34.956912687317519,-7.9356450114669324],[-34.956912955872788,-7.9357017690090199],[-34.956839833940435,-7.9358894152427952],[-34.956874569512749,-7.9360112820029061],[-34.9570376637542,-7.9361893038301004],[-34.957120507429067,-7.9362513476594474],[-34.95730982240552,-7.9363499764247525],[-34.957473240986467,-7.9363885969436225],[-34.957538668263233,-7.9363727413180838],[-34.957577009695399,-7.9363456094745031],[-34.957612025744062,-7.936274958893021],[-34.957654432401633,-7.9362281132558037],[-34.957728044082003,-7.9361842307112322],[-34.957871865288368,-7.9360363615840903],[-34.957898661574177,-7.9359864803715174],[-34.957926134791109,-7.9358598903129351],[-34.957923378373401,-7.9357168568585994],[-34.95793971869351,-7.9356545851646008],[-34.957962459549542,-7.9356264915806154],[-34.958277726072936,-7.9354560470794269],[-34.958363553880034,-7.9354364927316503],[-34.958374110687558,-7.9354558203822334],[-34.958372800341088,-7.935565163753024],[-34.958398458485533,-7.9355796207445035],[-34.958429564466201,-7.9355867636697317],[-34.958502373699261,-7.9355226414005289],[-34.958559060158123,-7.9355278413573442],[-34.95855571561308,-7.935593459234096],[-34.958505366683596,-7.9357686346455178],[-34.958524144101695,-7.9358742383391103],[-34.958630094523571,-7.935860983521847],[-34.958692291080183,-7.9358716242801863],[-34.958721638976847,-7.9358933532012479],[-34.958798837007144,-7.9359841040980266],[-34.958821391461896,-7.936115201259212],[-34.958903926086244,-7.9361749480418817],[-34.958964363689859,-7.9362001756777074],[-34.959113051397921,-7.9363343240258297],[-34.959138882266558,-7.9363852258573218],[-34.959146512995325,-7.9364526136885187],[-34.959112061612458,-7.9365110886991648],[-34.959033622350709,-7.936544259553771],[-34.95884919887893,-7.9365833952673581],[-34.95882190249101,-7.9366090359702399],[-34.958820299762344,-7.9366564227757763],[-34.958730386448487,-7.936968454600783],[-34.958683960368582,-7.9372001027220191],[-34.958683082706195,-7.9374005574392976],[-34.958650872683265,-7.9375464910900551],[-34.958644476328274,-7.937739682466507],[-34.958650210846827,-7.9377925014966957],[-34.958765956316441,-7.9379176930716735],[-34.958888736940317,-7.9379845395814543],[-34.959031494061982,-7.9380239572272489],[-34.959117433975784,-7.9380308418116012],[-34.959232143445711,-7.9379373656174783],[-34.959361614528618,-7.9379116106672694],[-34.959570003192802,-7.9377880757009747],[-34.959654097065744,-7.9376637656105231],[-34.959834190516425,-7.9376220660809098],[-34.960002230478665,-7.9376308057375153],[-34.960066630436977,-7.9376740773071983],[-34.960120271584586,-7.9377528028879603],[-34.960318853146426,-7.9381535679998558],[-34.960367851061363,-7.9384052520647179],[-34.960422883820698,-7.9384894178825798],[-34.960487277502629,-7.9385313269761175],[-34.960584379279261,-7.9385581036647519],[-34.960619761359432,-7.9385307025247256],[-34.960633244893565,-7.9384938732545027],[-34.960679634200027,-7.9381954425981345],[-34.960759694583388,-7.9380847671830521],[-34.960836783876978,-7.937923723327323],[-34.960880353970687,-7.9378949220931103],[-34.960973189957684,-7.9378863146133671],[-34.96110294235973,-7.9378857029335901],[-34.961217838312606,-7.9379205654675147],[-34.961326028979855,-7.9379813315387207],[-34.96148534126219,-7.9381657712381308],[-34.961562091821399,-7.9382212395104332],[-34.961593789539592,-7.9382810046992338],[-34.961680088263421,-7.9383337040265696],[-34.96174015813736,-7.9383279738625276],[-34.961763525664139,-7.9383591824782105],[-34.961882654279634,-7.9384226206567403],[-34.962159001629722,-7.9385166359953683],[-34.962193256177009,-7.9385396233691425],[-34.962287516881091,-7.93854326316906],[-34.962457595763254,-7.9386936097531127],[-34.962478282953064,-7.9387357246904608],[-34.96248823830485,-7.9388187413116382],[-34.96253495969534,-7.9388784354980491],[-34.96264708596977,-7.9389051407607285],[-34.962802788714995,-7.9389044060219094],[-34.962883501504429,-7.9389312585517153],[-34.963017279784552,-7.9389156489950459],[-34.963126951987284,-7.9390009179168342],[-34.963150455441863,-7.9390607215924929],[-34.963250380023453,-7.9391065478362322],[-34.963312863173662,-7.9393214008734247],[-34.963424115488777,-7.9394515986173255],[-34.96345422160573,-7.9394637117072362],[-34.963493798246574,-7.9394567165129981],[-34.963593094645475,-7.9393704602996937],[-34.963803152694538,-7.9393109163249482],[-34.963840023057166,-7.9393093798393748],[-34.964002820027552,-7.939364441227962],[-34.964048279582357,-7.9394459285820425],[-34.964022821091845,-7.9395495373757656],[-34.96397490005684,-7.9400998886094118],[-34.963986841621541,-7.9403136186091618],[-34.964017058713786,-7.9403488800516051],[-34.964043002470035,-7.9403473960341451],[-34.964109687949815,-7.9402966987429746],[-34.964228294160968,-7.9402498406814077],[-34.964435122029094,-7.9400854597205761],[-34.964491262541031,-7.940115151808631],[-34.964532457204733,-7.9401612550712546],[-34.964607739308811,-7.9401949420859781],[-34.964679726251781,-7.9403974945922027],[-34.96473712886845,-7.9404053932312424],[-34.964787444531197,-7.9403588585595344],[-34.964893207222921,-7.9401963163769427],[-34.964947724143848,-7.9401715483773669],[-34.9649516850357,-7.9401429338789189],[-34.964932466696169,-7.9401225996405476],[-34.964905882161986,-7.9399892794600673],[-34.964909823638514,-7.9399565796829012],[-34.964960113338186,-7.9399045973667608],[-34.965063759618729,-7.9398714273966142],[-34.965155302228496,-7.9398778031906545],[-34.96520608945125,-7.9399306693937559],[-34.965224233507044,-7.9400122856229469],[-34.96529522364677,-7.9400051409017749],[-34.965319860016535,-7.9400159181931125],[-34.965398074045346,-7.9400918036680981],[-34.965405187873912,-7.94015168457695],[-34.965345668250016,-7.9402731573176277],[-34.965340781135943,-7.9403943709630997],[-34.96537363890171,-7.9404105562482163],[-34.965469213700821,-7.9404032961954325],[-34.965487059993556,-7.9404222753957994],[-34.965483098235353,-7.9404508898948558],[-34.965343047627698,-7.9405836360682782],[-34.96535264665232,-7.940591760536293],[-34.965452241529114,-7.9405681409060129],[-34.965598033878521,-7.9404939205990592],[-34.965623868435642,-7.9404692880829524],[-34.965655889953048,-7.9403098182009293],[-34.965678979419017,-7.9402824747797034],[-34.965790872958777,-7.9402601593494202],[-34.96586331290964,-7.9402707106301804],[-34.965964933868733,-7.9403859738848901],[-34.966001118728094,-7.9405274192555479],[-34.966096364252728,-7.9407380312039484],[-34.966076109660413,-7.9407871486650849],[-34.965962707916418,-7.9407795140788835],[-34.965891756545012,-7.9407948285915717],[-34.965852323269772,-7.9408317806129727],[-34.965838858741748,-7.940872695234142],[-34.965937385951392,-7.9409117180096089],[-34.965976858087892,-7.9408829365318638],[-34.966066892778436,-7.9408593619447707],[-34.966092843003921,-7.9408592392504973],[-34.966109343166913,-7.9408823101441461],[-34.966079755098342,-7.9409791301376105],[-34.965991618033328,-7.9411143540382936],[-34.966002849174401,-7.941178300810237],[-34.966016565400118,-7.9411904911573652],[-34.966140809749795,-7.9411803723807575],[-34.966240773017965,-7.9412343673452375],[-34.966365056228682,-7.9412324181452583],[-34.966438681453951,-7.9412048356976239],[-34.966520234693526,-7.9411213866243253],[-34.966592506326975,-7.9410965344367748],[-34.966661917136804,-7.9410444615025568],[-34.966743756308595,-7.9410209255308182],[-34.966982891035222,-7.9410443047972405],[-34.96709108221053,-7.9411050698605461],[-34.967147112802593,-7.9411116131350425],[-34.967254182727274,-7.9409368100623965],[-34.967278677493411,-7.9409176297466004],[-34.967349679726127,-7.9409132093699721],[-34.967515442991399,-7.9410172749272707],[-34.967538849973515,-7.9410566536145373],[-34.967543278312888,-7.9411260793273559],[-34.967566633440832,-7.9411545636511844],[-34.967751544054607,-7.9412639862274395],[-34.96776943495302,-7.9412924972969527],[-34.967780977573014,-7.9414218037717124],[-34.967830601580346,-7.9415168874349762],[-34.96792117346132,-7.9416063304358309],[-34.968101675349828,-7.9416504114657194],[-34.968154922902464,-7.9416460749627058],[-34.968280052877226,-7.9415351850956508],[-34.968469454274128,-7.9414403314840731],[-34.968494038888082,-7.9414402150960974],[-34.968581606312974,-7.9414724816073621],[-34.968867308893721,-7.9415228725512161],[-34.968868784785478,-7.941546014433186],[-34.96890997352682,-7.9415907556497141],[-34.968910388713411,-7.9416779014130565],[-34.968925555880276,-7.9417077876961226],[-34.968888918974706,-7.9417583433817658],[-34.968864314884492,-7.9417543745292241],[-34.968874043739703,-7.9417897325083429],[-34.968912358564928,-7.9418045301259879],[-34.96895603852024,-7.9417988764344951],[-34.969059652229355,-7.9417588963512946],[-34.969110181507851,-7.9417572955685536],[-34.969324018085949,-7.9416310071883203],[-34.969464755200455,-7.9416425957625467],[-34.969479682297084,-7.9416221000695826],[-34.969468041797633,-7.9414723683433381],[-34.969494871844155,-7.9413701145116358],[-34.969575564898548,-7.9413928811560632],[-34.969612649451967,-7.9414362793401736],[-34.969646775662312,-7.9414320332315231],[-34.969706086284688,-7.9412669872881061],[-34.969810650917168,-7.9411398548759795],[-34.969836244152901,-7.9410648402176971],[-34.969907045984598,-7.9410182070935669],[-34.969953106902786,-7.9409153007514366],[-34.970051616053048,-7.9408062976976188],[-34.970078818137274,-7.9407288607252307],[-34.970064541097024,-7.9406258514999415],[-34.9701487472704,-7.9405773494864791],[-34.970146786016379,-7.9405275380248765],[-34.970093139419902,-7.9404796891020295],[-34.970073881194473,-7.9404162163613714],[-34.97014412964684,-7.9403317029477725],[-34.97015934346134,-7.9402697845746335],[-34.970148693240247,-7.940204552475941],[-34.970107132292512,-7.9401618011265747],[-34.970105278408816,-7.9401343225645267],[-34.970204795647035,-7.9400445165639324],[-34.970278695397091,-7.9400029358952855],[-34.970309703470974,-7.9400010713117917],[-34.970378851309569,-7.9400471281925862],[-34.97050351601797,-7.9401719486705549],[-34.970558804477385,-7.9402026093824594],[-34.970663941606773,-7.9402072651130302],[-34.970686424503469,-7.9402243380438398],[-34.97067974505358,-7.9402690365029907],[-34.970747021755784,-7.9402841794823722],[-34.970771235728222,-7.9403029627830684],[-34.970794809611583,-7.9403529583808394],[-34.970833523110315,-7.9403559236822305],[-34.970900907224511,-7.9403933995231712],[-34.970944304920984,-7.9404601940414512],[-34.971023841116335,-7.9405165103076296],[-34.971049917254142,-7.9405644888598177],[-34.971081040952988,-7.9405866747347771],[-34.971167288445109,-7.9406051639637747],[-34.971234738166608,-7.9406563826330325],[-34.971319180857314,-7.9406577000117897],[-34.971355456815374,-7.9406764260858056],[-34.971393292675714,-7.9406607849285207],[-34.971398273748356,-7.9406212484568233],[-34.971480936189998,-7.940610548710068],[-34.971505117427306,-7.9406224596018449],[-34.971558847017938,-7.9406874873670894],[-34.971664951257488,-7.9408948573159428],[-34.97186446702058,-7.9411773736905795],[-34.971931899613942,-7.9412251569340704],[-34.971975027978246,-7.9412352602571694],[-34.972067996782854,-7.9412176398881824],[-34.972356954334366,-7.9411046015462894],[-34.972575704769071,-7.9410846667612827],[-34.972686331348271,-7.9411562960083399],[-34.972789639135193,-7.9411386264396624],[-34.972820574338158,-7.9411213002208871],[-34.972851336419858,-7.9410678973456257],[-34.972883953485294,-7.9410419729679571],[-34.973018252907835,-7.9410190023845111],[-34.973059453341186,-7.9409861656715739],[-34.97312265199259,-7.9408690450140051],[-34.973168964522756,-7.940824158516719],[-34.97326016012984,-7.9407962384808481],[-34.973329209908535,-7.9408216804317107],[-34.973433509163279,-7.9410118779235921],[-34.973495806030556,-7.9410665568459269],[-34.973554401048204,-7.9410679973250957],[-34.973624952256216,-7.9410470467794845],[-34.97365412260104,-7.9410211387125234],[-34.973668679565542,-7.9408217870171569],[-34.973680610236741,-7.9407942431037961],[-34.973756687868743,-7.9407572494711154],[-34.973834688434849,-7.9407714469087747],[-34.973980656665596,-7.9408558267271401],[-34.974035918022992,-7.9408655720962988],[-34.974151268535422,-7.9408450081787727],[-34.974231841841238,-7.940899671625238],[-34.974302184119736,-7.9409143510145794],[-34.974347167525728,-7.9408741030167755],[-34.974386821161033,-7.9407688257479245],[-34.974436847451386,-7.9407335585566372],[-34.974461609590385,-7.9406633825609401],[-34.974450877438827,-7.94051831011096],[-34.974520646819705,-7.9404128898532012],[-34.974535441756331,-7.9403577736390831],[-34.974535322230601,-7.9403327531486552],[-34.974479631574347,-7.9402329324306846],[-34.974464214223232,-7.940157942453216],[-34.974468899469407,-7.9400878608811754],[-34.97455874566645,-7.9399823453136715],[-34.974623495969979,-7.9398769488946765],[-34.974738487554546,-7.939781322520103],[-34.97477357537052,-7.9397711473092683],[-34.974809093510181,-7.9398510465720271],[-34.97486961278949,-7.9399108099021776],[-34.974894518280045,-7.939870658129319],[-34.974878742270135,-7.9397206058193861],[-34.974938593009895,-7.9396402536980464],[-34.974993805468294,-7.9396399915084963],[-34.975048923197434,-7.9396197134629451],[-34.975038621321346,-7.9395647155301443],[-34.975098566741643,-7.9395043801506304],[-34.97536942133582,-7.9394630602859557],[-34.975479057928162,-7.9392973999192966],[-34.97551354782869,-7.9391621213715293],[-34.975627941131229,-7.9389413924696903],[-34.975702968116046,-7.9388859892546497],[-34.975872694046956,-7.9386900176312141],[-34.975937706024453,-7.9386396667168677],[-34.97600302982476,-7.938654369737665],[-34.976088884870009,-7.9387640546044596],[-34.976165442655187,-7.9390289145784676],[-34.976165921079776,-7.9391289973514008],[-34.976136164230908,-7.9392042018424345],[-34.976086233066418,-7.9392594859001324],[-34.97599617217314,-7.9393199644602364],[-34.975991463244448,-7.9393850413498335],[-34.976006737275817,-7.9394300070108539],[-34.976072203825609,-7.9394747341935119],[-34.976157700274825,-7.9395093575951909],[-34.976161250858517,-7.939534309325432],[-34.976208276465627,-7.9395891851303197],[-34.976249436738939,-7.9397991664104497],[-34.976340047954267,-7.9398537826366011],[-34.976455565408529,-7.9398682460995023],[-34.976535707984596,-7.9398328355959045],[-34.976620343096585,-7.9396873110231621],[-34.9766198884586,-7.939592232914821],[-34.976654282253264,-7.9394369385348211],[-34.976719319034039,-7.9393915912201916],[-34.976900015772848,-7.9393907323632096],[-34.976950448472039,-7.9394405346884769],[-34.976951070701823,-7.9395706415959113],[-34.976971651009862,-7.9396756326071758],[-34.977002053894481,-7.9397355387185042],[-34.977122638141971,-7.9397599865013104],[-34.977203115711056,-7.9397946335116014],[-34.977258616260059,-7.9398544202723924],[-34.977450022307274,-7.9399936286233439],[-34.977600938709827,-7.9400629701997882],[-34.9777022833172,-7.9402626572603694],[-34.977752788056989,-7.9403274724245856],[-34.977793446396362,-7.940432366939798],[-34.977818638920517,-7.9404522642928397],[-34.977863669747052,-7.9404220252707942],[-34.97790336937387,-7.9403267562558471],[-34.977973233492989,-7.9402413514501955],[-34.978048451832933,-7.9402259812571971],[-34.978159021297508,-7.9402554810677204],[-34.978385036426474,-7.9402844307424241],[-34.97848599909846,-7.9404040515792733],[-34.978591813131807,-7.9404886197153717],[-34.978657495659789,-7.9405783835100037],[-34.978808819680005,-7.9407327941701684],[-34.97890985356667,-7.940867427826098],[-34.978975752783541,-7.9410022277505243],[-34.979086945503056,-7.9411618339748067],[-34.979203996986627,-7.9414965591810596],[-34.979274627837931,-7.9415712859333345],[-34.979315142024788,-7.9416461569389236],[-34.97937549434554,-7.9416708906207676],[-34.979470862518902,-7.9416704366062953],[-34.979691260079527,-7.9415743071963325],[-34.979940790349502,-7.9412728655053844],[-34.980045765742389,-7.9411822902997873],[-34.980125956017886,-7.941156887461486],[-34.980217098330655,-7.9411903013989926],[-34.980318964031547,-7.9413568665451271],[-34.980380291748979,-7.9415238425966663],[-34.980426560388743,-7.9416022605921999],[-34.980563197814817,-7.9416845368659059],[-34.980653540076041,-7.9416826763367689],[-34.980742420405825,-7.9416751038295939],[-34.981196031475882,-7.9414641956958532],[-34.981201623787577,-7.9414341442598761],[-34.981165606399479,-7.9414000005360554],[-34.981046274597993,-7.9413376591473517],[-34.980938079516363,-7.9412052056000926],[-34.980900664227711,-7.9408793953148766],[-34.980911615909903,-7.9407706799984492],[-34.980945712163617,-7.9407033179731332],[-34.981144477468618,-7.9405822700825377],[-34.981181715916776,-7.9405720841060088],[-34.98137105130089,-7.940578331126992],[-34.981517104463428,-7.9405304527506324],[-34.981644245228836,-7.9404269027223675],[-34.981743026980539,-7.9403906882875956],[-34.981784410338925,-7.9403475973673423],[-34.981772403189218,-7.9402361320350074],[-34.981749210604868,-7.9401847713743985],[-34.981796357591037,-7.9401473719117428],[-34.981896594332184,-7.9401154392632511],[-34.981962185668202,-7.9400364892699997],[-34.982035153378767,-7.9400003969137085],[-34.982128281028736,-7.9399813661227432],[-34.982171344730737,-7.9399897392493246],[-34.982260416579749,-7.9400221998343605],[-34.982340980098634,-7.9400747171668193],[-34.982376819131829,-7.9400716868709829],[-34.98245966106203,-7.9400012329691405],[-34.9825355173856,-7.9399694164069645],[-34.982669183461098,-7.9400302597965773],[-34.982703601688364,-7.9400300957061294],[-34.982811935089117,-7.9398923206884762],[-34.982824553983654,-7.9398322100938543],[-34.982856035501094,-7.9398177627054878],[-34.982897603853566,-7.9398132748734502],[-34.982963654456121,-7.9398301166916898],[-34.98303653969846,-7.9397768678350147],[-34.983306335176621,-7.9398141853292064],[-34.983529704903013,-7.9397402016243603],[-34.983581435545169,-7.9397614012759679],[-34.983588783739954,-7.9397985400726547],[-34.983603125180949,-7.9397984716697438],[-34.983647465559407,-7.9397739543456414],[-34.983707285935161,-7.9396878826010457],[-34.98381189949329,-7.9396716561387706],[-34.983847813928342,-7.939684352830148],[-34.98392479484243,-7.9395881906600776],[-34.984130887016839,-7.9394999918244276],[-34.984159617000742,-7.9395098633090724],[-34.984158477586227,-7.9395713484053783],[-34.984174451632875,-7.9396127356636033],[-34.984244955803888,-7.9396610118482522],[-34.984312186948614,-7.9396249465247841],[-34.984384866023603,-7.9395288048227215],[-34.984433597237384,-7.939522853395613],[-34.98460520152441,-7.9394205207320061],[-34.984718454462715,-7.9394114019302933],[-34.984801714519293,-7.9394281613286193],[-34.984879409099683,-7.9394806927150618],[-34.984901099720922,-7.9395177630121525],[-34.984883334438443,-7.9397008583289601],[-34.984893901892065,-7.939810900970552],[-34.984918508703451,-7.9398579658869277],[-34.985059420231643,-7.9399345003969133],[-34.985081090304845,-7.9399672820426552],[-34.985069726836031,-7.9399902128229591],[-34.98501092244198,-7.9399890633280208],[-34.984921884860164,-7.9399637523089144],[-34.984867183076609,-7.9399211206649216],[-34.984833868971329,-7.9398526509384748],[-34.984803005120845,-7.939696952973688],[-34.984774199604864,-7.9396713544466504],[-34.984741263103508,-7.939681520174779],[-34.984614946362576,-7.9399566388125109],[-34.984615117978699,-7.9399923825395753],[-34.984626721737826,-7.9400194924405723],[-34.984675597161178,-7.9400435659183275],[-34.984708581747618,-7.9400434085033673],[-34.984825930587064,-7.9399913764537295],[-34.984870579822925,-7.9400311966259896],[-34.984986090421032,-7.9401936396349688],[-34.985017112343598,-7.9403822209811956],[-34.984996177851961,-7.9405024225179188],[-34.984894988472917,-7.9406344440514509],[-34.984811920404269,-7.9406577170871637],[-34.984750446900655,-7.9406980437698103],[-34.984750680336596,-7.9407466551967101],[-34.984769405901247,-7.94076372254953],[-34.984799590186576,-7.9407778766572381],[-34.98493301637766,-7.940788677601784],[-34.985215912556683,-7.940865965281799],[-34.985291933509558,-7.9408684617955121],[-34.985398042609049,-7.940865095730862],[-34.98569743999311,-7.940795036541525],[-34.985772212785093,-7.9408361429037067],[-34.985825074967558,-7.940794427034402],[-34.985938238857848,-7.9407667213452102],[-34.986254303359338,-7.9408824529261155],[-34.986308812998786,-7.9408850520023853],[-34.986470467609379,-7.9408013529654307],[-34.986844451846693,-7.9407337970463683],[-34.986848251830587,-7.9406294057509452],[-34.986876459572528,-7.9405306167406033],[-34.986894951511452,-7.9404990735186614],[-34.986973710749389,-7.9404743905125432],[-34.987036934607758,-7.9404998243801144],[-34.987067208264008,-7.9405325647655545],[-34.987078977162099,-7.9405939889856745],[-34.987120909752576,-7.9406652766920374],[-34.987219101776766,-7.9408049250677566],[-34.987274120576075,-7.9408423258816629],[-34.9873325376401,-7.9408170357728523],[-34.987483456072781,-7.9406808345725839],[-34.987604000129728,-7.9405322730605716],[-34.987607970752087,-7.9404884836123131],[-34.987568562758746,-7.940336517213967],[-34.987583720496808,-7.9402280613899885],[-34.987884743744289,-7.9402214117224945],[-34.987914972645619,-7.9402035500252071],[-34.987933477302974,-7.940138848674561],[-34.987925959220526,-7.9400971988453568],[-34.987865186583015,-7.9400672666888372],[-34.987800986776548,-7.9399769064901138],[-34.987765376829778,-7.9399624865421732],[-34.987724594501863,-7.9399595544254584],[-34.987588920212232,-7.9400050156952089],[-34.987317411175646,-7.9400625891792798],[-34.987278649692854,-7.9400450581076072],[-34.987251111354801,-7.9399701551095099],[-34.987306765924558,-7.9398052289170877],[-34.987406274129548,-7.9396296714956547],[-34.987559442630022,-7.9395268084224542],[-34.98758875128339,-7.9395350062345758],[-34.987599645425803,-7.9396266636017403],[-34.987657317461597,-7.9396639052631093],[-34.98781828366883,-7.9396610512319219],[-34.987927885890748,-7.9396282209063962],[-34.987955697993293,-7.9395426317354767],[-34.987881444117946,-7.9393178811514522],[-34.987881123391389,-7.9392511850909768],[-34.987905040058322,-7.9392250175115686],[-34.987941580172318,-7.9392154635411663],[-34.987989704155986,-7.939223570492155],[-34.988045050503807,-7.9392118419270208],[-34.988106542733057,-7.9391740307135263],[-34.988127138349753,-7.9391093193749862],[-34.988298351963024,-7.9390636881195737],[-34.988320158446513,-7.9390333612231574],[-34.98832610883693,-7.9389666352003312],[-34.988345854393479,-7.9389425713366686],[-34.988439911949946,-7.9389379531960849],[-34.98867591947284,-7.9388888859058753],[-34.988725058827235,-7.9388907347437669],[-34.98879958039624,-7.9389414913965943],[-34.988936374930724,-7.938924115425011],[-34.988997027989122,-7.9389290362123965],[-34.989049408224915,-7.9389527551821217],[-34.989090159435499,-7.9389494341618798],[-34.989285954618268,-7.9387984278440582],[-34.989508387242488,-7.9387525511840948],[-34.989542093481219,-7.9388055396939556],[-34.989573557370299,-7.9388272748540736],[-34.989602855938166,-7.938833386977552],[-34.989703024053476,-7.9387953905686279],[-34.989780847811055,-7.9388929807668438],[-34.989810407216055,-7.9389532836990941],[-34.98989128635634,-7.9390341844143908],[-34.989990891466853,-7.9390962368917988],[-34.990041081332848,-7.9390991237905899],[-34.99007027868074,-7.9390843939526512],[-34.990082692397742,-7.9390572380717233],[-34.990070837556353,-7.9389833026696],[-34.990010824580679,-7.9388939642944498],[-34.989988190545532,-7.9387523405989464],[-34.990162038444495,-7.9386024813165497],[-34.990207950937325,-7.9385855868085446],[-34.990239290312687,-7.9385812683738353],[-34.9903973058953,-7.9386169880465491],[-34.990473547367174,-7.9386030745121587],[-34.990488101312998,-7.9385863309434441],[-34.990490926715722,-7.9385217037173872],[-34.990439104416701,-7.9383968936764226],[-34.990456584120018,-7.9383363657089321],[-34.99050774822247,-7.9383246568738395],[-34.990563229777671,-7.9383410661953695],[-34.990720485785872,-7.9384361913629746],[-34.990756031300663,-7.9384370635885553],[-34.990850997671764,-7.9384043017679176],[-34.990799392055045,-7.9380887333180121],[-34.990742716382691,-7.9379043520238763],[-34.990746954508424,-7.9378576114992416],[-34.990821977769578,-7.9376814991925153],[-34.990803868415924,-7.9376281920724292],[-34.99076134254247,-7.9376016986910942],[-34.990641015597163,-7.9376378706669479],[-34.990469322292221,-7.937665389131161],[-34.990320104932273,-7.937726170441219],[-34.99026638926172,-7.9376930560908026],[-34.990266185798525,-7.9376507873466844],[-34.990277128395121,-7.9376062404584005],[-34.990308154801902,-7.9375615974810438],[-34.990384572958767,-7.9375122786499528],[-34.990394391683651,-7.9374891319054237],[-34.990392617708316,-7.937464389869187],[-34.990364458964173,-7.9374595750336292],[-34.990341178266796,-7.9374365866532148],[-34.990344305264145,-7.9373986214300185],[-34.990411452966512,-7.9372514495840143],[-34.990445007913294,-7.9370021393727956],[-34.990487862471468,-7.9369656339299297],[-34.990573747211194,-7.9369289225998925],[-34.990588697216772,-7.9369404018541374],[-34.99061236005651,-7.9370425886178753],[-34.9906356089638,-7.9370589768175916],[-34.990652349746398,-7.9370984968235847],[-34.990665652869772,-7.9371116338071834],[-34.990672185734049,-7.9370934523463852],[-34.990710162245072,-7.937075120425197],[-34.990691076476779,-7.9368920616999707],[-34.990637385652413,-7.9367405184826376],[-34.990603547636162,-7.9365872304070457],[-34.990629908519544,-7.9365623537590455],[-34.990641112003487,-7.9364830999323983],[-34.990678747847134,-7.9363938205139579],[-34.990714958270168,-7.9363523963909426],[-34.990770695775304,-7.9362415795477581],[-34.990828325466396,-7.9361802537840713],[-34.990948757628026,-7.9361004782084752],[-34.991016842332819,-7.9361480017803743],[-34.991066896886743,-7.9362319129187107],[-34.991087177687689,-7.9363192653345775],[-34.991161961215809,-7.9363832580582994],[-34.991213130421997,-7.9363549629495065],[-34.991234343127033,-7.9362921615738573],[-34.991301776408761,-7.9362043884751774],[-34.99130334384386,-7.9361862307786408],[-34.991256806383852,-7.9361452035548039],[-34.991248253271536,-7.9360874941960082],[-34.991304275699086,-7.9360360761044353],[-34.991368717076028,-7.9360143177862499],[-34.991422536443167,-7.9358490604107601],[-34.991375705066964,-7.9357469846039743],[-34.991370501338793,-7.9356975093894677],[-34.991401254590514,-7.9355538123146729],[-34.991316120316888,-7.935402419678435],[-34.991254767152185,-7.9353779627716419],[-34.991218119042948,-7.9353286380226784],[-34.991235982363285,-7.9352576025135706],[-34.991262390800401,-7.9352426265550067],[-34.991296898596339,-7.935191311445136],[-34.991269568704887,-7.9350148916384189],[-34.991365239840121,-7.9349484342581134],[-34.991439594109089,-7.934923327921692],[-34.991500851871308,-7.934927985225146],[-34.991634714622975,-7.9348877444780044],[-34.991635956314809,-7.9348019380374284],[-34.991667114666789,-7.9347423896809968],[-34.991753196549737,-7.9347469272388],[-34.991793225794865,-7.9348110853360021],[-34.991833104092329,-7.9348438951352573],[-34.991864548454487,-7.9348437446253177],[-34.991943423056846,-7.9347262166798318],[-34.99196785081994,-7.9346435998786058],[-34.991983525901851,-7.9344620247668152],[-34.992029396628084,-7.9343644548445047],[-34.992182919213576,-7.934282869939393],[-34.992368235708057,-7.9342737335219304],[-34.992416023400928,-7.9342306040551289],[-34.992427457050688,-7.934199199408436],[-34.992466119361367,-7.9339795640568935],[-34.992443683040698,-7.9337882714170087],[-34.992446563547702,-7.93369915836535],[-34.992496866121421,-7.9334910171664879],[-34.99247678399481,-7.9334449138224628],[-34.992443573678301,-7.9334219721607848],[-34.992443454481808,-7.9333972231370007],[-34.992481256653519,-7.9333425916184703],[-34.992446104554695,-7.9332602600430357],[-34.992452033393057,-7.9331166818435666],[-34.992436916648614,-7.9330705538181201],[-34.992400340213841,-7.9330360792906065],[-34.992299133141749,-7.9329837639344802],[-34.992264077374713,-7.9329212319047002],[-34.99226723604383,-7.9328898668739596],[-34.992287024126497,-7.9328749216781427],[-34.992387857717432,-7.9328496894357778],[-34.992392702972545,-7.9328249157433355],[-34.99234385955554,-7.9326485999447192],[-34.992343716538464,-7.9326189005708621],[-34.992368389596649,-7.9325874325637065],[-34.992419574167862,-7.9325624370674461],[-34.992467719264141,-7.9325935565230843],[-34.992512196264016,-7.9325504438431915],[-34.992550260599145,-7.9325502616352797],[-34.992544922692893,-7.9324727368927892],[-34.992577926320422,-7.9324527788724462],[-34.992855712992572,-7.9324002991089912],[-34.99289720614356,-7.932424850949972],[-34.993038569372231,-7.9325677239011716],[-34.99317623358418,-7.932629764523754],[-34.993320684019885,-7.9327264230926833],[-34.993536962160753,-7.9329448003744032],[-34.993668692814722,-7.9329984065960515],[-34.994077229273941,-7.9331064317942142],[-34.994369611748525,-7.9332571977687278],[-34.994504276679514,-7.9332927108693827],[-34.99457528587709,-7.9332893574617458],[-34.99472453965852,-7.9332163254052466],[-34.995030820904901,-7.9331154216606814],[-34.995151740181207,-7.9331208683008061],[-34.995503050535056,-7.9332698447916323],[-34.995626817599195,-7.933239119258042],[-34.995729320313309,-7.9331858967867968],[-34.995824180766498,-7.9331146313073502],[-34.99600396814337,-7.9328445255680755],[-34.996071373630045,-7.9326689983150942],[-34.99614499687258,-7.9325812629290082],[-34.996202775943118,-7.9323414359276221],[-34.996331285858354,-7.932041006408979],[-34.996441198273764,-7.9316442425980505],[-34.996615696076887,-7.9311658139024201],[-34.996702395819035,-7.9309695398392215],[-34.996795605980502,-7.9308696571153998],[-34.996849781455204,-7.9308226925607705],[-34.997055083423867,-7.930778016245065],[-34.997198297779086,-7.9307065186962022],[-34.997267518570673,-7.9306459233453843],[-34.997543995204246,-7.9303191710667109],[-34.997602783292862,-7.9302887569282463],[-34.997761385422649,-7.9302744364861191],[-34.99799133060538,-7.9303260640545954],[-34.998057783604665,-7.930318211916652],[-34.998393971155181,-7.9301523795033066],[-34.998645971764887,-7.9300773463139924],[-34.998688122828867,-7.930043998791219],[-34.998817831874902,-7.929992152255398],[-34.998873503037402,-7.9299421672224932],[-34.998897324666757,-7.9298682292448568],[-34.999035350605304,-7.9296611631667568],[-34.99910029918297,-7.9296548242213243],[-34.99929564067439,-7.9297382563166003],[-34.999461820053256,-7.9297284190348298],[-34.999645762024308,-7.9296416596844876],[-34.999671188746568,-7.9295872996936154],[-34.99966604365698,-7.9294607699381814],[-34.999682534931388,-7.9294335718013533],[-34.999883193630048,-7.9293663178114997],[-34.999934250809879,-7.9292997822619879],[-34.999963898144905,-7.9291806186695917],[-34.99994795028433,-7.9290074370837971],[-34.999977684963206,-7.9289063517651979],[-35.000012338201536,-7.9288850926301393],[-35.000098493506684,-7.9288891989701975],[-35.000136213470462,-7.9288769653455784],[-35.000223581811099,-7.9288192947261953],[-35.000308509499476,-7.9288821640079483],[-35.000424668738454,-7.9288409276382463],[-35.000688458875032,-7.9287040666722177],[-35.000742610809468,-7.9286525826775236],[-35.000817155646111,-7.928613479856633],[-35.000845576601336,-7.9285454935631385],[-35.000851694696593,-7.9283009101906847],[-35.000822317463701,-7.9282646589192671],[-35.000695399658731,-7.9282871044526848],[-35.000523051590825,-7.928274831244563],[-35.000421809563548,-7.9281719640269577],[-35.000415624627436,-7.9281006652833605],[-35.000492563871823,-7.9280085878481374],[-35.000550775689,-7.9279690048610387],[-35.000770966987382,-7.927911176201393],[-35.000878749271251,-7.9278567984424493],[-35.001015451391353,-7.9277440544139655],[-35.00107242048022,-7.9277496035284232],[-35.001245035674991,-7.9278171907107531],[-35.001567676184415,-7.9278098174798073],[-35.001698889699753,-7.9277698835295922],[-35.001714830076693,-7.9277450601658979],[-35.001706755787204,-7.9275849746231799],[-35.001687409212721,-7.9275093727663615],[-35.001646439492539,-7.9274458061317459],[-35.001645764624449,-7.9273062190212196],[-35.00186426037483,-7.9272948558427858],[-35.002021643023177,-7.9272417103177375],[-35.002465832529211,-7.9269926012436978],[-35.002602762706218,-7.9268497454555646],[-35.002708968448694,-7.9265623456893941],[-35.002786232859457,-7.9264996074409444],[-35.00282375298741,-7.9264969319406351],[-35.002928670912866,-7.9272361554642305],[-35.006250445490828,-7.9357031606088997],[-35.010092344407141,-7.9455581126504358],[-35.009467065127396,-7.9457130967157159],[-35.008910080633115,-7.9459193078509962],[-35.008714348935342,-7.9459490452152615],[-35.008451724732979,-7.9460406008322177],[-35.008073192271453,-7.9460809576699658],[-35.007702165120449,-7.9460750454275413],[-35.007447333112616,-7.9461225090252388],[-35.006467251406121,-7.9464354646517847],[-35.006305392416238,-7.9465287130341515],[-35.006150850022685,-7.9465371641421756],[-35.006011354545599,-7.9464607824508908],[-35.005763989218835,-7.9464542706532466],[-35.00530234571545,-7.9468880097896859],[-35.00487060670752,-7.947113553724872],[-35.004646802854289,-7.9471839837618532],[-35.004438156544012,-7.9471926962314683],[-35.004214838671167,-7.9473632956760554],[-35.003705546865902,-7.9475352742704066],[-35.003536032040799,-7.9476439696139209],[-35.003412368004632,-7.9476445659308155],[-35.003373871725053,-7.9476755732933739],[-35.00331248827721,-7.9477683362963933],[-35.002678858514784,-7.9478022136761455],[-35.00246950255697,-7.947664522163552],[-35.00233034237732,-7.9476574878582431],[-35.002122107344093,-7.9477509575452041],[-35.001859320279422,-7.9477522238009417],[-35.00182045120934,-7.9477061775261921],[-35.001711983362846,-7.9476527615768227],[-35.001588468579584,-7.9476841784027101],[-35.001403606258776,-7.9478160637451793],[-35.001079585263319,-7.9479409143191306],[-35.000909770629313,-7.9479879648670755],[-35.001034480296433,-7.948288964583833],[-35.001013057915209,-7.9482971596809762],[-35.002314651011829,-7.9526468392489447],[-35.003653736327557,-7.9570784737915279],[-35.004223874562754,-7.9588776823932923],[-35.003875791190964,-7.9590815092410789],[-35.003456022276595,-7.9598511757449142],[-35.003317695802508,-7.9599081371787879],[-35.003251186277964,-7.9599545173585948],[-35.003151857069646,-7.9601136420018044],[-35.003108434927057,-7.9601573514021036],[-35.002990704061936,-7.9602270070344154],[-35.002929551606307,-7.9603194194360922],[-35.002901666381192,-7.9603912005374262],[-35.002940800479308,-7.9605215098897029],[-35.002948922810468,-7.9606084701418602],[-35.002926208286752,-7.9606879023327419],[-35.002880393856451,-7.9607674469643586],[-35.002839638232849,-7.9608316132573052],[-35.002773128512217,-7.9608779934088485],[-35.002760468550385,-7.9609138773163979],[-35.002794419560104,-7.9610339772689089],[-35.002789509903778,-7.9610800590953001],[-35.002735771983119,-7.9611135829581396],[-35.002502552652167,-7.9611863554136395],[-35.002335594486588,-7.9611615730549614],[-35.00227664760768,-7.9611797690021122],[-35.002251167835006,-7.9612182740775568],[-35.00222093900291,-7.9613361255268265],[-35.002231814831099,-7.9614614537082309],[-35.002270924065705,-7.9615866464979428],[-35.002271209927237,-7.9616454969771056],[-35.002253578971356,-7.9617146701946302],[-35.002230627239875,-7.9617454861139993],[-35.00214350992718,-7.9617766126827023],[-35.002112908207785,-7.9618177008691342],[-35.002038648841918,-7.9618538830252676],[-35.001895150736104,-7.9619031921940397],[-35.00175186383585,-7.9619960009691955],[-35.001713786037023,-7.9620831842741007],[-35.001706570962092,-7.9621830123538748],[-35.001655560599339,-7.9622497873869991],[-35.001589038076304,-7.9622936073030237],[-35.001453028220361,-7.962299381361837],[-35.001339908058974,-7.9622615451481522],[-35.001288673990565,-7.9622822630728418],[-35.00128403751139,-7.96238463801616],[-35.001330883615857,-7.9625174696619565],[-35.001331107255652,-7.9625635267404613],[-35.001256872512265,-7.9626048254554922],[-35.001177329473279,-7.9626103269616273],[-35.001118544721123,-7.9626617864532401],[-35.001113709440027,-7.9627232209704886],[-35.001009220589943,-7.962877253571091],[-35.000818384117593,-7.9632210540394244],[-35.000772816595848,-7.9633517723478962],[-35.00072935661828,-7.9633878057589369],[-35.000524480796045,-7.9634834698286525],[-35.000476037277942,-7.9635502324151295],[-35.000399781575538,-7.9637041278545802],[-35.000338392134942,-7.9637479237976274],[-35.000225495123544,-7.963756145366494],[-34.999912034879515,-7.9636911283980494],[-34.999853051130309,-7.963701648225384],[-34.99969182123796,-7.9637996598548622],[-34.999543188570854,-7.9638489941027677],[-34.999450836818347,-7.9638596747851542],[-34.99933012822661,-7.9638449037796173],[-34.999039421378491,-7.9637081298054211],[-34.998964949399529,-7.9637008127491056],[-34.998890515558585,-7.9637011715638613],[-34.99871627839596,-7.9637634227068803],[-34.998526416496333,-7.9637796899603712],[-34.998441529568353,-7.9637417178193015],[-34.99837195618089,-7.9636857586137131],[-34.998285155731217,-7.9635407862780339],[-34.998074800547762,-7.9633668774854414],[-34.997977282999692,-7.9632394188189881],[-34.997897983704711,-7.9630883749338182],[-34.997889647072874,-7.9629892047151589],[-34.997852362774616,-7.9628614557983424],[-34.997728252722638,-7.9626505796796625],[-34.997694106208833,-7.9626298584791559],[-34.997052834055218,-7.9627034383389068],[-34.996735790023131,-7.9626710242081442],[-34.996460875537061,-7.9626854018727347],[-34.996322228963642,-7.9627173983041892],[-34.996196828456831,-7.9627806617510357],[-34.996037344632924,-7.9628362558344614],[-34.995919838572561,-7.9629073127944103],[-34.995907872589235,-7.9630300846488442],[-34.976349981596194,-7.9743200132890433],[-34.976276969000487,-7.9743170538526567],[-34.970759221320193,-7.9729429030096775],[-34.968792666003907,-7.9724527695971759],[-34.962630018791572,-7.9744508264439249],[-34.962475203794831,-7.9748982251363767],[-34.962094003075102,-7.9761794595433395],[-34.961964753159293,-7.9766797303484491],[-34.961980819738443,-7.9768638719832632],[-34.962011694867499,-7.9769375371676894],[-34.962072025842225,-7.9769732348725126],[-34.962356321328066,-7.9770412627596636],[-34.962480660039702,-7.9771037610973368],[-34.96255992799847,-7.9772699389450787],[-34.962622174201748,-7.9775825610800464],[-34.962625704508518,-7.9777919965852311],[-34.962600945054923,-7.9779081966793237],[-34.962543493129935,-7.978069974498796],[-34.962350188631873,-7.9784090436466393],[-34.962290109210208,-7.9785506457422803],[-34.962285888887877,-7.978727313020153],[-34.962329160368384,-7.9793075187607245],[-34.962328459411495,-7.9796910984224194],[-34.96230972436274,-7.9800091508738085],[-34.962364569861492,-7.9803621853138109],[-34.962347693473085,-7.9805389116874084],[-34.962303030966879,-7.9807283884557112],[-34.96204014587024,-7.9813403286447073],[-34.961940297954257,-7.9816360543855582],[-34.961946468816755,-7.9818681896848878],[-34.962058848294653,-7.9826070499502242],[-34.962172165310598,-7.98299288775981],[-34.962356080986737,-7.9832847163974812],[-34.962491627929786,-7.9834185569584628],[-34.962722553423241,-7.9835835882171695],[-34.962962554397215,-7.9836601202110824],[-34.963089620227557,-7.9837629821487521],[-34.963260286575228,-7.9839842420088711],[-34.963431484412602,-7.9843165345825087],[-34.963641316627957,-7.984787437543055],[-34.963701203855734,-7.9851354001065582],[-34.96372645829927,-7.9856526027985391],[-34.963785767067499,-7.9858794381834759],[-34.964009223107709,-7.9865521574922473],[-34.964079851774194,-7.987028768187967],[-34.964096760177043,-7.9873826147436153],[-34.964098898461152,-7.9875038004047116],[-34.96405728898587,-7.9876034408317116],[-34.963706995193419,-7.9880168613603644],[-34.96325796145819,-7.9886436209132246],[-34.963158213558813,-7.9889719454475525],[-34.963042463061093,-7.9892133346449414],[-34.962690556141794,-7.9896158850760282],[-34.9623390123052,-7.9900945702858719],[-34.962286632496216,-7.9902237842308148],[-34.96225171012594,-7.9904181754110519],[-34.962258813552673,-7.9905999355849469],[-34.962366752299694,-7.9913750462772697],[-34.962357381546283,-7.9915187955397746],[-34.962269736416928,-7.9917387511726998],[-34.962174398114016,-7.9918137575286909],[-34.963031637373142,-7.9923009563221683],[-34.963112979911799,-7.9928230600259997],[-34.963178644024282,-7.993739083080512],[-34.963025422209,-8.002480173667788],[-34.962328735465448,-8.0021457249558434],[-34.962139629071849,-8.002079581162274],[-34.962016816504999,-8.0020589950402048],[-34.961657890190239,-8.0020484947292942],[-34.960710694642216,-8.0021164827981739],[-34.960523282894954,-8.0021154917524502],[-34.960376039330292,-8.0020985424207307],[-34.959856307704044,-8.0020204324004442],[-34.959622955561215,-8.0019089164728019],[-34.959370289106566,-8.001754823927584],[-34.959124126862072,-8.001547841780507],[-34.958796748454574,-8.001021222357986],[-34.958728589596141,-8.0009424428483662],[-34.958325084384171,-7.9993392676211812],[-34.958108876097562,-7.9988317482719191],[-34.958037313174003,-7.9987109683012036],[-34.957893415760665,-7.9985361358523157],[-34.957727254657875,-7.9983760317991921],[-34.956740113797416,-7.9975590188434662],[-34.956528173312549,-7.9973490369618725],[-34.95523525414221,-7.9962532911544395],[-34.954451520993516,-7.995612206661785],[-34.953887704046871,-7.995126911261357],[-34.953424227590219,-7.9946931953292921],[-34.952943391859222,-7.9943128813999991],[-34.952625778016873,-7.9940805400179551],[-34.952420400148007,-7.9939590203559732],[-34.951763959777281,-7.9937319894127912],[-34.951195321921944,-7.993603986998373],[-34.950633353028032,-7.9935061790887145],[-34.946188344447037,-7.9926363624645109],[-34.945652715153756,-7.992506151203929],[-34.945144417781577,-7.9924036453458092],[-34.94477199618796,-7.9923574744870471],[-34.943899292494059,-7.9924071947240707],[-34.943582117189486,-7.9924909581214276],[-34.943311273995185,-7.9925854849348905],[-34.942779042086208,-7.9927962505905619],[-34.941054485120311,-7.9934260394749597],[-34.940594493034396,-7.9935190494776229],[-34.939952685732941,-7.9938663913862582],[-34.939617003878958,-7.9940979913547725],[-34.938908432059598,-7.9947038651383941],[-34.938550942416136,-7.9950354938505175],[-34.938643871152586,-7.9951529573094859],[-34.938926552866207,-7.9956107229545026],[-34.939087324417464,-7.9959647200720108],[-34.939303986089008,-7.9966272976214432],[-34.939342890383337,-7.9968858760306372],[-34.939365479727229,-7.9972363503876824],[-34.939334353220637,-7.9977373226451558],[-34.939285807112256,-7.9980964763839175],[-34.93923258332768,-7.9983513143086],[-34.938803803445246,-7.9997598157153496],[-34.938706651974911,-8.0001717296673398],[-34.938521757583835,-8.0012093665967878],[-34.938245612598188,-8.0030219880575313],[-34.937900856340605,-8.0053774940380951],[-34.937804523421164,-8.0061839563748087],[-34.937554250415296,-8.0070257689664466],[-34.937445985211951,-8.0074585232304329],[-34.937314807039641,-8.0078724271090351],[-34.93716816467969,-8.0082333202495288],[-34.937017412808288,-8.0085297762935124],[-34.936541222640855,-8.0091841735231348],[-34.935511587387076,-8.0103143378447434],[-34.93455662075236,-8.0113249425658353],[-34.934325502842562,-8.0115194000884102],[-34.934044916083586,-8.0117102989024094],[-34.933669326231055,-8.0119206012780602],[-34.93328904422895,-8.0120446422359421],[-34.933479851083476,-8.0122082070026561],[-34.934155305094961,-8.0126866390668301],[-34.934220039655919,-8.0127997726656144],[-34.934277337260198,-8.0132436267912848],[-34.934279026535428,-8.0136012752115047],[-34.934201778899499,-8.013943573454501],[-34.934368352325833,-8.014152002911251],[-34.934792974000139,-8.015041983703977],[-34.93481500115405,-8.0151264809183722],[-34.934812206888004,-8.015237636845141],[-34.934773624097161,-8.0155247960392817],[-34.934777496851702,-8.015640896585877],[-34.934817696109164,-8.0157738960363396],[-34.935075024195108,-8.0160922459961377],[-34.93521517270333,-8.0163421901636109],[-34.935309432213039,-8.0169206810339073],[-34.935305135885557,-8.017066679950938],[-34.935274183011082,-8.0172078263581898],[-34.93519329657569,-8.0173475492890276],[-34.934868656123726,-8.0176742041685554],[-34.934254050805087,-8.0182709565802472],[-34.934149216719135,-8.0183385352057126],[-34.934029582595699,-8.018378909738308],[-34.933889823864114,-8.0183862025762025],[-34.93318409127108,-8.0183646301841573],[-34.93306244885877,-8.0183320248796353],[-34.933005710932321,-8.0182991140648916],[-34.932008678501411,-8.0173980546911547],[-34.930960020522235,-8.0165833922995962],[-34.930326045474914,-8.017183664212828],[-34.930208489900274,-8.0173119493595717],[-34.93013909413326,-8.0174184398385506],[-34.93008825579998,-8.0175779269509082],[-34.92985512578452,-8.0186075019505285],[-34.929808982936962,-8.0187039325270408],[-34.929616403135256,-8.0189016391811485],[-34.929754859675839,-8.0191189273237775],[-34.929815691865784,-8.0191903314118775],[-34.929952530955404,-8.0193086633921418],[-34.930558194740925,-8.0197069526816929],[-34.930583788272699,-8.0197438638224572],[-34.930582174488556,-8.0198162864138745],[-34.930489377938777,-8.0200846045699699],[-34.930215109394332,-8.020016746857495],[-34.930094111497603,-8.0200199347963732],[-34.929906227310376,-8.0200640807820296],[-34.92984704293314,-8.020134402735712],[-34.92981785174829,-8.0201491084206022],[-34.929624557186585,-8.020138241489045],[-34.929479528943006,-8.0201828998040181],[-34.929345652261553,-8.0202531630092295],[-34.929266685831877,-8.0202718573051204],[-34.929221639266913,-8.0202620983729425],[-34.929197873100527,-8.0201958861688585],[-34.929132036910921,-8.020180462142493],[-34.928704483748568,-8.0201667322600283],[-34.928570216228103,-8.0201450696638297],[-34.928421393237976,-8.020085298579108],[-34.928164644172242,-8.0197937700328552],[-34.928247289177413,-8.0197244115441073],[-34.928262209230581,-8.0195407905995548],[-34.928314171378915,-8.0194227131827152],[-34.928554955102463,-8.0191395384337039],[-34.928627988602251,-8.0190070736966348],[-34.928713111222002,-8.0186484508693443],[-34.92880443278959,-8.0184110179347883],[-34.928589769572454,-8.0182864447363098],[-34.928434027177886,-8.0181741646974629],[-34.928215482516499,-8.0183726848602337],[-34.927821857213132,-8.0187664061709683],[-34.927142438620898,-8.0194276820671959],[-34.92660668106042,-8.0198261278488658],[-34.926117242106713,-8.0200770517092881],[-34.925648591903716,-8.0202559355139122],[-34.925358985484841,-8.0203348498121105],[-34.924979197477683,-8.0204103811904357],[-34.924930475276575,-8.0204365762633465],[-34.924715086066769,-8.0204724453684157],[-34.921278901399965,-8.0208456595760307],[-34.919609836352528,-8.0210409803951084],[-34.918882723956202,-8.02109862212777],[-34.91825214937942,-8.0211656771664774],[-34.917824489166506,-8.0212416523404357],[-34.917482047515996,-8.0213260385864729],[-34.917235824841846,-8.0208581699418406],[-34.91707352351343,-8.0204989812399177],[-34.916937812155872,-8.0205964826038905],[-34.915478320952673,-8.0211859602087792],[-34.915406353877742,-8.0211230112878216],[-34.915291036168675,-8.0210717935282236],[-34.915161473601771,-8.0210819150266364],[-34.915012226974966,-8.0211125246521497],[-34.914787584677512,-8.0211847997242245],[-34.914453583224315,-8.0213251747264014],[-34.914390071806139,-8.0214078936980169],[-34.914447059823743,-8.0217957216643789],[-34.914484047055147,-8.0219522188924799],[-34.914720908412932,-8.0225353600743041],[-34.913320605878333,-8.023408581252589],[-34.912882227926104,-8.0236632146801785],[-34.912640391765414,-8.0237984313530468],[-34.911904661187798,-8.0241135027125701],[-34.91132844390161,-8.0242772102043798],[-34.909165787557299,-8.0248397588369293],[-34.907429969077754,-8.0253082337059976],[-34.906916863322863,-8.0254775161434413],[-34.906599611444499,-8.0255991657359029],[-34.906570487049095,-8.0255989634370053],[-34.906173529479013,-8.0257855416172088],[-34.90547379546593,-8.0261879271769718],[-34.905416055088438,-8.026142108627381],[-34.905300212711715,-8.0261355823601424],[-34.905098788470482,-8.0260909099082163],[-34.904876777186594,-8.0260708709230251],[-34.904624679228355,-8.0261022580865795],[-34.903556104971727,-8.0264119256587723],[-34.903008072438439,-8.0264481794334674],[-34.899170231197409,-8.0263560069484878],[-34.898958517894464,-8.0263830809210734]],[[-34.91194836227529,-7.9573192449053955],[-34.911810768644976,-7.9564928845424303],[-34.911508767557898,-7.9555367804191741],[-34.911335501532818,-7.9551628538685186],[-34.911508010546541,-7.9555376102252238],[-34.911810011633058,-7.9564937143492465],[-34.91194836227529,-7.9573192449053955]]]},"properties":{"cdistscodi":7}}]}