{"type":"FeatureCollection","features":[{"type":"Feature","geometry":{"type":"Polygon","coordinates":[[[-34.910189757897768,-8.0814418749671173],[-34.910172975126002,-8.0814372992569616],[-34.910130707754178,-8.0814021956977271],[-34.909565475896997,-8.0813211026756022],[-34.909347008831055,-8.0812932680190652],[-34.909179645339009,-8.0812719443404895],[-34.90928143676296,-8.0809797122984222],[-34.909387586110817,-8.0806749675206575],[-34.909437417055216,-8.0806747628176687],[-34.909739464223577,-8.0806735210755072],[-34.909860718340113,-8.0806342606344064],[-34.909943179892487,-8.0806155228726091],[-34.909995164137953,-8.0806079417146233],[-34.910000319919114,-8.0806713080181716],[-34.910048774037918,-8.0808090421020484],[-34.910144032372891,-8.0807916006057816],[-34.91021465999507,-8.0807834052388294],[-34.910219705161545,-8.0809709581419504],[-34.910219763394927,-8.0809731167789565],[-34.910341639965196,-8.0809441080948403],[-34.910561897537598,-8.0808956081386825],[-34.910552419883025,-8.0810834214367127],[-34.910566300119385,-8.0811374215005198],[-34.91057843681358,-8.0811333868913948],[-34.910666136679652,-8.0811432779410719],[-34.910669538430405,-8.0811434654570551],[-34.910681901451646,-8.0808962352478275],[-34.910695015699474,-8.0805960079167285],[-34.910775466513812,-8.0805933717608198],[-34.910833432687085,-8.0805933720620668],[-34.910886087707361,-8.0805934035075246],[-34.910884441173565,-8.0806184474884333],[-34.91094595872439,-8.0806213241833156],[-34.910987514494138,-8.0806231966391397],[-34.910987507982497,-8.0806285595856053],[-34.910987439734654,-8.0806844148742609],[-34.91104985817524,-8.0806857694142771],[-34.911051729810865,-8.080582497413106],[-34.911121519576128,-8.080589042083286],[-34.911208535235005,-8.0805935172713994],[-34.911210807146041,-8.0805934171483731],[-34.911290050173669,-8.0805899340044132],[-34.911268345684256,-8.0809847729688222],[-34.91145125877518,-8.080999850133411],[-34.911453646974905,-8.0809346522524077],[-34.911456051181283,-8.0808705418869025],[-34.911458617293256,-8.080802091251611],[-34.911442467595947,-8.0808015339127959],[-34.911446665011482,-8.0806911279295974],[-34.911574618120135,-8.0807010168381002],[-34.911578552039913,-8.0805970788713584],[-34.911578707724509,-8.0805929592227521],[-34.911687091765522,-8.0806022190598181],[-34.911753544273679,-8.0806026225405976],[-34.911751235567444,-8.0806426924576975],[-34.911809864758332,-8.0806461448547555],[-34.911798289324501,-8.0807531995973498],[-34.911859732287638,-8.0807639337257076],[-34.911941919208196,-8.0807782241594399],[-34.912017650952528,-8.0807936748461202],[-34.912075396766355,-8.080805445111281],[-34.912147088941175,-8.0808114382570864],[-34.912281945313254,-8.080837878807289],[-34.912258295479745,-8.080958115225414],[-34.912204936916851,-8.0812293880585102],[-34.91225715659187,-8.0812384809773707],[-34.912314242528723,-8.0812484217399643],[-34.912373472888262,-8.0812587357858483],[-34.912432452675219,-8.0812690066954929],[-34.912392217544053,-8.0814716520646375],[-34.912370552138995,-8.0815396016633994],[-34.912345979464142,-8.0816794163079901],[-34.912361918442024,-8.0816822229973795],[-34.912435372194601,-8.0816962539901986],[-34.912501108667186,-8.0817086937578928],[-34.912506823784582,-8.0816698202676189],[-34.9125071736146,-8.0816674400370143],[-34.912545130348114,-8.0816742156151555],[-34.912566204614414,-8.0816779782762804],[-34.912581881097474,-8.0816809073295222],[-34.912581331526539,-8.0816844068225482],[-34.912575517924232,-8.0817214364812848],[-34.912701147832138,-8.0817322263286364],[-34.912788207717433,-8.0817362289910548],[-34.912861358503612,-8.0817429456299745],[-34.912976901926136,-8.0817543159858882],[-34.913001083336091,-8.0817556149718133],[-34.913038848886281,-8.0817580084910592],[-34.913127754687196,-8.0817600632225286],[-34.913156275562478,-8.0817607226059867],[-34.913274699285211,-8.0817634591420511],[-34.913276678900928,-8.081814522271765],[-34.913381538496886,-8.0818334986792131],[-34.913495200023917,-8.0818518859926414],[-34.913643989979981,-8.0818815054541862],[-34.91375793755595,-8.0819041883654279],[-34.913982183281405,-8.0819607110459764],[-34.914084730607954,-8.0819800723655444],[-34.914292010697636,-8.0820192059796874],[-34.914428452663167,-8.0820449665505869],[-34.914465418879075,-8.0820519454675868],[-34.91446247583491,-8.0819581979119519],[-34.914457776472432,-8.0818084455125234],[-34.914449607822789,-8.0815481767329569],[-34.914449162651657,-8.0815339895392651],[-34.914447743936989,-8.0814887884819715],[-34.914554387426186,-8.081455171383368],[-34.914561162069596,-8.0813143751492724],[-34.914567620685574,-8.0811552279048051],[-34.914572367756925,-8.0810382596253554],[-34.914653361978779,-8.0810298829586085],[-34.914720344324579,-8.0810306939029388],[-34.914841834248655,-8.0810321653501216],[-34.914841509857702,-8.0810414760107498],[-34.914838035958773,-8.081141212287374],[-34.915034327926655,-8.0811439081745746],[-34.91504538362048,-8.0812488181376132],[-34.915060157042213,-8.0813887883391171],[-34.915031312382339,-8.0813892850891289],[-34.915020930801198,-8.0816446421098043],[-34.915607001082698,-8.0816768580825862],[-34.915704796781661,-8.0816552799753385],[-34.915707772726535,-8.0816546232402633],[-34.915714337482491,-8.0813921402819346],[-34.915714549609248,-8.0813836501365124],[-34.915824932949896,-8.0813634758032702],[-34.915934051925483,-8.0813466126222462],[-34.916010883996933,-8.0813347392849071],[-34.916019582547428,-8.0813333948570083],[-34.915961230238977,-8.0810668007414908],[-34.915960792635232,-8.081064801197174],[-34.916091966653994,-8.081054262515913],[-34.916100153184921,-8.0810536048630581],[-34.916096572304241,-8.0809679725449897],[-34.916150535520728,-8.0809655498706316],[-34.916182722849022,-8.0809615757250395],[-34.916221022207253,-8.0809638905191825],[-34.916225419447827,-8.080964156496302],[-34.916221159954503,-8.0810872691231417],[-34.916405747281324,-8.0810933000604752],[-34.916437053103039,-8.0810936026252573],[-34.916490616328872,-8.0810936896473393],[-34.916832499242304,-8.0811037301997501],[-34.9168697516685,-8.0813683138186239],[-34.916952579429875,-8.0817168021829637],[-34.917068785888809,-8.0822100171607349],[-34.917237326873895,-8.0828244943103709],[-34.917394292408169,-8.0835075055503758],[-34.917411561008315,-8.0835826470152892],[-34.917367613680824,-8.0836068623718074],[-34.917218178025934,-8.0836793992942244],[-34.917205261808533,-8.083685668984927],[-34.916735082285101,-8.0839284381584502],[-34.916718589015446,-8.0839358248579991],[-34.916643586264264,-8.083969414475586],[-34.916696390932259,-8.0841791606217992],[-34.916772020910365,-8.0844679765595977],[-34.916838438957704,-8.0846346272407636],[-34.916964802880273,-8.0849871566531135],[-34.916165471015191,-8.0852137879417345],[-34.915820244244145,-8.0847736400609449],[-34.915022146978288,-8.0848072133342459],[-34.91501120521847,-8.0849479938021265],[-34.914965704633602,-8.0855334107700099],[-34.914594139267095,-8.0855416106473061],[-34.914258668728479,-8.0847759859716408],[-34.914223323163533,-8.0846866528669743],[-34.912835950698145,-8.0848576404193437],[-34.91272736202162,-8.0851895823310045],[-34.912669922503333,-8.0853651664634825],[-34.911484929468109,-8.0858778713378214],[-34.911383687754686,-8.0856463447116109],[-34.911346726664654,-8.0855715760462967],[-34.911249662704499,-8.085352022229376],[-34.911093757164721,-8.0850601408061795],[-34.911021380437191,-8.0849262744353556],[-34.910874289723928,-8.0846310517866051],[-34.910625037421745,-8.0842054016288305],[-34.910436085228014,-8.0838471458563479],[-34.910147101109878,-8.083523685731274],[-34.91020966800199,-8.083435234240147],[-34.910323734692049,-8.0832739772035129],[-34.910389117120658,-8.0831770079962872],[-34.910428125300903,-8.0831157207733924],[-34.910545081075526,-8.0829319100466801],[-34.910568654315959,-8.0828513814167096],[-34.910614236609838,-8.0826956672647121],[-34.910648486576619,-8.0826212354695119],[-34.910674350873926,-8.082488009906406],[-34.910692540058776,-8.0823658199866504],[-34.910760145416241,-8.0819551893269495],[-34.91079566919408,-8.0817636163405737],[-34.910830524722165,-8.0815811721176658],[-34.910787201229383,-8.0815421815777615],[-34.910775261672995,-8.0815314365153395],[-34.91052183243761,-8.081496276671098],[-34.910251955074266,-8.0814588339079947],[-34.910189757897768,-8.0814418749671173]]]},"properties":{"NMNOME":"Afogados","BAIRRO":"AFOGADOS","ZEIS_TIPO":"ZEIS Planície","NOME_TIPO":"Afogados - ZEIS Planície"}},{"type":"Feature","geometry":{"type":"Polygon","coordinates":[[[-34.93317534742561,-8.1305408367568877],[-34.933174479221051,-8.1305397053974158],[-34.933026024551523,-8.1298106136165913],[-34.932936987110438,-8.129380192895141],[-34.932906399150504,-8.1292145279381867],[-34.932948674838379,-8.1292219733676436],[-34.932975259336828,-8.1292266555949784],[-34.933441093708446,-8.1293086958058858],[-34.933690754989698,-8.1293522008295227],[-34.933883623037836,-8.1293858089479514],[-34.934330109365007,-8.1294626432733761],[-34.934525456975827,-8.1295096996834815],[-34.934594103895911,-8.1295312690665753],[-34.934738421375108,-8.1295948050149462],[-34.934791425877705,-8.1296288930863554],[-34.934877489338795,-8.1296768275230562],[-34.93491181640168,-8.1296983893586514],[-34.934941629388199,-8.1297209662335153],[-34.9350637504891,-8.1298134469422578],[-34.935215062891928,-8.1299685496389138],[-34.935333173470099,-8.1301219968335676],[-34.935358148927634,-8.1301659106073245],[-34.935410615067042,-8.1302581605380251],[-34.935425624496091,-8.1302910941510085],[-34.935484262347174,-8.1304409822722974],[-34.93550055653153,-8.1304947418056166],[-34.935502144282836,-8.1304957051944147],[-34.935530948233946,-8.1305950190329082],[-34.935544221620049,-8.1306388140350574],[-34.935574177088675,-8.1307408182602536],[-34.935546432827266,-8.1308030478500566],[-34.93542441188022,-8.1311459713959753],[-34.935294361423473,-8.1315077510108509],[-34.935237077659288,-8.1317807660732733],[-34.935239191481372,-8.1319509897107132],[-34.935260658121543,-8.1321116548525261],[-34.935586199086707,-8.1322254773391567],[-34.935704163846673,-8.1322683414357027],[-34.936479753561756,-8.1325453379364703],[-34.93653442970156,-8.1325627840640369],[-34.936562545642843,-8.1325719608664127],[-34.936479570616015,-8.1328111503945362],[-34.936400394776975,-8.1330315700055422],[-34.936317604676134,-8.133260360270711],[-34.936281504385214,-8.1333640985358286],[-34.936240995904278,-8.1334822276928698],[-34.936200484724203,-8.1336003649999977],[-34.936111456323779,-8.1338499646034474],[-34.936056372015187,-8.1340008048786832],[-34.935982632327587,-8.1341961392180764],[-34.935966858773618,-8.1342369328287791],[-34.935886752520069,-8.1344441026039007],[-34.93588204698262,-8.1344562736609944],[-34.935859103531733,-8.134515610973498],[-34.935756579594823,-8.1348017081422945],[-34.935739552488059,-8.1348586314705038],[-34.935709799470111,-8.1349580994975224],[-34.935705500066788,-8.1349724754069648],[-34.935661052001365,-8.1351242359516895],[-34.935611540690338,-8.135302299572361],[-34.9356086689127,-8.1353126266681581],[-34.935596119416196,-8.1353652778137739],[-34.935570258252078,-8.1354737777489881],[-34.935557708658358,-8.1355564659796205],[-34.935540710778646,-8.1356761962852282],[-34.935540667838687,-8.1356765120035472],[-34.935561918201721,-8.1357887634356185],[-34.935583430128723,-8.1358704467600695],[-34.93559866625823,-8.1359350436007283],[-34.935132181400924,-8.1364216353453092],[-34.935482797017208,-8.1367597962221527],[-34.935691612895567,-8.1369529385451447],[-34.936046515070132,-8.1372766912212029],[-34.936062408211797,-8.1372910260075777],[-34.936109337730947,-8.1373333549951354],[-34.935992006554628,-8.1374906143726129],[-34.935867390381276,-8.1376573919572568],[-34.935768083233683,-8.1377902292425741],[-34.935650623920367,-8.1379473065719523],[-34.935590771905957,-8.1380273463334643],[-34.935466486407385,-8.138190120962717],[-34.935258610421947,-8.1384601699912054],[-34.935072987937154,-8.1387133255889825],[-34.934942886047025,-8.138893389819577],[-34.934902757895586,-8.1389489288730221],[-34.934902657851858,-8.1389490667655675],[-34.934814028137382,-8.1390708570951205],[-34.934798145315263,-8.1390925188135608],[-34.934756230378468,-8.1391496846278599],[-34.934773141403561,-8.1391863003659726],[-34.934782954683655,-8.1392075494216574],[-34.934848715114256,-8.1393482905550574],[-34.934929663791607,-8.1395201698216422],[-34.934870390485479,-8.1395511105085951],[-34.934691840351263,-8.1396411370681303],[-34.934630849557422,-8.1396718879263208],[-34.93464715243973,-8.1396993675132876],[-34.93468473212144,-8.1397627088443514],[-34.93465303811363,-8.1397759812893415],[-34.9343816917346,-8.139882132564912],[-34.934413572182109,-8.1399477811013679],[-34.934367359805997,-8.1399672160185457],[-34.934195012891152,-8.14004753770954],[-34.934071356198928,-8.1401052430472518],[-34.934103469680437,-8.1401791869830404],[-34.934168451139506,-8.1403232127524063],[-34.933833865657476,-8.1404583524602394],[-34.933823500138274,-8.1404375408578939],[-34.933803059850398,-8.1403924130672518],[-34.933750215540691,-8.1402757465602544],[-34.933696361670762,-8.1401568491286902],[-34.933649227436916,-8.1400507110975848],[-34.933591404839383,-8.1399095937786168],[-34.933533117790866,-8.1397673449728032],[-34.933504382484912,-8.1396894920228],[-34.93349093469768,-8.1396527195879642],[-34.933348502147687,-8.1392632408978596],[-34.933079458719234,-8.1386588905319535],[-34.933038727888096,-8.1386052617349112],[-34.932940534515105,-8.1385333671165405],[-34.931774554208182,-8.1379743185787792],[-34.931752872401582,-8.1380170740286069],[-34.931597679897521,-8.1382394209640712],[-34.931380471412396,-8.1383374979889869],[-34.93135631320709,-8.1384159554048363],[-34.931338243223735,-8.1384746375400798],[-34.931325949489676,-8.1384897078158982],[-34.93129686122559,-8.1385253646092242],[-34.931270291349072,-8.1385657231532651],[-34.931196027360897,-8.1386785288212149],[-34.931224252518071,-8.1386998097646241],[-34.931125765566364,-8.1387876115433837],[-34.931117488603611,-8.1387949900141408],[-34.931184169614482,-8.1388505188906901],[-34.931214023230481,-8.138875380271319],[-34.931234204068751,-8.1388921855404917],[-34.931240791416421,-8.1388889113678111],[-34.931246652124351,-8.1389021287660182],[-34.930999113889214,-8.1390091888873197],[-34.93095860254568,-8.1390310797465997],[-34.931027182460838,-8.1391593315700863],[-34.931072304721972,-8.1392596412896872],[-34.931006615537193,-8.1392799242763996],[-34.930837324534622,-8.1393070410402348],[-34.930780105008346,-8.1393997652556482],[-34.930588741442264,-8.1395197590278823],[-34.930547033034799,-8.1395432900832283],[-34.93049771205856,-8.139417410122352],[-34.930431088166998,-8.1392472659057002],[-34.930363883866619,-8.1390756408724219],[-34.930271403165143,-8.1388501603954158],[-34.930221118263219,-8.1387275594218469],[-34.930159638443413,-8.1386012987090535],[-34.930130765270903,-8.1386419240027159],[-34.930055713720847,-8.138742667785289],[-34.929907828557681,-8.1389452486391463],[-34.929784094678631,-8.1391141254657295],[-34.92968584159896,-8.1392552406266105],[-34.929601618237449,-8.1393792757087855],[-34.929488253497944,-8.1394979851926603],[-34.929489254586095,-8.1394340005579906],[-34.929484021128182,-8.1389541853912597],[-34.92952801571689,-8.1383771294940406],[-34.929527738162079,-8.1382088131962131],[-34.929525228159818,-8.1380382844381227],[-34.929520923178508,-8.1378832081574224],[-34.929516200830228,-8.1377357053079145],[-34.929517123500439,-8.1377309636820065],[-34.929484330888023,-8.1376648451412326],[-34.929561051273019,-8.1376140343721737],[-34.929697899230973,-8.1375397253694075],[-34.929697838361975,-8.1375270074324177],[-34.92990148400753,-8.1374089266894867],[-34.9300213426963,-8.137340527688778],[-34.930089755618916,-8.1373009882935836],[-34.930153003968307,-8.1372626803499042],[-34.93016156163133,-8.1372730028366416],[-34.930437823616941,-8.137117187782124],[-34.930534951802407,-8.1370649120294356],[-34.930647155757363,-8.137002201422229],[-34.931036552936874,-8.1367808449351422],[-34.931463612415222,-8.1365272784558442],[-34.931604097629247,-8.1364474749206668],[-34.931797429575077,-8.1363476374903279],[-34.932080334550747,-8.1361974430412332],[-34.932190660824027,-8.1361375671155578],[-34.932241559105961,-8.1361052943790995],[-34.932307054604465,-8.1359627283171516],[-34.932399723737824,-8.1357691610358653],[-34.932442581986784,-8.1356710193233361],[-34.932447638260456,-8.135660071601702],[-34.932480196436309,-8.1355954351596225],[-34.932546665130253,-8.1354585175022844],[-34.932625296720303,-8.1352951635340727],[-34.932752931305942,-8.1350418311303745],[-34.932865607651912,-8.1348264903658691],[-34.932903384375471,-8.1347671883061512],[-34.933752202679678,-8.1343582216393635],[-34.933750645291269,-8.1342901702364987],[-34.933766311636155,-8.1342655678315481],[-34.933768213760111,-8.1341952823213202],[-34.933771728394014,-8.1341954626732669],[-34.933769675928829,-8.1337425443696407],[-34.933761609169217,-8.1333745433293618],[-34.933759029504436,-8.133099468950423],[-34.933756071483501,-8.132745261105331],[-34.933746627907915,-8.1320274844546532],[-34.93374470810943,-8.1316269182016434],[-34.933860136222357,-8.1313877923344027],[-34.934129001082269,-8.1308578992634235],[-34.934146477725875,-8.1307887239408796],[-34.934158361120268,-8.1307384527408111],[-34.93416730216385,-8.1307066951525506],[-34.934179272416905,-8.1306745461573993],[-34.933275970036412,-8.1310162890546511],[-34.93317534742561,-8.1305408367568877]]]},"properties":{"NMNOME":"Alto da Jaqueira","BAIRRO":"IBURA","ZEIS_TIPO":"ZEIS Morro","NOME_TIPO":"Alto da Jaqueira - ZEIS Morro"}},{"type":"Feature","geometry":{"type":"Polygon","coordinates":[[[-34.925151091437449,-8.0216890619560601],[-34.925231793932696,-8.0214322234743491],[-34.925295411760459,-8.0212288867116825],[-34.925334889584192,-8.0210840994763508],[-34.925362216524796,-8.0209838741401036],[-34.92538142082612,-8.0208748776181125],[-34.925397669357857,-8.0207765112979548],[-34.92539843306097,-8.0207718879786523],[-34.925398400127875,-8.0207648898011872],[-34.925397823848293,-8.0206424311872606],[-34.925389559537585,-8.0205917945290253],[-34.925484950594537,-8.0206003403111996],[-34.925677863232551,-8.0206176225451635],[-34.925906947662234,-8.0206381447332831],[-34.92592363584658,-8.0206397581841511],[-34.926110040610503,-8.0206577776171049],[-34.926145955718063,-8.0206739243008549],[-34.926183845240537,-8.0207016047835751],[-34.926242061589477,-8.0207556999325629],[-34.926298984414998,-8.0207970466428797],[-34.926387328802079,-8.0208612158042865],[-34.926435679323546,-8.0208963356469596],[-34.926482084945057,-8.0209300424945624],[-34.92658650248049,-8.021018134670971],[-34.926643750153488,-8.0210664311120361],[-34.926724191730059,-8.0211272749513647],[-34.926787940282985,-8.0211741143411519],[-34.926788125953692,-8.0211742508894837],[-34.926901377453305,-8.0212574603802551],[-34.927125714415681,-8.0214007201361959],[-34.927356509987035,-8.0215491207209055],[-34.927445356396476,-8.0216123587577197],[-34.927691366419943,-8.0218043105414605],[-34.927906259636281,-8.0219661128035504],[-34.927974071301229,-8.0217318709157368],[-34.928026725700313,-8.0215593278983164],[-34.928063012519047,-8.0214310772394608],[-34.928127132023576,-8.0212140351948076],[-34.928142247774979,-8.0212184042500319],[-34.928319207320506,-8.0212695472414293],[-34.928611893896274,-8.0213571512617854],[-34.928689179017965,-8.0213805922379393],[-34.928769894782334,-8.0214050739726659],[-34.929025148419669,-8.0215004877659855],[-34.929449221208024,-8.0215746560304968],[-34.929514634418275,-8.0215963081813211],[-34.929533759970248,-8.0216000888319812],[-34.929605266195026,-8.0213909434226149],[-34.929676180421879,-8.0214074265874995],[-34.92981403737523,-8.0214444797509952],[-34.929882258881001,-8.0214667614675541],[-34.929946385719575,-8.0214864405944546],[-34.930018926206095,-8.021508306064554],[-34.930019863558563,-8.0215085882574009],[-34.930053469016215,-8.0215182650840635],[-34.930090980779156,-8.0215290672306949],[-34.930089633872967,-8.0215336779112842],[-34.930061872048505,-8.0216287449743557],[-34.930145056428429,-8.0216099086546944],[-34.93018530921416,-8.0216059229232979],[-34.930224097984208,-8.021599412689044],[-34.930313689259641,-8.0215759392259312],[-34.930536050749573,-8.0215300554896611],[-34.930699649164289,-8.0215042478479077],[-34.930792825655139,-8.0215116997560507],[-34.930794866279015,-8.021573747412253],[-34.930811221189948,-8.0216567536131826],[-34.930798894385134,-8.0216813927411561],[-34.930750294954692,-8.021831716791759],[-34.930713558772041,-8.0218678334775309],[-34.930834280494267,-8.021941503170007],[-34.930807444065842,-8.022022751004755],[-34.930770192464813,-8.0219957867854372],[-34.930721155811781,-8.0220602048185246],[-34.930701750506714,-8.0220803658921991],[-34.930695190397067,-8.0220740682501912],[-34.930666037513411,-8.0221044004757438],[-34.930648299141659,-8.0221126201707555],[-34.930629715902079,-8.0221147866405076],[-34.930582605208897,-8.0221149162299135],[-34.930522300668251,-8.0221091427038989],[-34.930503295082175,-8.022117910769607],[-34.930484516665331,-8.0221542515300062],[-34.930484305449546,-8.0221546602503544],[-34.930466534575835,-8.0221890516584331],[-34.93043311231019,-8.0222948927123543],[-34.930338297430843,-8.022318929544678],[-34.930249621019406,-8.022341410625657],[-34.930181338116441,-8.0224120637340057],[-34.930138337988922,-8.0224268215557295],[-34.930134069305822,-8.0224282862517278],[-34.930068932581534,-8.0224445039291421],[-34.930027979350271,-8.0224507630414159],[-34.929998146981156,-8.0224553228257118],[-34.929997908636096,-8.0224572866528145],[-34.929991790639086,-8.0225077834634408],[-34.929985007410792,-8.0225637701203922],[-34.929983044016886,-8.0225799728103588],[-34.929816399130765,-8.022620725074729],[-34.929812992742534,-8.0226215583099911],[-34.92970337585146,-8.0226483648245477],[-34.929554067003011,-8.0229524665386016],[-34.929552357973861,-8.0229576068868109],[-34.929540157214852,-8.0229839929560747],[-34.929489677436166,-8.0231461309978478],[-34.929481785718849,-8.0231846058271437],[-34.929478725718468,-8.0232281053680072],[-34.929413741089377,-8.0232239185737182],[-34.929410946769465,-8.023262213111483],[-34.929433016269883,-8.0232672845072948],[-34.929458211108553,-8.0232652019062645],[-34.929543173989558,-8.0232581796589777],[-34.929546925740517,-8.0233036361998593],[-34.92945160866973,-8.0233154966787659],[-34.929445562519184,-8.0233162491665819],[-34.929411840517538,-8.0233159316789369],[-34.929414830709547,-8.0233345412641572],[-34.929377305127744,-8.023339689455371],[-34.929398846865418,-8.0233861221815186],[-34.92942229637498,-8.0234366648532198],[-34.929454663845235,-8.0234247875167561],[-34.929555368967016,-8.0233878340524267],[-34.929581886869641,-8.0234629825436752],[-34.929448131435272,-8.0235170356862113],[-34.929426254532615,-8.0235258768476925],[-34.92944196962997,-8.0235886352377559],[-34.929314009221372,-8.0236215921111302],[-34.929323274824071,-8.0236501702667979],[-34.929442472309255,-8.0236182859906773],[-34.9294498482923,-8.0236244894211541],[-34.929479069372952,-8.023614340016918],[-34.929493128692577,-8.0236664156749899],[-34.929522930465133,-8.0237159087822558],[-34.9295307192941,-8.0237519441944176],[-34.929516727799616,-8.0237851878061264],[-34.929530030180715,-8.0238363855514034],[-34.929516169980772,-8.0238399763449362],[-34.929534622866356,-8.0238722560363964],[-34.929530597935539,-8.0238748288668127],[-34.92923473704608,-8.0240639848484232],[-34.929212851269341,-8.0240338430538287],[-34.928867875890461,-8.0242493590174302],[-34.928716075015537,-8.0243399075194155],[-34.928713575463085,-8.0243620560088953],[-34.928694112916915,-8.0244041633237995],[-34.928676942564124,-8.0244413119859193],[-34.928648097163773,-8.0244599803429217],[-34.928388343733793,-8.0244049648875766],[-34.928366165944247,-8.0243952154506442],[-34.928307942629324,-8.0244538895018813],[-34.928221881188989,-8.0245326944501674],[-34.928312834290978,-8.0247374544444856],[-34.928369193495456,-8.024874916517108],[-34.92845515237633,-8.0250222722271971],[-34.928487256428191,-8.0250666295174327],[-34.928584832764386,-8.0251971523224128],[-34.928638151115642,-8.0252763800762175],[-34.928724861278596,-8.0253972161288853],[-34.928752093571873,-8.0254351665504107],[-34.929553629357841,-8.0257126475155385],[-34.929541373351967,-8.0257265659950416],[-34.929480819548559,-8.0257953313881973],[-34.929381258980264,-8.0259578984830586],[-34.929371277304597,-8.025976915130542],[-34.929346651184289,-8.026030935951999],[-34.929335620771205,-8.0260656646224398],[-34.929322000437757,-8.0261028048051308],[-34.929284961429502,-8.0261915164795798],[-34.929249987469227,-8.0262728820408373],[-34.929236287086887,-8.0262997877561499],[-34.929227884127918,-8.0263206476095377],[-34.929225471743621,-8.0263387708208409],[-34.929224791893127,-8.0263567331242083],[-34.929209422410388,-8.0264639433064353],[-34.929198446966012,-8.0265405024937646],[-34.929190998021831,-8.026587663257164],[-34.929180653392557,-8.0266531682802267],[-34.929136254970153,-8.0266421425924364],[-34.928952557507174,-8.0266042729513103],[-34.928948395497692,-8.0266039425900235],[-34.928901908020038,-8.0265938316289436],[-34.928890997499835,-8.0265993839652907],[-34.928870008909342,-8.0266100652524095],[-34.928849783999453,-8.0266203578302378],[-34.928833798245655,-8.0266284924395013],[-34.928826837335059,-8.0266320346212794],[-34.9288082230334,-8.0266415078039355],[-34.928734824019017,-8.0266829946248919],[-34.928655962371572,-8.0267510782213805],[-34.928576247723235,-8.0268448446845788],[-34.928505873020192,-8.0269285259898311],[-34.92842335505923,-8.0269946721218854],[-34.928410656018734,-8.0269875597377123],[-34.928382031340874,-8.026971527506495],[-34.928114991442555,-8.0268219601497925],[-34.928077858850941,-8.0267899270411824],[-34.928070275328707,-8.0267833855457056],[-34.92802669578721,-8.0267550214740293],[-34.927924948940927,-8.0268224717608074],[-34.927877301534714,-8.0268683671413523],[-34.927831057071508,-8.0269930826494864],[-34.927799023393334,-8.0270794709045408],[-34.927573847086684,-8.0271060202445241],[-34.927564840990165,-8.0270001365481054],[-34.927561748080358,-8.0269637780291045],[-34.927522976723651,-8.0269165869491488],[-34.927519400515948,-8.0269148841803997],[-34.927506844694854,-8.0269089047832427],[-34.927294877585474,-8.0268079712663933],[-34.927259613393517,-8.0268607689450562],[-34.927220238270941,-8.0269152240313115],[-34.926974536989732,-8.027265774631406],[-34.926581164623116,-8.0270439541011704],[-34.926581165844922,-8.0270438284311734],[-34.926568912810474,-8.0270370456846543],[-34.926569844751363,-8.0269653484954393],[-34.9264842404204,-8.0269607905092233],[-34.926469957760439,-8.0269600301611828],[-34.926406996810137,-8.0269569798961076],[-34.926388479030422,-8.026819107085009],[-34.926317818899975,-8.0268182625868398],[-34.92631196701177,-8.0269239745573771],[-34.926247289198066,-8.0269415448647052],[-34.926080151168165,-8.0269659231789703],[-34.925958967704943,-8.0269839387390043],[-34.925917316973063,-8.0269901303085192],[-34.925779354638145,-8.0270106409012971],[-34.925483981751796,-8.0270545519318013],[-34.925481358166685,-8.0272175544911839],[-34.925409324186788,-8.0272192937564686],[-34.925401109404,-8.0272194922137032],[-34.925292777041413,-8.0272262931737206],[-34.925208343733559,-8.0272315945571204],[-34.925202151576556,-8.0272319833444588],[-34.925197986692098,-8.0271603605769251],[-34.925197702471536,-8.0271554763651469],[-34.925074022065594,-8.0271623662494314],[-34.924972874872694,-8.0271666265485795],[-34.924868810346098,-8.0271729264695608],[-34.924850874028792,-8.0271777114870471],[-34.92475788375117,-8.0272118679240698],[-34.924753346267416,-8.0272204081104412],[-34.92475431767302,-8.0272425611845701],[-34.924759694038343,-8.0273651881106129],[-34.924710287606892,-8.0273706627673285],[-34.924627815511322,-8.0273716000067026],[-34.924624716068188,-8.0273428563386169],[-34.924540455508421,-8.0273432504475721],[-34.924541724826923,-8.0273624105948667],[-34.924516524888894,-8.027365602264604],[-34.924479262535215,-8.0272768802640524],[-34.924454552457625,-8.027218045654962],[-34.92427656454489,-8.0272742589960941],[-34.924229076987622,-8.0271896684181563],[-34.92422879816948,-8.0271886273400028],[-34.924203681432232,-8.027094837290452],[-34.924179888711755,-8.0270994697572373],[-34.924164704883104,-8.0270057209476189],[-34.924132656265073,-8.0270162693147729],[-34.924119412629537,-8.027020628242612],[-34.924101170325123,-8.0269598232386414],[-34.92409435976105,-8.0269371233787723],[-34.924091471748113,-8.0269292037489564],[-34.923930229392937,-8.027054856385563],[-34.923899726919792,-8.0270797964859621],[-34.923878110717588,-8.0270951571952356],[-34.923770013819649,-8.0271687830302252],[-34.923750296400584,-8.0271809552753002],[-34.923719138337091,-8.0272020832944104],[-34.923640246802627,-8.0272463243856009],[-34.92358361597956,-8.0272764728646759],[-34.923646457789147,-8.0273461199608303],[-34.923622388013534,-8.0273824744851137],[-34.92360533269791,-8.0274050626255242],[-34.92359829819879,-8.0274143784101177],[-34.923584336994118,-8.0274297033238931],[-34.923562213874241,-8.0274730425629848],[-34.923559448550222,-8.027476160940207],[-34.923547942185628,-8.0275268593279847],[-34.923439161525295,-8.0276726441419228],[-34.923516067022327,-8.0278183158053338],[-34.923510125731973,-8.0278244107343735],[-34.92338067466401,-8.027917491399295],[-34.923095773399609,-8.0281224936622664],[-34.923006770907719,-8.0281871278466088],[-34.92301665587518,-8.0282544794164075],[-34.923022885489758,-8.0283185355896318],[-34.92302537030433,-8.0283440899253193],[-34.922934850239365,-8.0283572295372689],[-34.922825264325645,-8.028385717889245],[-34.922828233452613,-8.028203222832726],[-34.922828812273131,-8.0281725959511654],[-34.922829255366814,-8.0281491723611822],[-34.922778185275639,-8.0281411451981466],[-34.922774851814765,-8.0281106414701515],[-34.922667192571737,-8.0281416638885528],[-34.922485987619467,-8.0281610511252328],[-34.92231548137346,-8.0282291443456959],[-34.922316414154821,-8.0282579596656749],[-34.922321064207537,-8.028323679496113],[-34.922258714045384,-8.0283284920238867],[-34.922176643352721,-8.028347347253618],[-34.92217525905712,-8.0283386277170443],[-34.92209231525797,-8.0283400069757072],[-34.922089487276693,-8.0283552653813661],[-34.921972317237191,-8.0283554954309633],[-34.921971699415181,-8.0283554648668698],[-34.921902437260854,-8.0283520682037253],[-34.921845115981917,-8.0283606325418209],[-34.921838653895819,-8.028359947614387],[-34.921773708391797,-8.0283602509805725],[-34.921652049188999,-8.028356169642926],[-34.921652008833696,-8.0283475857625959],[-34.921651185472626,-8.0283250576706955],[-34.921452157785751,-8.0282470851980463],[-34.921305629195338,-8.0281969033289915],[-34.92124338384685,-8.0281537791198545],[-34.92124671268418,-8.0281480083153536],[-34.921257501543181,-8.0281242507117536],[-34.921158558527829,-8.0280734496828909],[-34.921051291714555,-8.0280183751114595],[-34.921057656589475,-8.0279985690299345],[-34.920995931366448,-8.0279512737098422],[-34.920959567105918,-8.0279193917651064],[-34.920882640272985,-8.0278684200558974],[-34.920850112277392,-8.0278360609241073],[-34.920838840706892,-8.0278248480227106],[-34.92079405619009,-8.0277907470188055],[-34.920726930282804,-8.027761132292131],[-34.920633153788813,-8.027722112231368],[-34.92055972441517,-8.0276952589728001],[-34.920522584812808,-8.0276840565069776],[-34.920513439242498,-8.0276807469303915],[-34.920474021335217,-8.0276664803766273],[-34.920437388797417,-8.02765393481031],[-34.920387076912085,-8.0276261925069026],[-34.920415968704411,-8.0275740017326118],[-34.92032707087381,-8.0275264362156307],[-34.920244563783612,-8.0274942948992258],[-34.920231820290645,-8.027567879083497],[-34.920210391593464,-8.0276203044322454],[-34.920108266137987,-8.027602538837618],[-34.920115359209717,-8.0275523763575976],[-34.919995615587666,-8.0275239237477383],[-34.9200076081883,-8.0274538309396117],[-34.920010294507343,-8.0274381329135824],[-34.920014852309713,-8.0274114933223242],[-34.919946035217187,-8.0273782736960104],[-34.919907728584036,-8.0273717623675012],[-34.919926290102957,-8.0272795228173681],[-34.919874965263396,-8.02726879962343],[-34.919835547616564,-8.0272605649008231],[-34.919793844084168,-8.0272540242043107],[-34.919764112207986,-8.0272499861481759],[-34.919761778778408,-8.0272670512796402],[-34.919740937744557,-8.0272661630841959],[-34.919682650342089,-8.0272636785284917],[-34.919654758931742,-8.0272629525016654],[-34.919597645356582,-8.0272614659675927],[-34.919592285155872,-8.0272607487375822],[-34.919557525542537,-8.0272560994685556],[-34.919526587766512,-8.0272519603407559],[-34.919516960392428,-8.0272505415732773],[-34.919469040543731,-8.0272564426281505],[-34.919445130931152,-8.0272593874945599],[-34.919419492123986,-8.0272589583253353],[-34.919393138672973,-8.0272477289326201],[-34.919366782531775,-8.0272365058788537],[-34.919337691665334,-8.0272341535906797],[-34.919338683717129,-8.0272076391168721],[-34.919339110838756,-8.0271962233261416],[-34.91930393487263,-8.027203157930197],[-34.919293008726896,-8.0271907427650238],[-34.919287438918104,-8.0272041100059877],[-34.919283349013988,-8.027213926416195],[-34.919194133728695,-8.0272271856571518],[-34.919181932039685,-8.0272266892800079],[-34.919147244764332,-8.0272252770879362],[-34.919148859243847,-8.0272047952356136],[-34.919104750548598,-8.0272089327265004],[-34.919094348030313,-8.0272099079072827],[-34.919050655321115,-8.0272104968118327],[-34.91900956405614,-8.027190437428164],[-34.918985013444605,-8.0272160465107856],[-34.918951717053467,-8.0272334694014624],[-34.918951034227085,-8.0272344688637745],[-34.918941177343356,-8.0272488876319237],[-34.918930661996193,-8.0272420576512111],[-34.918904694781553,-8.0272251904909915],[-34.918961324651541,-8.0269808283672663],[-34.918971202079348,-8.0269209333051172],[-34.918973292300798,-8.0269024806633986],[-34.918989613109524,-8.0268464394102494],[-34.919005292431699,-8.0267828142485467],[-34.919031797647804,-8.0266712187201961],[-34.919041931041306,-8.0266078870250173],[-34.919069909455352,-8.026481458892512],[-34.919106719693424,-8.0263560482335095],[-34.919148778041183,-8.0263311485652675],[-34.919201417223597,-8.0262999850178431],[-34.919307520174399,-8.0262347890860113],[-34.919409573011791,-8.0261577516184861],[-34.919455855367282,-8.0261226316814174],[-34.91955453151391,-8.0260477570895823],[-34.919704729971897,-8.0259316293303229],[-34.919789716468145,-8.0258621597631645],[-34.919910158281347,-8.0257626093416068],[-34.919946474935081,-8.0257388285095423],[-34.919969498474671,-8.0257237516274458],[-34.920088129265295,-8.0256876332513016],[-34.920096022588581,-8.025685230493087],[-34.920098465263933,-8.0256838982610432],[-34.920134695556456,-8.0256641363788876],[-34.920169357386001,-8.025636984769621],[-34.920217074697042,-8.0255891596130358],[-34.920259262713387,-8.0255343510524479],[-34.920323766354358,-8.0254290359637146],[-34.920362373089013,-8.0253830315991141],[-34.920683673718969,-8.0253519938816869],[-34.920678348393466,-8.0253268342604436],[-34.920675474376793,-8.0252875055788451],[-34.92066551035056,-8.0251052984726527],[-34.920664735541251,-8.0250486707000306],[-34.920666434354132,-8.0250113973102692],[-34.920667879730559,-8.0249875603782144],[-34.920686821897128,-8.0248831259799065],[-34.920716569106467,-8.0247830999987801],[-34.920736440824733,-8.0247255649377021],[-34.920760955846241,-8.0246657824069985],[-34.920778656407606,-8.0246314692853389],[-34.920808843972544,-8.0245748019010819],[-34.920855166385593,-8.024493820400231],[-34.920855426373677,-8.0244933653475883],[-34.920758822248168,-8.0244281902419878],[-34.92055874882201,-8.0242956913727834],[-34.920213492930259,-8.0241155628601426],[-34.920275489422437,-8.0240119745241589],[-34.920375206945003,-8.0238652084663649],[-34.920385829866369,-8.0238495728663235],[-34.920501757077403,-8.0237207129853854],[-34.920564201079053,-8.0236606848109275],[-34.920675957785591,-8.0235681397672334],[-34.920730001165992,-8.0235262925979534],[-34.920831036335542,-8.02345755812585],[-34.92090798598656,-8.0234276552148742],[-34.921032507646068,-8.0232881631490205],[-34.921124611388052,-8.0231809952147533],[-34.921194741441646,-8.0230993963489841],[-34.921231317289994,-8.0230569046910141],[-34.921275235761883,-8.0229911389367636],[-34.921336260297416,-8.0229456401775732],[-34.921388169769308,-8.0228911406165349],[-34.92137444546362,-8.0228663366237125],[-34.9215847445289,-8.0227319733893747],[-34.921830326230598,-8.0225818521210552],[-34.921933733721993,-8.0225326241948629],[-34.922059811955805,-8.0224651052056082],[-34.922145342139622,-8.0224179568649809],[-34.922166720157733,-8.022406172059025],[-34.922196675745276,-8.0223947820603936],[-34.922243848132837,-8.0223764579855175],[-34.922423225568345,-8.0223379301370752],[-34.922526820868846,-8.0223194338919352],[-34.922573650041329,-8.0223110732439213],[-34.92431383760524,-8.0221103687996607],[-34.925047771106463,-8.0220257181092833],[-34.925151091437449,-8.0216890619560601]]]},"properties":{"NMNOME":"Alto do Mandú","BAIRRO":"ALTO SANTA ISABEL","ZEIS_TIPO":"ZEIS Morro","NOME_TIPO":"Alto do Mandú - ZEIS Morro"}},{"type":"Feature","geometry":{"type":"Polygon","coordinates":[[[-34.937662651624251,-8.0151459180066116],[-34.938377280163238,-8.0147815032977032],[-34.938523924572223,-8.0147067235830232],[-34.93902984481872,-8.0144487358509231],[-34.939097806196358,-8.0145687727371424],[-34.938806681747856,-8.0147045390788634],[-34.938916957468969,-8.0149222967796359],[-34.938581866312603,-8.0151035241208604],[-34.938387677841682,-8.0152085466408032],[-34.938174950073609,-8.0152255173522757],[-34.937973125473981,-8.0152416176081651],[-34.937896017731667,-8.0152885652396968],[-34.937772224408612,-8.0153639379896191],[-34.937757231600386,-8.0153467907801481],[-34.937670149022601,-8.0152249404921516],[-34.937480054405086,-8.0157506722239411],[-34.937848643584935,-8.0163016387876169],[-34.93817629129876,-8.0167914030757359],[-34.938191408726681,-8.0167781526600006],[-34.938287214958955,-8.0167394306308353],[-34.938345396023955,-8.016863539355823],[-34.938551586811933,-8.0168242979197633],[-34.938657874984926,-8.0169721005743781],[-34.938667490366932,-8.0169756444215636],[-34.938428543745488,-8.0171684670234686],[-34.938431064867501,-8.0171722359143267],[-34.938027597875958,-8.0174216496096165],[-34.93778600772881,-8.0171510454560604],[-34.937523022732307,-8.0169418754537283],[-34.937112672777651,-8.017411834959761],[-34.937112564812971,-8.0178184909252206],[-34.937112561841275,-8.0178287863115294],[-34.936971861106272,-8.0183249357866959],[-34.936935039742956,-8.0184547774711579],[-34.93655555939781,-8.0188383738470446],[-34.936439827129519,-8.0189553611090947],[-34.936400414796893,-8.0190174515490931],[-34.936150051068033,-8.0196996015291049],[-34.93614754829283,-8.0197064199240504],[-34.936062123594745,-8.0199391699467935],[-34.935839278767929,-8.0198640318482131],[-34.935797442395092,-8.0198499254374394],[-34.935862894544428,-8.0202943197467285],[-34.935727510981671,-8.0203070460478667],[-34.935724989302138,-8.0202448787994207],[-34.93520272295379,-8.0202274883656699],[-34.935203530311945,-8.0201991352037769],[-34.934677144079579,-8.020411874531101],[-34.934568621202473,-8.0204557338125824],[-34.934431645457849,-8.0206525781414157],[-34.934415367600891,-8.0206759711067352],[-34.934234483359567,-8.0206610332215984],[-34.93417825824968,-8.0203389579865654],[-34.93461594245457,-8.0200129599904812],[-34.934867978592784,-8.0198947071115843],[-34.935229248948026,-8.0195522757442674],[-34.935366840530634,-8.0195084171820383],[-34.935480514528265,-8.0194721818675827],[-34.935649417900471,-8.0191132520772985],[-34.935745775274512,-8.0191657407040662],[-34.935833303959541,-8.0192134196377065],[-34.936105866541304,-8.0186733036758646],[-34.936360094916147,-8.0183385440447665],[-34.936619900286033,-8.017142584518524],[-34.937011804203344,-8.0159828886725748],[-34.937379308393659,-8.0151071581186759],[-34.937565044446742,-8.0152586333823148],[-34.937662651624251,-8.0151459180066116]]]},"properties":{"NMNOME":"Apipucos","BAIRRO":"APIPUCOS","ZEIS_TIPO":"ZEIS Planície","NOME_TIPO":"Apipucos - ZEIS Planície"}},{"type":"Feature","geometry":{"type":"Polygon","coordinates":[[[-34.946870314878453,-8.0824991788131122],[-34.948019444104382,-8.0831998787423593],[-34.948474988713613,-8.0834776532081918],[-34.948665699519552,-8.0835975163314142],[-34.949800902287329,-8.0843109960883819],[-34.950577857727787,-8.0846883919885144],[-34.950245584158807,-8.0851537196101084],[-34.950405678211069,-8.085530347227289],[-34.950491084276322,-8.0857915176928064],[-34.950531760470987,-8.0859171204485758],[-34.950612487261004,-8.0860385388158083],[-34.950763415934453,-8.0861755964356572],[-34.950920297616008,-8.0863006442443961],[-34.951040913789704,-8.0863839328597074],[-34.95173801249981,-8.0868304077223705],[-34.951780516477911,-8.0868576306452074],[-34.951575139774405,-8.0870642800772607],[-34.951140329141765,-8.0875335328924542],[-34.950687972726925,-8.0872590773116499],[-34.949576409567577,-8.0867716419582401],[-34.949109189501982,-8.0875691810292452],[-34.948928494056879,-8.0878848002268722],[-34.948827087114644,-8.088016028945562],[-34.948725086068748,-8.0880237786901095],[-34.948218742440694,-8.0883191600983846],[-34.948058204208635,-8.08834627873701],[-34.948017761765328,-8.0883476938904355],[-34.947990741503503,-8.0883491471841324],[-34.94794301211568,-8.0883517144841424],[-34.947943604533556,-8.0884750886410028],[-34.947975329620263,-8.0884803308766102],[-34.947961140405965,-8.088579179146075],[-34.947874707502166,-8.0889322760318265],[-34.947909429844778,-8.0889394142190483],[-34.947862016003185,-8.0892697229624133],[-34.947762098747042,-8.0897267961534958],[-34.947445613360465,-8.0896794670981151],[-34.947213912762813,-8.0896188707581604],[-34.947094239904267,-8.0895806595575586],[-34.946888932404796,-8.0895151050432954],[-34.946894140367071,-8.0888487047293385],[-34.946900383936558,-8.0887492307402891],[-34.946864782553526,-8.0881886347527683],[-34.946818811152319,-8.0878980048602234],[-34.946776739099413,-8.087632026891896],[-34.946681720547183,-8.0872638031040562],[-34.946583937896811,-8.0869431642698526],[-34.94644289839178,-8.0866137470495225],[-34.946310562395695,-8.0863450781914423],[-34.946087881421377,-8.0859038619169841],[-34.945916705345148,-8.0856643344418142],[-34.945758632934776,-8.0854431445211006],[-34.944326734495775,-8.0838797277401575],[-34.944528372557244,-8.0834168585583548],[-34.946055363054604,-8.0840761200882731],[-34.946870314878453,-8.0824991788131122]]]},"properties":{"NMNOME":"Areias","BAIRRO":"IPSEP","ZEIS_TIPO":"ZEIS Planície","NOME_TIPO":"Areias - ZEIS Planície"}},{"type":"Feature","geometry":{"type":"Polygon","coordinates":[[[-34.944201271443418,-8.0857080723318777],[-34.94422321807744,-8.0856867526021166],[-34.944278369584133,-8.0856342298523263],[-34.944334225955203,-8.0856884980421242],[-34.944388799726113,-8.0857420237726032],[-34.944490302070392,-8.0858636685673932],[-34.944562844765962,-8.0859591099096981],[-34.9446183956806,-8.0860187124731482],[-34.944645147543305,-8.0860856356660751],[-34.944657356434796,-8.0861262868326058],[-34.944665864204154,-8.0861623910769271],[-34.944691912528647,-8.0862390460704159],[-34.944738194304001,-8.0863075225595473],[-34.944770839261963,-8.0863504712632199],[-34.944810215492652,-8.0863879997947432],[-34.94484148213445,-8.0864255669256089],[-34.944878206830218,-8.0864738843192221],[-34.944912292896056,-8.0865356836766313],[-34.944940830534328,-8.0865678756620376],[-34.9449897131989,-8.0866147881273172],[-34.945026353991871,-8.0866455944945947],[-34.945081910733172,-8.08667496376545],[-34.945117206399232,-8.0867071244610145],[-34.945153885953587,-8.0867460128138049],[-34.945187994934855,-8.0867955477132636],[-34.945173481928656,-8.0868249287519891],[-34.945117575015601,-8.0868986904026539],[-34.945047340325551,-8.0869967668266654],[-34.944992171742015,-8.0870659794032065],[-34.94493403875682,-8.0871511164260603],[-34.94487960124237,-8.0872142638753974],[-34.944830445809082,-8.0872690517575787],[-34.944773673296609,-8.0873208446274862],[-34.944752463184699,-8.0873368568443365],[-34.944722630710125,-8.0872991147421285],[-34.944685508928231,-8.0873265683942286],[-34.944619591730856,-8.0873738583255861],[-34.944543809646504,-8.0874249840739179],[-34.944486153446256,-8.0874510202772871],[-34.944468551502254,-8.0874756552945311],[-34.944466963774275,-8.0874778768656874],[-34.944455189193995,-8.0874943558487402],[-34.944434821830555,-8.0875277904711709],[-34.944428088387582,-8.0875505530007672],[-34.944362527874375,-8.0875880521758923],[-34.944318151625303,-8.0876107660588286],[-34.944296901443991,-8.087621642553243],[-34.944242272230781,-8.0876446330511875],[-34.943986763606816,-8.0877825086376021],[-34.943957569965576,-8.0877902433843545],[-34.944124284893107,-8.0878877814589281],[-34.944511971031652,-8.0881230081947546],[-34.944815627352597,-8.0883101423492292],[-34.945117900021025,-8.0884905476456677],[-34.945371348961444,-8.0886361633093617],[-34.946255153759623,-8.0891694051417105],[-34.946718634851322,-8.0894071564106476],[-34.946718915845381,-8.089407299718717],[-34.946708410389995,-8.089595015428964],[-34.946695721855647,-8.0898310104082309],[-34.94669179817933,-8.090025811400011],[-34.946687890850733,-8.0902198565299965],[-34.946687857788646,-8.0902214731230924],[-34.946685873361126,-8.0903200227693368],[-34.946681670695668,-8.0905286958775076],[-34.946678449698446,-8.0906886352842928],[-34.946676382463551,-8.0907912842719831],[-34.946687410183557,-8.0908932470376005],[-34.946698730301726,-8.0909979151228484],[-34.946722820253903,-8.0912063195353667],[-34.946723786586894,-8.0912146809757814],[-34.946742056203384,-8.0913554054615986],[-34.946686036611943,-8.0913698100337559],[-34.946645296241464,-8.0913802859942887],[-34.946624793729733,-8.0913859264528369],[-34.946516962329937,-8.0914155906191532],[-34.946286242320809,-8.0914933681171632],[-34.94626488005521,-8.0915005694270832],[-34.946086592278533,-8.0915615799571974],[-34.945936327986956,-8.0916133314104002],[-34.945876234810513,-8.0916342662478922],[-34.945791690765105,-8.0916639684313445],[-34.945650845265106,-8.0917134500488075],[-34.945553413305639,-8.0917476795998979],[-34.945425959730493,-8.0917995780431404],[-34.94536043484834,-8.091826259509963],[-34.945215680345186,-8.0918852024026702],[-34.945158723883253,-8.0919063057289833],[-34.945060884221412,-8.091942556766929],[-34.945037376472591,-8.0919512662509039],[-34.944954680335613,-8.0919751500769674],[-34.944869255641741,-8.0919998225592273],[-34.944742408577042,-8.0920316381355715],[-34.944696625058313,-8.0920422699413841],[-34.944595847115679,-8.0920656720896442],[-34.944558046257754,-8.0920709609078685],[-34.944469953329893,-8.0920832849799957],[-34.944339536568634,-8.0920937258655918],[-34.944301806832037,-8.092096255168638],[-34.944263049089187,-8.0920953359009609],[-34.944238012606235,-8.0920947427397074],[-34.944186620608932,-8.0920865481859714],[-34.944174806889471,-8.0920859933067266],[-34.944113013919832,-8.0920701204704031],[-34.944053438429144,-8.0920473319460804],[-34.944019301054347,-8.0920305743333127],[-34.943983212187717,-8.0920113109474006],[-34.943935869484662,-8.091986040403004],[-34.943847229373503,-8.0919387268925203],[-34.943793727501742,-8.0919173133917592],[-34.943599003613002,-8.0918428943275025],[-34.943510737539604,-8.0918107714780074],[-34.943474772286478,-8.0917993111932613],[-34.943468656031257,-8.0917973622496007],[-34.943473013619339,-8.0917278265205859],[-34.943476139145709,-8.0916779425301382],[-34.943479050666539,-8.0916314822852922],[-34.943481779301685,-8.0915879357546441],[-34.943485255703798,-8.0915423651166929],[-34.943488388457531,-8.0915040203646633],[-34.943490103045526,-8.0914830274339042],[-34.943493345477727,-8.0914433396481211],[-34.943497269956971,-8.0913952970175629],[-34.94350137099277,-8.0913451019117595],[-34.943504619424886,-8.0913053408696705],[-34.943505334878331,-8.0912965745239323],[-34.943508683586757,-8.0912555907313255],[-34.943512944815495,-8.0912034249419822],[-34.943518455031935,-8.0911271883458618],[-34.943520450547787,-8.0910976173718865],[-34.943522222483345,-8.0910713653194435],[-34.943526371918502,-8.0910098793244707],[-34.943529719262727,-8.0909602817664208],[-34.943531731769859,-8.0909304702348575],[-34.943533604471071,-8.0909027187908187],[-34.943536360599403,-8.0908618788507116],[-34.943537820375546,-8.0908333338096305],[-34.943537885260902,-8.0907817575447005],[-34.943537934554683,-8.0907433958280492],[-34.943537983657663,-8.090704615537879],[-34.943538042599052,-8.0906576662202507],[-34.943535452504257,-8.0906040549220695],[-34.943533185748393,-8.0905571510272907],[-34.943530489978031,-8.0905013632831775],[-34.943528531300416,-8.0904608215177749],[-34.943528039830383,-8.090450641560615],[-34.943525796210047,-8.0904042103722382],[-34.943523178002096,-8.0903500305600797],[-34.943520480291347,-8.0902972433604443],[-34.943518050318204,-8.0902516764243746],[-34.943513462437096,-8.0901656364732624],[-34.943513418572863,-8.0901648121899523],[-34.943512528478138,-8.0901481141329246],[-34.943478138269562,-8.0901432974012124],[-34.943437838585616,-8.0901376517522223],[-34.943379685227598,-8.0901295063893652],[-34.943335780860401,-8.0901233562481263],[-34.943295121460395,-8.0901187447192324],[-34.943240992250708,-8.0901128837011012],[-34.94319304662082,-8.090107692984656],[-34.943130189792754,-8.0901008871640254],[-34.943129719647587,-8.09010083606222],[-34.943093816943353,-8.0900974738747777],[-34.942958879575748,-8.090075556283356],[-34.942664020128397,-8.0900525172162769],[-34.942567980963652,-8.0900404231659895],[-34.942485160263345,-8.0900288068371449],[-34.942402766702131,-8.0900167852528799],[-34.942309343644247,-8.0900031553718854],[-34.942254479360471,-8.0899951505955805],[-34.942180926351369,-8.089984356201585],[-34.942099443874412,-8.089972398926502],[-34.942039412274077,-8.0899635887763495],[-34.94204234518736,-8.0898847996047323],[-34.942053852255128,-8.0898205637236895],[-34.942066152190392,-8.0897546280764132],[-34.942076162275264,-8.0897009613207249],[-34.942092108340525,-8.0896199369323423],[-34.942098290545879,-8.089589629120395],[-34.942113360009294,-8.0895157418488317],[-34.942132598780759,-8.0894214104736388],[-34.9421469317044,-8.0893511365737858],[-34.94215013110599,-8.0893336876765591],[-34.942155241822213,-8.0893058114285417],[-34.942175535267978,-8.0891951189837048],[-34.942188251514203,-8.0891257622466117],[-34.942206074140856,-8.0890281929769099],[-34.942213698716046,-8.0889863326968161],[-34.942222271733698,-8.0889392678163787],[-34.942236579290288,-8.0888688141343597],[-34.942254776566386,-8.0888157702131576],[-34.942272145385388,-8.088748846750617],[-34.942272456158449,-8.0887481997817456],[-34.942296280728208,-8.0886984406323439],[-34.942317051546375,-8.0886599839609481],[-34.942339842031991,-8.0886087226791155],[-34.94234002109372,-8.0886074706237885],[-34.942343974285727,-8.0885797834042243],[-34.942345585438325,-8.0885614208352248],[-34.942315229127601,-8.0885434715562123],[-34.942273392950639,-8.0885241945736777],[-34.942165390341884,-8.0885159876866002],[-34.941961841775303,-8.088504080950969],[-34.941781206917462,-8.0884931753505587],[-34.941370023417427,-8.0884686783568647],[-34.941266785769415,-8.0884626987553432],[-34.94119709880033,-8.0884590105530219],[-34.940908652920655,-8.0884437422909219],[-34.940721367740657,-8.0884360563935775],[-34.940481293811708,-8.0884262046781039],[-34.940213879072125,-8.0884058248466424],[-34.939919975313607,-8.0883627704948839],[-34.93962041409884,-8.0883399049149283],[-34.939795257256264,-8.0865000164471112],[-34.939797325325046,-8.0864136345552051],[-34.940032081632644,-8.0863742043985258],[-34.940437582228732,-8.0863268935224308],[-34.940450477233007,-8.086325388508806],[-34.940745199636808,-8.086319731424366],[-34.940950278419145,-8.0863272715290986],[-34.941266603157281,-8.0863725974783502],[-34.94150611956394,-8.0864353177638755],[-34.941698668704007,-8.0865025173817155],[-34.942006837437084,-8.0866287685648004],[-34.942298001395741,-8.0867721289857979],[-34.942559222584819,-8.0869071162944195],[-34.942858819281156,-8.087073519200672],[-34.942907818595273,-8.0869674997971916],[-34.942933790040428,-8.0869120204666167],[-34.942976696405147,-8.0868399761675605],[-34.94304990444958,-8.0867538554528107],[-34.942994998582563,-8.0867192628003952],[-34.943024474399692,-8.086682753634685],[-34.942990906608401,-8.0866586666970512],[-34.943037760035196,-8.0865993443861441],[-34.943068759794016,-8.0865635855648055],[-34.943060368075045,-8.0865575638301248],[-34.943084547233063,-8.0865263839089856],[-34.943129909335816,-8.0864731303332533],[-34.943147463817006,-8.0864874429109737],[-34.943182272531196,-8.0864531811542228],[-34.943214046940433,-8.0864204490137972],[-34.943227454615247,-8.0864307230375143],[-34.943246098021568,-8.0864453007417438],[-34.943258950019782,-8.0864300859480363],[-34.943298250746892,-8.0863814067483766],[-34.943287545887301,-8.0863685767821902],[-34.943316334064711,-8.0863472245402175],[-34.943347391839517,-8.0863235887230687],[-34.9433814839078,-8.0862984232856139],[-34.94339588930761,-8.0862641609338741],[-34.943413941583572,-8.0862545626643065],[-34.943466486905628,-8.0862266253233805],[-34.943477666085521,-8.0862206813646882],[-34.943476105846081,-8.0862123543633491],[-34.943495647178352,-8.0862022825187392],[-34.943510234180401,-8.0861947646729604],[-34.943498728336529,-8.0861736040996846],[-34.943489623639017,-8.0861774362775947],[-34.943478066995546,-8.0861456687436579],[-34.943525076335554,-8.0861189257639499],[-34.943512755898375,-8.0860864033678439],[-34.943539238161144,-8.0860597589378873],[-34.943576497849854,-8.0860610968773869],[-34.943620523686498,-8.0860464913728443],[-34.943675888424295,-8.086018193447206],[-34.943684989487146,-8.0860136036910806],[-34.943702551220255,-8.0860294322999451],[-34.943763911037784,-8.0859829209102525],[-34.943773812185157,-8.0859866626721821],[-34.943828264303399,-8.0859265456659646],[-34.943840358824701,-8.085912092058793],[-34.943898623525072,-8.0858542305903143],[-34.943925086688388,-8.0858237973689242],[-34.943939371109238,-8.085840607083842],[-34.943944966098009,-8.0858471908648539],[-34.943965427826171,-8.0858334559418452],[-34.943958124651765,-8.0858253461185754],[-34.943947083253789,-8.0858130855143937],[-34.943971907219414,-8.0857576559229773],[-34.944010908602955,-8.0858052050095246],[-34.944064709391228,-8.0857678215688527],[-34.94406625149194,-8.0857723606899352],[-34.944107877007255,-8.0857327633035521],[-34.944116692453811,-8.0857431622105516],[-34.944139225069435,-8.0857697406893507],[-34.944201271443418,-8.0857080723318777]]]},"properties":{"NMNOME":"Barro","BAIRRO":"BARRO","ZEIS_TIPO":"ZEIS Planície","NOME_TIPO":"Barro - ZEIS Planície"}},{"type":"Feature","geometry":{"type":"Polygon","coordinates":[[[-34.922898059483508,-8.0957590596453919],[-34.921877773812923,-8.0945409756158924],[-34.922118258232196,-8.0943855600422179],[-34.923353020640313,-8.0956271389534766],[-34.923940235987459,-8.0962158330039156],[-34.925261796390863,-8.0974605950285881],[-34.925022965852257,-8.0986514924188278],[-34.924918985999845,-8.0991428094872155],[-34.928272483937604,-8.0996138297072466],[-34.927907262775278,-8.1022979380342797],[-34.927882679004234,-8.1024301576282429],[-34.927722685265294,-8.1023929934077366],[-34.927436943977767,-8.1023185028849145],[-34.927136072671459,-8.1022630444148938],[-34.926964429660778,-8.1021766376274886],[-34.92653364030739,-8.1020168388381482],[-34.926115176455362,-8.1020289681687014],[-34.925974154618082,-8.1019803369228285],[-34.925692381480751,-8.1019399553501046],[-34.925422004195617,-8.1018957272428516],[-34.92520482681541,-8.1018360795134683],[-34.925025700244767,-8.1017762520341972],[-34.924918419147005,-8.1016212840658781],[-34.924326075297571,-8.1010856065242223],[-34.924230533691222,-8.1009988392434451],[-34.923962612526509,-8.1006701935015482],[-34.923816795221136,-8.1004130213745533],[-34.923556321989359,-8.1000502109591341],[-34.923205631990385,-8.0994904723932155],[-34.923317292652939,-8.098992725557757],[-34.923286327449219,-8.0988895892047221],[-34.923262112183181,-8.0988448539355904],[-34.923178219721585,-8.098869169022711],[-34.923103100038965,-8.0988456035777698],[-34.923063473452729,-8.0987142308795956],[-34.923050904155922,-8.0985946904171247],[-34.923038378355969,-8.0984841198159607],[-34.922950377768665,-8.0984228913883278],[-34.922950371242692,-8.0984228543526839],[-34.922948531016822,-8.0984216063851981],[-34.922854052418714,-8.0983575281335849],[-34.922601713889982,-8.0976590590561823],[-34.922599845469804,-8.0975157365664376],[-34.922599049760962,-8.0974547190571382],[-34.922596997416356,-8.0972972923063562],[-34.922701891063468,-8.0972728784406556],[-34.92266871717203,-8.097141612640268],[-34.922463392371455,-8.0963291648408777],[-34.922451306613432,-8.0963112816330902],[-34.922421016352331,-8.0963005891869511],[-34.922183833836051,-8.0962168605538718],[-34.921937462690671,-8.096143271569856],[-34.921904502290246,-8.0961523977847811],[-34.921863024138688,-8.0962632228640015],[-34.921778084363979,-8.0962357181993081],[-34.921617345498952,-8.0967475968772344],[-34.920888104806728,-8.0964600136406091],[-34.920840518295705,-8.096441247870704],[-34.920980190736614,-8.0959773492730776],[-34.920916484149309,-8.0959567201738061],[-34.921038975052376,-8.0955118407189026],[-34.921103793407553,-8.0955144059885527],[-34.92117437804044,-8.0955183797493362],[-34.921223429718573,-8.0955368059107791],[-34.921252503745428,-8.0955940768224259],[-34.921258502235851,-8.0956442808456437],[-34.921281856713541,-8.0957101898462867],[-34.921300783420342,-8.0957531565768388],[-34.921930299260111,-8.095898126253136],[-34.922270345552711,-8.0957730482323935],[-34.922495915351142,-8.0956326755873462],[-34.922667980720476,-8.0958169122624373],[-34.922839529601482,-8.0958167223683333],[-34.922898059483508,-8.0957590596453919]]]},"properties":{"NMNOME":"Beirinha","BAIRRO":" ","ZEIS_TIPO":"ZEIS Planície","NOME_TIPO":"Beirinha - ZEIS Planície"}},{"type":"Feature","geometry":{"type":"Polygon","coordinates":[[[-34.912723601302289,-8.1421440107876055],[-34.912790892186401,-8.1421218451652617],[-34.913404750065276,-8.1418792729064098],[-34.91330110058707,-8.1415869802316667],[-34.913464289148045,-8.1415246479045358],[-34.913563374667639,-8.1418072930942476],[-34.913756610926505,-8.1423585023024181],[-34.913993147329236,-8.1422680618947982],[-34.914058799733354,-8.1425177234293304],[-34.914051152551473,-8.1427272983336678],[-34.914061480323852,-8.1427789167301263],[-34.914087082933619,-8.1429084401800544],[-34.914038303492845,-8.14302730210707],[-34.914070787709534,-8.143046220962189],[-34.914299390080942,-8.1431862385362308],[-34.914433331936557,-8.1432867701785021],[-34.914437100037119,-8.1432890984395598],[-34.914439075477439,-8.1432935524695953],[-34.91452032133293,-8.1434077362951758],[-34.914570231048955,-8.1434935348788624],[-34.914754268803293,-8.1439457764296925],[-34.914810489673627,-8.1440676488469528],[-34.914834528946514,-8.144119759382674],[-34.914868120549421,-8.1441631910510335],[-34.914959215768064,-8.144244270341078],[-34.915063976466229,-8.1443253483841538],[-34.915136021640656,-8.1443581520905184],[-34.915185913079434,-8.1443770700167377],[-34.915141953825298,-8.1444750309022282],[-34.914532884365904,-8.1447399222758978],[-34.914528299634505,-8.1447371991818667],[-34.914481999781998,-8.1447143993684836],[-34.914407300435272,-8.1447450993838029],[-34.914230099786366,-8.1448186997775665],[-34.914135099794898,-8.1448485996113433],[-34.913867400038491,-8.1449226991702464],[-34.913851900184035,-8.1449761996085428],[-34.913781899771635,-8.1450206995586001],[-34.913726600104546,-8.1450485993893285],[-34.913677848963729,-8.1450709128661849],[-34.913190167462758,-8.1452586930372792],[-34.91277360575593,-8.1454075429883304],[-34.912725225958035,-8.1452732638522782],[-34.912707716194369,-8.1452298691623213],[-34.912696139121806,-8.1452011790941583],[-34.912647672409982,-8.1450810651899026],[-34.913061387915178,-8.1449333987095329],[-34.913016813528252,-8.1448232473544024],[-34.91285753602893,-8.1443871230882863],[-34.91281731907651,-8.14426791051865],[-34.912855568312864,-8.1443844852720382],[-34.912447631826687,-8.1445619962159217],[-34.91237833297054,-8.1443787611762968],[-34.912991202406687,-8.1441326856301099],[-34.91300297204733,-8.1441388835336728],[-34.912977925334957,-8.1440698390816983],[-34.912853579058279,-8.1437270589752213],[-34.9127970450755,-8.1435712138686505],[-34.912888363636917,-8.1435146492630945],[-34.912860254912097,-8.1434396750161611],[-34.91276850911315,-8.1431795920869678],[-34.91286102678604,-8.1431397940119243],[-34.912869817619452,-8.1431360169876843],[-34.912960107915971,-8.1431038660055712],[-34.912978557076272,-8.1430972969076016],[-34.912864497165984,-8.1428456908009235],[-34.912847659152298,-8.1428073095655353],[-34.912888610552955,-8.1427863972347403],[-34.913290957860362,-8.1425809364440056],[-34.91334696513038,-8.1424936528174818],[-34.913286894778828,-8.1424601150820415],[-34.913287020725839,-8.142459889376898],[-34.912723601302289,-8.1421440107876055]]]},"properties":{"NMNOME":"Borborema","BAIRRO":"BOA VIAGEM","ZEIS_TIPO":"ZEIS Planície","NOME_TIPO":"Borborema - ZEIS Planície"}},{"type":"Feature","geometry":{"type":"Polygon","coordinates":[[[-34.953822110426835,-8.035675122995988],[-34.953819872442281,-8.0356183614081527],[-34.953817496119449,-8.0355580882622863],[-34.953817505163876,-8.0355556183680594],[-34.953816476575653,-8.0355468910851684],[-34.953813550659419,-8.035522080817211],[-34.953812307109168,-8.0355171452172041],[-34.953811883577828,-8.0355160171738831],[-34.953813872147023,-8.0355107904776695],[-34.953844039988887,-8.0354962953707165],[-34.953902720121349,-8.0354257386997539],[-34.953918309682734,-8.0354200043724866],[-34.953951111288369,-8.0353675539699516],[-34.953970154009305,-8.0353349332003834],[-34.954186881568575,-8.034995602111854],[-34.954259520895718,-8.0351304015715233],[-34.954344280988813,-8.0350745833810944],[-34.954815923977115,-8.0347639802889592],[-34.954900702962973,-8.0346774669026555],[-34.954838329433287,-8.0345563720019584],[-34.95465388061897,-8.0341255007561632],[-34.954451883036356,-8.0336799524071534],[-34.954437098415838,-8.0336838639731614],[-34.954382032894877,-8.0336935449688411],[-34.954314614898038,-8.0331711014378264],[-34.954291745428769,-8.0330055673984333],[-34.954419246673588,-8.032970517281715],[-34.954495206717255,-8.033231506561032],[-34.954577473343456,-8.0331945134432807],[-34.954765230920081,-8.0335546493265877],[-34.954771475443387,-8.0335515648714306],[-34.954796012856491,-8.0335394434038196],[-34.95485204886149,-8.033511762736639],[-34.954882805292598,-8.0334972937265476],[-34.95491321964456,-8.0334829863569599],[-34.954968308753585,-8.0334644111965972],[-34.954973315306283,-8.0334624852821275],[-34.955053982326206,-8.0334314473832418],[-34.955090707790625,-8.0334190654427857],[-34.955098801047981,-8.0334169811067913],[-34.955108686739507,-8.0334160716418594],[-34.955118580686701,-8.0334168870544183],[-34.955128182550482,-8.0334194025552303],[-34.955137199908094,-8.033423541787025],[-34.955145359145526,-8.0334291785805476],[-34.95515241274375,-8.0334361432483945],[-34.955152502135043,-8.0334362485965567],[-34.955126737440047,-8.0335087959248774],[-34.955117512832686,-8.033537914764695],[-34.955112998824298,-8.0335521658900966],[-34.955110675702251,-8.0335595006014842],[-34.955089798837996,-8.0336345026744134],[-34.955072973139295,-8.033712063819225],[-34.95507024861719,-8.0337693217789194],[-34.955069609061319,-8.0337827525936394],[-34.955069112363184,-8.0337940048857543],[-34.955069148566132,-8.0337994841275275],[-34.955069461837873,-8.033847311114183],[-34.955071337889095,-8.0339214772392058],[-34.955076969587502,-8.0339696215679801],[-34.955079802925894,-8.0339932732683046],[-34.955081910699249,-8.0340108704164148],[-34.955087264656726,-8.0340538566829132],[-34.955093004615016,-8.0340888032536952],[-34.955112771566753,-8.0341622252492293],[-34.955148177548764,-8.0342635657029682],[-34.955196651561572,-8.0343885417178651],[-34.955196722222205,-8.0343887131502569],[-34.955299645109356,-8.0346381494424701],[-34.955351055390253,-8.0347671353515242],[-34.955095474813788,-8.0349038364405985],[-34.95507410766146,-8.0349152639281165],[-34.955026142165032,-8.0348214994343827],[-34.954811559135955,-8.0349583444226571],[-34.954951127891277,-8.0351868831402893],[-34.954909499933336,-8.0352138706586889],[-34.954983701452434,-8.0353361749273962],[-34.954795963873586,-8.0354593469961202],[-34.954722462019099,-8.0353448828505858],[-34.954569330339282,-8.0354403322781813],[-34.954423656303774,-8.0351884347905909],[-34.954070419126772,-8.0354253510858893],[-34.954328058832886,-8.0362067741758434],[-34.954410718014067,-8.0364493323338007],[-34.954472470703962,-8.0365911138433805],[-34.954418872344476,-8.0366182242694855],[-34.954477519070764,-8.0371324480932138],[-34.9539861197566,-8.0372043229398766],[-34.954018416804992,-8.0374266042193376],[-34.954131840883392,-8.0377713675643072],[-34.95418175309954,-8.0380460755714331],[-34.954145839878151,-8.0380622434260189],[-34.953975211308666,-8.0381390605580627],[-34.953797636231222,-8.0382190043038495],[-34.953734060349916,-8.038247625787319],[-34.952530653718846,-8.0389225129327251],[-34.95242793030598,-8.0387375776583365],[-34.952393919261127,-8.0386794698977369],[-34.952280561067106,-8.0384857950473112],[-34.952484687591841,-8.0383570301860363],[-34.952474534382041,-8.0383412910782184],[-34.952617821245688,-8.0382646613612696],[-34.95263762192063,-8.0382524123796841],[-34.952687983886086,-8.0381053533486728],[-34.95269250881703,-8.0380888131256452],[-34.952769556243986,-8.0377985855822942],[-34.952767742235444,-8.0377447383986649],[-34.952762180911662,-8.037579680675826],[-34.952756760369745,-8.0375781252567844],[-34.952435598866273,-8.0374859911425034],[-34.952172180069965,-8.0378993455133703],[-34.951641810077597,-8.0377391074228104],[-34.95154934844021,-8.0376734959970904],[-34.95155989609362,-8.03763950891741],[-34.951171036060906,-8.0374793827788942],[-34.951163469299203,-8.037487842608579],[-34.951114519948554,-8.0375405838309693],[-34.951056398684862,-8.0376008974936237],[-34.951004428419637,-8.0376520149187627],[-34.950966652544345,-8.0376891724712713],[-34.950939205143833,-8.0377161258344696],[-34.950906268024973,-8.0377395758600692],[-34.950901368101,-8.0377423835847139],[-34.950842564498345,-8.0377760817222672],[-34.950984083461066,-8.038024878810047],[-34.951045312292713,-8.0381207723301689],[-34.951037720681434,-8.0381244146150834],[-34.95089925716664,-8.0381908332392413],[-34.950767576883436,-8.0382560407487968],[-34.950685947730207,-8.0382953881428989],[-34.95060468955554,-8.0382016716513949],[-34.950603528609129,-8.0382022503277586],[-34.950685947730207,-8.0382953881428989],[-34.950557611819455,-8.0383572320396581],[-34.95059346289306,-8.0384269067004244],[-34.950330484853694,-8.0384536834207925],[-34.950322045247795,-8.0384628498301129],[-34.950321837859363,-8.0384545634171332],[-34.950268202571145,-8.0384600243861826],[-34.950268729588373,-8.0382191015328317],[-34.950254381832863,-8.0382172982498048],[-34.95024872677098,-8.0382165873862146],[-34.950206746266154,-8.0382113108088813],[-34.94999514753799,-8.038155100543662],[-34.949940505282086,-8.0381354545254791],[-34.949970733536595,-8.0380233900651845],[-34.949909573717648,-8.0379914609399989],[-34.94956691364802,-8.0377623675285772],[-34.949511790194869,-8.0377255133705372],[-34.949499150943211,-8.0377401637483352],[-34.949244973890067,-8.0380347843603275],[-34.948871061940466,-8.0384707582974464],[-34.948860319108768,-8.0384614433146115],[-34.948789717446353,-8.0383904397527477],[-34.948724568544584,-8.0383144335318431],[-34.948673193233169,-8.0382451604175831],[-34.949183408881282,-8.0379538884023418],[-34.94911872984234,-8.0378609725189296],[-34.949106304568126,-8.0378431231749765],[-34.948984327790654,-8.0376678969826809],[-34.948945589638505,-8.0375916859659284],[-34.949025033398812,-8.0375471039912565],[-34.949315361809163,-8.0373841782363264],[-34.949808446484681,-8.0371074698801852],[-34.95029595537131,-8.0368338902325132],[-34.950480199815722,-8.0367304951870562],[-34.950924426455778,-8.0364812032897657],[-34.950907144650714,-8.0364480959601341],[-34.950721653038741,-8.0360927268099989],[-34.950774450055135,-8.036067359109742],[-34.950756855806311,-8.0360168765675031],[-34.950831671540499,-8.0359747897940199],[-34.950951874635884,-8.0359120461914415],[-34.951065670042993,-8.0361219988369665],[-34.951313491189907,-8.0359980619621521],[-34.951425386733781,-8.0362000732935908],[-34.952090580164679,-8.0358267756181974],[-34.952088070113803,-8.0358215829456192],[-34.952074934373719,-8.035796092466807],[-34.952050700260536,-8.0357500867412899],[-34.952044395512623,-8.0357381181828806],[-34.952030947586138,-8.0357125903098705],[-34.952011181455902,-8.0356777807653987],[-34.95198674078172,-8.0356487097004052],[-34.95196761745791,-8.0356275048012655],[-34.951942882142333,-8.0356026362334774],[-34.951925435728583,-8.0355846218835651],[-34.951905232695012,-8.0355667562290733],[-34.951876176553348,-8.0355411695669119],[-34.951854494539205,-8.0355224303906532],[-34.951828873352405,-8.035502362888117],[-34.951808328295158,-8.035487325803226],[-34.951783670955365,-8.0354692796877742],[-34.951780281838758,-8.0354672770444697],[-34.951748558207861,-8.0354485294879936],[-34.951718709234754,-8.0354308895247044],[-34.95169235980957,-8.0354186210589305],[-34.951659633471508,-8.0354033832416913],[-34.951629627544747,-8.0353906683554328],[-34.951608098685199,-8.035382716418642],[-34.951575080238939,-8.0353712634137509],[-34.95154039466069,-8.0353592334024739],[-34.951521595645566,-8.0353544498395948],[-34.951457049121437,-8.0353380250762196],[-34.951372198405814,-8.0353239378172674],[-34.951342318909568,-8.035321545612355],[-34.95128196761776,-8.0353169475287896],[-34.950959155274845,-8.0353271034244571],[-34.950933109089092,-8.0352621103681034],[-34.951253490296629,-8.0350969880700944],[-34.951399616312564,-8.0350216762617386],[-34.951520136794379,-8.0349588063115576],[-34.951637405946236,-8.0348975311387552],[-34.951636032705025,-8.0348948698175171],[-34.951620938934965,-8.0348656142118369],[-34.951591723477705,-8.0348129358093825],[-34.951562936890539,-8.0347547198913993],[-34.951537253564567,-8.0347066380621968],[-34.951467092484108,-8.0345766455967151],[-34.951818421451733,-8.0343785610591105],[-34.951822469444899,-8.0343865299933075],[-34.952004681292614,-8.0347163414498333],[-34.952284923915599,-8.0345625279865445],[-34.952130464110041,-8.034284572989403],[-34.951924379628551,-8.0339137172929131],[-34.952048597764801,-8.0338442392295253],[-34.952291214202411,-8.034283809674811],[-34.952381212995491,-8.0344468690516564],[-34.952358946049102,-8.0344577383667914],[-34.952419972129967,-8.0345729801951062],[-34.952422416739843,-8.0345766281630855],[-34.953037906305248,-8.0342426856586044],[-34.953155330189702,-8.0341789748223835],[-34.953195911958616,-8.0342668288279828],[-34.953286867455162,-8.0344637308384055],[-34.953335446507552,-8.0345717025112737],[-34.953349298737486,-8.0346024899557076],[-34.953393882915407,-8.0346974777101394],[-34.953455795318497,-8.0348272919217223],[-34.953529752687778,-8.0349809482172603],[-34.95357829757895,-8.0350819362421095],[-34.953631916199299,-8.0351874447779856],[-34.953695970279476,-8.035301150404198],[-34.953772937508873,-8.0354377799845995],[-34.953798134350237,-8.0354825090003938],[-34.953813550659419,-8.035522080817211],[-34.953822110426835,-8.035675122995988]]]},"properties":{"NMNOME":"Brasilit","BAIRRO":" ","ZEIS_TIPO":"ZEIS Planície","NOME_TIPO":"Brasilit - ZEIS Planície"}},{"type":"Feature","geometry":{"type":"Polygon","coordinates":[[[-34.877866481060501,-8.0843715287033628],[-34.877711343463936,-8.0839170054999361],[-34.877558475972535,-8.0834520729685249],[-34.877460921131231,-8.0831648213580216],[-34.877344431630256,-8.0827944657170665],[-34.877242015506269,-8.0824587087783701],[-34.877152532905242,-8.082162176567568],[-34.877057499934807,-8.0818824007409393],[-34.876952632785319,-8.0815541867773515],[-34.876829444927068,-8.0812393224577583],[-34.876771714250168,-8.0810396993353013],[-34.876740754846544,-8.0808630616512591],[-34.876724125586819,-8.080632391672383],[-34.876742459984946,-8.0805827023016565],[-34.876767704028488,-8.0805361192840159],[-34.87687243733221,-8.0804023333275516],[-34.876878517528468,-8.0803182257306361],[-34.876823928030788,-8.0802965233869024],[-34.87677970300129,-8.0802597530290932],[-34.876747646454675,-8.0801941046526888],[-34.876689378057158,-8.0800731816259415],[-34.876637386741471,-8.07997276962878],[-34.876502652201033,-8.0798070078315103],[-34.876384556789247,-8.0796740339259543],[-34.876295363956999,-8.0795511986308988],[-34.876199854399289,-8.0793996343105619],[-34.876081181357279,-8.0791413642338981],[-34.875962114497185,-8.0787865931524632],[-34.87600453401393,-8.0786560171070381],[-34.876061437841486,-8.0784258269271501],[-34.87608582447664,-8.0783375705658429],[-34.876138254397297,-8.0783751270416069],[-34.876449851495842,-8.0785983276754312],[-34.876524483112846,-8.0786517889990659],[-34.876953701237532,-8.0789592451058869],[-34.877444070408799,-8.0793105029082177],[-34.877686541623497,-8.079484187540908],[-34.877917887138082,-8.0796499029663398],[-34.879654322446079,-8.0808937179456475],[-34.879686204906278,-8.080916555816577],[-34.879943197173013,-8.0810428767063129],[-34.881226124766613,-8.0816734867196711],[-34.883381520982553,-8.0827329314705416],[-34.883454524953365,-8.082768815203714],[-34.883579163261409,-8.0828300780602973],[-34.88409489228281,-8.0830175242066193],[-34.884035516724666,-8.083175597652998],[-34.883982761599661,-8.0832994700141061],[-34.88388410980135,-8.0835263865924496],[-34.883811828392894,-8.0836896339030986],[-34.883868764007914,-8.0837171013725477],[-34.883916169168067,-8.083738934244483],[-34.88378571768493,-8.084037782195157],[-34.883702696170225,-8.0842279735638645],[-34.883701789574999,-8.0842288773014079],[-34.883599328585333,-8.0844468574470305],[-34.883785896200614,-8.0845525847617878],[-34.883988113915841,-8.0846582398166831],[-34.884063112875893,-8.0845183774909177],[-34.884131948443454,-8.0843620784949017],[-34.884186565338588,-8.0842353315856545],[-34.884601472794124,-8.0845538808190174],[-34.884677034380431,-8.0844654931668067],[-34.88474534852574,-8.084338401880089],[-34.884864351984326,-8.0844201304858405],[-34.885066738815731,-8.0845621796611677],[-34.885288139013696,-8.0847589217979579],[-34.885706120613449,-8.0852464284884675],[-34.885754322910351,-8.0852962657404497],[-34.885759960791752,-8.0853020945305136],[-34.885904910844872,-8.0851865407559185],[-34.885935249885726,-8.0852318143713671],[-34.886030547721049,-8.0854325878948323],[-34.886032078581067,-8.0854358138110882],[-34.886045009910937,-8.0854211161982867],[-34.88612733917568,-8.0855338842227731],[-34.886125762887758,-8.0855353280786719],[-34.886094729964796,-8.0855578174189695],[-34.88607780034593,-8.0855322143312485],[-34.886035087156614,-8.0855787906844423],[-34.886033481465638,-8.0855801542128773],[-34.885964422571817,-8.0855141245064424],[-34.885916499458745,-8.0855696644194168],[-34.885880766904258,-8.0856107840740101],[-34.885854252804656,-8.0856384066918618],[-34.885840321818492,-8.0856529199631471],[-34.885821865900574,-8.0856711418525595],[-34.88579137814277,-8.0857012428042694],[-34.885779296183678,-8.0857243959503808],[-34.885724481625005,-8.0857749292313823],[-34.885714292469004,-8.0857843217106833],[-34.885675040739685,-8.0858205068663125],[-34.885698899430459,-8.0858439977110308],[-34.885699604798717,-8.0858446914997533],[-34.885656984207024,-8.08588719905147],[-34.885615895411703,-8.0859405547963661],[-34.88560639756372,-8.0859528877621063],[-34.88560047426401,-8.0859666570846063],[-34.885593450092166,-8.0859824701836231],[-34.885586703086624,-8.0859950680060049],[-34.885573267940302,-8.0859880284759011],[-34.885570415871236,-8.0859927256665731],[-34.885563738519977,-8.0860037193328562],[-34.885556520823961,-8.0860173210457447],[-34.885536082272893,-8.0860612170467085],[-34.885509128785799,-8.0861209961224798],[-34.885508126712445,-8.0861232175463513],[-34.885482421811574,-8.0861748686223418],[-34.885461494948792,-8.0862200786936871],[-34.885443614149757,-8.0862570475971047],[-34.885416493439621,-8.0862382775200032],[-34.885376318726045,-8.086299578595959],[-34.885366436166727,-8.0863117035886791],[-34.88534353742542,-8.0863397995174147],[-34.885308876305139,-8.0863823272788267],[-34.885255973742979,-8.0863615560985806],[-34.885107270397974,-8.086303170677418],[-34.885099209761563,-8.0863013102088175],[-34.885044229239384,-8.0862886183868969],[-34.884980119465467,-8.0862773907915368],[-34.884976931291511,-8.0863397977555405],[-34.884987731586207,-8.0864186052549289],[-34.884989754770444,-8.0864434508420242],[-34.884845892859801,-8.0869916280584171],[-34.884805952982802,-8.0869763815186211],[-34.884622884895535,-8.0869173760909767],[-34.884463428531348,-8.0868659806780112],[-34.884458217626417,-8.0868747399217611],[-34.884528193038911,-8.0869208867754772],[-34.884565625000256,-8.0869526280748829],[-34.884581577598553,-8.0869639729963456],[-34.884584216189403,-8.0869658494443311],[-34.884518514355015,-8.0870482085046991],[-34.884500765558379,-8.0870704574811114],[-34.884483746351776,-8.0870908027185511],[-34.884451686731438,-8.0871288161286383],[-34.884429429418098,-8.0871546045745202],[-34.884411263183054,-8.0871756530501759],[-34.8844107299415,-8.0871780341407042],[-34.884405486388815,-8.0872014459373016],[-34.884397264494332,-8.087228154181755],[-34.884395726604403,-8.0872296647583948],[-34.884378119877596,-8.0872469569183814],[-34.884367304934145,-8.0872687037874158],[-34.884345853899909,-8.0873118377811757],[-34.884340314170686,-8.0873222638547766],[-34.88432818791506,-8.0873450853932773],[-34.884318694837752,-8.0873629530919136],[-34.884312422326339,-8.0873722524471674],[-34.884309255437429,-8.0873769474700197],[-34.884287251180545,-8.0874095677721627],[-34.884273110980779,-8.087431602106447],[-34.884248965278189,-8.0874764156494994],[-34.884246453210402,-8.0874810778172144],[-34.884241271679912,-8.0874906948959797],[-34.884210532837052,-8.0875480449698696],[-34.884207238541485,-8.0875530443505799],[-34.884168624878555,-8.0876116340747934],[-34.884150121732738,-8.0876439434962517],[-34.884115622476216,-8.0877041849790476],[-34.884062612994526,-8.0877412996135103],[-34.884038672641225,-8.0877580613541049],[-34.88395396746769,-8.087812733817211],[-34.883953744069331,-8.0878128785960488],[-34.883948958674864,-8.0878296622873336],[-34.883922591265986,-8.0879221445848763],[-34.883921484429557,-8.0879225158415089],[-34.883681297278471,-8.0880030875308968],[-34.883680806555198,-8.0880036855818922],[-34.883504312169691,-8.0882188032327438],[-34.883457675241843,-8.0882756136268714],[-34.883354024990325,-8.0883970193605084],[-34.883241082131995,-8.0885281099302411],[-34.883217215159313,-8.0885558115634826],[-34.883170613698653,-8.0886593626707732],[-34.883118697111982,-8.0887728822499696],[-34.883092842089525,-8.088829416899479],[-34.882892751716696,-8.0888166877637602],[-34.882799304568721,-8.0888148583434933],[-34.882802432582295,-8.0889737801672101],[-34.882805029921442,-8.0891057312289654],[-34.882757341943702,-8.0892533494482795],[-34.882690290674319,-8.0892749722125643],[-34.882594657251175,-8.0893058127162725],[-34.882580631201108,-8.0893133812285924],[-34.882518320530387,-8.0893349477620813],[-34.882487886809287,-8.0893457227272538],[-34.882443752072213,-8.0893553285806963],[-34.882431407653137,-8.0893538485428884],[-34.882355361926102,-8.0893545986443485],[-34.882354417026505,-8.0893636718212658],[-34.88235321764158,-8.0893751835694925],[-34.882346443489169,-8.0894402181104432],[-34.882344443811036,-8.0894403557062091],[-34.882327885034108,-8.0894414970305597],[-34.88226563294743,-8.0894457863019333],[-34.8822041891179,-8.089196499204057],[-34.88218541090761,-8.0891472871845966],[-34.882146572285812,-8.0891058712707551],[-34.882020998877856,-8.0890278817878922],[-34.881836563150834,-8.0889239731769749],[-34.881709102758776,-8.0888686331380502],[-34.881696744340317,-8.0888932720065618],[-34.881642245718758,-8.0890526086006034],[-34.881635116771442,-8.0890734515553646],[-34.881608733308376,-8.089159859396128],[-34.881586774506019,-8.0892424388682738],[-34.881581706544289,-8.0892614985234701],[-34.881563977538967,-8.0893573023766034],[-34.881557089868799,-8.0894207743016278],[-34.881557909171022,-8.0894239302864577],[-34.8815534808679,-8.0894541596149097],[-34.881550277516887,-8.0895515266048061],[-34.881554384029542,-8.089648861725161],[-34.881558941171861,-8.0897170056439816],[-34.881589137035185,-8.0899828902285478],[-34.880906531601099,-8.0901141727159214],[-34.880549438142467,-8.0901751764774641],[-34.880511868065916,-8.0901011506999811],[-34.880338977654453,-8.0897457887936941],[-34.880196190094431,-8.0893381145689709],[-34.880152712405533,-8.0892413276632507],[-34.880122111704331,-8.0891014020266301],[-34.880120673074458,-8.0890480000834497],[-34.879888058442418,-8.0888013571967896],[-34.879822819389304,-8.0887334879579988],[-34.879759908838295,-8.0886679179139591],[-34.879452385669261,-8.0883550591506772],[-34.879360289231379,-8.0882457184181344],[-34.879290219407558,-8.0881362754102746],[-34.879258494402222,-8.0880451435281593],[-34.879232571464073,-8.0879551394590816],[-34.879198549220845,-8.0878686397968949],[-34.879125573104375,-8.0876321143658583],[-34.879078541338288,-8.087490213660697],[-34.878922411459754,-8.087072670331457],[-34.878756921696102,-8.0866366823439382],[-34.87854199147305,-8.0860391623445071],[-34.878355452924687,-8.0855639866022546],[-34.878271023686658,-8.0853575542683291],[-34.878076327827699,-8.0848731724045209],[-34.877866481060501,-8.0843715287033628]]]},"properties":{"NMNOME":"Brasília Teimosa","BAIRRO":"IMBIRIBEIRA","ZEIS_TIPO":"ZEIS Planície","NOME_TIPO":"Brasília Teimosa - ZEIS Planície"}},{"type":"Feature","geometry":{"type":"Polygon","coordinates":[[[-34.953571825982785,-8.0455605580838849],[-34.953565109140527,-8.0455268040795627],[-34.953682364432602,-8.0455411357538633],[-34.954134243919825,-8.0455949555321151],[-34.954285168293382,-8.0456122782689725],[-34.954547125274992,-8.0456326813170236],[-34.954803037228928,-8.0456507064080185],[-34.955135023616648,-8.0456791940877945],[-34.955413903482601,-8.0457055287678916],[-34.95567344683549,-8.0457259425641894],[-34.955861784149498,-8.0457442888538235],[-34.955990958417289,-8.0457557008500942],[-34.956234791809841,-8.0457713778035025],[-34.956418308643954,-8.0457909500771532],[-34.956517286674021,-8.045796492098356],[-34.95678693475918,-8.0458873127085297],[-34.956970913880873,-8.0459569104485293],[-34.957094894268103,-8.0460072179689224],[-34.957361524566174,-8.0461097011157037],[-34.957511113632812,-8.0461755480258628],[-34.957759127220527,-8.0462869286234522],[-34.957905831484076,-8.0463655135151999],[-34.958057478377164,-8.0464509265040576],[-34.958405209366326,-8.0466724378570476],[-34.958593324113615,-8.0467850826542211],[-34.95895481587187,-8.0469098314119538],[-34.958860910271468,-8.046918164588531],[-34.958566218972173,-8.0469869444761084],[-34.956490438598301,-8.0474714208295737],[-34.956255617173966,-8.04754113884532],[-34.956023636983758,-8.0476100132935802],[-34.955921897684071,-8.0476378002267044],[-34.955682586643448,-8.0477072455387173],[-34.955435463396526,-8.0477790151788007],[-34.95533202219152,-8.0478120607792523],[-34.955188591267145,-8.0478538084248026],[-34.955187544188831,-8.0478541135551573],[-34.95507890509446,-8.0478857346786317],[-34.954830392924976,-8.0479578939341128],[-34.954826560674242,-8.0479590304885615],[-34.9547753737017,-8.0479742072746845],[-34.954777349026514,-8.0479819193080431],[-34.954908474857284,-8.0484283816437472],[-34.954913160034771,-8.0484379015124112],[-34.955046935878968,-8.0488626386785391],[-34.954844264661688,-8.0489121711605982],[-34.95448516979171,-8.0489999338336542],[-34.954383090195385,-8.0486092580775761],[-34.954324875834736,-8.0483898995214123],[-34.954253526054728,-8.0481268893204589],[-34.95421695370726,-8.0479920751562553],[-34.954236563093069,-8.0479865891659692],[-34.954567493081449,-8.0478940014403602],[-34.954564707076763,-8.0478884150572547],[-34.954480018715948,-8.0475965290597635],[-34.954468149594767,-8.0475512043594293],[-34.954562754261943,-8.0475290938831758],[-34.954541507751244,-8.0473692054333359],[-34.954516863517505,-8.0472008062097924],[-34.954515105244589,-8.0471887953127652],[-34.95441785871116,-8.0472047184028455],[-34.954405241878924,-8.0471451296274612],[-34.954396945516635,-8.0471135971864651],[-34.954390575391749,-8.0471064114334236],[-34.954336347568201,-8.0469863494421663],[-34.954275806783336,-8.0468430085120684],[-34.954271343375851,-8.0468324388803243],[-34.954237744630831,-8.0468420641779712],[-34.954210903582194,-8.0467281422254278],[-34.954044341404355,-8.0467738561798363],[-34.953885672527186,-8.0468184928537934],[-34.953760144435499,-8.0463730228970292],[-34.95370784304157,-8.0463770742180589],[-34.953571825982785,-8.0455605580838849]]]},"properties":{"NMNOME":"Campo do Banco","BAIRRO":"VÁRZEA","ZEIS_TIPO":"ZEIS Planície","NOME_TIPO":"Campo do Banco - ZEIS Planície"}},{"type":"Feature","geometry":{"type":"Polygon","coordinates":[[[-34.886106235790486,-8.0411810605150791],[-34.886193061195591,-8.0410944018236563],[-34.886271600670234,-8.0410160128120101],[-34.886325599387852,-8.0410604399488506],[-34.886417676741772,-8.0411804405089828],[-34.886472924846956,-8.0412606498617674],[-34.886499364901489,-8.041251637723505],[-34.886524817814461,-8.0412429628183926],[-34.886682310521863,-8.0411250934435294],[-34.886693401809438,-8.0411167927806737],[-34.886762141600968,-8.0412105383748234],[-34.886844497057012,-8.0413454175856831],[-34.886856016917626,-8.0413642843363817],[-34.886931339479048,-8.0413358431868804],[-34.886974294256149,-8.0413093362668953],[-34.887081982242051,-8.0414614709186854],[-34.887147312996376,-8.0414146812386491],[-34.887178311750439,-8.0413924874368981],[-34.88724052335472,-8.0414854040303485],[-34.887425496024633,-8.0417452001047245],[-34.887364143882607,-8.0417906669664898],[-34.88740370078073,-8.0418376971120509],[-34.887397646578187,-8.0418426973643005],[-34.887510071141854,-8.0419706187270048],[-34.887616477984594,-8.0418988566994578],[-34.887718816308492,-8.0420044782236531],[-34.887738934910097,-8.0420252428583012],[-34.887363779156118,-8.0423256311028481],[-34.887189073057463,-8.0424484293643825],[-34.887173132403333,-8.042459633627093],[-34.8870140111948,-8.0422267949827013],[-34.886955962270811,-8.0421490396404476],[-34.886855256688179,-8.04200710980402],[-34.886802146834704,-8.0419403479417468],[-34.886734752512737,-8.0418598463920148],[-34.886468318475401,-8.0420479794756989],[-34.886442723918869,-8.0420660520399068],[-34.886425890879941,-8.0420947579252822],[-34.88641311490472,-8.0421165452441841],[-34.886408002226169,-8.0421135029917306],[-34.886379642826149,-8.0420966284060782],[-34.886339844401327,-8.042101331577479],[-34.886277313375388,-8.0421276779292938],[-34.88624569298198,-8.0421410010010437],[-34.88621215767138,-8.0420255774840026],[-34.886189978139377,-8.0419468942323089],[-34.886169051074774,-8.0419191889807085],[-34.886137289036455,-8.0418771396302251],[-34.886086789768839,-8.0418223347660547],[-34.885962548223794,-8.0417016419330931],[-34.885872831310053,-8.0416270459700812],[-34.885745212855852,-8.0415357900119826],[-34.885801202158284,-8.0414855084409691],[-34.885923552266185,-8.0413633932308741],[-34.886022445893275,-8.0412646892499371],[-34.886106235790486,-8.0411810605150791]]]},"properties":{"NMNOME":"Campo do Vila","BAIRRO":"ESPINHEIRO","ZEIS_TIPO":"ZEIS Planície","NOME_TIPO":"Campo do Vila - ZEIS Planície"}},{"type":"Feature","geometry":{"type":"Polygon","coordinates":[[[-34.93451569295727,-8.0860878689837836],[-34.934501474797379,-8.086083372644822],[-34.934507751415516,-8.086055046061924],[-34.934499041634346,-8.0860532620181509],[-34.934506219510119,-8.0859869763040813],[-34.934526219999377,-8.0859235888434853],[-34.934632557135537,-8.0858030659628195],[-34.934666555723418,-8.0858329294841944],[-34.934667022370164,-8.0858333892456784],[-34.934807839488222,-8.085971946597672],[-34.934891239069096,-8.08606763891515],[-34.935003721768958,-8.0863279254638574],[-34.935041176929801,-8.0864514423876361],[-34.935112173024976,-8.0866507309248199],[-34.935178300257839,-8.0868598406194838],[-34.935218178800319,-8.0869759969759691],[-34.935308162766184,-8.0872915416408766],[-34.935270185058336,-8.087316215060028],[-34.935268561194789,-8.0873173392580888],[-34.935418469922261,-8.0875647426753261],[-34.935480754572787,-8.0876642549752518],[-34.935567510359377,-8.0878181548238324],[-34.93558455713837,-8.0878882655907134],[-34.935591922423065,-8.0879010456344815],[-34.935614773033294,-8.0879367260814785],[-34.93565661245129,-8.0879668063430419],[-34.935692764099038,-8.0880271179456056],[-34.935822205058329,-8.0881869711073744],[-34.935992841033126,-8.088362352226472],[-34.936100475649269,-8.0885137038357229],[-34.93614815450411,-8.0887192256461518],[-34.936172186858641,-8.0888624012830554],[-34.936196419970443,-8.0890212133525221],[-34.936208974791008,-8.0891034912887712],[-34.936242432844381,-8.089419302509592],[-34.936174247535284,-8.0896206155542068],[-34.936085981848336,-8.0895964003962018],[-34.935964593404655,-8.0896533109637847],[-34.935811478060224,-8.0897569116048782],[-34.935727143064064,-8.0898528371496621],[-34.935669566993774,-8.089778816838006],[-34.935592367818657,-8.0896795697221151],[-34.935517905651274,-8.089636045351499],[-34.935320101108438,-8.0895363463514176],[-34.935106860391336,-8.0894014162105545],[-34.934921888944693,-8.0892675760814363],[-34.934703739507384,-8.0891338930082473],[-34.93446828638023,-8.0889794723046275],[-34.934406144372311,-8.0888998040389559],[-34.934325672131486,-8.0887966349196532],[-34.933973474719274,-8.0882959872289337],[-34.933826191036687,-8.0880762401784771],[-34.933625680567033,-8.0877759144772234],[-34.933647555826632,-8.0877546831948912],[-34.933802988354138,-8.0875913714563907],[-34.933832177169009,-8.0875275490379437],[-34.933865925591299,-8.0873889985779872],[-34.933893757727056,-8.0872982399825304],[-34.933918950597622,-8.087169528158876],[-34.933926075750293,-8.0871104362343864],[-34.934124080142219,-8.0871501866486053],[-34.934169758719406,-8.0871453172162031],[-34.934227712252166,-8.0869757461912481],[-34.934176015957668,-8.0869601130666595],[-34.934155085010495,-8.086951639027669],[-34.93416210197622,-8.0868768993608935],[-34.934184732294518,-8.0867261552406813],[-34.934199139844587,-8.0866550546571645],[-34.934218947598396,-8.0865529348481235],[-34.934280784841881,-8.0864545975025823],[-34.934307012980803,-8.0863535502431461],[-34.934340016541917,-8.0863604022056013],[-34.93440768153642,-8.0863726942775056],[-34.93446762167369,-8.086304187904064],[-34.93448873548288,-8.0863095447964071],[-34.934506597133172,-8.0862427718369236],[-34.934514529840918,-8.0862094253414583],[-34.934488215866324,-8.0862005491832232],[-34.934493252724529,-8.0861370824994125],[-34.934504496599317,-8.0861408642543839],[-34.93451569295727,-8.0860878689837836]]]},"properties":{"NMNOME":"Capuá","BAIRRO":"AREIAS","ZEIS_TIPO":"ZEIS Planície","NOME_TIPO":"Capuá - ZEIS Planície"}},{"type":"Feature","geometry":{"type":"Polygon","coordinates":[[[-34.906520964104921,-8.0654253092218102],[-34.906717960078808,-8.0654124350056389],[-34.906791540201091,-8.0654076263719325],[-34.906793605053799,-8.0654074919978402],[-34.906840386555764,-8.0654044345312386],[-34.907354561746921,-8.0653215901798383],[-34.907641046303802,-8.0652742778326392],[-34.908046521646646,-8.0652073153028123],[-34.908091341767459,-8.0655574037350082],[-34.907996827672861,-8.0655848837870678],[-34.907960309926644,-8.0655658533140819],[-34.907944173693288,-8.0655606921223093],[-34.907928417065449,-8.0655618133351474],[-34.907899385855224,-8.0655706755329533],[-34.907869309150172,-8.0655805904133455],[-34.907821770060337,-8.0656014083214451],[-34.907759512639394,-8.065645909932412],[-34.907716065739535,-8.0657046958854295],[-34.907548279664979,-8.0660203641621102],[-34.907567278094042,-8.0661093444277334],[-34.907551764293217,-8.0661580012856167],[-34.907511541363704,-8.0661556934013561],[-34.90740448433354,-8.0663810562763452],[-34.907371963351615,-8.0663649507916553],[-34.907365374235852,-8.0663616879602564],[-34.907284694040044,-8.066488386395319],[-34.907294444024799,-8.0664969793559624],[-34.907324670429276,-8.0665236170730292],[-34.907253822847018,-8.0666600933184203],[-34.907417603979248,-8.0665822813451058],[-34.907418985154074,-8.0665816257915104],[-34.907453870148693,-8.066565051768416],[-34.907555655557168,-8.0665419461479182],[-34.907658295658194,-8.0667127038885216],[-34.907600689760876,-8.0667635954961234],[-34.90751649067542,-8.0668175085062952],[-34.907487966234051,-8.0668323234306385],[-34.907486418845103,-8.0668331271218783],[-34.907242845265259,-8.0669596377168222],[-34.90731749664517,-8.0671077913076363],[-34.907326642886154,-8.0671259430724991],[-34.907338781494332,-8.0671463754234711],[-34.907338878413228,-8.0671465386083643],[-34.907386617269644,-8.0672268931012567],[-34.907280618304959,-8.0673500471219715],[-34.90727929839467,-8.0673515811442691],[-34.907249169525521,-8.0673062947765519],[-34.907247086635515,-8.0673031646500863],[-34.907193123875707,-8.0673374848748587],[-34.907021954445447,-8.067446350718475],[-34.906823063826316,-8.0671082866579571],[-34.906492514772239,-8.0672987913267526],[-34.9064867855136,-8.0673020934397144],[-34.906497346575172,-8.0673229020284207],[-34.906501646986243,-8.06733137391962],[-34.906138497417572,-8.067566709218454],[-34.906122877214358,-8.067576831554522],[-34.906102398926819,-8.0675988487306309],[-34.906071979979991,-8.0677061179155878],[-34.906109051130542,-8.0677617100982353],[-34.906207544723763,-8.0677274991073702],[-34.906388182694869,-8.0681118798267555],[-34.906306874216646,-8.0681629097138625],[-34.906338442262609,-8.0682210751432955],[-34.906356322550771,-8.0682619461870058],[-34.906403714283208,-8.0683479736414743],[-34.906438132957135,-8.0683756586847171],[-34.906448119023075,-8.0683966769768443],[-34.906536693675385,-8.0685407346357767],[-34.906544870186373,-8.0685511376447323],[-34.906586923456821,-8.0686237762602939],[-34.90659365066665,-8.0686353965636801],[-34.906616513668162,-8.0686748882799062],[-34.906661574618155,-8.0686468430857854],[-34.906749812475148,-8.068591924996511],[-34.906778233782582,-8.0685742356344043],[-34.906881811636097,-8.0685130902846431],[-34.907063338455906,-8.0683998691723566],[-34.907080408339127,-8.0683839684771765],[-34.907083971439839,-8.0683893762884278],[-34.907119483712606,-8.0683600998935869],[-34.907165177047865,-8.0683353868202143],[-34.907187356323377,-8.0683257907976529],[-34.907252982131709,-8.0684700455489313],[-34.907241405673233,-8.0684774224237579],[-34.907260081670067,-8.0685138597654085],[-34.907284723671381,-8.0685071452807975],[-34.907292932881312,-8.0685167805646358],[-34.907317389647162,-8.0685092532800819],[-34.907487823332509,-8.0684378335281544],[-34.907472849200722,-8.0683901676113479],[-34.907475884384141,-8.0683888100266437],[-34.907481182607235,-8.0683864410961341],[-34.907518291600589,-8.0683688197074392],[-34.907528480695611,-8.0683658105124998],[-34.907529350317951,-8.0683655533221312],[-34.907555612962916,-8.0683577970204841],[-34.907538946762251,-8.0683315346552842],[-34.907508020578497,-8.0682828012200325],[-34.907490976045416,-8.0682559430252265],[-34.907479761979104,-8.0682382710208813],[-34.907614574527635,-8.0681642326630261],[-34.907546254962355,-8.068025866975125],[-34.907477687025285,-8.0678652840535143],[-34.907502351079813,-8.0678553509816329],[-34.907739802166049,-8.0678220897772999],[-34.907743126702236,-8.0678568944505464],[-34.90774676476871,-8.0678902746604209],[-34.907748354420598,-8.0679048625208694],[-34.90775444558335,-8.0679464212491236],[-34.90775817067513,-8.0679863636793439],[-34.907774587350879,-8.0679859255635282],[-34.907777403617352,-8.0680061635549318],[-34.907677809565925,-8.0680356716519785],[-34.907638937123984,-8.0680579219523043],[-34.907614332447018,-8.0680720062362425],[-34.907641451308564,-8.0681081348109309],[-34.907700995249009,-8.0681874605432409],[-34.907705231629706,-8.0681931038845107],[-34.907705860560405,-8.0681939417370554],[-34.907711500857744,-8.0682014562854754],[-34.907778490567836,-8.0683635815918056],[-34.907797517382939,-8.0684096302145871],[-34.907831771995653,-8.0683998124497691],[-34.907880080714328,-8.0683882982568118],[-34.907937380653699,-8.0683746402043131],[-34.90799541362415,-8.0683608078599995],[-34.908039531186432,-8.0683507804823602],[-34.908087113888129,-8.0683395869785226],[-34.908127888960031,-8.0683299946562421],[-34.908167576790134,-8.0683206786174928],[-34.908175545397555,-8.0683756991810665],[-34.908178568487813,-8.0684001853167082],[-34.908180543019036,-8.0684161781061654],[-34.908181214356347,-8.0684353339721397],[-34.908181308596909,-8.0684380195169663],[-34.908159475184846,-8.0684428296532467],[-34.908063632177466,-8.0684640626288129],[-34.908074050280042,-8.0684961383042673],[-34.90811171348286,-8.0686012857253449],[-34.908160447828109,-8.0687361624218816],[-34.908182070051161,-8.0687814566766729],[-34.908166659751373,-8.0687879763068953],[-34.908167862026403,-8.0687911439797961],[-34.907974820201922,-8.0688710310996328],[-34.907768752013368,-8.068956309227346],[-34.907699706143916,-8.0689855186292458],[-34.907375560268314,-8.0691336035839534],[-34.907180366589493,-8.0692110214715314],[-34.907178484197892,-8.0692117679599047],[-34.906940746911559,-8.0693060585661236],[-34.906869932958074,-8.0693426252586296],[-34.906900864443131,-8.0694154991363636],[-34.907009044953,-8.0696703708973683],[-34.907035759195949,-8.0697372234164302],[-34.907038915021381,-8.0697424387477721],[-34.907555447679663,-8.0695348974503442],[-34.907875325275029,-8.0693888346981009],[-34.907991729671856,-8.0693392863294804],[-34.908094420575949,-8.0693410335370572],[-34.908345717364924,-8.0693401813578607],[-34.908418597407135,-8.0693403126481087],[-34.908404443317373,-8.0694610381451692],[-34.90824508334061,-8.069439625914633],[-34.908138366392215,-8.0694302861732528],[-34.90806112847114,-8.0694374863402558],[-34.908060272200473,-8.0694581817204725],[-34.908059417351225,-8.0694886527742682],[-34.908061643940286,-8.0695958647832775],[-34.908062457923698,-8.0696340126311163],[-34.90806247697499,-8.0696380727087025],[-34.908075041160259,-8.0696380141485591],[-34.90807472103895,-8.0696183151093965],[-34.908124164125354,-8.0696194407589594],[-34.908124015795629,-8.0696264931752992],[-34.908126968211263,-8.0696564040418295],[-34.908129695467231,-8.0697736488587797],[-34.908077266202547,-8.0697750504398815],[-34.908014777042894,-8.0697762638443606],[-34.908007278063479,-8.0698601962465037],[-34.908010243419334,-8.0699508603809633],[-34.908011011118028,-8.069972957633226],[-34.907977329033073,-8.0699731634412064],[-34.907977361917233,-8.0699846178214845],[-34.907977373545584,-8.0699884492047591],[-34.90797747551597,-8.0700235193107606],[-34.907977501634932,-8.0700325652870895],[-34.907977623155695,-8.0700745080219694],[-34.907987410261725,-8.0700724291576247],[-34.907987526705256,-8.0700972443597792],[-34.907987732468072,-8.0701107438385797],[-34.907987748786432,-8.0701250470121426],[-34.907971383570384,-8.0701254505617239],[-34.907962107558632,-8.0701256791301272],[-34.90796286190298,-8.0701370044824294],[-34.907963605288842,-8.0701490874942348],[-34.90796372604607,-8.0701510442372193],[-34.907965536917615,-8.0701804848872936],[-34.907966522186115,-8.0701961730963312],[-34.907948176725796,-8.0701973489083176],[-34.907922691682522,-8.0701989829076748],[-34.907925773345781,-8.0702390395231447],[-34.907925777228726,-8.0702390937491124],[-34.907926202275156,-8.0702446165238122],[-34.907929164176281,-8.0702831214135422],[-34.907876841975344,-8.0703837167606629],[-34.907881068362045,-8.0704724764806723],[-34.907881929292699,-8.0704819651756363],[-34.907857319177765,-8.0704825427626279],[-34.907861623169659,-8.0705234661070371],[-34.90786973075334,-8.0706005488839576],[-34.907869801975814,-8.0706012284106272],[-34.907871402798904,-8.0706164490605126],[-34.907874339538076,-8.0706443710550175],[-34.907816382746653,-8.0706460876935999],[-34.907744696883505,-8.0706513191362941],[-34.907667301127319,-8.0706550936029178],[-34.907612537324468,-8.0706550577145109],[-34.907553001010328,-8.0706544075961162],[-34.907512851686988,-8.0706555105180193],[-34.907511838568297,-8.0706555387450454],[-34.90749930652909,-8.0706558828306196],[-34.907446977125716,-8.0706582964476254],[-34.90739101932602,-8.0706607269657482],[-34.907338946779959,-8.0706598847287285],[-34.907297815538747,-8.0706614804017534],[-34.907284111723982,-8.0707479224988816],[-34.907245041869245,-8.0707503818928412],[-34.907242321314953,-8.0707505527810994],[-34.906996497580586,-8.0707660230739044],[-34.906987933927489,-8.0708309090447639],[-34.906940370264216,-8.0708205105515027],[-34.906923015443631,-8.0708174542880364],[-34.906920776624567,-8.0708304019293546],[-34.906904161761098,-8.0709265094232592],[-34.906903740489341,-8.0709289451366022],[-34.906895084648781,-8.0709790138661752],[-34.906878929892592,-8.071072456737781],[-34.906875064297573,-8.0710948151681681],[-34.906853402565986,-8.0712519201311022],[-34.906795114081653,-8.0712436726502244],[-34.906720490112583,-8.0714114175138185],[-34.906671218797165,-8.0713699912091581],[-34.906511086123999,-8.0715385511618969],[-34.906585111281764,-8.0715516118562185],[-34.906582485783495,-8.0715511630119785],[-34.906537561372801,-8.0717047085488414],[-34.906544526785339,-8.071706370325316],[-34.906525603005058,-8.071757558211301],[-34.906402000857419,-8.0717371360825805],[-34.906500498709782,-8.0714945551877335],[-34.906522411958598,-8.0714347710610852],[-34.90655721173129,-8.071361248357972],[-34.906596781610425,-8.071244499831975],[-34.90658986577904,-8.0710154873165969],[-34.906543373751212,-8.0709121184698223],[-34.906536487158114,-8.0708011364126424],[-34.906534167626063,-8.0707459981602305],[-34.90653727188905,-8.0706622570532822],[-34.90653727199313,-8.0706094676139362],[-34.90653727227992,-8.0705719994153249],[-34.906538036481386,-8.0705550626608691],[-34.906543591263635,-8.0705236357921866],[-34.906546842309368,-8.0705052436582569],[-34.906568715786918,-8.0704416264769527],[-34.90659469123672,-8.0703820693452464],[-34.906612462656462,-8.0703482304783503],[-34.906631602017875,-8.0703103313987086],[-34.906639078500604,-8.0702760947772845],[-34.90664893822408,-8.0700741894464958],[-34.906651988641379,-8.0700201698303982],[-34.90665177428388,-8.0699744557243083],[-34.906651285131602,-8.0698701375910922],[-34.906626334630005,-8.0696675310006718],[-34.906582660062625,-8.0695286995834365],[-34.906580819309717,-8.0695228497948932],[-34.906574346728206,-8.0695022762268369],[-34.90655708364681,-8.0694477689908819],[-34.906523405000655,-8.0693420974265599],[-34.906506431761521,-8.0693051006350558],[-34.906414650202898,-8.0691817403111088],[-34.906335296893161,-8.0690856222320413],[-34.90628540949406,-8.0689649381031359],[-34.90625573677368,-8.0689060921355331],[-34.906230537811268,-8.0688561177498563],[-34.906200874573798,-8.068748973688523],[-34.906151842814836,-8.0686573477204711],[-34.906084161229302,-8.0685805204692524],[-34.90603353475111,-8.0685620428423537],[-34.905967678081254,-8.0685380064726875],[-34.905793131770757,-8.0684738761113817],[-34.905774209256798,-8.068463012302507],[-34.905707578444535,-8.0684247593922596],[-34.905648355134382,-8.0683859250303769],[-34.905566376880813,-8.0683314097133785],[-34.90554861376561,-8.0683197919263581],[-34.905540307266719,-8.0683143591609348],[-34.905436734912136,-8.068246618334916],[-34.905338624150851,-8.0682065301252877],[-34.905269924553821,-8.0681787911267335],[-34.905223028134287,-8.068158557498105],[-34.905189077925648,-8.0681353932059015],[-34.905086521577701,-8.0680684159979403],[-34.905000939829328,-8.068013199470073],[-34.904944192849229,-8.067965025271592],[-34.904859975982689,-8.0678936556818943],[-34.904818642990719,-8.0678577448696291],[-34.904778641625612,-8.0678229913938786],[-34.904670830531707,-8.0677101108751135],[-34.904549990845531,-8.0675829397171235],[-34.904420437253016,-8.0674400203658294],[-34.904396989936465,-8.0674141952807332],[-34.904390518791722,-8.0674070687632877],[-34.904310788829619,-8.0673192548198358],[-34.904207656786426,-8.0672063523571786],[-34.904180122378484,-8.0671691649286945],[-34.904225780563209,-8.0671429208423167],[-34.904340633047006,-8.0670433938732966],[-34.904306351123275,-8.0670004969907989],[-34.904301717999047,-8.0669335405578053],[-34.904308155926017,-8.0669246606855687],[-34.904314594759811,-8.0669157808090013],[-34.904366267967617,-8.0668914750950762],[-34.904392665744524,-8.0668790588025097],[-34.904478963203047,-8.0668566524345255],[-34.90444318763268,-8.0668326259147225],[-34.904290410403355,-8.0667441327479104],[-34.904297315438306,-8.066734660347004],[-34.904314948015369,-8.0667104713452851],[-34.904371636696553,-8.0666327036802112],[-34.904434484996671,-8.0665464868667396],[-34.904469094530747,-8.0664991316971744],[-34.904467340116533,-8.0664977620541638],[-34.904509147430929,-8.0664445656701353],[-34.904514519605456,-8.0664374536884349],[-34.904562222703944,-8.0663630484458189],[-34.904556041912521,-8.0663574846169634],[-34.904529443100685,-8.0663335401807608],[-34.904577689708191,-8.0662698257428573],[-34.904657774035158,-8.0661640668638466],[-34.904675594422486,-8.0661769004246366],[-34.904683979102259,-8.0661829629933823],[-34.904711889657463,-8.0661391124044606],[-34.904765696065212,-8.0660589677639951],[-34.904765460633762,-8.0660588630828443],[-34.904798186770215,-8.0660093414715757],[-34.904829104278903,-8.0659629527340329],[-34.904843460919558,-8.0659414107047329],[-34.904873257847939,-8.0658967033218723],[-34.904886553374972,-8.0658767555807227],[-34.904887849617602,-8.0658748148440473],[-34.904911756667495,-8.0658390164287983],[-34.905017411543987,-8.0656808074557134],[-34.905018958162429,-8.0656817757525801],[-34.905130626341624,-8.0655154645592759],[-34.905128686384167,-8.0655141825722403],[-34.905161262918483,-8.065465661546952],[-34.905186738237504,-8.0654277159000607],[-34.905192374697975,-8.0654193207158329],[-34.905225284228088,-8.0653696590129798],[-34.905227329035498,-8.0653714422701714],[-34.905228877549462,-8.0653691351158354],[-34.905388522958759,-8.0655120598781824],[-34.905502409407823,-8.0656114079657115],[-34.905507869029272,-8.0656189053220562],[-34.905644339235856,-8.0654398406743404],[-34.905702274037033,-8.0653251205456193],[-34.905768725799042,-8.0652456800391388],[-34.905796177845204,-8.0652556127856077],[-34.905841592935758,-8.0652720444724206],[-34.905758398650711,-8.0654634043202389],[-34.905716383028881,-8.065525328718218],[-34.905876591923509,-8.065588856213294],[-34.905843355739414,-8.0656667517288536],[-34.905846000808999,-8.0656677076782941],[-34.906056039889926,-8.0657436158695166],[-34.906057906251348,-8.0657442906596621],[-34.90629208722747,-8.0658289236270484],[-34.906520964104921,-8.0654253092218102]]]},"properties":{"NMNOME":"Caranguejo Tabaiares","BAIRRO":"ILHA DO RETIRO (RPA 4.1 E RPA 5)","ZEIS_TIPO":"ZEIS Planície","NOME_TIPO":"Caranguejo Tabaiares - ZEIS Planície"}},{"type":"Feature","geometry":{"type":"Polygon","coordinates":[[[-34.922014703947063,-8.0034520711182964],[-34.92216523159766,-8.0033900076575595],[-34.922238554519176,-8.0032730782026054],[-34.922355599678568,-8.0030720842317038],[-34.922499305267706,-8.0028678967678051],[-34.922596176831533,-8.0027406308387459],[-34.922648102020403,-8.0026555047061745],[-34.92270893559558,-8.0025007938729757],[-34.922759643195114,-8.0023747654882271],[-34.9227962662397,-8.0020892610121859],[-34.922790814059731,-8.0020278418072444],[-34.922756398413895,-8.0017819163275785],[-34.92274087314243,-8.0014718048077516],[-34.922628552327446,-8.0013008381778494],[-34.922477374576935,-8.0011810786640041],[-34.922099440923112,-8.0008593098151604],[-34.922061916773679,-8.0008107781469917],[-34.922013475654907,-8.0007481261163615],[-34.92172467601943,-8.0004558852160415],[-34.921532957659991,-8.0002665555150827],[-34.921419466129009,-8.0001310638186816],[-34.921268944893448,-7.9999752908719621],[-34.921086555804941,-7.9997770323082706],[-34.921162489661839,-7.9996420630285856],[-34.921267086985381,-7.9993934506913327],[-34.921511787841752,-7.9989896195756716],[-34.921810907301683,-7.9987536981126128],[-34.922164467605306,-7.9984869314078937],[-34.922870655652474,-7.9975505216243636],[-34.923125470469309,-7.9973250028226754],[-34.923537073481228,-7.9970681620447124],[-34.92395147922074,-7.9965203472938802],[-34.924095571646063,-7.9959244551849684],[-34.924161437952208,-7.9953134047544232],[-34.924875055976386,-7.9932570970032994],[-34.925572143114458,-7.9917700672175505],[-34.926123020776025,-7.9912160670436405],[-34.92702040373473,-7.9907868206885251],[-34.927376284672334,-7.9904520041075973],[-34.927558615366529,-7.9899916271405464],[-34.9276488101792,-7.989554655633115],[-34.927726881479238,-7.9889913702074393],[-34.928136978301289,-7.9880897929844394],[-34.928409865097002,-7.9877021285827912],[-34.928759030645885,-7.987431889237806],[-34.932414395467099,-7.9861702764287923],[-34.932582810862961,-7.986358849791511],[-34.933426163980222,-7.9873871876828497],[-34.934347855494515,-7.9884106043655594],[-34.935446330306014,-7.9897599143800395],[-34.93608180580577,-7.9908456579046954],[-34.936202273018971,-7.9911361778982384],[-34.936686474006571,-7.992204830081385],[-34.936931015737422,-7.9927189684690427],[-34.937021283510077,-7.9928831729264429],[-34.937023836408514,-7.9928866099305012],[-34.937363423574496,-7.9934093708334544],[-34.937798337549253,-7.9939292558477808],[-34.937835853575145,-7.9939797603043043],[-34.938547029646955,-7.9948583798872503],[-34.938759059560994,-7.9951259884810115],[-34.938934699230131,-7.9953994026830646],[-34.938966061639718,-7.9954649983039312],[-34.939107690166999,-7.9957239145828138],[-34.939205937349385,-7.9959893384120191],[-34.939335269404182,-7.9963502289986028],[-34.939385175846731,-7.9965504948831416],[-34.939425773954945,-7.9968245382069894],[-34.939448690506033,-7.9969792227306566],[-34.939476378411037,-7.9972405831076996],[-34.93947912307079,-7.9976082951022187],[-34.939446548658616,-7.9979441161198821],[-34.939379789370747,-7.9982752320791581],[-34.93926952262143,-7.9986941190660374],[-34.939153961707653,-7.9990254642489145],[-34.93899482416051,-7.9994299857305258],[-34.938919205860941,-7.9996932488698285],[-34.938813801479171,-8.0000785256480533],[-34.938775881211072,-8.0002226400238463],[-34.938698386879814,-8.0007028678512757],[-34.938616763210646,-8.0011328315876646],[-34.938565308849292,-8.0015095874674369],[-34.938491170242003,-8.0019142468550335],[-34.938415667237273,-8.0025665530524108],[-34.938381156653612,-8.0027739244078884],[-34.938302927643981,-8.0033858123216763],[-34.938176542412457,-8.0040486149767158],[-34.937994331817784,-8.0051384342970184],[-34.937918374687754,-8.0056947186196776],[-34.937867293466155,-8.006458729148461],[-34.937729487772451,-8.0075327152793125],[-34.937611266405526,-8.0088346264987571],[-34.937591834573979,-8.0090141301378779],[-34.937591829660235,-8.0090449294918713],[-34.937359775299171,-8.0089983326472591],[-34.936858365831888,-8.0088976482344592],[-34.936795322772539,-8.0089003617601495],[-34.936742171508214,-8.0089271517213696],[-34.936600030067083,-8.0091014077590543],[-34.93504071916243,-8.0107781606047652],[-34.934787690353403,-8.0103886503311781],[-34.934659136228312,-8.0102510984105866],[-34.933930888882443,-8.0097289966731182],[-34.933721432129239,-8.0095788297514829],[-34.933680185587235,-8.0095017001157647],[-34.933684494483686,-8.0094372975221706],[-34.93372872199653,-8.0093589118385751],[-34.933838395929889,-8.0091361271090555],[-34.933877684186008,-8.0089887832671618],[-34.933943695822954,-8.0088150304758106],[-34.933940846295975,-8.0086865050911342],[-34.933917935434323,-8.0083938284131815],[-34.933907949486915,-8.0082329197328814],[-34.933857893169296,-8.0080538050007295],[-34.93373319865087,-8.0079255236178746],[-34.933690675035812,-8.0078139228234289],[-34.933682559220955,-8.0077235190472376],[-34.933694449660756,-8.0076360880370903],[-34.933690787463398,-8.0075119402599277],[-34.933685639536684,-8.0073985287909331],[-34.933535717472552,-8.0069133011114388],[-34.933389002596016,-8.0065072256057661],[-34.933379802207128,-8.006362789594629],[-34.93337072048039,-8.0061660162695105],[-34.933406016768949,-8.0060097039603484],[-34.933477974579873,-8.005739060965249],[-34.933495983771166,-8.0057003435036673],[-34.933615254110343,-8.0055179850289946],[-34.933754542324408,-8.0053793704280203],[-34.934013257897178,-8.0051298269574183],[-34.934198463023442,-8.0049450103894362],[-34.934288759180561,-8.0048526129008533],[-34.934296239728454,-8.0047697545099581],[-34.934281956512457,-8.0047146830674762],[-34.934252181738287,-8.0045967890380734],[-34.934199186666689,-8.0044795788303933],[-34.934114613823198,-8.0043896084877719],[-34.933970182494846,-8.0043084258502795],[-34.93368813178094,-8.0041563690617057],[-34.933433020747806,-8.0040503153088736],[-34.93336818977096,-8.0040341815071745],[-34.933256215518014,-8.0040260045820144],[-34.933153092187453,-8.0040408965708298],[-34.933057894085607,-8.0040720009312505],[-34.932949028638525,-8.004139958997909],[-34.932864753905328,-8.0042047352942056],[-34.932785273392703,-8.0043078121087721],[-34.932730454971036,-8.0044230369365241],[-34.932613121801175,-8.0046519893576136],[-34.932545877840099,-8.0047412129288062],[-34.932492285874588,-8.0047905171854552],[-34.932357206271867,-8.0048432687406059],[-34.932174454271355,-8.0048962435094868],[-34.932115574879461,-8.0049090304867683],[-34.931228754603552,-8.0052257866164975],[-34.930822996143689,-8.0053843255432771],[-34.930645404385203,-8.0054537149809928],[-34.930322892911391,-8.0055456651682491],[-34.930212431494034,-8.005601366618178],[-34.930054500533174,-8.0057002121110834],[-34.929917967674506,-8.0057713646873001],[-34.929758383827441,-8.0058456907167876],[-34.929656975371387,-8.0058645599391074],[-34.92950465386285,-8.0058484098724261],[-34.929267392864787,-8.0057560126564429],[-34.929050029900623,-8.0056435931608227],[-34.928944744673025,-8.0055872110779358],[-34.928801318696074,-8.0054991563649907],[-34.928706812619538,-8.0054760899267858],[-34.928552497900419,-8.0054634502051094],[-34.928144903018328,-8.0054562107368099],[-34.927801915789004,-8.0054455508755016],[-34.927257448588051,-8.0054296997130177],[-34.926769887362227,-8.0054151144486454],[-34.926576951489501,-8.0054160154395326],[-34.926076796787108,-8.0091002358790888],[-34.926082319966632,-8.0097463222162748],[-34.926064162863597,-8.010373043878408],[-34.926062623992571,-8.0104261519613491],[-34.926061521185751,-8.0108104451805584],[-34.926057639837538,-8.0110059645724849],[-34.9260927649702,-8.0112670947316111],[-34.926121612277811,-8.0115236353602306],[-34.926153329173189,-8.0117714618913602],[-34.926194163413712,-8.0121019031386691],[-34.926183084524538,-8.012220866862771],[-34.926089024699905,-8.0126374977711894],[-34.926055126495932,-8.0128537274924874],[-34.926009990713453,-8.0131555681919213],[-34.926016260788344,-8.0132512481483236],[-34.926030757234315,-8.0133606295723006],[-34.926091058412155,-8.0135038302984114],[-34.926364188265183,-8.0139020942008123],[-34.926779933424434,-8.0144643483992244],[-34.926820550125967,-8.0145615275615363],[-34.92689898978778,-8.0147328869828005],[-34.926987374185472,-8.0150916657099689],[-34.92701019875156,-8.0151680415313606],[-34.926998307026352,-8.0154233222560567],[-34.926987187561629,-8.0155335845658655],[-34.926951075713227,-8.0158977396608613],[-34.926932291488299,-8.0162342597926024],[-34.927030400004078,-8.0164095366088386],[-34.927077505642735,-8.0164859055177065],[-34.927102980933135,-8.0166438521584382],[-34.927200582801923,-8.0169798287611354],[-34.927275853161078,-8.0172264594036857],[-34.927389565661123,-8.0174710071143167],[-34.927431759727732,-8.0175675042925363],[-34.927436643046725,-8.0176776926222004],[-34.927427176602102,-8.0178300013198207],[-34.927417085007974,-8.0179691624939728],[-34.927875654328936,-8.0182208918669406],[-34.928300928676563,-8.018312117943676],[-34.928098571344783,-8.0185122610244175],[-34.927986299149374,-8.0186086665251892],[-34.927855962613947,-8.0186891501861766],[-34.927722400196728,-8.0187335082412972],[-34.92743768743393,-8.0188262003259592],[-34.9273342513765,-8.0188658951959173],[-34.927197905655802,-8.0188876131105804],[-34.927136827553397,-8.0188885136402011],[-34.926928720533908,-8.0188749861356179],[-34.926754060802381,-8.0188584009386918],[-34.926528905027475,-8.018825031110568],[-34.926287600476599,-8.0188202281227703],[-34.926144336190056,-8.0188279000291036],[-34.926130046459257,-8.0187901183753159],[-34.926026529110139,-8.0184485295726322],[-34.925943442837955,-8.0184924060607052],[-34.92585060778466,-8.0185508455145342],[-34.925666269558043,-8.0186416161208722],[-34.925403418761213,-8.0187429044588185],[-34.925133239302497,-8.0188326269095747],[-34.924889184453015,-8.0189091742956737],[-34.924591240079906,-8.0189729232440126],[-34.924191451797533,-8.0190356967667089],[-34.923951529098005,-8.0190629204792625],[-34.923773973161502,-8.0190492477639008],[-34.923367976858778,-8.0190293920889228],[-34.923098827836796,-8.0190291987039135],[-34.923084273065548,-8.0190312754840232],[-34.923082580049318,-8.0189836755024082],[-34.923076031984422,-8.0188739457576368],[-34.923071660636332,-8.0187831142985164],[-34.923067628314399,-8.0186970664541395],[-34.923064578797948,-8.0186078489007464],[-34.92306332497386,-8.0185147364022491],[-34.923040450077593,-8.0185155944698483],[-34.922851487568252,-8.0185226866004822],[-34.922791889870915,-8.0185257737216116],[-34.922790984240592,-8.0184891914715113],[-34.922756398806499,-8.0180994210952932],[-34.922726625597683,-8.0180464690303381],[-34.922700790523045,-8.0180369496024841],[-34.921687800877748,-8.0181077832505796],[-34.921663885384554,-8.0181248089190849],[-34.921648268770952,-8.0181535938875612],[-34.921626598389629,-8.0182769304384642],[-34.921593282345135,-8.0184026176354841],[-34.921537671548613,-8.0185943927387608],[-34.921466376566798,-8.0188844122500171],[-34.921409481473397,-8.0190586265137682],[-34.921375194614583,-8.0190932737283784],[-34.921351125919855,-8.0190973873839102],[-34.921220285812318,-8.0190851229423252],[-34.921045950084746,-8.0190939831409676],[-34.920886290349145,-8.0191333529394981],[-34.920543203999351,-8.0193087652514787],[-34.920343382962812,-8.019391775021802],[-34.919956755939282,-8.0195786563909444],[-34.919552330282464,-8.0197575724594117],[-34.919404054020433,-8.0198145920900341],[-34.918941963471525,-8.0200919486898883],[-34.918735932921429,-8.0202280960024002],[-34.918339993910742,-8.0204954885127311],[-34.918304457805554,-8.0204924346738533],[-34.91806999047725,-8.0200734795904225],[-34.917848853605406,-8.0197440676096239],[-34.917806177758315,-8.0197133608927853],[-34.917773109474489,-8.0197114282924868],[-34.917725657290987,-8.0197300541878267],[-34.917583824071833,-8.0198602579711906],[-34.917525453047467,-8.0199138424242129],[-34.917338605520634,-8.0200801037018152],[-34.917163265253457,-8.0202193268388875],[-34.917137151020782,-8.0202762688674412],[-34.917141641738539,-8.0204286461374288],[-34.917108067827094,-8.020499615102846],[-34.916972797584059,-8.0205758860795289],[-34.916613517284958,-8.0207417148353528],[-34.915910866323074,-8.0210234076459539],[-34.915586947006418,-8.021155274489411],[-34.915527208661508,-8.0211794151883371],[-34.915464455464125,-8.0211642376324495],[-34.915425808160499,-8.0211191273382436],[-34.915334726385353,-8.0210824155978084],[-34.915213648191099,-8.0210861981211625],[-34.915049112287022,-8.0211191507861574],[-34.914963675718148,-8.021148517083347],[-34.914726678851707,-8.0212236503782197],[-34.914554265550294,-8.0212984832823988],[-34.914441463637999,-8.0213456801412626],[-34.914420119412419,-8.0214100991489286],[-34.91443399644416,-8.0215505897681059],[-34.91444569098482,-8.0216954833875711],[-34.914445989024365,-8.0217591707362139],[-34.914471156866391,-8.0218828745895401],[-34.914698432070217,-8.0224313487679613],[-34.914709274365322,-8.0224629189514207],[-34.914713907567474,-8.0225112124885953],[-34.914687714686217,-8.0225640431430101],[-34.914435340919958,-8.0227196971873713],[-34.913191568648138,-8.0234868032010453],[-34.912589359301407,-8.0238127022873176],[-34.912514260480179,-8.0237923155200157],[-34.912466889027371,-8.0236691313749411],[-34.912447004066699,-8.0235210101225594],[-34.912447985166871,-8.0232596597106713],[-34.912455196529102,-8.0229170228195823],[-34.912421274041648,-8.0229101612217288],[-34.912285379825541,-8.0228826732572909],[-34.91219497359355,-8.0228677195097866],[-34.912051904540213,-8.0228991304046033],[-34.911906682793621,-8.0229415320519184],[-34.911733215507063,-8.0229856152909385],[-34.911650658241236,-8.0229587663259778],[-34.911595187408871,-8.0229411224544993],[-34.911454363012659,-8.0229455390346569],[-34.911127132415693,-8.0230329988557951],[-34.911034615397057,-8.0230378202803827],[-34.910928909766717,-8.0230492926510291],[-34.910810035117905,-8.0230718060210666],[-34.910596541986664,-8.0231211129637181],[-34.910400645382261,-8.023163749304997],[-34.910281770636452,-8.0231862625368855],[-34.910239981701352,-8.0231854402689482],[-34.91007439166895,-8.0231880239490856],[-34.910261135195412,-8.0239572173066218],[-34.909996200212305,-8.0240288509654221],[-34.910015237738456,-8.0241370745136607],[-34.909828279039729,-8.0241693899781339],[-34.909812741373962,-8.0241718026989393],[-34.909730956095821,-8.0237402264548283],[-34.909588635788204,-8.0237646935025833],[-34.909681454200026,-8.0243299818539313],[-34.909692952000341,-8.0243988465403717],[-34.909542790420232,-8.0244167286070773],[-34.90950407118946,-8.0244834214391361],[-34.909431076522246,-8.0244900342884318],[-34.909390764378365,-8.0244852018988997],[-34.909356806271845,-8.0244928885012374],[-34.909351420936339,-8.024464636028954],[-34.90934955239058,-8.0244508223939093],[-34.909308125056484,-8.0244567680479335],[-34.909268798945781,-8.0244632265033538],[-34.909269420461705,-8.0244760939394855],[-34.909230862585702,-8.0244846887585357],[-34.90923062350398,-8.0244707798694801],[-34.909162308432876,-8.0244879530882809],[-34.909163485045354,-8.0244977133793487],[-34.908981021700477,-8.0245299425680265],[-34.908971807906148,-8.0244828480644301],[-34.908964356775101,-8.0244447625660875],[-34.908861627708802,-8.024470868418069],[-34.908790321206077,-8.0244837520839472],[-34.908747856661158,-8.0244923179648016],[-34.908745090788948,-8.0244759119979747],[-34.908631230668441,-8.0245033495749016],[-34.908640915814424,-8.0245832315808077],[-34.908641880591254,-8.0246428314591114],[-34.908415753709548,-8.0247029264908711],[-34.908439518890908,-8.0247753271498148],[-34.908301084699509,-8.0248328539082738],[-34.908262400871557,-8.0247462489603265],[-34.908248039754739,-8.02475278505751],[-34.908211514708206,-8.0247694084450245],[-34.908199040165968,-8.0247357047233159],[-34.908076140711003,-8.0247824136265891],[-34.907945219515831,-8.0248312489871729],[-34.90790697486554,-8.0248121280037576],[-34.907872518592356,-8.0247949015625029],[-34.907866320672326,-8.0247769555874058],[-34.907830133138603,-8.0246794838465156],[-34.90774429234088,-8.0247117745627357],[-34.907736263955321,-8.0246893320907944],[-34.907570898405162,-8.0247437233669139],[-34.907519312586196,-8.0247660434246466],[-34.907475179278769,-8.024803048998475],[-34.907407853356879,-8.0248433172488429],[-34.907339439157688,-8.0248762296006806],[-34.907273123905426,-8.0249070293518781],[-34.90722047339802,-8.0249272514483643],[-34.907222622306847,-8.0249356538577885],[-34.907176366223069,-8.0249504228069402],[-34.90712571583596,-8.024966595339011],[-34.907123527700854,-8.0249497816472495],[-34.907080885671817,-8.0249646595069173],[-34.907083736275901,-8.0250130547045373],[-34.907089344818814,-8.0250845288682378],[-34.907070428276597,-8.0250872952748225],[-34.9069573205838,-8.0251038376389321],[-34.906953020112226,-8.0250325861374971],[-34.906925598323546,-8.0250337646171985],[-34.906921301840981,-8.0250567280026583],[-34.906902954848853,-8.0251547888420713],[-34.906897788528681,-8.0251779452083447],[-34.906833440671711,-8.0251782433292966],[-34.906761723651847,-8.0251817298786943],[-34.90669320146938,-8.0251915111186225],[-34.906580397849297,-8.0252067537361267],[-34.90655759257114,-8.025209447727903],[-34.906412043801261,-8.025299011878726],[-34.906356581601578,-8.0253949528212143],[-34.90627011637752,-8.0254027133390977],[-34.906117570049148,-8.0254917438777333],[-34.906015057438019,-8.025376055569728],[-34.905827534283482,-8.0252785864229264],[-34.905782095975681,-8.0252619729792158],[-34.905729670893287,-8.0252474965556289],[-34.905699707996604,-8.0252392229159373],[-34.905448304219412,-8.0251667837948588],[-34.905256115369866,-8.0251245628876511],[-34.905127391063026,-8.0251188501298945],[-34.904930123964547,-8.0251187117384468],[-34.904830955636541,-8.0251170669266472],[-34.904756103398761,-8.0251268771469757],[-34.904617020752184,-8.0251622190085055],[-34.904414856432723,-8.0252430662038474],[-34.90440909624671,-8.0252244319283825],[-34.90433089572398,-8.0252540151374507],[-34.904403133665809,-8.0254439525688817],[-34.904447195956941,-8.0256182931325615],[-34.904401894745526,-8.0256311199672155],[-34.904405128736492,-8.0256458259894643],[-34.904154365261,-8.0257111255753362],[-34.904144678629741,-8.0256874367190303],[-34.904075403371202,-8.0255180196866238],[-34.904053354986615,-8.0255307560834712],[-34.90368087595612,-8.0257459122695849],[-34.90332523218698,-8.0259420789801545],[-34.903126205813102,-8.0260280797503025],[-34.903039812483009,-8.0260542850731067],[-34.902938698163076,-8.0260742498372384],[-34.902860636619494,-8.0260700343687628],[-34.902791886386495,-8.0260535039644463],[-34.902684715871537,-8.0260126589682645],[-34.902548776249411,-8.0259320005227188],[-34.902499195160587,-8.025908871222498],[-34.902415692218078,-8.0258671844328031],[-34.902347564552052,-8.0258474072540249],[-34.902298348694593,-8.0258427310575513],[-34.901989189674822,-8.0258273369701421],[-34.90170098931997,-8.0258152912197893],[-34.901696323099841,-8.0256856896095563],[-34.901659401787846,-8.0256858602092525],[-34.901638001766166,-8.0256880556329957],[-34.901624606922745,-8.0256894302371258],[-34.90162468886799,-8.0257070502280445],[-34.901463252139195,-8.0257059527130981],[-34.901377875879284,-8.0257144991739349],[-34.90125765834231,-8.0257234660419225],[-34.901056190696572,-8.0257275510076536],[-34.900827301079353,-8.0257328148678386],[-34.900775607043933,-8.0257320012773707],[-34.900770274692803,-8.0257035204906373],[-34.90076262542587,-8.0256626646073439],[-34.900726095130345,-8.0255198325089232],[-34.9006783663501,-8.0254643249762516],[-34.900499070192495,-8.0252453945148599],[-34.900351591419714,-8.0250631182236525],[-34.900334454069792,-8.0250074693835742],[-34.900335357439722,-8.0249748697647014],[-34.900360035257009,-8.0249318476190723],[-34.900429817956393,-8.024871389205309],[-34.90057794030637,-8.0247382188201968],[-34.90092346099842,-8.0244064604225489],[-34.901086223690307,-8.0242458849688045],[-34.901282713581843,-8.024078844179483],[-34.901483251564422,-8.0238749834593257],[-34.901521891305158,-8.0237906864584652],[-34.901535705123877,-8.023739953909617],[-34.901537134855353,-8.0237084087382637],[-34.901517488726945,-8.0236601903752085],[-34.901505398108583,-8.0236467104499525],[-34.901457188339485,-8.0236018334753059],[-34.901273274985265,-8.0234138646447004],[-34.901162899592151,-8.0232666073267183],[-34.901142622197462,-8.0232162302072609],[-34.90114356339862,-8.023197241239032],[-34.90116684008305,-8.0231580054837899],[-34.901182374564463,-8.0231445462379902],[-34.901260269923739,-8.0231084367667655],[-34.901298865756033,-8.0230960580632438],[-34.901256829605742,-8.0229049124589586],[-34.901185402783987,-8.0227257079408716],[-34.901094593462325,-8.0224152284151238],[-34.901113114376159,-8.0224077448696338],[-34.900252058292232,-8.0195706074145683],[-34.898913031551032,-8.0197703426727482],[-34.898368463122949,-8.0202149236801326],[-34.898318412629322,-8.0202620749332674],[-34.898695350056549,-8.0213976614765539],[-34.897817235946064,-8.0216482958008637],[-34.897510870532862,-8.0209529672793334],[-34.897349616741145,-8.0207081708319219],[-34.897126126908127,-8.0204976442460225],[-34.89687686606451,-8.0203224607521868],[-34.896632656689775,-8.0201508266984156],[-34.896360592831243,-8.0199147254389107],[-34.896047379511479,-8.0196583514240771],[-34.895949745543277,-8.0195748204065591],[-34.895665350570546,-8.0193633552722208],[-34.895561583748012,-8.0192608749017182],[-34.895525147373782,-8.0192029195622485],[-34.895499523478591,-8.0191199004928819],[-34.895494477790336,-8.0190349152846228],[-34.895491867233865,-8.0189931653299364],[-34.895504860477075,-8.0189384071499621],[-34.895544040190423,-8.0188443349750269],[-34.895592823130002,-8.0187447435243655],[-34.895742784581344,-8.018448348342254],[-34.895874853257496,-8.0181783730279896],[-34.896014382915432,-8.0179634351256048],[-34.896230346059184,-8.0176547634510342],[-34.896519034466586,-8.0172296312031541],[-34.8966251783974,-8.0170675219541323],[-34.896688167686065,-8.016923569913331],[-34.89675320916588,-8.0167041850521912],[-34.896787285675316,-8.0165412105737879],[-34.896784561349762,-8.0164717865292676],[-34.896769245240584,-8.0162767160347741],[-34.896724798378372,-8.0160159340275552],[-34.896703692633317,-8.0158675802258266],[-34.896697159189301,-8.0158279666020125],[-34.896675853742003,-8.0156200523329577],[-34.896605610166411,-8.0156956362954208],[-34.896461011794806,-8.0158531335688323],[-34.896291218751259,-8.0160167326487954],[-34.895951720959189,-8.0163630840266116],[-34.895707912229888,-8.0166239956007779],[-34.895465104479285,-8.0168418033927829],[-34.895350342566687,-8.016958458985842],[-34.895257165336282,-8.0170678314808601],[-34.895169554101969,-8.0169587174556121],[-34.895020075839867,-8.0167337503586023],[-34.89488981762053,-8.0165594333330965],[-34.894722619287734,-8.0163626281541749],[-34.89465723597624,-8.016281467931865],[-34.894358259325855,-8.0159562676228564],[-34.89411847565826,-8.0156068874998478],[-34.894703578259936,-8.015057499078571],[-34.894888367495263,-8.0148529981359751],[-34.895450189811292,-8.0142450163147707],[-34.896000691645433,-8.0137448827218858],[-34.895838929688843,-8.013561924058191],[-34.895614955692473,-8.0133259787459128],[-34.895268715575774,-8.0131590963856372],[-34.894928458551455,-8.0126298179525044],[-34.894441499505078,-8.011889475786365],[-34.894269813127735,-8.0116289006859329],[-34.893816351198851,-8.0111201019260641],[-34.893759844877657,-8.0111723395686862],[-34.893497969634261,-8.0114028759451887],[-34.893011593894975,-8.01185869676641],[-34.89285848621229,-8.0116942836272216],[-34.892716811014282,-8.0115317680109772],[-34.892713318613637,-8.0115267582782241],[-34.89262477058017,-8.0113494936825429],[-34.89253947034944,-8.0113141172374611],[-34.892571089125198,-8.0109868705378275],[-34.89253177772131,-8.0109204014896793],[-34.8924846927804,-8.0109158386603578],[-34.891758286168979,-8.0108454428942792],[-34.891582158092639,-8.0110308727365194],[-34.891532983026444,-8.0112749010559039],[-34.891493741898941,-8.011827031553695],[-34.891474730515348,-8.0120450811342288],[-34.891432809737637,-8.0126377646032498],[-34.89138388006424,-8.0131171974622042],[-34.891375775316838,-8.0132032585763948],[-34.890825082858733,-8.0137470016306338],[-34.890858260265887,-8.013772199778554],[-34.890971968162624,-8.0138882879175544],[-34.890990945487601,-8.0139407648567662],[-34.890986027945459,-8.0141798437638805],[-34.890919685114277,-8.0143597044085126],[-34.890820507575548,-8.0144845045492517],[-34.890677868163358,-8.014636195175191],[-34.89055369306319,-8.0147318268675765],[-34.890376182221466,-8.014842914314654],[-34.890363701381155,-8.0148259143176066],[-34.890275089651624,-8.0147052203673947],[-34.890208488063188,-8.0146015902702192],[-34.890142161501274,-8.0145575322452984],[-34.890053474917494,-8.0143526037489341],[-34.890034465917864,-8.0143113257115139],[-34.89007736015045,-8.0142929217581624],[-34.890037590772621,-8.0142170539519988],[-34.89002860189904,-8.0141980833048176],[-34.890013495215683,-8.0142079808211832],[-34.889999670780981,-8.0142170379924256],[-34.889961311127891,-8.0141561533331824],[-34.889948502037193,-8.0141309087180002],[-34.889931763191328,-8.0140913786935641],[-34.88992281693735,-8.0140661154591264],[-34.889925560742874,-8.0140628020859026],[-34.889913259943697,-8.014028203347543],[-34.889923310817764,-8.014022196668046],[-34.889893366395277,-8.0139393097188201],[-34.889822852403583,-8.013690861317178],[-34.889804926035261,-8.0136331846314466],[-34.889782984533902,-8.0135425202448811],[-34.889767213368671,-8.0134732804501425],[-34.889757514401055,-8.0134771211453142],[-34.889751999367839,-8.0132857692222323],[-34.889750684899035,-8.0132401183649709],[-34.889747186111357,-8.0131570631243854],[-34.889748925520706,-8.0131230111580916],[-34.889755551457604,-8.012943024797103],[-34.88975530091372,-8.0129248946450709],[-34.889744237566376,-8.0129261224758164],[-34.889743630310193,-8.0129073457344653],[-34.889740564164043,-8.0128407987957626],[-34.889745803940095,-8.0127802647784652],[-34.889747651115108,-8.0127021429954208],[-34.889734741550761,-8.0126171663304326],[-34.889733711072722,-8.0125514815899823],[-34.889743007570388,-8.0125506451909985],[-34.889741253984553,-8.0125161662385409],[-34.889766652097315,-8.0125144749006552],[-34.889761802920297,-8.0124204313447969],[-34.889753167071156,-8.0123429082020081],[-34.889753364107747,-8.0122658951507812],[-34.889728611411293,-8.012267503966779],[-34.889716951828866,-8.0122682616927445],[-34.889710312938085,-8.0121450716007292],[-34.889691252455201,-8.0120807985018487],[-34.889646603719079,-8.0120920049012572],[-34.889627446818132,-8.0120068290298132],[-34.889743197201511,-8.0119760434483638],[-34.889901327774055,-8.0119208595581668],[-34.889855049007835,-8.0118182047217683],[-34.889809256633562,-8.0117012451176031],[-34.889701056109502,-8.0117255301204118],[-34.889614098097809,-8.0117450472606517],[-34.889589934934484,-8.0116510922143451],[-34.88957420110426,-8.0115901037400334],[-34.889682927797637,-8.0115684029349037],[-34.88969549988424,-8.0115658943514187],[-34.889652886105772,-8.0114203150852195],[-34.889629687178314,-8.0114244879626337],[-34.889565759912422,-8.0114350169434001],[-34.889545194813422,-8.0112838361818337],[-34.889461417161229,-8.0113067741948338],[-34.889443714268147,-8.0112550235700137],[-34.889436487468821,-8.0112310633355666],[-34.88943609324506,-8.0112297560357337],[-34.889384116668275,-8.0110574236179488],[-34.889367058570635,-8.0109995539347878],[-34.889359946197956,-8.010975425917632],[-34.889382706063927,-8.0109675040484483],[-34.889434607136081,-8.0109494386717373],[-34.889403956650774,-8.0108474814814308],[-34.889385577649712,-8.0107856064512806],[-34.889452599244621,-8.0107616513274689],[-34.889440852293383,-8.0107214320529749],[-34.889426409847538,-8.0106719890578368],[-34.889420179006947,-8.0106350624742682],[-34.889414066533895,-8.0105937116889425],[-34.88945102346743,-8.0105918679812387],[-34.889451064958124,-8.0105888680567752],[-34.889477521029029,-8.0105865019929219],[-34.889536125839093,-8.0105812618984729],[-34.889534882618015,-8.0105764036506653],[-34.889543229448059,-8.0105753700086506],[-34.889553672959082,-8.0105740772321692],[-34.889627769635538,-8.0105644057570853],[-34.889654272453093,-8.0105605739561998],[-34.889746354958227,-8.0105550655866544],[-34.889845680289255,-8.010535900435773],[-34.889941386443503,-8.0105172689851472],[-34.889938214816048,-8.010479548176928],[-34.889937830931451,-8.0104749771058046],[-34.88995874490351,-8.0104711582472579],[-34.890030859948283,-8.0104579897716093],[-34.890096176349751,-8.0104436816673434],[-34.890147066110437,-8.0104244582132793],[-34.890179896147906,-8.0104108098211224],[-34.890156077293248,-8.0101484911764711],[-34.890131220289284,-8.0096208175086616],[-34.890298354964479,-8.0096146757439719],[-34.890367747167595,-8.0094611696550597],[-34.890548533117858,-8.0091317191696731],[-34.890635330821723,-8.0089987679691763],[-34.890743709222541,-8.0088327605458414],[-34.89105806880039,-8.0083144648488567],[-34.891142523098537,-8.0081804539299455],[-34.891262691887754,-8.0079869174615901],[-34.891263219465714,-8.007986068825188],[-34.891385072602084,-8.0077898187161942],[-34.891485326372525,-8.0076862597140632],[-34.891631913629091,-8.0074555972357881],[-34.891655465491638,-8.0074147605082509],[-34.89097523671353,-8.0069525232380627],[-34.890923955552061,-8.006917675551497],[-34.891131691441643,-8.0067405843588926],[-34.891628497565783,-8.0063109912525032],[-34.891799048523559,-8.0061691151380447],[-34.891881032105942,-8.0061149881216771],[-34.892043761288669,-8.006030929241259],[-34.892432608113523,-8.0058692378662091],[-34.892886050078481,-8.005683063042909],[-34.893008473904494,-8.0056287512158129],[-34.893097171990107,-8.0055692184686755],[-34.893187081268728,-8.0054801177242467],[-34.893357147184041,-8.0052334300901542],[-34.893515092918719,-8.0049894849700411],[-34.893673168825551,-8.0047737581927425],[-34.893809818950579,-8.0045890365090688],[-34.893867467947011,-8.0045202401581168],[-34.893941318266712,-8.0044567441781531],[-34.894040800602873,-8.0043971627188295],[-34.894155222505738,-8.0043616994334243],[-34.894238732237305,-8.0043465353261425],[-34.894368131868546,-8.0043432534600623],[-34.894567753556416,-8.0043665246294751],[-34.894741762749334,-8.0043899133070404],[-34.894976581980522,-8.0044452728610889],[-34.895165537968523,-8.0044941238213401],[-34.895411191596473,-8.0045601828052622],[-34.895620404651034,-8.0046170039343085],[-34.895871426285979,-8.0046776632161087],[-34.896040142216748,-8.0047225754493745],[-34.89614267389846,-8.0047395728372202],[-34.896245174510121,-8.0047498521526723],[-34.89639342213146,-8.0047411082738922],[-34.896474235357694,-8.004725955204087],[-34.8965644055734,-8.0046932914641378],[-34.896657233039384,-8.0046525520424403],[-34.896710956366526,-8.0046093045417681],[-34.896786141446526,-8.0045431151009954],[-34.897012275148391,-8.00417791753177],[-34.897088504099649,-8.0040458794492508],[-34.897250242395415,-8.0037481660684175],[-34.897330540621617,-8.0035645380954339],[-34.897952247105131,-8.0024658679113205],[-34.898335426238646,-8.0017887183039313],[-34.898337718380873,-8.0017899436324385],[-34.898405413003161,-8.0018403472746069],[-34.898674600776715,-8.0020407765354591],[-34.898779203068919,-8.0021186605352366],[-34.898904966313701,-8.0022122991877804],[-34.899115731936924,-8.0023692296825928],[-34.899278531303885,-8.0024904438088935],[-34.899426724706309,-8.0026075039454554],[-34.899558944083878,-8.0027127019430111],[-34.899749830412283,-8.0028884559079909],[-34.89998854172768,-8.0031364845534476],[-34.900267720577894,-8.0034273632810411],[-34.900469650906523,-8.0036348323448632],[-34.900637203970575,-8.0038069810361492],[-34.900792545512317,-8.0039389853397136],[-34.901011289504567,-8.0041248650394561],[-34.901495825542632,-8.0045173554200577],[-34.901909296043257,-8.0048522784749387],[-34.90212458835444,-8.0050266716434795],[-34.902322091681761,-8.0052032694391908],[-34.90238582253388,-8.0052682487368667],[-34.902458885994818,-8.0053484312680077],[-34.902532847469992,-8.0054329302015663],[-34.902710829283279,-8.0056362698031105],[-34.902713888408236,-8.0056397644002999],[-34.902926596778684,-8.0058827780399024],[-34.902927136572096,-8.0058833948397155],[-34.903075069983799,-8.0060524041299441],[-34.903147731944863,-8.0061298535064616],[-34.903300156102361,-8.0062627522961094],[-34.903475382257575,-8.0063783747519217],[-34.903595634643281,-8.0064396755767682],[-34.903725327088665,-8.006491843253901],[-34.90411075167728,-8.0066269580504041],[-34.904614875503604,-8.006803684864316],[-34.905001826718099,-8.006939334083949],[-34.905335409817319,-8.007056273734694],[-34.905766342585103,-8.0072073404072235],[-34.906098984828098,-8.007323949178371],[-34.906202524073365,-8.0073568065032603],[-34.906339527573202,-8.0073901356593407],[-34.90647766971788,-8.0074126269282271],[-34.906676734704384,-8.0074261972367857],[-34.907265107437603,-8.0074339714971448],[-34.908339354026701,-8.007448163682195],[-34.908562689099973,-8.0074503325607118],[-34.908674677577039,-8.0074441856258094],[-34.908819948056099,-8.0074239294275316],[-34.908923287359229,-8.0074007952117334],[-34.909065290246701,-8.0073564578975862],[-34.909226084937067,-8.0072870478015474],[-34.909338820388385,-8.0072245773511455],[-34.909473236951598,-8.0071324931785206],[-34.909590811413132,-8.007042463239209],[-34.909806008063114,-8.0068776795071894],[-34.909890974026538,-8.0068170670000605],[-34.909988340615385,-8.0067575334785666],[-34.910109970815938,-8.0066961092866453],[-34.910212665343323,-8.006654184915222],[-34.910365913726075,-8.0066068207832153],[-34.910520981102962,-8.0065759212108016],[-34.910698214393868,-8.0065602862737997],[-34.91091731454113,-8.0065536146335941],[-34.911006969778676,-8.0065508839931745],[-34.911253688744559,-8.0065433709204896],[-34.911513198712669,-8.0065354684470353],[-34.911808393872377,-8.006526479186876],[-34.912065644538245,-8.006509648322897],[-34.912183945943724,-8.0064885351412904],[-34.91238494208455,-8.0064300305706517],[-34.912577691827153,-8.0063440922482094],[-34.912819862807602,-8.0061847775136883],[-34.91326495720638,-8.0058277631605979],[-34.913880939732223,-8.005333677665746],[-34.914437583249558,-8.0048871857601878],[-34.914921941440078,-8.0055102536681826],[-34.915026116975326,-8.005613952016585],[-34.916332165325827,-8.0060201595895713],[-34.917525198844373,-8.0065436775791685],[-34.91918567698562,-8.0071854092020249],[-34.91996314993731,-8.0075190556700289],[-34.920313822401788,-8.0067353187566663],[-34.920587016970167,-8.0060717806579351],[-34.920605385745809,-8.0059943434756278],[-34.920588217078652,-8.0057812669446573],[-34.920550621780897,-8.0057068033871701],[-34.920458782795507,-8.0055158325256244],[-34.920367306123318,-8.0052740126885773],[-34.920362876427539,-8.005204490024548],[-34.92039414945328,-8.0050908248190868],[-34.920544991359812,-8.0046575192786928],[-34.920576393676733,-8.0045714662875049],[-34.920661673585826,-8.0043788012546333],[-34.92075190424341,-8.0041942027356168],[-34.920846927071032,-8.0040639703591978],[-34.920943780264928,-8.0039326129353441],[-34.921042862198171,-8.0038390865034899],[-34.921209537524824,-8.0037196766536791],[-34.921293374107087,-8.0036569023545638],[-34.921454933989651,-8.0035405846451191],[-34.921549509057343,-8.0034718405058172],[-34.921566379246855,-8.0034582498257123],[-34.921782175607213,-8.0035308790508726],[-34.922014703947063,-8.0034520711182964]]]},"properties":{"NMNOME":"Casa Amarela","BAIRRO":"CASA AMARELA (PARTE NA RPA-2)","ZEIS_TIPO":"ZEIS Morro","NOME_TIPO":"Casa Amarela - ZEIS Morro"}},{"type":"Feature","geometry":{"type":"Polygon","coordinates":[[[-34.968520554700987,-8.0810581224189342],[-34.968520950194417,-8.0810321132162475],[-34.969030426625089,-8.0808933238597458],[-34.969361714863297,-8.0808239670390627],[-34.969959415920258,-8.0807480114962971],[-34.970058267059748,-8.080718823913756],[-34.970178925581287,-8.08061963395844],[-34.970250807501365,-8.0805031525260418],[-34.970255213179733,-8.0804943359397345],[-34.970633051787665,-8.0807952977618847],[-34.971112291995816,-8.0811758450266993],[-34.971312160512895,-8.0813334922647186],[-34.971378692326006,-8.0813859697315245],[-34.97137733683261,-8.081421410791334],[-34.971376415156712,-8.0814455005141976],[-34.971364203898553,-8.081476938428743],[-34.971344294929082,-8.0815010944045778],[-34.971326372610619,-8.0815228387806979],[-34.971299957994546,-8.0815425412147857],[-34.971273625489033,-8.0815440314826077],[-34.971251414946458,-8.081538807498271],[-34.971225339328619,-8.0815326737075122],[-34.97121850771245,-8.081533758946625],[-34.971183298202519,-8.0815393538407871],[-34.971164757608761,-8.0815538906162629],[-34.971155899673974,-8.0815630441869448],[-34.971113846594477,-8.081606501390727],[-34.97108870445431,-8.0816424223826004],[-34.971052732611994,-8.0817015723210606],[-34.971037087616267,-8.0817200566097345],[-34.970986666541876,-8.0817622315538831],[-34.970946119044513,-8.0817948131883668],[-34.970916471794759,-8.081818137385735],[-34.970887718877734,-8.0818773239304686],[-34.970879647757137,-8.0819130866692532],[-34.97088226256875,-8.0819584140990521],[-34.970885769257514,-8.0819761244017325],[-34.970924199365307,-8.082061591841887],[-34.97102320019799,-8.0821726931002473],[-34.971046871914943,-8.0821853457256196],[-34.971105178148882,-8.0822174506853486],[-34.971163544882288,-8.0822618276076295],[-34.971239357611481,-8.0823311377209528],[-34.971275014141284,-8.0823858324976658],[-34.971308586020818,-8.0824373270976544],[-34.97132357665803,-8.0825547692935977],[-34.971339190554907,-8.0826257094846738],[-34.971343014095929,-8.0827389240301422],[-34.971343902976535,-8.0827652443126841],[-34.971346126876782,-8.0828311141690907],[-34.971380390154003,-8.0829407257689301],[-34.971395034442168,-8.0831200136888359],[-34.971429857584553,-8.0831898658677019],[-34.971431499866185,-8.0832923048938348],[-34.971436959085551,-8.0833683665863418],[-34.97144203324995,-8.0834142661354527],[-34.971447606552999,-8.0834646942949444],[-34.971441231188592,-8.0835492676005938],[-34.971410988629479,-8.0836102839072588],[-34.971370102693598,-8.0836798512834509],[-34.971359665508118,-8.0836976098496489],[-34.971328747247085,-8.0837941380659366],[-34.971342273507936,-8.083835845521449],[-34.97139105044532,-8.0838716160965518],[-34.971388280459017,-8.0839067990958142],[-34.971386256377471,-8.0839325096441392],[-34.971390883012205,-8.0840119573429234],[-34.9714642384467,-8.0840944554728917],[-34.97152963859358,-8.0841110481081877],[-34.971613289711634,-8.0841731666137697],[-34.971660087487976,-8.0842285651295498],[-34.971731471347709,-8.0843173078226744],[-34.97177948467597,-8.0843769973243536],[-34.971828296444912,-8.0844714493922787],[-34.971867823045422,-8.0845752460499476],[-34.971870875026291,-8.0845856060141692],[-34.971922945116852,-8.0847623726888429],[-34.97197603050703,-8.0848469501274742],[-34.972018695052782,-8.0848983157343515],[-34.972110700142586,-8.0849781869526147],[-34.97216025431436,-8.0850506546868441],[-34.972242727761653,-8.0850891454310183],[-34.972304738747503,-8.0851066004300165],[-34.972391576154223,-8.0851704336369874],[-34.972493646655934,-8.0852265840329292],[-34.972637089303703,-8.0853188171359172],[-34.972647808044293,-8.0853274513397952],[-34.972717514457081,-8.0853835978971524],[-34.972803727267369,-8.085414276774209],[-34.972805355479423,-8.0854146368542548],[-34.972894209866276,-8.0854343153349912],[-34.972951205177516,-8.0854670120251964],[-34.973004490898056,-8.0855203376700047],[-34.973025402831446,-8.0855412654035312],[-34.973097449947012,-8.0855692932783292],[-34.973117159889227,-8.0855769610284121],[-34.973219144240339,-8.0856153582094787],[-34.973298289285417,-8.0856673918084514],[-34.973346847615609,-8.0857094289624669],[-34.973370307227796,-8.0857388467966942],[-34.973428784684678,-8.0858121752335119],[-34.973508824827839,-8.0859598348570216],[-34.973555281175564,-8.0860068570183614],[-34.973624749444696,-8.0861620792744997],[-34.973636797862731,-8.0861975287673129],[-34.973661871225723,-8.0862946318467355],[-34.973675906116966,-8.0864240486574577],[-34.973647864448083,-8.0865542446091006],[-34.973564386039754,-8.086657788990733],[-34.973535815326862,-8.0867137257254331],[-34.9734669936445,-8.086796658764845],[-34.973396279293382,-8.0869227820725769],[-34.973324848466433,-8.0870724444316231],[-34.973314967562253,-8.0871780850148713],[-34.973318817425799,-8.0872719077464126],[-34.973313167375551,-8.0873311148424527],[-34.973294784300499,-8.0873886929061012],[-34.973279704223991,-8.0874276554409121],[-34.973240606892645,-8.0874674897649719],[-34.97318338564655,-8.0875075906325584],[-34.973058929089703,-8.0875580718175648],[-34.972853200123041,-8.0876427617648226],[-34.9727017464472,-8.0877238093347614],[-34.972606152485106,-8.0877783773756242],[-34.972451173694012,-8.0878323877972189],[-34.972372405448105,-8.0878581308058628],[-34.97234076140326,-8.0878713866632648],[-34.972299682010707,-8.0879138639481436],[-34.972298054951757,-8.0879269911374667],[-34.972291557196783,-8.0879794166732371],[-34.9722697106181,-8.0880226391303811],[-34.97222207519026,-8.0880570452165674],[-34.972190123284392,-8.0880801239731834],[-34.972099729538897,-8.0881316744708425],[-34.972000725472078,-8.0881828777896061],[-34.971908463116876,-8.0882247487490986],[-34.97189246803466,-8.0882303966240876],[-34.971833495055535,-8.0882570998995131],[-34.97174236595972,-8.0882602130496544],[-34.97168694766922,-8.088236272354413],[-34.971651404477193,-8.0882209171474297],[-34.971651220363647,-8.0882207372294364],[-34.97157128256972,-8.0881426791735471],[-34.971528886480684,-8.0879721082063654],[-34.97147902380253,-8.0878362357284885],[-34.971438710255867,-8.0877451246844707],[-34.971394119171123,-8.0876796781017983],[-34.97132926408532,-8.0876433976120161],[-34.971264751017813,-8.0876201905020579],[-34.971238704621378,-8.0876108211272477],[-34.971178618759375,-8.0875947986918675],[-34.971022067118085,-8.0875684068752545],[-34.970862778289444,-8.0875527627020922],[-34.970740332499922,-8.0875261474519178],[-34.970595159205757,-8.087503175671781],[-34.970450899752521,-8.0874937264948876],[-34.970318599098157,-8.0875011286441776],[-34.970279663590588,-8.0875190698743644],[-34.970273233839706,-8.0875926531342106],[-34.970278767000508,-8.087683932121708],[-34.970281928190225,-8.0878107312159564],[-34.970296721708216,-8.0878710900436008],[-34.970310488896459,-8.0879272618123554],[-34.970310079177509,-8.0880177241894717],[-34.970284938334892,-8.0880812526308237],[-34.970253834950739,-8.0881397372959594],[-34.970229702364321,-8.0881564770884946],[-34.970185180233123,-8.088151904075664],[-34.970144400574412,-8.0881394189767661],[-34.970024696361897,-8.0881205523604507],[-34.969942383332899,-8.0881150306384075],[-34.969799795272749,-8.088100500679257],[-34.969725067173705,-8.0880847981591018],[-34.969699565488675,-8.0880816883069713],[-34.969665854681551,-8.0880894890573778],[-34.969635291443282,-8.0881148210392055],[-34.969613474181202,-8.0881639610927287],[-34.969634960477102,-8.088221345961184],[-34.969665733014651,-8.0882693871443152],[-34.969733294905168,-8.0883846765336571],[-34.969722529051872,-8.0884356617701165],[-34.969784257549826,-8.0885495147355329],[-34.969802991487342,-8.0885840688045878],[-34.969814475746141,-8.0886778558363002],[-34.969792596007217,-8.0887143144026687],[-34.969717302895191,-8.0887569492831517],[-34.969666122553257,-8.0887701599650921],[-34.969600870797727,-8.0887983044481082],[-34.969584481094337,-8.0888319873638466],[-34.969519408516483,-8.088883026559861],[-34.96945926561542,-8.0889010709216915],[-34.969429345336316,-8.0889110556199189],[-34.969349189773325,-8.0889927076355281],[-34.968713214801042,-8.0896405588207276],[-34.96805959333539,-8.0903063826728339],[-34.967200069280828,-8.0911819489583188],[-34.966053092075803,-8.0923503265638335],[-34.966220130963713,-8.0924501531146031],[-34.96618443828784,-8.0925099163888206],[-34.966137375390524,-8.092601448926235],[-34.966049873519061,-8.092750665707932],[-34.965985201590804,-8.0928845548910093],[-34.965793611181972,-8.0932616923769434],[-34.965733766611997,-8.0933414508109447],[-34.965665117698101,-8.0935239999280473],[-34.96548258938104,-8.0938516076889186],[-34.965629694377355,-8.0939295233853628],[-34.965627715228138,-8.0939334998292694],[-34.965549142374357,-8.0940914084092821],[-34.965537357194279,-8.0941244173000584],[-34.965461656780235,-8.0940833561549859],[-34.965422515443564,-8.0940590271541026],[-34.965369814082912,-8.0940372992644356],[-34.96537740741654,-8.0940288090535546],[-34.965307558964071,-8.0939699653142441],[-34.965324779025053,-8.0939515892155836],[-34.965315239741734,-8.0939456440941964],[-34.965049934269913,-8.0937803110249646],[-34.964974792092868,-8.0937492195073464],[-34.964968911462286,-8.0937610843733268],[-34.964896591487673,-8.0937174700919829],[-34.964878006272116,-8.0937336224869316],[-34.964826083474563,-8.0936975192840421],[-34.96480990432066,-8.0936849153301402],[-34.964768616022646,-8.0937426035998552],[-34.964709877481098,-8.0937006144557326],[-34.964734007988625,-8.0936722824043326],[-34.964670535460215,-8.0936348606321804],[-34.964727345972761,-8.0935697125799333],[-34.964708613378036,-8.0935548933627093],[-34.964638142557313,-8.0935104139963769],[-34.964646127035728,-8.0934997097359798],[-34.96450912746905,-8.0934132895077404],[-34.964476548441148,-8.0934084198492418],[-34.96432830242783,-8.0933862611148708],[-34.964244180303098,-8.0933579211406119],[-34.964260232347897,-8.0933388663452863],[-34.964277076312364,-8.093318872964268],[-34.964206363585312,-8.0932566520269482],[-34.96419350379464,-8.0932691597889885],[-34.964181033157978,-8.0932812914068304],[-34.964076371484182,-8.0932158508840573],[-34.963876367472437,-8.0930823899779298],[-34.963802994308018,-8.0931715131315034],[-34.96363707445007,-8.0930691687232219],[-34.963688166903971,-8.0930011074643193],[-34.963696071324257,-8.0929894145866239],[-34.963580246843733,-8.0928961298938074],[-34.963551219875207,-8.0928582248901488],[-34.963475208935492,-8.0926952688197726],[-34.963110803695614,-8.0917212686231714],[-34.965326561671453,-8.0910315396303094],[-34.966213562541668,-8.0903811752212054],[-34.965957798106615,-8.0900285305457302],[-34.965942876894509,-8.0900061126588341],[-34.965799979532655,-8.0894298931203092],[-34.965780213474538,-8.089217135513584],[-34.965098744861237,-8.0892633821358828],[-34.965184751832062,-8.088339538670418],[-34.965585007706764,-8.0871444728773163],[-34.964930940621507,-8.0869274185868782],[-34.964603883373954,-8.0869166243337514],[-34.964637893090583,-8.0866865197465856],[-34.964851027657922,-8.0861861975824141],[-34.964895658581,-8.0860173139724072],[-34.964950049391113,-8.0857727823984948],[-34.964939208477908,-8.0855938929943889],[-34.964896471865138,-8.0854595054307659],[-34.964749315708666,-8.0852241417645168],[-34.964690483628409,-8.0850628460260232],[-34.964662321912847,-8.0848649375445696],[-34.965957916558793,-8.0846998244490642],[-34.965629877360129,-8.0840269628816639],[-34.965285952318759,-8.0833355738866359],[-34.96525715754067,-8.0832746446312704],[-34.966053750769362,-8.0831141076204567],[-34.967051677329763,-8.0829082952618503],[-34.968192513980597,-8.0826541073735783],[-34.968431258098747,-8.0826434381582661],[-34.968520554700987,-8.0810581224189342]]]},"properties":{"NMNOME":"Cavaleiro","BAIRRO":"TEJIPIÓ","ZEIS_TIPO":"ZEIS Morro","NOME_TIPO":"Cavaleiro - ZEIS Morro"}},{"type":"Feature","geometry":{"type":"Polygon","coordinates":[[[-34.898587289098714,-8.0678631893918062],[-34.898685971201765,-8.0678432861316303],[-34.899074851352331,-8.0677648526895993],[-34.899825831825886,-8.0674409281256896],[-34.899858764811434,-8.0673912484821777],[-34.899925348656588,-8.0672908027840471],[-34.899980685594279,-8.06734425511711],[-34.900736634730997,-8.0680744558186923],[-34.901004158559857,-8.0683500214111188],[-34.901238631122695,-8.0686688743450379],[-34.904011774243443,-8.073706546399988],[-34.904011877603274,-8.0737075033283414],[-34.904016191087912,-8.0737086856687075],[-34.904160447357079,-8.0741242686126409],[-34.904196878056482,-8.0745787409613072],[-34.904184416398905,-8.0750577820035296],[-34.904160468870565,-8.07518008292449],[-34.90387881268537,-8.0756862703374619],[-34.903806387920589,-8.0758041119917046],[-34.903731904200299,-8.075925302856108],[-34.902703507861872,-8.0775929096104839],[-34.90259018934416,-8.0779186903521314],[-34.902519449000714,-8.0781220608641551],[-34.902447943971666,-8.0783758060910795],[-34.902146817184885,-8.0783032629475873],[-34.902111832034308,-8.0784161008211353],[-34.901851325850402,-8.07832725798648],[-34.901846321632235,-8.0782308721217575],[-34.90192170142425,-8.0779734419907481],[-34.901786518557365,-8.0779276457306892],[-34.9018064891061,-8.0778561313189918],[-34.901820520622636,-8.0777917857755881],[-34.901448519946626,-8.0776768587530032],[-34.901393489423789,-8.0776580685458352],[-34.901342334881683,-8.0778219937385281],[-34.901335828516267,-8.0778428447286377],[-34.901332425592329,-8.0778536443009656],[-34.901600703581352,-8.0779583377500774],[-34.901508377290668,-8.0782314572455327],[-34.900500006724513,-8.0779007080775251],[-34.900598239055405,-8.0776149575720311],[-34.900588233926811,-8.0776106256515643],[-34.900442279617828,-8.0775601171977183],[-34.900347756003868,-8.077524845604751],[-34.900371694586717,-8.0774531265332126],[-34.900465546032827,-8.0771719475058141],[-34.900430308558988,-8.0771621094990707],[-34.900159377731391,-8.0770864725040337],[-34.900099377002569,-8.0772819727387191],[-34.900078509447617,-8.0773531992829088],[-34.90003223081542,-8.0773382376336063],[-34.900011672730294,-8.0774102718835081],[-34.899964460037523,-8.07739556770664],[-34.899936365647896,-8.0774845204941883],[-34.89989907137209,-8.0774757832134849],[-34.899935782223274,-8.0773597749462152],[-34.89981777357464,-8.0773411360136276],[-34.899805010481892,-8.0773976527379361],[-34.899747131428946,-8.0773764950945939],[-34.899756402690073,-8.0773476600737002],[-34.899790224828472,-8.0772530917179992],[-34.899757560748817,-8.0772401181317317],[-34.899618583256419,-8.0771849209556006],[-34.899586107650045,-8.0772801529681875],[-34.899580123424343,-8.0772935727701487],[-34.89951619218926,-8.0772711033628219],[-34.899512062332185,-8.0772830101773696],[-34.899502933515542,-8.0773093321205121],[-34.899421496347671,-8.0772789086122589],[-34.89934748482186,-8.0772558169759225],[-34.899273459871118,-8.0772300466227325],[-34.899145605927174,-8.077187117399566],[-34.899094248909833,-8.0773304450799515],[-34.899092703752828,-8.0773441579797129],[-34.899042143665937,-8.0772595781654655],[-34.898989328921118,-8.0772678587736895],[-34.898940041348148,-8.077247465735935],[-34.898910816484971,-8.0771695312147092],[-34.898827751176377,-8.0768260757727806],[-34.898783354665191,-8.0765540740006685],[-34.898709716258097,-8.0761771457542633],[-34.898645908101699,-8.075852702928449],[-34.898587292215225,-8.0756141960287842],[-34.898526870547322,-8.0754137905543324],[-34.89852486721459,-8.0754115731221532],[-34.898525494879394,-8.0754101987321558],[-34.898448065532904,-8.0751989365021846],[-34.89831671357981,-8.0749597065460108],[-34.898122931774729,-8.0746897293543984],[-34.897934892411271,-8.0744366550288706],[-34.897667554468669,-8.0741783042306121],[-34.897406222460511,-8.0739932890073742],[-34.897162061624364,-8.0738476964992358],[-34.896861357180931,-8.0737192946947687],[-34.896850053409047,-8.0737155979061068],[-34.896504083696357,-8.0736024421680739],[-34.89604357517873,-8.0734620382841538],[-34.895991064119272,-8.0736131316517437],[-34.895833984593601,-8.074168557291614],[-34.895776059252547,-8.0743522341473941],[-34.895560380887893,-8.0750361280381231],[-34.895545035993514,-8.0750847849477658],[-34.89550540730427,-8.0752075762912146],[-34.895504375380128,-8.0752107724518076],[-34.895443853266933,-8.0751878443919018],[-34.894968771301649,-8.0752187495675152],[-34.894706192853263,-8.0751376055121291],[-34.894231878104598,-8.0749910283886344],[-34.893733323599271,-8.0748369595703444],[-34.893212453356078,-8.0747750823650826],[-34.892921936429957,-8.0746608234668766],[-34.892494259228719,-8.0745236141829668],[-34.892418223760032,-8.0747496998617869],[-34.892403121905971,-8.0747434945297059],[-34.892399136797856,-8.0747553635784968],[-34.892269412718171,-8.0750886532881516],[-34.89223311343634,-8.075181914702112],[-34.891943235397356,-8.0750901618245976],[-34.891777655866015,-8.0750377525125163],[-34.891639737594915,-8.0749940977683412],[-34.8918622724117,-8.0743179134456788],[-34.891958144966885,-8.0740247043283677],[-34.89198105292742,-8.0739202834815007],[-34.891971483088817,-8.0739164763708846],[-34.892125745324371,-8.0732568205684725],[-34.891890813471662,-8.0732240600337128],[-34.891743877928299,-8.0732035704120122],[-34.891688266722944,-8.0731931575977267],[-34.891509295306456,-8.0737514740669649],[-34.891627512440714,-8.0737796319655146],[-34.891586231674339,-8.0738831586352298],[-34.891346871421163,-8.0738168102252956],[-34.891285230420436,-8.0739869085811069],[-34.891087919034661,-8.0739214568798445],[-34.890912058091338,-8.073862116037585],[-34.890994975399259,-8.0736285084066512],[-34.890538335200084,-8.073496066622365],[-34.890696510707542,-8.0730074792157129],[-34.891421836236141,-8.072964222365588],[-34.891649885685439,-8.0729506214887614],[-34.891783465439701,-8.0729426547534171],[-34.893004878791899,-8.0728891664223692],[-34.893124948260173,-8.0728158998614497],[-34.893923931960785,-8.0729859958149213],[-34.894019924324866,-8.0730295654888149],[-34.894036329102036,-8.0730370123624215],[-34.894101449492133,-8.0729150035660879],[-34.894101478174221,-8.0729149292992357],[-34.89410829359786,-8.0729036718632443],[-34.894190373950913,-8.0727681011989034],[-34.894278170215443,-8.0726415140751442],[-34.894389836707866,-8.0725112462597757],[-34.894491992022807,-8.0723905450713076],[-34.894634579192136,-8.0722315644374572],[-34.894830591521064,-8.0720032950145519],[-34.894913737326299,-8.0719041083375576],[-34.895007582383712,-8.0717941597420904],[-34.895302193835107,-8.0714511569282141],[-34.895497021879393,-8.0712252732581877],[-34.895611076025133,-8.0710949933167111],[-34.895782144600552,-8.070896598579294],[-34.89577498311408,-8.070897822412805],[-34.895957883455239,-8.0706755649693402],[-34.896081315115744,-8.0705071502039551],[-34.896146522827102,-8.0704032847430192],[-34.896248372718155,-8.0702171144816681],[-34.89633471229817,-8.0700345862504399],[-34.896365454269677,-8.0699677829025926],[-34.896416146423292,-8.0698247026920331],[-34.896492775023312,-8.0696088898827245],[-34.896510671843153,-8.0695482530557179],[-34.896537455893558,-8.0694575046798214],[-34.896581803647173,-8.0692346992413793],[-34.896637465490173,-8.0688355896198889],[-34.896662705671737,-8.0686546101484886],[-34.896731980317931,-8.0681424274362996],[-34.89673320736712,-8.0681495639299499],[-34.896782605858057,-8.0677291318548612],[-34.896787043856733,-8.0676687192121239],[-34.896899647657079,-8.0676744971744601],[-34.897022279788239,-8.0677159006548198],[-34.897197433269156,-8.0677750355290687],[-34.897255065192518,-8.0677944935634418],[-34.897640877051174,-8.0678671163624358],[-34.89828572686433,-8.0678739944099487],[-34.898521263277921,-8.0678765060326558],[-34.898587289098714,-8.0678631893918062]]]},"properties":{"NMNOME":"Coque","BAIRRO":"ILHA JOANA BEZERRA","ZEIS_TIPO":"ZEIS Planície","NOME_TIPO":"Coque - ZEIS Planície"}},{"type":"Feature","geometry":{"type":"Polygon","coordinates":[[[-34.905204026494943,-8.1138568796097967],[-34.905364815661073,-8.1136496148929531],[-34.905377986461737,-8.1136326372698822],[-34.905399449650567,-8.1136049700334425],[-34.905419059768278,-8.1137893712191609],[-34.905402138430254,-8.1138409840212482],[-34.90541566504502,-8.1139576665084228],[-34.905628084934634,-8.1139422047026901],[-34.905647324604622,-8.1139393879993218],[-34.90562553115651,-8.1138517295081769],[-34.905650312741123,-8.1138099686022063],[-34.905658872385381,-8.1137955430337492],[-34.905662718028502,-8.1137862927065658],[-34.905873538452283,-8.1137546789917181],[-34.905983372751031,-8.1137318615975484],[-34.905978965893496,-8.1137107722673658],[-34.906171168324924,-8.1136645273497496],[-34.906200075712839,-8.1136575726604594],[-34.906219452865777,-8.1137458996630336],[-34.906271651073467,-8.1137337216355956],[-34.906439936128344,-8.1136945109943923],[-34.90646177341759,-8.1137850866214229],[-34.906484731748208,-8.1138825279008149],[-34.906446164060085,-8.1138994336959094],[-34.906387135510059,-8.1139252951299099],[-34.906270074593401,-8.1139766516871319],[-34.906258484482727,-8.1139236372402728],[-34.906239996437584,-8.1139277016809466],[-34.906120911913568,-8.1139539346216889],[-34.906036900489227,-8.1139724996092895],[-34.906024947875459,-8.113923794723096],[-34.905919311762126,-8.1139482668215006],[-34.905776095347946,-8.1139826081826154],[-34.905777090250361,-8.1139863915660495],[-34.90569448415652,-8.1140069008869169],[-34.905683209160799,-8.1140089950363237],[-34.905752127266787,-8.1142464529048333],[-34.905661160510171,-8.1142907041845369],[-34.905648175838657,-8.1143394769770456],[-34.905746858889316,-8.1145282263504175],[-34.905786950001044,-8.1146072005970158],[-34.90573164204455,-8.1146356175275685],[-34.905107820623797,-8.1149380632560408],[-34.905024793820374,-8.1149783165735645],[-34.904943205527367,-8.1146173914875099],[-34.904922739455849,-8.1145268535994273],[-34.904907337901065,-8.1145475193995402],[-34.904193296639747,-8.1154681732226983],[-34.904158451483269,-8.1154179552249808],[-34.904132008713368,-8.115397147021179],[-34.904255348366611,-8.1152253994416519],[-34.904188744540996,-8.1151663950808466],[-34.904103144022507,-8.115055861809072],[-34.904069690170608,-8.11507914430846],[-34.903993896521477,-8.1151400260838589],[-34.903984917760795,-8.1151278875692636],[-34.90393388465403,-8.1150588773478773],[-34.903918040698066,-8.1150603608791734],[-34.903883911357411,-8.1149694781462127],[-34.903855691091231,-8.1149908014517642],[-34.903852674016093,-8.1149849002447176],[-34.903849469232611,-8.1149786319598025],[-34.90382444628122,-8.1149296879236772],[-34.90368274939658,-8.1150589613334247],[-34.90366745794195,-8.1150436826632824],[-34.90344146208821,-8.1147422471809261],[-34.903440428295362,-8.1147407982726065],[-34.903637063911702,-8.1146254574485255],[-34.903645637536449,-8.1146399963619977],[-34.903662500352887,-8.1146281212462803],[-34.903782085618928,-8.1145564888422079],[-34.903901385632665,-8.1147447021674814],[-34.904058096336499,-8.1146642631446895],[-34.904121863720732,-8.1147118244717102],[-34.904154968078302,-8.1147330038436305],[-34.904408704701581,-8.1144755185446691],[-34.904284721841741,-8.114266179354745],[-34.904424773359771,-8.1141846528135524],[-34.904449980421603,-8.114172330010252],[-34.904556597964714,-8.1143779469510697],[-34.904651554782539,-8.1143186561445493],[-34.904672677441091,-8.1143074662432344],[-34.904571732333274,-8.1141025415434385],[-34.904685845283048,-8.1140415817395581],[-34.90470083922974,-8.1140335711817535],[-34.904701594186598,-8.1140349517774553],[-34.904702391266284,-8.1140364153502915],[-34.904850998267754,-8.1143091914988403],[-34.904931526265088,-8.1142080338866425],[-34.905204026494943,-8.1138568796097967]]]},"properties":{"NMNOME":"Coqueiral","BAIRRO":"IMBIRIBEIRA","ZEIS_TIPO":"ZEIS Planície","NOME_TIPO":"Coqueiral - ZEIS Planície"}},{"type":"Feature","geometry":{"type":"Polygon","coordinates":[[[-34.911564599224867,-8.1209014432634739],[-34.911444923460024,-8.1203655341678544],[-34.911567343066302,-8.1203398613517308],[-34.911962737786887,-8.1202569425717908],[-34.912307717691263,-8.1201910904217414],[-34.912522637136178,-8.1201483731632784],[-34.912618143109754,-8.1201292924181878],[-34.912631764031367,-8.12012657135236],[-34.91264279372627,-8.1201772844543445],[-34.912649169527405,-8.1202113602620507],[-34.91273476081043,-8.1206687943967673],[-34.912761284232388,-8.1208105443056393],[-34.911904440368787,-8.1211985137283609],[-34.91163882634784,-8.1213133818256296],[-34.911564599224867,-8.1209014432634739]]]},"properties":{"NMNOME":"Coronel Fabriciano","BAIRRO":" ","ZEIS_TIPO":"ZEIS Planície","NOME_TIPO":"Coronel Fabriciano - ZEIS Planície"}},{"type":"Feature","geometry":{"type":"Polygon","coordinates":[[[-34.917012323489132,-7.9881479540252283],[-34.917014934358583,-7.9880750280966373],[-34.917001896351266,-7.9880149717794691],[-34.916962201406051,-7.9879585079571376],[-34.916966473450756,-7.9878798732844665],[-34.916981188519472,-7.9878023473980591],[-34.916963205145777,-7.9876764166345167],[-34.916915116515106,-7.9875610303358178],[-34.916882547552646,-7.9875403724407663],[-34.91687033894587,-7.9875291978277714],[-34.916849099847816,-7.9874825994720462],[-34.916818600380573,-7.9874554995455478],[-34.916799600287099,-7.9874385993208232],[-34.916751552990227,-7.9874030147087636],[-34.916746169111072,-7.9873930244221123],[-34.916712764769414,-7.9872251685249829],[-34.916717233504549,-7.9872246496698862],[-34.916727306939109,-7.9872233282414244],[-34.91691661206481,-7.987198492925673],[-34.917261637451716,-7.9871532286930149],[-34.917333398611845,-7.9871438146072968],[-34.918169654799506,-7.9872238984744435],[-34.918421260050508,-7.9872479935008291],[-34.918736856213521,-7.9873231549839421],[-34.918922677574429,-7.9874167828160738],[-34.919345065376071,-7.9876610190627622],[-34.9193603785615,-7.9877772450605331],[-34.919133218533361,-7.988235067441714],[-34.919076246195274,-7.9882805080194252],[-34.918999400721432,-7.988285653543711],[-34.918879167336968,-7.9882586737810986],[-34.918760771606806,-7.9882053292428283],[-34.919042757476852,-7.9887197930988512],[-34.919061657114341,-7.9887570938744163],[-34.919141145305822,-7.9888041358498549],[-34.919170037045994,-7.9888176522014511],[-34.919088024604541,-7.9889363478881998],[-34.919017331175212,-7.9890386609015014],[-34.919041793530369,-7.9890514112841098],[-34.919142548602785,-7.989103929888941],[-34.919101786004802,-7.9891835918472225],[-34.919054665808375,-7.9892756789519357],[-34.918934491144,-7.9892114397745431],[-34.918813582299023,-7.9894185201908208],[-34.918690928173476,-7.9896148711186736],[-34.918715029347872,-7.9896314500984111],[-34.918730690699704,-7.9896422234712858],[-34.91863645395766,-7.9898012176178526],[-34.91862890106605,-7.9898175366948792],[-34.918698079324251,-7.9898602807310857],[-34.918649205764844,-7.9899395282963974],[-34.918607431356882,-7.9899959939193907],[-34.918568471673105,-7.9900531534549124],[-34.91849625562044,-7.9899887611969289],[-34.918418134392795,-7.9900785123148133],[-34.918295189922269,-7.990182477228795],[-34.918218500033667,-7.990073239634147],[-34.918203895400886,-7.9900826952234825],[-34.9181267930581,-7.9901529363676334],[-34.918049666337083,-7.9902179629675514],[-34.917997578994047,-7.9902672276139644],[-34.917954854556541,-7.9903049753171222],[-34.917865269859476,-7.9903909210126143],[-34.917824697001507,-7.9904411755104938],[-34.917734673024469,-7.990433248684595],[-34.917697282806117,-7.9904928753199664],[-34.917656782966922,-7.9905587752274103],[-34.91760596612631,-7.9906560136126652],[-34.917558155710665,-7.9907250764061013],[-34.917535438302927,-7.9907898505174648],[-34.917461606939092,-7.9908882389647315],[-34.917398258116037,-7.9909907510385461],[-34.917344252741948,-7.9910775749074432],[-34.917245856103108,-7.9912189173582728],[-34.917167126289641,-7.9912390246626748],[-34.917123613157699,-7.9913320577915918],[-34.917083259231063,-7.9914292476249891],[-34.917017909593547,-7.9915515869873852],[-34.916984412731189,-7.9917728678263522],[-34.916974655626653,-7.9919241542580055],[-34.916984947302282,-7.9919880149298104],[-34.916994064174226,-7.992047143745352],[-34.917064500130287,-7.992117743668234],[-34.917149608113036,-7.9921934910604078],[-34.917031577924249,-7.9924621004548824],[-34.916920310696248,-7.9923864743974491],[-34.916860474166619,-7.9923450302320163],[-34.916833537999558,-7.9924025226803046],[-34.916766109626629,-7.9925280006657999],[-34.916737055920777,-7.9925802873793712],[-34.91671537519003,-7.9926429710055134],[-34.916692414162341,-7.9926555943030833],[-34.916643927762557,-7.9928039314252777],[-34.916592905105176,-7.9928573624261254],[-34.91650968496517,-7.9929620532309142],[-34.916429400071777,-7.9930229220855313],[-34.916368162492581,-7.9931295966008538],[-34.916299561637651,-7.9932279607336154],[-34.916201853393083,-7.9933671392145946],[-34.916117635147032,-7.9934822639217114],[-34.916110408199614,-7.9935031587646117],[-34.916070822135651,-7.9935408918313291],[-34.916082507134696,-7.9935783871284389],[-34.916043009588869,-7.9936348945275864],[-34.916015614779816,-7.9935943431082732],[-34.916002970814198,-7.9935756269989238],[-34.915913336378594,-7.9936511416326841],[-34.915862255119912,-7.9936920569653038],[-34.915819472654256,-7.993717288944616],[-34.915864859380584,-7.9938015652909895],[-34.915802317005429,-7.9938529639814941],[-34.915759135407541,-7.9937926677071367],[-34.915738052401132,-7.99375938823884],[-34.91557177512675,-7.9939243810630973],[-34.915311122002727,-7.9942672353529591],[-34.915344231136281,-7.9942775853015782],[-34.915419853137095,-7.9942964551556068],[-34.915506607515901,-7.9943072769105932],[-34.915588847636236,-7.9943158756847819],[-34.915692429729617,-7.9943131505914389],[-34.915797116353019,-7.9943059298529793],[-34.915884606193558,-7.9942838961544158],[-34.915919709017338,-7.9942750552334845],[-34.916038105893406,-7.9944244527612094],[-34.91619382066893,-7.9946206225832253],[-34.916277386856606,-7.994684217526971],[-34.916292123668853,-7.9946931256402047],[-34.916225129063626,-7.9948146617184035],[-34.916171548142025,-7.9948709162455316],[-34.916096266957481,-7.9949499535379438],[-34.916050336569796,-7.9950006767528707],[-34.915976533767328,-7.9951110195098547],[-34.915928414320334,-7.9951752225544208],[-34.915862650730858,-7.9953192017741319],[-34.915837224034846,-7.9954203400664738],[-34.915776148368316,-7.9955683929648655],[-34.915748149362173,-7.9956362645088479],[-34.91564882543603,-7.9955862149615351],[-34.91551003337306,-7.9955240006704464],[-34.915400544060439,-7.9954672637976865],[-34.915300198549048,-7.9954396677599675],[-34.915117392737393,-7.9953563313584342],[-34.915062072274878,-7.9953251588572503],[-34.914988682439926,-7.9952828461256242],[-34.914968550578855,-7.9953121227266699],[-34.914939200747895,-7.9952965442977959],[-34.914819556598587,-7.995235364716673],[-34.914771012810803,-7.9952086503505884],[-34.914799629441788,-7.9951574623391775],[-34.914815680865622,-7.9951287489075487],[-34.914747974554579,-7.9950976346676379],[-34.914604428555975,-7.9950231765597071],[-34.914490648491466,-7.9949708675011149],[-34.914447770690238,-7.9949519840719789],[-34.914457263225252,-7.9949219359049994],[-34.914465525043489,-7.99489577912155],[-34.914398918109512,-7.9948590472660337],[-34.914311421818013,-7.9948216066735975],[-34.91422194808289,-7.994783320878275],[-34.914177011898559,-7.9948421162632304],[-34.914105863643101,-7.9947975472430368],[-34.914144261389303,-7.9947476402102735],[-34.914002858202544,-7.9946824114765693],[-34.913868409079193,-7.9945853815423522],[-34.913854117454342,-7.9946030897207869],[-34.913796281921798,-7.9945722459822033],[-34.913752297909703,-7.9945572966647136],[-34.913708312086008,-7.9945423473501638],[-34.913612413072514,-7.9945023833753295],[-34.913482462637269,-7.99440420868563],[-34.913428226035933,-7.9943640516865964],[-34.91336836447735,-7.9943250426770645],[-34.913323099770693,-7.9942769868555574],[-34.91317024160513,-7.9940958569052096],[-34.913040239092901,-7.9939864582601583],[-34.912991402650484,-7.9938968887609283],[-34.912909179222368,-7.9937924048300779],[-34.912724603933611,-7.9937284973630973],[-34.911129303230183,-7.9919056747338377],[-34.911216573747396,-7.9918628242025775],[-34.911269297005624,-7.9918359437891322],[-34.911332683528471,-7.9918036863759907],[-34.911376016066548,-7.9918005269432024],[-34.911423408592064,-7.9917766310902163],[-34.911477868929616,-7.9917402715983492],[-34.911492338119672,-7.9917193930135175],[-34.911513259472059,-7.991689202512231],[-34.911533258332121,-7.9916482678057923],[-34.911599571825342,-7.9916071188710083],[-34.911671815551188,-7.9915641660024788],[-34.911739351053569,-7.991530114665137],[-34.911786097131468,-7.9914949751607454],[-34.911836367909402,-7.99145153175182],[-34.911910287343112,-7.9914093024928263],[-34.911969026870125,-7.9913757447579883],[-34.911999213386068,-7.9913548874734515],[-34.912034766430288,-7.9913387417736006],[-34.912087496910992,-7.9913136368397746],[-34.912128941604308,-7.9912874006908581],[-34.91215556481589,-7.991266559884294],[-34.912247228258607,-7.9912108520000498],[-34.91231838256364,-7.9911639967071411],[-34.912369299639387,-7.9911317968730815],[-34.91252508717578,-7.9910499837930802],[-34.912597311386676,-7.9910028875527903],[-34.912658353656859,-7.9909771528392284],[-34.912747891233145,-7.9909501019150229],[-34.912788368622962,-7.9909418855572998],[-34.912846368725745,-7.9909301128606023],[-34.912941269133547,-7.9909071804227487],[-34.913034895049606,-7.9908653127386255],[-34.913118392946572,-7.9908163886572261],[-34.91319712108271,-7.9907633432997223],[-34.913210060250861,-7.9907366468555692],[-34.913256118309953,-7.9906813858697658],[-34.913346620461581,-7.9906063849507172],[-34.91341115603548,-7.9905658352945617],[-34.913440324765645,-7.9905426302622127],[-34.913473274110657,-7.9905164188785625],[-34.913578664725279,-7.9904508191085455],[-34.913630807357613,-7.9904269010748497],[-34.913672444649556,-7.9904103184592952],[-34.913712007087085,-7.9903945618198264],[-34.913802580790289,-7.9903349504436001],[-34.91387654726659,-7.9902795592916673],[-34.913932172234539,-7.9902384595760285],[-34.91401424716252,-7.990168380449572],[-34.914057467443918,-7.990111799957992],[-34.914121306767768,-7.990049353320769],[-34.914176917883772,-7.9900052937323878],[-34.914238506090967,-7.9899694931399994],[-34.914299478186464,-7.9899289598898706],[-34.914357495728865,-7.9898914002328878],[-34.914394106007762,-7.9898474286227241],[-34.914445555154686,-7.9898022048622002],[-34.914489351744166,-7.9897712221482493],[-34.914520753640367,-7.989756278937481],[-34.914582499035987,-7.9897542173661673],[-34.914773057467151,-7.989616008732952],[-34.914814462243612,-7.9895814858984284],[-34.914862404128442,-7.9895481162033031],[-34.914912154781533,-7.9895206579559144],[-34.914957726957844,-7.9894884826541066],[-34.915002043032331,-7.9894716777852359],[-34.915100497827062,-7.9894167914229532],[-34.915143683731344,-7.9893822603145397],[-34.915184011681518,-7.9893714181464119],[-34.915226043540557,-7.989343995631665],[-34.915263308417089,-7.9893130431215891],[-34.915301749398182,-7.9892797174093708],[-34.915343723277985,-7.9892398642372617],[-34.915385719229747,-7.9892047464620113],[-34.91540784547378,-7.989177277842642],[-34.915475611887196,-7.9891267890505473],[-34.915496309149702,-7.9891083433069436],[-34.915564912290911,-7.9890488334674226],[-34.915595670368766,-7.9890232387542071],[-34.915656598003153,-7.9889732354738481],[-34.915718671361603,-7.9889143471365731],[-34.915787873986844,-7.9888560188236282],[-34.915829239617629,-7.9888059434486989],[-34.915853557497421,-7.9888071769087796],[-34.91588132146024,-7.9887762683939725],[-34.915940476125577,-7.9887280488907528],[-34.915984231059667,-7.9886881874258595],[-34.916040397145103,-7.9886358384279585],[-34.916082423338807,-7.9886072315551804],[-34.916124535112097,-7.9885969741181491],[-34.916173782620817,-7.9885890504495451],[-34.916225364825166,-7.9885722380226794],[-34.916278089087072,-7.9885459492980662],[-34.91632477177712,-7.9884971954033457],[-34.916334357381309,-7.9884756676446402],[-34.916348277147172,-7.9884444056038131],[-34.916381871821272,-7.988390385614454],[-34.91641254419789,-7.988346441427578],[-34.916419517026412,-7.9883138527763977],[-34.916436552461221,-7.9882741160410937],[-34.916455370913383,-7.9882349613960191],[-34.916487918326567,-7.9882111339341773],[-34.916529358698199,-7.9881843053342196],[-34.916567866644129,-7.9881651857362526],[-34.91658973714852,-7.9881437755124427],[-34.916617616988624,-7.9881377273484109],[-34.916636881265781,-7.9881443742405178],[-34.916661628601119,-7.9881529132371858],[-34.916698832897886,-7.9881455706133115],[-34.916777265050975,-7.9881791845137426],[-34.916803824829842,-7.9882107452765343],[-34.916833690525706,-7.9882436992441814],[-34.916838464269901,-7.9882556785881391],[-34.916856899452263,-7.9882615120361011],[-34.916879294304437,-7.9882539360985492],[-34.916901696469907,-7.9882454009120707],[-34.916963404305093,-7.9882163103537041],[-34.917012323489132,-7.9881479540252283]]]},"properties":{"NMNOME":"Dois Unidos","BAIRRO":"DOIS UNIDOS","ZEIS_TIPO":"ZEIS Morro","NOME_TIPO":"Dois Unidos - ZEIS Morro"}},{"type":"Feature","geometry":{"type":"Polygon","coordinates":[[[-34.89029229900089,-8.0949232933103126],[-34.890225774014091,-8.0948708612747851],[-34.890124078142776,-8.0947928585005293],[-34.89029229900089,-8.0949232933103126],[-34.890213948391327,-8.0950364992553929],[-34.890122203339324,-8.095157711338075],[-34.890022809714949,-8.0952890257129066],[-34.889789939931326,-8.0956103294507251],[-34.889738988869588,-8.0956776459844164],[-34.889735166855367,-8.0956826939590485],[-34.889387114346867,-8.0954186509612107],[-34.889614435312794,-8.0951168324191993],[-34.8897259063598,-8.0951993664925634],[-34.889888179288953,-8.0949874366104329],[-34.889862053330063,-8.0950197291154282],[-34.8897259063598,-8.0951993664925634],[-34.889703358216202,-8.0951826044610868],[-34.889614435312794,-8.0951168324191993],[-34.889554596666336,-8.0951954512400093],[-34.889496112189327,-8.0952718795406184],[-34.889423419791264,-8.0953676593588764],[-34.889387114346867,-8.0954186509612107],[-34.889359695017305,-8.0953984696452768],[-34.889122290005233,-8.0952237285860402],[-34.889088339284818,-8.0952579187699847],[-34.88867216885145,-8.0956579340304398],[-34.888672360182937,-8.0956590840338727],[-34.888598700639328,-8.0958740525979529],[-34.888494819581716,-8.096516462686651],[-34.888459278123797,-8.096817496493097],[-34.888477912717327,-8.0969674109524199],[-34.888474318210079,-8.0970119406826964],[-34.888475423137912,-8.0970241993620551],[-34.888478327589532,-8.0970564370286073],[-34.888706490445834,-8.0974614593829397],[-34.88868240482941,-8.097474158325932],[-34.888673204329358,-8.0974753689809553],[-34.888682061376535,-8.097542750356995],[-34.888689569714373,-8.097599874904077],[-34.888693569865502,-8.0976406302162047],[-34.88864062028798,-8.0976471134460972],[-34.888635622677754,-8.0976064531570362],[-34.888589110628686,-8.0976121833196721],[-34.88856308794935,-8.0976151064090676],[-34.888500706342171,-8.0976221757246858],[-34.888449114562022,-8.0976280197918129],[-34.888412664914448,-8.097632166432092],[-34.888397342507311,-8.0975975172083334],[-34.888394511273852,-8.0975911149876438],[-34.88839436008422,-8.0975911816849528],[-34.888346618946919,-8.0976121303991775],[-34.888304702132238,-8.0976305867373792],[-34.888258527938277,-8.0976504188897636],[-34.888214164706632,-8.0976695193958861],[-34.888171793029116,-8.0976877066052193],[-34.888148435669855,-8.097698030760899],[-34.888133940837307,-8.097704309748007],[-34.888073562326575,-8.097730471962107],[-34.888045948848202,-8.09774244314616],[-34.887970912516252,-8.0977790429336753],[-34.887841573075875,-8.0978233092150376],[-34.887792300021736,-8.0978429793683251],[-34.887758628812485,-8.0978564205675418],[-34.887684842309923,-8.097888494147254],[-34.88763794694399,-8.0979093249674872],[-34.887499087351522,-8.0979744280621464],[-34.887415788084155,-8.0980094395612348],[-34.887384658978853,-8.0980260377638906],[-34.887199779875615,-8.0981052764463328],[-34.887149102956748,-8.0981322706276462],[-34.887050398200927,-8.0981706993135649],[-34.886976448656419,-8.0982067523864956],[-34.886889284291918,-8.0982492855137629],[-34.886801033405469,-8.098292275689845],[-34.886722195608272,-8.0983306115261726],[-34.886653956543931,-8.0983656436596032],[-34.886558625680948,-8.0983910560183734],[-34.886508145121198,-8.0984047131879251],[-34.886500521743173,-8.0983806936600686],[-34.886408163279675,-8.0979099048614795],[-34.886391552422765,-8.0978346422000751],[-34.88638546721122,-8.0978042897255946],[-34.886306086185627,-8.0973116064645261],[-34.886300186862158,-8.0972749941987132],[-34.886214014680476,-8.0968360408313096],[-34.886093679340583,-8.0961382777549797],[-34.886011476089863,-8.095674209589113],[-34.885942850744705,-8.0953212277086717],[-34.885917217746076,-8.0951891203015318],[-34.88579457422864,-8.0945371563454032],[-34.885775612291354,-8.0944213195048444],[-34.885749388614457,-8.0943068985446107],[-34.885678547431105,-8.0940613103676888],[-34.885572896269423,-8.0936985544576849],[-34.885440570525574,-8.0932095614280453],[-34.885259834730732,-8.0925814996362107],[-34.885187196483216,-8.0923154539053392],[-34.885165734601543,-8.0922368475900264],[-34.885084419967363,-8.092090160285462],[-34.884936829663438,-8.0915449331019911],[-34.884871808992592,-8.0913047339986992],[-34.884802529589052,-8.0912108081646092],[-34.885033501562454,-8.0909938869553599],[-34.885085283848781,-8.0909499357264512],[-34.885184447803454,-8.090865767525381],[-34.885266414227992,-8.0907961972974149],[-34.885319436702439,-8.0907509086170872],[-34.885342963692494,-8.09071956048167],[-34.885360308885048,-8.0906844383354883],[-34.885373274310247,-8.0906298173673559],[-34.885374326521308,-8.0906077421576779],[-34.885372253274035,-8.0905791747290809],[-34.885349247953933,-8.090315267567842],[-34.88531111915686,-8.0898704265594379],[-34.885302176181767,-8.0896807045747536],[-34.885302253964774,-8.0896486456080083],[-34.88529877474064,-8.089620102747654],[-34.885287410949061,-8.0895786055867855],[-34.885268987828972,-8.0895397058818421],[-34.885259442892362,-8.0895266986718894],[-34.885238871292458,-8.0894986641476585],[-34.885183710095895,-8.0894518804931117],[-34.884882936724161,-8.0891602822788862],[-34.884985993598576,-8.0890590525600103],[-34.885105173554756,-8.0889371281958056],[-34.885133889364965,-8.0889102394648198],[-34.885487976507612,-8.0892596774820689],[-34.885493140690187,-8.0892670200684851],[-34.885497171805994,-8.0892755314340672],[-34.885499657930879,-8.0892846113646417],[-34.885501666691681,-8.0892963822268289],[-34.885506036752282,-8.0893038451051353],[-34.885521854222283,-8.0893180990044904],[-34.885640579250918,-8.0894240440133931],[-34.885742182304575,-8.0894794324403314],[-34.885797685668173,-8.089509459149907],[-34.885894740704458,-8.089355203855856],[-34.88606851987506,-8.0891040315226039],[-34.886329906119087,-8.0887436244192141],[-34.8865323569757,-8.088469865016032],[-34.886505778471843,-8.0884448363373647],[-34.886238113903644,-8.0881927815799717],[-34.886014883146743,-8.0879929154330075],[-34.886021599596219,-8.0879858425603359],[-34.886323635672362,-8.0876678019444981],[-34.886364850141305,-8.087701567875099],[-34.88636785717847,-8.0877052272562953],[-34.886533874947297,-8.0878474142135577],[-34.886586525429394,-8.087883179553307],[-34.886675378311494,-8.0879435367407257],[-34.886714564361213,-8.0879501779162037],[-34.886760266951221,-8.0879551399507825],[-34.886807999899283,-8.0879603222372882],[-34.886948526415431,-8.0879482130248732],[-34.887234823799673,-8.087890663124659],[-34.887509102497511,-8.0878191797933088],[-34.887746177124214,-8.0877418199563795],[-34.887830948887604,-8.0877150616972564],[-34.888010460479627,-8.0879935610327802],[-34.888022352206463,-8.0880120098072439],[-34.887671425138251,-8.08836657335811],[-34.887693966709236,-8.0883880748129133],[-34.887739785208566,-8.088431779498535],[-34.887759925943655,-8.0884523988158659],[-34.887828930934873,-8.0885230408801831],[-34.887903547430717,-8.0885916770619612],[-34.887983595139346,-8.0885078770532868],[-34.888017686463527,-8.0884721946813336],[-34.888064049143651,-8.0884213303811077],[-34.888099017031706,-8.0883870669703253],[-34.888148017574657,-8.0883357782124605],[-34.888174092283371,-8.0883084883674119],[-34.888230350158651,-8.0882496007426727],[-34.8882491693332,-8.0882299124608572],[-34.888261766580108,-8.0882167279380308],[-34.888323549192457,-8.0881506535757186],[-34.888327481240346,-8.0881464486195114],[-34.888392600568849,-8.0880772940065704],[-34.888398073013015,-8.0880715359577664],[-34.888617063032264,-8.0882858745066795],[-34.888653790620687,-8.088323095480149],[-34.888646419496524,-8.0883292474479163],[-34.888604002334077,-8.0883838463740858],[-34.888622757674575,-8.0884073497204483],[-34.888629561202805,-8.0884158744416492],[-34.88863685200625,-8.0884250107774722],[-34.888667009926294,-8.0884530785152489],[-34.888669630877594,-8.0884558373903648],[-34.88870010229229,-8.088487913253811],[-34.88884904323784,-8.0886245645616075],[-34.888990498514822,-8.0887694377262882],[-34.889066789748917,-8.0888345463257014],[-34.889084427376503,-8.0888500347493721],[-34.889130046757771,-8.0888900985344598],[-34.889687791418879,-8.0882771135024871],[-34.88973532152125,-8.0883234652708111],[-34.889739517560649,-8.0883284182752355],[-34.889949137853144,-8.0885265277092966],[-34.88996256590022,-8.0885392184686911],[-34.890154232134776,-8.0887241715400204],[-34.890156470419456,-8.0887219000887036],[-34.890166031670283,-8.0887296245637987],[-34.890448945509426,-8.0884824084839408],[-34.890586202693854,-8.0883418919287475],[-34.890771391158218,-8.0886557370306278],[-34.890843657649974,-8.0885807520871325],[-34.890913567955387,-8.0885006537458963],[-34.890969871056264,-8.0884373609634732],[-34.890980814242646,-8.0884301681068695],[-34.891049698675019,-8.0883580882257],[-34.891124788798045,-8.0882795416875002],[-34.891204790027984,-8.088195879748179],[-34.891301477563992,-8.08809507973886],[-34.89136738774959,-8.0880279634108536],[-34.891449744875281,-8.0879593027024548],[-34.891561077878919,-8.0882414769401993],[-34.891700594632724,-8.0885885660551704],[-34.891710601432429,-8.0886114886354168],[-34.891818296747864,-8.0888581747360835],[-34.891827148415295,-8.0888662441912746],[-34.891854427705013,-8.0888911145994484],[-34.891901624191235,-8.0889139182477248],[-34.891969108474633,-8.0889172517815684],[-34.89199637635631,-8.0889101098488201],[-34.892054007980555,-8.0889006249305897],[-34.892146143812298,-8.0888864977570538],[-34.892524448051233,-8.0888301642355369],[-34.892756716595805,-8.0887987426798702],[-34.893103721615297,-8.0887546809515705],[-34.893155108802034,-8.0887494016535744],[-34.893364474184317,-8.08872697026551],[-34.893607294099439,-8.0887117554945185],[-34.893779938888947,-8.0886945180819527],[-34.894017751246786,-8.0886707728509908],[-34.894088033056292,-8.0886624341327966],[-34.894556946426221,-8.0886068015019905],[-34.894900508394912,-8.0885843706874088],[-34.895221389221653,-8.0885549261622742],[-34.895348503373505,-8.0885445352728027],[-34.895428978308033,-8.0885352955900327],[-34.895710652496881,-8.0885070723181425],[-34.895739316450559,-8.0885069392818441],[-34.895967918238604,-8.0885504282056466],[-34.896221695312846,-8.0886324618747416],[-34.896458479521776,-8.0886918061021511],[-34.896622335160444,-8.0887071359447962],[-34.896623849622102,-8.0887211926623817],[-34.896624435589736,-8.0887266125675374],[-34.896697262154277,-8.0894004944662328],[-34.896762385397068,-8.089892577810037],[-34.891967364900438,-8.0895861232619186],[-34.891064271558811,-8.0916084393959729],[-34.891037836312293,-8.0916795941068393],[-34.891296851031953,-8.0917915023053464],[-34.89172150471186,-8.0919677281252191],[-34.891776453701496,-8.0920205427081022],[-34.891826926045198,-8.0920471598580352],[-34.892184606138628,-8.0923487686953468],[-34.891999129699542,-8.0925987785769298],[-34.891592803133008,-8.0931492630564019],[-34.891297577710041,-8.0935741393939775],[-34.891143854816569,-8.0937585469701627],[-34.89102358414047,-8.0939313141752063],[-34.890987825079833,-8.0939826821250147],[-34.890786670277791,-8.0942581680139369],[-34.890499158497491,-8.094624406234475],[-34.890374334201127,-8.094804762467799],[-34.890374067468954,-8.0948051470310869],[-34.89029229900089,-8.0949232933103126]]]},"properties":{"NMNOME":"Encanta Moça / Pina","BAIRRO":" ","ZEIS_TIPO":"ZEIS Planície","NOME_TIPO":"Encanta Moça / Pina - ZEIS Planície"}},{"type":"Feature","geometry":{"type":"Polygon","coordinates":[[[-34.888993878572578,-8.0141573031469093],[-34.889037052397974,-8.0142590673071528],[-34.889055084809726,-8.0142514654286305],[-34.889166589754787,-8.0142044638651608],[-34.889218692797243,-8.0142996831201927],[-34.889263177310504,-8.0143823778216845],[-34.889285806985271,-8.0143709694795433],[-34.88931126340259,-8.014426118225666],[-34.889245831922018,-8.0144633968171277],[-34.889395875871998,-8.0146445111025812],[-34.889462848672665,-8.0147216962709624],[-34.88958055985286,-8.0148450027122458],[-34.889600679868856,-8.0148844991653121],[-34.88961636643409,-8.0148715160887036],[-34.889678508211432,-8.0148200846978579],[-34.889767194432395,-8.0149239282494413],[-34.889800146904889,-8.0149652264356863],[-34.889777473687751,-8.0149878365451581],[-34.889798638447786,-8.0150098107622689],[-34.889803790314815,-8.0150058995983731],[-34.889859920088355,-8.01506187588814],[-34.889825805718147,-8.015097999297204],[-34.889785807189213,-8.0151381583736381],[-34.889847593253393,-8.0152012509437576],[-34.889898887630316,-8.0152507002498812],[-34.889332631947184,-8.0158654124871216],[-34.888912646484854,-8.0162954926591823],[-34.888738495124649,-8.0164624562307765],[-34.888621339335472,-8.0165425820684746],[-34.888489828582337,-8.0166227718713223],[-34.888352897551201,-8.0166868513813601],[-34.887774129653778,-8.0168892835036001],[-34.887641079770461,-8.0169306128578679],[-34.887450031080434,-8.0169719230974064],[-34.887332323667302,-8.0169869990205722],[-34.887265276220951,-8.0169914296618234],[-34.887160928871531,-8.016995454343224],[-34.887092960156352,-8.0169954166932413],[-34.887158316146987,-8.0172455854562976],[-34.88729173133234,-8.0178344343887566],[-34.887530492951079,-8.0185888808202179],[-34.887536584460321,-8.0187108123560016],[-34.887585023033282,-8.0188582049039194],[-34.887561423001358,-8.0188642013229021],[-34.887605317200745,-8.0189891166638994],[-34.887611115500881,-8.0190108928771338],[-34.887665206638694,-8.0189905491073841],[-34.887700867430716,-8.0191025756297769],[-34.88772288416137,-8.0191853309097816],[-34.887791702540085,-8.0191644079143085],[-34.887821533468063,-8.0192676653441275],[-34.887772409529809,-8.0192839695492975],[-34.887782438983166,-8.0193240131815671],[-34.887896420294709,-8.0196382903317325],[-34.887779717428231,-8.0196872423285637],[-34.887811664795777,-8.0197593065368356],[-34.887830495326313,-8.0198011812672085],[-34.887853285537652,-8.0198616564588185],[-34.887939124509138,-8.0201144576676278],[-34.888071344465608,-8.020471953758836],[-34.888112510070691,-8.020578827007526],[-34.888050522934677,-8.0206057969126157],[-34.888098022279344,-8.0207307579678222],[-34.888126947257796,-8.0208072596345534],[-34.887341410117436,-8.0211276844338393],[-34.886513711986041,-8.0214395840256678],[-34.886173708805458,-8.0206703823785315],[-34.88606140309917,-8.0204010793748228],[-34.885947112897874,-8.0201919664104935],[-34.885295108279927,-8.0192828344669156],[-34.884863683969996,-8.0184252331234589],[-34.884692921126643,-8.018072002487429],[-34.88409827897371,-8.0168142503904694],[-34.884021188791579,-8.0166574337600238],[-34.883985502163107,-8.0165848382652065],[-34.88515421815908,-8.0162706413433593],[-34.884903324114802,-8.0159891218678343],[-34.885057399203021,-8.0158848807622007],[-34.885289135391105,-8.0157435207547714],[-34.885346221580185,-8.0158317708974671],[-34.885389562649159,-8.0158070909839623],[-34.885378502264238,-8.0157873223293201],[-34.885446952487605,-8.0157481725278377],[-34.885509311112642,-8.0157058447209835],[-34.885528808438664,-8.0157348605795615],[-34.885582096913787,-8.0157017741934986],[-34.885564734680671,-8.0156770908681274],[-34.885639526567417,-8.0156290601690579],[-34.885714924038588,-8.0155805755527201],[-34.88580421609867,-8.0155346889532701],[-34.885917124048241,-8.0154555660310471],[-34.88601814871015,-8.0153836080692411],[-34.885990432747604,-8.0153458747355106],[-34.886200748041368,-8.015201092804082],[-34.886231821850885,-8.0152026240258802],[-34.886269639187816,-8.0151742173955949],[-34.886369990469028,-8.0151224840257793],[-34.886423261138084,-8.0150753310579201],[-34.886424963591175,-8.0150593861352331],[-34.886505611527042,-8.0150203566659393],[-34.886532580331469,-8.0150177795329753],[-34.886565902565138,-8.0149970618711972],[-34.88666064257859,-8.0149381459041553],[-34.886737609988479,-8.0148881269765067],[-34.88688528651906,-8.0148007079655219],[-34.886885949842835,-8.0147923105438785],[-34.886906951205681,-8.0147810218738158],[-34.886976224989709,-8.0147366343969644],[-34.887104056066157,-8.0146885559303929],[-34.887085046820872,-8.0146040717064349],[-34.887242480991539,-8.0145757519373841],[-34.887257352386605,-8.0144724731575874],[-34.887329933512788,-8.0144878202374645],[-34.887406219142648,-8.0144804063987554],[-34.887408316881675,-8.0144624652702721],[-34.887461218754062,-8.0144597096505823],[-34.887477848091279,-8.0145321931357305],[-34.887713661775692,-8.0144871512824931],[-34.887710005572309,-8.014464509981913],[-34.887806111892694,-8.014441746226213],[-34.887814457108568,-8.0144743778249747],[-34.887889543810253,-8.0144581464773594],[-34.888043523803454,-8.0144258642997119],[-34.888132037912882,-8.0144053412096401],[-34.888253077425631,-8.0143632469182151],[-34.888314412747576,-8.0145190552172672],[-34.888464445257789,-8.0144654989974402],[-34.888415978762424,-8.0142920582700654],[-34.888418911037874,-8.0142888977336977],[-34.888556903514363,-8.0142474507596617],[-34.888551787200221,-8.0142311465309408],[-34.888565631243928,-8.0142273148898386],[-34.888643627688062,-8.0141993242894802],[-34.888650021331294,-8.0142276821769407],[-34.888732890407319,-8.0142024935754463],[-34.888745529295079,-8.0142339156945557],[-34.888884791000699,-8.0141850855192676],[-34.888891614868456,-8.0141938437026479],[-34.888993878572578,-8.0141573031469093]]]},"properties":{"NMNOME":"Fundão de Fora","BAIRRO":"ÁGUA FRIA","ZEIS_TIPO":"ZEIS Morro","NOME_TIPO":"Fundão de Fora - ZEIS Morro"}},{"type":"Feature","geometry":{"type":"Polygon","coordinates":[[[-34.939701358093004,-8.1093678622776029],[-34.939674796013762,-8.10852050371318],[-34.939672870366827,-8.1084590601072044],[-34.93967281682712,-8.1084573535163909],[-34.941848076220431,-8.1083792741345047],[-34.941873957226065,-8.1087497754123508],[-34.941629945942722,-8.1087648976843223],[-34.941051285737281,-8.10879107053238],[-34.94072663830822,-8.1088094539980222],[-34.940443796217544,-8.1088254702088598],[-34.940444446008215,-8.108871679397474],[-34.940444539672896,-8.1088783472183152],[-34.94044874506325,-8.1091771642680079],[-34.940450067821466,-8.1093599115109889],[-34.939702308417246,-8.1093859432647974],[-34.939701358093004,-8.1093678622776029]]]},"properties":{"NMNOME":"Greve Geral","BAIRRO":"IBURA","ZEIS_TIPO":"ZEIS Planície","NOME_TIPO":"Greve Geral - ZEIS Planície"}},{"type":"Feature","geometry":{"type":"Polygon","coordinates":[[[-34.895410940582181,-8.1075479245655178],[-34.89543879101771,-8.1074935118197047],[-34.895460363161313,-8.1074579935502609],[-34.89549951751448,-8.1074192988624851],[-34.895548162686225,-8.1073754890866496],[-34.895671511071718,-8.1072317826322831],[-34.895736699371788,-8.1071523920758128],[-34.895759057573706,-8.1071375019728773],[-34.895822110737427,-8.1071217345645454],[-34.895876926534378,-8.1071077250128702],[-34.895903752390204,-8.1071088397009099],[-34.89593231347682,-8.1071253932889906],[-34.895995347607403,-8.1071373258056472],[-34.896058240967662,-8.1071554220250857],[-34.896151857262105,-8.1071993583160697],[-34.896226551942796,-8.1072560667504128],[-34.89628062396126,-8.1073187620581333],[-34.89630313907444,-8.1073673759142242],[-34.896325458583057,-8.10741780605413],[-34.896359973427337,-8.1074526945005179],[-34.896428114089403,-8.1075069869604146],[-34.89653305934084,-8.1075611090268769],[-34.896614163985028,-8.1075892595498331],[-34.896691105553053,-8.1076019426835231],[-34.896839154464729,-8.1076036982060042],[-34.896941382227425,-8.1076015923190852],[-34.89703632438939,-8.1075991378999461],[-34.8971242951568,-8.1076198185534114],[-34.897261048938155,-8.1076439398872644],[-34.89733379190249,-8.1076550630273392],[-34.897416987324327,-8.107638629310383],[-34.897543351829356,-8.1076054889412692],[-34.897578651885517,-8.1075946022857188],[-34.897708091981258,-8.1076036812313816],[-34.897805759957194,-8.1076414035143003],[-34.897877159637083,-8.1076603277098318],[-34.897986668441035,-8.1076630271406227],[-34.898046938599968,-8.1076632047925301],[-34.89808697010394,-8.107664393430202],[-34.898127415154434,-8.1076554943228896],[-34.898151294644286,-8.1076462131047649],[-34.898224236099381,-8.1076014011970976],[-34.898507135992112,-8.1074941741710997],[-34.898549807594932,-8.1074696757642766],[-34.89861356888759,-8.1074294911137361],[-34.89870627080797,-8.1073800016315793],[-34.898778807210967,-8.1073471117062308],[-34.898825304571581,-8.1073371392351916],[-34.898882502578317,-8.1073254624508397],[-34.898916880815122,-8.1073310078528618],[-34.898957866681144,-8.1073503782464211],[-34.899034048164083,-8.107375290217],[-34.899086488354158,-8.1073954226904785],[-34.899120220427903,-8.1074376501241527],[-34.899149130283448,-8.107520190826266],[-34.89917361301324,-8.1076607319952227],[-34.899179678679005,-8.1077332454272764],[-34.899176795499436,-8.107797989396877],[-34.899174115569693,-8.1078985037704943],[-34.899174646166344,-8.1080115661423875],[-34.898806876262086,-8.1082174254569317],[-34.898517879534168,-8.1084197758624974],[-34.89848649644609,-8.1084481887554123],[-34.898433244808771,-8.1085175322704472],[-34.898141778686352,-8.1088126173146531],[-34.898065239377289,-8.1087255981295812],[-34.898055451927405,-8.1087144703101757],[-34.897637269994547,-8.108239028771985],[-34.897486957299684,-8.1080830423582881],[-34.897387967461,-8.1079803153130481],[-34.897375011689235,-8.1079685232633896],[-34.897367018503516,-8.1079706977052624],[-34.897352054121846,-8.1079795983492815],[-34.897315699789715,-8.1080107899191329],[-34.897290753053127,-8.1080321933338571],[-34.897073872043947,-8.1082182755262622],[-34.897050652009135,-8.1082381972566484],[-34.896911891986662,-8.1083572512803812],[-34.89683362527893,-8.1084286584659253],[-34.896761783203921,-8.1084971219135706],[-34.896733531015279,-8.1085240464894941],[-34.896579131509064,-8.1086717663155827],[-34.896383635268087,-8.1088616787457362],[-34.896144187726875,-8.109094287037971],[-34.896117951800122,-8.1091197746764916],[-34.896042287559013,-8.1091795595700908],[-34.89569111481002,-8.1095326163708581],[-34.895374071043115,-8.1098456428326546],[-34.89519493264136,-8.1100231852594593],[-34.8951107033865,-8.1101066622302902],[-34.895063704358215,-8.1100346228760287],[-34.894968367499033,-8.1098847733437527],[-34.89481592054446,-8.1099880521274006],[-34.894768920904113,-8.1100198933673511],[-34.894767701584271,-8.1100179507620727],[-34.894707628600074,-8.1099222393474566],[-34.894645020607264,-8.1098231729400005],[-34.894582412648532,-8.1097241065153458],[-34.894522324120267,-8.1096205984023904],[-34.894462235626889,-8.1095170902729699],[-34.894654534029826,-8.1093943270838551],[-34.894594846952515,-8.1092990441670043],[-34.894524453911011,-8.1091841926396473],[-34.894461949245368,-8.1090684003399538],[-34.894297161364221,-8.1087889039501846],[-34.894245293263253,-8.1086910025579435],[-34.894237483945503,-8.1086762626964894],[-34.894199019566777,-8.108629841075917],[-34.894171222556231,-8.1085962926783068],[-34.894135899353898,-8.1085389090277644],[-34.894050247040667,-8.1085804090417177],[-34.893987113277802,-8.1086104302298647],[-34.893800692267348,-8.1082878229933186],[-34.893768856485508,-8.1082300569347261],[-34.894207266916041,-8.1080323000964878],[-34.894528284054829,-8.1077841486941047],[-34.894536690181859,-8.1077806470149998],[-34.894561908844864,-8.1077952010619523],[-34.894573621634152,-8.1078073723819699],[-34.894581085584093,-8.1078293446173948],[-34.89458486621043,-8.1078507228240504],[-34.89460878444099,-8.1079027829421086],[-34.89464007344862,-8.1079528415253304],[-34.894687138045391,-8.1079821949139141],[-34.89470794156923,-8.1079933095902845],[-34.894715849528097,-8.1079975346193986],[-34.894775061956715,-8.1079655299678066],[-34.894829429440094,-8.1079361434304538],[-34.894858360077023,-8.107924661891003],[-34.894886244417954,-8.1079195137226989],[-34.894924928296838,-8.1079188501613455],[-34.89495838039435,-8.1079149119647109],[-34.895031444378084,-8.1078963479044237],[-34.895090013705619,-8.1078771632410298],[-34.895130354598763,-8.1078707863543737],[-34.895159333523949,-8.1078696200376275],[-34.8951855141325,-8.1078602134565543],[-34.895221955580581,-8.1078315033162056],[-34.895241173110854,-8.1078090634628506],[-34.895260360041121,-8.1077800900206292],[-34.895273012561574,-8.1077556167023985],[-34.895302838168305,-8.1077142152220674],[-34.895336811516685,-8.1076741686396598],[-34.895372457894275,-8.107623111714954],[-34.895410940582181,-8.1075479245655178]]]},"properties":{"NMNOME":"Ilha do Destino","BAIRRO":"BOA VIAGEM","ZEIS_TIPO":"ZEIS Planície","NOME_TIPO":"Ilha do Destino - ZEIS Planície"}},{"type":"Feature","geometry":{"type":"Polygon","coordinates":[[[-34.900358431967945,-8.0884887382784125],[-34.900358484659428,-8.0884846877974184],[-34.900363719885014,-8.0880849765793084],[-34.900370443126775,-8.0875716203843329],[-34.900388203665237,-8.0862156416745563],[-34.901273896963183,-8.0858750912034392],[-34.902468065352338,-8.0854159328421105],[-34.902931968379953,-8.0852375595761412],[-34.902934510113937,-8.0852555287739971],[-34.9030988595241,-8.086417217365641],[-34.903347714273735,-8.0881762108948418],[-34.903350334865699,-8.0881947320981116],[-34.9033396525721,-8.0881957881035778],[-34.902579914587399,-8.088270890082244],[-34.90232598658713,-8.0882959908386045],[-34.901234693413777,-8.0884038646224674],[-34.900446949928636,-8.0884817312377066],[-34.900370708348603,-8.0884892679031335],[-34.900358409298619,-8.0884904832399904],[-34.900358431967945,-8.0884887382784125]]]},"properties":{"NMNOME":"Ilha de Deus","BAIRRO":"IMBIRIBEIRA","ZEIS_TIPO":"ZEIS Planície","NOME_TIPO":"Ilha de Deus - ZEIS Planície"}},{"type":"Feature","geometry":{"type":"Polygon","coordinates":[[[-34.882313317751382,-8.0352470587266946],[-34.882465329801633,-8.035276008398732],[-34.882507926986563,-8.0352841209397887],[-34.88254086452951,-8.0352911530342865],[-34.882596576563898,-8.0353104341994381],[-34.882626774367324,-8.0353242567322418],[-34.882659201532448,-8.0353415832172761],[-34.882714471130576,-8.0353778278624581],[-34.882606619781093,-8.0354978287176237],[-34.882545273386896,-8.0355327197113926],[-34.883144690309962,-8.0362206552059448],[-34.883348039836577,-8.036411587624217],[-34.88345739832193,-8.0365052827338701],[-34.883535077644225,-8.0365741287519583],[-34.883530945530985,-8.0365795305860335],[-34.88352740938582,-8.0365841530833997],[-34.883475771004548,-8.0366516524413107],[-34.883427890634422,-8.0367142570584171],[-34.883407292459552,-8.0367363106717846],[-34.883586824986281,-8.0368957932658702],[-34.883437655159653,-8.037035393438039],[-34.883398316936521,-8.0370703672666028],[-34.883735043155141,-8.0372773919273754],[-34.883683626884299,-8.0377146783809756],[-34.883677758999887,-8.0377645852283504],[-34.88367156904453,-8.0378172302049062],[-34.883568081541405,-8.0377088025593189],[-34.883520275671231,-8.0376694057389475],[-34.883497466272821,-8.0376506086553636],[-34.883443930532621,-8.0376064916577423],[-34.883422691786258,-8.037588989246867],[-34.88340211225578,-8.0375720298783548],[-34.883380842552626,-8.0375545013880405],[-34.883356209401796,-8.0375342019317912],[-34.883174279240102,-8.0378173837769875],[-34.883060307310068,-8.0379974863850823],[-34.882993963515538,-8.0381125833822296],[-34.882909854990189,-8.0382355558587264],[-34.882856478992586,-8.0383128163950435],[-34.882728805012441,-8.038499656585067],[-34.882668950518926,-8.038602832452181],[-34.882668497712196,-8.038602595849305],[-34.882665004291582,-8.0386086203794864],[-34.882305720522858,-8.0391147157829366],[-34.882227987868816,-8.0392387836772823],[-34.882027830662587,-8.0395014909275115],[-34.881915788410865,-8.0396863861643943],[-34.881824897489906,-8.0398363773675268],[-34.881971662402037,-8.039903739986622],[-34.881832486430355,-8.0401616800394642],[-34.881917833153956,-8.0402022557619901],[-34.881763169380534,-8.0404996313883448],[-34.881562731428886,-8.0404118002338727],[-34.881482621996312,-8.0403721940407458],[-34.88148118113353,-8.040375835952748],[-34.881448731315338,-8.0403611639458568],[-34.881417732796301,-8.0403482618106388],[-34.879770509216705,-8.0395718247739403],[-34.880319107159636,-8.0385787682659036],[-34.880439714642264,-8.0383667270610566],[-34.880056243279,-8.0382156726910079],[-34.880584098511576,-8.0367645140857142],[-34.880589698116836,-8.0367468642807349],[-34.880932209002466,-8.0368484925576738],[-34.88094247248884,-8.0368063858706869],[-34.88102424429254,-8.0365617864744525],[-34.880997033451294,-8.0365564530574307],[-34.881014829644016,-8.0364737005225795],[-34.881023264198667,-8.0364344826129557],[-34.881031254721336,-8.0363973262349599],[-34.8810398677672,-8.0363557026498675],[-34.881042964042258,-8.0363233205263889],[-34.881042958183954,-8.0363057054140032],[-34.881011500375962,-8.0362981728116853],[-34.881015594609387,-8.0359202449604936],[-34.881035715006604,-8.0358720258746796],[-34.881126616074489,-8.0356541826304095],[-34.881143385793671,-8.0356095075110083],[-34.881146368768334,-8.0356015605384741],[-34.881721135121481,-8.0357527910788722],[-34.881764294743419,-8.0357652361872791],[-34.881794267647003,-8.0357698128594635],[-34.881870996068919,-8.0354684231227154],[-34.881936405246158,-8.0354919968670639],[-34.88200656120808,-8.0355191507293],[-34.88207344818241,-8.0355372561242504],[-34.882075392608151,-8.0355377824382526],[-34.88208686606378,-8.0355015991830872],[-34.882088900948887,-8.0354951835429329],[-34.882175297299717,-8.035523038719866],[-34.882177352259788,-8.0355237344946193],[-34.88221835155958,-8.0355376224187047],[-34.882313317751382,-8.0352470587266946]]]},"properties":{"NMNOME":"Ilha de Joaneiro","BAIRRO":" ","ZEIS_TIPO":"ZEIS Planície","NOME_TIPO":"Ilha de Joaneiro - ZEIS Planície"}},{"type":"Feature","geometry":{"type":"Polygon","coordinates":[[[-34.939948887330345,-8.0766434800047193],[-34.940017415206491,-8.0764439890010173],[-34.940279207090903,-8.07653089039324],[-34.940432050035653,-8.076577905538219],[-34.940606004290331,-8.0766137178146824],[-34.940734228035254,-8.0766375341762071],[-34.940910331483956,-8.0766566826042485],[-34.94112642616011,-8.0766523266190777],[-34.941296778762982,-8.0766337544618079],[-34.941454857093127,-8.0766107998036087],[-34.941476488189934,-8.0766037874777989],[-34.941509432495316,-8.0767161039548334],[-34.941522439266969,-8.0767604491468887],[-34.941402128226834,-8.0767937649033925],[-34.94138556305036,-8.0767965375978825],[-34.941351656000755,-8.0769277062251081],[-34.941311992787682,-8.0770200442978233],[-34.941259042189351,-8.0771290989419828],[-34.941142112284133,-8.0773705742152959],[-34.941018767076933,-8.0776196305585604],[-34.940927716502621,-8.0778034790848174],[-34.940917008782122,-8.0778250987311946],[-34.940822202166927,-8.0777663966531748],[-34.940866132710987,-8.0776700921578417],[-34.940911406151343,-8.0775708295653637],[-34.940955714985805,-8.0774709296747353],[-34.940989003689154,-8.0773958024306118],[-34.940730877164206,-8.077284670186037],[-34.940715096958058,-8.077327769722082],[-34.940691512369732,-8.0773164670930271],[-34.940691131415662,-8.0773162844743762],[-34.940462311861083,-8.0772066239855782],[-34.940380942409234,-8.0771725792639693],[-34.94039906937801,-8.077136510249348],[-34.940144654103193,-8.077047787637806],[-34.94010332197437,-8.0771740372820044],[-34.94009653505853,-8.0771947677146994],[-34.939818958046239,-8.0770744415623117],[-34.939773721384974,-8.0770539886005768],[-34.939544421191037,-8.0775591223690704],[-34.939489942660543,-8.077581586020429],[-34.939361033992412,-8.0776477012328893],[-34.939293614413813,-8.0776794583978884],[-34.939165266476557,-8.0777399160644254],[-34.939139717850566,-8.0777253572214089],[-34.939109626181384,-8.07773584043521],[-34.93909932846811,-8.0777394277166152],[-34.939077178109358,-8.0777471448494218],[-34.939059574988647,-8.0777390593048821],[-34.938971851987084,-8.0777983180968977],[-34.938885237574603,-8.0778564614452062],[-34.938856141464825,-8.0778288432050509],[-34.938768794875585,-8.0777337768178228],[-34.938692801240144,-8.0776830662990609],[-34.938729791888164,-8.0775947251532525],[-34.938744540217023,-8.0775630694958789],[-34.939134889496465,-8.0767252410203767],[-34.939207998415611,-8.076620514481748],[-34.93923552144954,-8.0765749563311573],[-34.939262911437964,-8.076608328798196],[-34.939385312321257,-8.0766661375013786],[-34.939495007732766,-8.0767016221045012],[-34.939610310798038,-8.0767650062139111],[-34.939825404121081,-8.0768637816254412],[-34.939851965560905,-8.0768759796731864],[-34.939880632235329,-8.0768136703364082],[-34.939948887330345,-8.0766434800047193]]]},"properties":{"NMNOME":"Jardim São Paulo I","BAIRRO":"JARDIM SÃO PAULO","ZEIS_TIPO":"ZEIS Planície","NOME_TIPO":"Jardim São Paulo I - ZEIS Planície"}},{"type":"Feature","geometry":{"type":"Polygon","coordinates":[[[-34.947194343530008,-8.0806943720724078],[-34.947201109312665,-8.0802035671850412],[-34.947098775811355,-8.0801981710090214],[-34.94707227364637,-8.0798676945019974],[-34.947203639133598,-8.0798442805973227],[-34.947285059959412,-8.0798328661715857],[-34.947445870408551,-8.0798060356939931],[-34.947478615928411,-8.0798002484197156],[-34.947503437376753,-8.0798622870188304],[-34.947625751662386,-8.0801679981041712],[-34.948619731571483,-8.0803311650071752],[-34.94830564737601,-8.0810139167471817],[-34.948555771440958,-8.0811530687512505],[-34.948701680494665,-8.0808634184511661],[-34.948821134138981,-8.0809130362467521],[-34.9488152130671,-8.0809282831820184],[-34.948776528308976,-8.0810417463584088],[-34.948699135592371,-8.0812636589850602],[-34.948666652694719,-8.0813321208311386],[-34.948253039365937,-8.0811605271244655],[-34.948100252617586,-8.081074608724089],[-34.947917178922623,-8.0809716594897072],[-34.947772018572415,-8.080906188480327],[-34.94752759752366,-8.0807938146154363],[-34.947384767112574,-8.0810919534838792],[-34.94730517750169,-8.0812580841506207],[-34.947670075677443,-8.0814026503724303],[-34.947533771153516,-8.081729164265381],[-34.947494227801684,-8.0817094817149737],[-34.947463675187663,-8.081694010770617],[-34.947347051338454,-8.0816430176193315],[-34.947341824017968,-8.0816627760524149],[-34.947301378983333,-8.0817675407094178],[-34.947233296338759,-8.0817466588075568],[-34.947053569542334,-8.0816915318079126],[-34.94706033499272,-8.0816741563487948],[-34.947114180769368,-8.081535860963946],[-34.947090352680362,-8.0815237960452464],[-34.946958943997508,-8.0814664282307671],[-34.946862175454214,-8.0814237832394262],[-34.946857323118159,-8.081421483851889],[-34.946910813728287,-8.0812668052288661],[-34.94705078011409,-8.0813196310674549],[-34.947115535399114,-8.0811890024824553],[-34.947162353175685,-8.0810935453896189],[-34.947194343530008,-8.0806943720724078]]]},"properties":{"NMNOME":"Jardim São Paulo II","BAIRRO":" ","ZEIS_TIPO":"ZEIS Planície","NOME_TIPO":"Jardim São Paulo II - ZEIS Planície"}},{"type":"Feature","geometry":{"type":"Polygon","coordinates":[[[-34.938800770463494,-8.1007668991375201],[-34.939112173638847,-8.1008017623980315],[-34.939575882402352,-8.1008536765433252],[-34.93957252799855,-8.1008683281609066],[-34.939571826556126,-8.1008720751676737],[-34.939571683873581,-8.1008724004001866],[-34.939567510069985,-8.1008809427287218],[-34.939561159730623,-8.1008949296526609],[-34.939542194941353,-8.100925913039438],[-34.939538195805113,-8.1009326636142269],[-34.939531549949969,-8.1009449921076921],[-34.939519526661456,-8.1009687435326505],[-34.93951785270756,-8.1009721064228994],[-34.939510580396345,-8.1009883072294908],[-34.939504386996227,-8.1010049467937169],[-34.939503618038337,-8.1010072874198595],[-34.939493502617012,-8.1010196911764396],[-34.939490843448745,-8.1010232377539051],[-34.939482040330113,-8.1010351850527069],[-34.939478035220567,-8.1010404991203249],[-34.939473913844786,-8.1010454033021375],[-34.939465871808622,-8.101055449380377],[-34.939463910280068,-8.1010580542361623],[-34.93945515802335,-8.101069825003048],[-34.93945389437728,-8.1010715387628913],[-34.93944329724745,-8.1010860268369651],[-34.939436218245085,-8.1010961831495667],[-34.93943528249153,-8.1010976024378341],[-34.939431545080325,-8.1011033130142298],[-34.939426395460927,-8.1011102137079209],[-34.939426124149144,-8.1011105784262369],[-34.939418382320333,-8.1011209901207817],[-34.93941111882647,-8.1011305081471665],[-34.939411043102069,-8.1011306079527774],[-34.939400738922416,-8.1011450828806613],[-34.939397474564885,-8.1011501231143495],[-34.939391524146487,-8.1011595354508597],[-34.939384779752537,-8.1011694741039264],[-34.939383212458871,-8.1011718094860132],[-34.939373880203917,-8.1011869252834217],[-34.939371462369017,-8.1011912355393001],[-34.939361756838032,-8.1012089142855519],[-34.939355854853574,-8.1012202954126007],[-34.939351523206547,-8.1012295978933402],[-34.939346913822696,-8.1012400073480766],[-34.939342692761606,-8.1012489124249534],[-34.939335588758738,-8.1012637003044148],[-34.939329129390778,-8.1012782229438454],[-34.939329051377776,-8.1012784131653337],[-34.939323805819697,-8.1012912340346936],[-34.939318178481138,-8.1013040838410575],[-34.93931567842985,-8.1013099801916866],[-34.939309485019244,-8.1013266197557634],[-34.939308152870908,-8.1013306997402914],[-34.939306516531488,-8.1013328248069314],[-34.939302813689231,-8.1013377984178092],[-34.939293598573634,-8.1013504763387658],[-34.939286997228102,-8.1013599776550205],[-34.939280923343347,-8.1013695614436987],[-34.93927759137032,-8.1013750693925939],[-34.939274955513277,-8.1013787487540547],[-34.939269470745593,-8.1013867033551481],[-34.939260138482723,-8.1014018191519561],[-34.939258432059169,-8.1014048431776544],[-34.939250114165112,-8.1014198013663599],[-34.939247409264659,-8.1014247865044506],[-34.93924252591173,-8.101427996502677],[-34.939231572730982,-8.1014357646553989],[-34.93922010266332,-8.1014443326379979],[-34.939217989333905,-8.1014459274871431],[-34.939206746973348,-8.1014544970988833],[-34.939205387584089,-8.1014555405085034],[-34.939191674578012,-8.1014668647563788],[-34.939183236979382,-8.1014746326989293],[-34.939181507703225,-8.101476294429558],[-34.939179722980832,-8.1014777439720511],[-34.939171238130832,-8.1014849272186815],[-34.939158474617869,-8.1014969439735722],[-34.939152854503341,-8.101502588465344],[-34.939144771340224,-8.1015085954404285],[-34.939131058330531,-8.1015199196870729],[-34.939129319437072,-8.1015214675529474],[-34.939124037909274,-8.1015262090964697],[-34.939117041209677,-8.1015327162691069],[-34.939113297366639,-8.1015351903753725],[-34.939106088530494,-8.1015402113940258],[-34.939102647710207,-8.1015426912917992],[-34.939095430639469,-8.1015480766816896],[-34.939081717626912,-8.1015594009273375],[-34.939068778058463,-8.1015715948074956],[-34.939056666112123,-8.1015846056297303],[-34.939045434143011,-8.1015983789022581],[-34.939043369852151,-8.1016011216614281],[-34.93903391971854,-8.1016118949592819],[-34.939024882736071,-8.101618580889582],[-34.939011169719073,-8.1016299051338088],[-34.939001296365703,-8.1016390630976698],[-34.938990788650202,-8.1016477901335158],[-34.938980456561474,-8.1016568200950161],[-34.938979483628408,-8.1016576745282496],[-34.93896654405367,-8.1016698684066029],[-34.93895443210112,-8.1016828792272353],[-34.938945996005678,-8.1016930474131605],[-34.938941459240048,-8.1016977845100797],[-34.938934820411447,-8.1017021121222772],[-34.938920394493657,-8.1017125185270125],[-34.938910083748233,-8.1017208911413992],[-34.938902583956299,-8.101727291313793],[-34.938896412776117,-8.1017320931365671],[-34.938883500535631,-8.101742797008507],[-34.938870560955131,-8.1017549908850324],[-34.938858448996946,-8.1017680017041336],[-34.938857924820191,-8.1017686053897613],[-34.938847343071345,-8.1017808187933227],[-34.93883670738871,-8.1017938940131238],[-34.938835278478059,-8.1017957649585597],[-34.938834234539861,-8.1017965681983473],[-34.938820521511126,-8.1018078924387442],[-34.938814343376883,-8.1018135160755307],[-34.938804235726103,-8.1018230033208543],[-34.93879747427556,-8.1018295735593657],[-34.938785362312828,-8.1018425843773123],[-34.938774130327616,-8.1018563576460316],[-34.938765391607291,-8.1018684999066579],[-34.938764736708599,-8.1018694640257856],[-34.938757317932911,-8.1018787658130531],[-34.93874701371324,-8.1018932407338813],[-34.93873882587885,-8.1019063793508437],[-34.938733939066289,-8.1019147433527259],[-34.938733842671859,-8.1019148839388162],[-34.938731322261631,-8.1019186142806472],[-34.938721989968194,-8.1019337300724459],[-34.938718344658476,-8.1019403017683249],[-34.938716628182746,-8.101943501226673],[-34.938713392662741,-8.1019485042549899],[-34.938705829130527,-8.1019609202796126],[-34.938697509273702,-8.1019766116581771],[-34.938692966710271,-8.1019863924783255],[-34.93869171391529,-8.1019892371526101],[-34.938689702277998,-8.1019929361459369],[-34.938688025396338,-8.1019960685162964],[-34.938680858527391,-8.1020096696731478],[-34.938677152283866,-8.1020169676110925],[-34.93867667796426,-8.1020179426242915],[-34.938673330495739,-8.1020228693404786],[-34.938663998198322,-8.1020379851319611],[-34.938655682835602,-8.1020536683525766],[-34.938655482698564,-8.1020539305746357],[-34.938645178471695,-8.1020684054946841],[-34.938635846172438,-8.1020835212859303],[-34.938629590305574,-8.1020950803819396],[-34.938628664602831,-8.1020968946917602],[-34.938626600608366,-8.1021010269740952],[-34.93861932824813,-8.1021172277771392],[-34.938616116248838,-8.1021254391683062],[-34.938613114888852,-8.1021334976777037],[-34.938609578019658,-8.1021420668092539],[-34.938609343076493,-8.1021426383819648],[-34.938605320646161,-8.1021530558929022],[-34.938599971806369,-8.1021678064949967],[-34.938597800789779,-8.1021740285466173],[-34.938592712226779,-8.1021910362293035],[-34.938590540999257,-8.1021998673714588],[-34.938588776395484,-8.1022076053916514],[-34.938588555290579,-8.1022084146638811],[-34.938586390235947,-8.1022147451732511],[-34.938585877677696,-8.1022162600863599],[-34.938581856206753,-8.1022293418293216],[-34.938580960063689,-8.1022316459939603],[-34.938578869698809,-8.1022370919869395],[-34.938574936872513,-8.1022480352292252],[-34.938573667272642,-8.1022519178332733],[-34.938560144032877,-8.102294365816018],[-34.938556325068006,-8.1023074908948374],[-34.938552363720248,-8.1023247942676058],[-34.938550102831101,-8.1023382048516268],[-34.938542053748499,-8.1023534212202879],[-34.93853905415132,-8.1023597638336096],[-34.938534493317739,-8.1023670558896903],[-34.938529116834204,-8.1023760324531384],[-34.938522860970039,-8.1023875933572231],[-34.938522517802866,-8.1023881084892864],[-34.938513185493832,-8.102403224280355],[-34.938511652653318,-8.1024059364864645],[-34.938504952615574,-8.1024179479110661],[-34.938504772725587,-8.1024182706082293],[-34.938503612460309,-8.1024203572482865],[-34.938497888064859,-8.1024282894792012],[-34.938497544715872,-8.1024287666420527],[-34.938489250360774,-8.1024403128275591],[-34.938483536667825,-8.1024485858345887],[-34.938474204356247,-8.1024637016253838],[-34.938466303149077,-8.1024785412056897],[-34.938459592591002,-8.1024921456170222],[-34.938459173925494,-8.102492997414819],[-34.938458906216297,-8.1024935465420658],[-34.93845755102906,-8.1024950898703434],[-34.938446319017693,-8.1025088631365119],[-34.938436014774382,-8.1025233380554909],[-34.938426682459713,-8.1025384538459608],[-34.938418362584144,-8.1025541452238041],[-34.938411090210849,-8.1025703460266829],[-34.938409855695994,-8.1025734093941697],[-34.938409091845173,-8.102574733843193],[-34.938400771968411,-8.1025904252209617],[-34.938393499594035,-8.1026066260238103],[-34.938389995625336,-8.1026156262310067],[-34.938385846425227,-8.1026226830847818],[-34.938384329440353,-8.1026252966738852],[-34.938376009561956,-8.1026409880515793],[-34.938368737186039,-8.1026571888543941],[-34.938367082330636,-8.102661322807851],[-34.938364887103283,-8.1026657097520758],[-34.938364059767586,-8.1026674169162174],[-34.938362208532645,-8.1026712715475568],[-34.938355763491629,-8.1026857651861981],[-34.938349570030454,-8.1027024047488609],[-34.938346297111593,-8.1027128629952667],[-34.93834325998764,-8.1027233065599802],[-34.938343114527576,-8.1027238099035639],[-34.938337158087158,-8.1027372796424277],[-34.938330964624846,-8.1027539192051208],[-34.938328980199522,-8.1027600825106276],[-34.938321706535298,-8.1027739300760331],[-34.938315229631769,-8.102788211414266],[-34.938309430985875,-8.102802049255617],[-34.938308635509927,-8.1028039687202167],[-34.938302442045988,-8.1028206082829684],[-34.938297353467988,-8.1028376159662816],[-34.938296225277305,-8.1028420448487495],[-34.938294416151507,-8.1028465474841216],[-34.938289557424184,-8.1028583187180754],[-34.938289322480365,-8.1028588902908094],[-34.938286365756227,-8.1028664206225738],[-34.93828390152224,-8.1028729812790701],[-34.938281144642133,-8.1028792404697683],[-34.938280303851535,-8.1028811691902636],[-34.93827789572763,-8.1028867541094431],[-34.938275903787201,-8.1028905895205465],[-34.938275747383358,-8.102890891312855],[-34.938268810853764,-8.1029042906745996],[-34.938262829668105,-8.1029154344089775],[-34.938259424680162,-8.1029219923051077],[-34.9382592620344,-8.1029223167283781],[-34.938253361213512,-8.1029297814989505],[-34.938243056954967,-8.1029442564168939],[-34.93823372462608,-8.1029593722066515],[-34.938225976139975,-8.1029739018749698],[-34.938218570833442,-8.1029888665683298],[-34.938217999430726,-8.1029900282774339],[-34.938212385485151,-8.1030022750157027],[-34.938208460419567,-8.1030114309132415],[-34.938206061621344,-8.1030149843864052],[-34.938197680293953,-8.1030284538993964],[-34.938190290406133,-8.1030411439281469],[-34.93818957601475,-8.1030423777369176],[-34.938181493201078,-8.1030564271353569],[-34.938181256588294,-8.1030568396031377],[-34.938172936696141,-8.1030725309803593],[-34.938172586341601,-8.1030732504619589],[-34.938165874136359,-8.103087082701272],[-34.938159477614946,-8.1031012913331111],[-34.938155657008863,-8.1031104756636481],[-34.938145962189942,-8.1031317371040448],[-34.938145310471405,-8.1031331767384405],[-34.938138899767559,-8.1031474550495766],[-34.938132496145982,-8.1031615073143861],[-34.938132171183014,-8.1031622248671997],[-34.938125915295956,-8.1031760594575939],[-34.938123919380125,-8.1031805810618458],[-34.938118809848419,-8.103192454741551],[-34.938117282434924,-8.103195922707906],[-34.93811427976366,-8.1032016252676282],[-34.938113457237414,-8.1032032004174805],[-34.938106057728689,-8.1032174825248049],[-34.938103222543312,-8.1032231137724295],[-34.938095950150391,-8.1032393145749833],[-34.938094701299335,-8.1032424159806986],[-34.938087968043277,-8.1032594323863574],[-34.938085878602251,-8.1032648837992323],[-34.938080996580645,-8.1032780446696151],[-34.938078658428019,-8.1032846029186558],[-34.938076249132365,-8.1032916496932028],[-34.938073371499506,-8.1032988370137549],[-34.938068912856721,-8.1033094771865812],[-34.938063858934349,-8.1033212186105352],[-34.938062047081885,-8.1033255314081956],[-34.938060425379952,-8.1033295802232654],[-34.938055280204296,-8.1033427260716557],[-34.938052421298579,-8.1033473819613508],[-34.938044803693167,-8.1033600703598818],[-34.938042010604356,-8.1033648308065835],[-34.93804099136922,-8.1033666265758111],[-34.93803244406115,-8.1033818109571722],[-34.938025143394064,-8.1033957065648536],[-34.938017870996219,-8.1034119073673612],[-34.938013411650701,-8.1034235383830282],[-34.938011048364508,-8.1034301528027015],[-34.938008782785239,-8.1034353844644773],[-34.938008383531873,-8.1034363121101425],[-34.93800150112952,-8.1034494616959254],[-34.937999447881857,-8.103453756655945],[-34.93799319525413,-8.1034671364932436],[-34.937987976102178,-8.1034790423357155],[-34.93798178262017,-8.1034956818986146],[-34.937979649897898,-8.1035023259601076],[-34.937978335934027,-8.1035066074614956],[-34.937977494123103,-8.1035087025321015],[-34.937972008955434,-8.1035235966225514],[-34.937967440854102,-8.1035386617396981],[-34.937962788175575,-8.1035449642955122],[-34.937954032568769,-8.1035571907088553],[-34.937948553155522,-8.1035651371422901],[-34.937939220805212,-8.1035802529308132],[-34.937934558613435,-8.1035887379101528],[-34.937927159817747,-8.1036027921929019],[-34.937923502100617,-8.1036099985902315],[-34.937917383071778,-8.103623430227314],[-34.937911817012512,-8.1036365871166964],[-34.937910663637133,-8.1036393562820024],[-34.937908109132039,-8.1036458224422621],[-34.937902068059117,-8.1036617054943605],[-34.937898429077642,-8.1036718788970798],[-34.937893914454811,-8.1036867457730288],[-34.937891457960667,-8.1036909450122341],[-34.937883138048669,-8.1037066363887984],[-34.93787692303362,-8.1037202944947921],[-34.937870892482593,-8.1037345854635543],[-34.937869835090808,-8.1037371281599508],[-34.937868621192287,-8.103740140802584],[-34.937863206366117,-8.103753811378029],[-34.937857559661097,-8.1037679359850845],[-34.937856574642637,-8.1037704367511321],[-34.937853465962093,-8.1037784424317163],[-34.937848258769876,-8.1037903843793213],[-34.937845930980131,-8.1037958866479283],[-34.937842267592821,-8.1038053206531409],[-34.937837213390992,-8.1038190907682086],[-34.937832412324362,-8.1038317305206924],[-34.937828813656282,-8.1038417979579194],[-34.9378279695324,-8.1038443577216093],[-34.937823774076662,-8.1038572965484903],[-34.937819529598436,-8.103871744469151],[-34.937816498890911,-8.1038844797726952],[-34.937815048483479,-8.1038869791346162],[-34.937806728565896,-8.1039026705111628],[-34.937805059675057,-8.1039061481904344],[-34.937803486117673,-8.1039079366497706],[-34.937792254051971,-8.1039217099114857],[-34.937781949757344,-8.1039361848269653],[-34.937772617394629,-8.1039513006149342],[-34.937766346213529,-8.1039628914236523],[-34.937760795568408,-8.1039737736479971],[-34.93775874682926,-8.1039778742155644],[-34.937751474414696,-8.1039940750178072],[-34.937746278449936,-8.1040077951798626],[-34.937741425475295,-8.1040184987022972],[-34.937736563006283,-8.1040298721714255],[-34.93773148028977,-8.1040414763163682],[-34.937728975721747,-8.1040473835358622],[-34.937722782224988,-8.1040640230989389],[-34.937722495142239,-8.1040648842157914],[-34.937722331486199,-8.1040653767972373],[-34.937717034136348,-8.1040736460148644],[-34.937710549819563,-8.1040843003358294],[-34.937703282774415,-8.1040968849093638],[-34.937695333354853,-8.1041103803931271],[-34.937695141683655,-8.1041107058583961],[-34.937687291449542,-8.1041240752076575],[-34.937685846440367,-8.1041265655033268],[-34.93767906748338,-8.1041391558933018],[-34.937672338816448,-8.1041499334223488],[-34.937667313945354,-8.1041548590688155],[-34.937655201886457,-8.1041678698767168],[-34.937647793708948,-8.1041767448961117],[-34.937637665836945,-8.1041894162945471],[-34.937633841937412,-8.104194314535528],[-34.937632855711534,-8.104195615631804],[-34.93762433432223,-8.1042069332630184],[-34.937615016241708,-8.1042201070808897],[-34.937610140761031,-8.1042280045361714],[-34.937598987173494,-8.1042378963326343],[-34.937586559682089,-8.1042496366391905],[-34.937574447617898,-8.1042626474459141],[-34.93756815407729,-8.1042701366813503],[-34.937561621072639,-8.1042782011271317],[-34.937558905281499,-8.1042812968480682],[-34.9375551094261,-8.1042846625891283],[-34.937553075177377,-8.1042864839753062],[-34.937544157215989,-8.1042945516195743],[-34.937543384170446,-8.104295093203902],[-34.9375423100538,-8.1042958477670535],[-34.937529236471775,-8.1043050869223219],[-34.937529113509342,-8.1043051733915661],[-34.937517646594124,-8.1043132865996625],[-34.937516849176397,-8.1043138536132115],[-34.937505152012697,-8.1043221930240463],[-34.937504206344542,-8.1043228701323304],[-34.937491361377383,-8.1043321109123898],[-34.937484974835094,-8.1043368486581393],[-34.937478569379124,-8.1043389611298728],[-34.937466058026381,-8.1043436050330087],[-34.937452132230668,-8.1043491651332982],[-34.937446996919221,-8.1043511079350026],[-34.937440564865284,-8.1043531599612066],[-34.937434863219018,-8.1043550494031198],[-34.937418225924297,-8.1043613799834215],[-34.93740203917848,-8.1043687815304715],[-34.937399301571439,-8.1043701623697544],[-34.93739229806117,-8.1043737449572077],[-34.937388456360743,-8.1043751138665865],[-34.937384575873125,-8.1043765290668368],[-34.937382906020105,-8.1043771526612982],[-34.937380634163354,-8.1043776624940982],[-34.937371842889725,-8.1043792194626914],[-34.937365111398151,-8.1043804990433159],[-34.937357258005768,-8.1043822160917696],[-34.937343082886898,-8.1043855335193005],[-34.937338930101866,-8.1043865395740458],[-34.937338780516001,-8.1043865601740368],[-34.937333822604764,-8.1043872807586119],[-34.937316913526871,-8.1043898978814912],[-34.937307865518058,-8.1043914542607851],[-34.937294568353167,-8.1043939728537246],[-34.937280133668132,-8.1043965086045642],[-34.937273004257754,-8.1043978578785101],[-34.937255679589015,-8.1044019704663111],[-34.937247317003461,-8.1044043905721352],[-34.937242157284835,-8.1044059727712536],[-34.937241190173474,-8.1044061500407203],[-34.937233538110377,-8.1044055788812202],[-34.937215735986108,-8.1044050830759549],[-34.93720086325412,-8.1044055587653645],[-34.937198247916335,-8.1044053813425272],[-34.937186280041438,-8.1044043551596108],[-34.937179450222366,-8.1044038551281119],[-34.9371616480977,-8.1044033593204734],[-34.937160527770502,-8.1044033673562286],[-34.937149122569892,-8.1044001127247185],[-34.937131759332303,-8.104396164971277],[-34.937127950330989,-8.1043954571176897],[-34.937127401020241,-8.1043953593781684],[-34.937118312757001,-8.1043926741369923],[-34.937101909718336,-8.1043876731202324],[-34.937091473904914,-8.1043847167378367],[-34.937079742493715,-8.1043819192959301],[-34.937071483201791,-8.1043801423021797],[-34.937062911952175,-8.1043778198395966],[-34.937060708327735,-8.1043772327324941],[-34.937043345091148,-8.1043732849747983],[-34.937041989436906,-8.1043730265292506],[-34.937038059459958,-8.1043709242986779],[-34.937028523510385,-8.1043660597069849],[-34.937012266667644,-8.1043588123284156],[-34.937002161171726,-8.1043549295295207],[-34.937001541218386,-8.1043546666841486],[-34.936998151618305,-8.104353259813001],[-34.936981454495779,-8.1043470876336343],[-34.936964387976694,-8.1043420165347744],[-34.936948704601541,-8.1043383989060978],[-34.93693457085574,-8.1043355749034873],[-34.936932890995877,-8.1043352447697536],[-34.936915306425462,-8.1043324380660895],[-34.936913471938958,-8.1043322126328281],[-34.936897901603231,-8.1043252964860972],[-34.936881204482511,-8.104319124301977],[-34.936864314178472,-8.1043140993718197],[-34.936846541082382,-8.1043094312150306],[-34.936846364868828,-8.1043093850415584],[-34.936829001635246,-8.1043054372735686],[-34.936825055532715,-8.1043047047547443],[-34.93681046383427,-8.1043021062236882],[-34.936803985074334,-8.1043010331570891],[-34.936788479087156,-8.1042986550371321],[-34.936781319380266,-8.1042976539130827],[-34.936763587909432,-8.1042959978534235],[-34.936745785785746,-8.1042955020263339],[-34.93673809269756,-8.1042956470604128],[-34.93672222788566,-8.1042931666765448],[-34.936704496414656,-8.1042915106141944],[-34.936686694290614,-8.10429101478449],[-34.936668897719002,-8.1042916797295543],[-34.93666058863851,-8.1042923900083466],[-34.936659979740831,-8.1042923522186108],[-34.936642177616378,-8.1042918563870074],[-34.936638734148154,-8.1042918944424063],[-34.936626360383137,-8.1042877539050906],[-34.936625986028595,-8.1042876291162678],[-34.936608919513127,-8.1042825580008859],[-34.936600144100197,-8.1042804145954364],[-34.936584839277714,-8.1042736264530735],[-34.93656814216105,-8.1042674542544795],[-34.93656042399224,-8.1042650111050634],[-34.936544932526665,-8.1042603583128887],[-34.936535584181172,-8.10425773034369],[-34.936534154511271,-8.1042573601455121],[-34.936527998110151,-8.1042557828903128],[-34.936521498278317,-8.1042537181745846],[-34.936508017070416,-8.104249813426776],[-34.936490653839407,-8.1042458656429694],[-34.936474861151702,-8.1042432908847353],[-34.93645866859071,-8.104241135696995],[-34.936456876710565,-8.1042409037307852],[-34.936447046883472,-8.1042398411513066],[-34.936419671904503,-8.104237384690002],[-34.936411770261245,-8.1042367911941628],[-34.936405843165517,-8.104236497504905],[-34.936391693998097,-8.1042359490525211],[-34.936386765502576,-8.1042358025004297],[-34.936370560780553,-8.1042354672224022],[-34.936363614247391,-8.1042354116199355],[-34.936361291063093,-8.1042354325991131],[-34.936351137656303,-8.104234239562679],[-34.936350219084822,-8.1042341336313743],[-34.936335393142087,-8.1042324429582457],[-34.936323513854447,-8.1042313503317533],[-34.936312650382263,-8.10423059009136],[-34.936300870709005,-8.1042294608290035],[-34.936292821820587,-8.1042288083627358],[-34.936277534651154,-8.1042277970126477],[-34.936276012849774,-8.1042277002746008],[-34.936258210724652,-8.104227204425408],[-34.936240414150667,-8.1042278693512433],[-34.936225342090964,-8.1042293467354956],[-34.936211634721907,-8.1042310752924323],[-34.93620899195551,-8.1042314223430978],[-34.936194153993355,-8.1042338578131439],[-34.936194003543449,-8.1042338874573172],[-34.936184946642094,-8.1042354827282939],[-34.936177951377537,-8.1042368087448935],[-34.936166897500165,-8.1042392949501352],[-34.936161405838249,-8.1042397576885676],[-34.93614564527865,-8.1042412455723074],[-34.936134503095182,-8.1042425289033755],[-34.936116946168582,-8.1042455025377755],[-34.936116830164728,-8.104245526594033],[-34.936110071914236,-8.1042469030149249],[-34.936089170955576,-8.104247564596605],[-34.936074085294564,-8.1042490438482524],[-34.936056950857612,-8.1042512054434539],[-34.936054321689447,-8.1042515506205124],[-34.936048181699682,-8.1042524567095384],[-34.936035870678417,-8.1042544172992983],[-34.936030038365807,-8.1042551637178768],[-34.93602328415917,-8.1042556785569957],[-34.936007259718522,-8.104257379236893],[-34.936006822740552,-8.1042574382673234],[-34.93599105818479,-8.1042596087233907],[-34.935973938232962,-8.1042625233215855],[-34.935956613543382,-8.1042666358559092],[-34.935940042808781,-8.1042717157607242],[-34.935921457904058,-8.1042723835127202],[-34.935919121842097,-8.1042725573353067],[-34.935887147651599,-8.1042750741695695],[-34.935875764363146,-8.1042762112784494],[-34.935857945885665,-8.1042783679776136],[-34.935853950402816,-8.1042788814666888],[-34.935847810411467,-8.1042797875529526],[-34.935836308883012,-8.1042816195339817],[-34.935827122692835,-8.1042827380721896],[-34.935823333929584,-8.1042832270740615],[-34.93581250849693,-8.1042849211403194],[-34.935802492651504,-8.1042866954389297],[-34.935793422409212,-8.1042879680186779],[-34.935776984195158,-8.1042907871587655],[-34.93577128931657,-8.1042920075484677],[-34.935761792318779,-8.1042941491396281],[-34.935753521918578,-8.1042957406671761],[-34.935753038796435,-8.1042958252298813],[-34.935751599321136,-8.1042956810883329],[-34.93573654311993,-8.1042942156915263],[-34.935726594866971,-8.1042934302967158],[-34.935708792733905,-8.1042929344240022],[-34.935703520570364,-8.1042930100841755],[-34.935688680826246,-8.1042933671303192],[-34.935676156406224,-8.1042939563724374],[-34.935658441568997,-8.104295780784101],[-34.935653581554966,-8.1042964864189795],[-34.935638043972915,-8.1042988854136606],[-34.935625347049502,-8.1043011533935623],[-34.93561094972442,-8.1043044871872922],[-34.935595843119025,-8.1043084183102465],[-34.935584194193034,-8.1043111089297124],[-34.935573954468467,-8.1043136834678773],[-34.935556937216099,-8.1043189164553144],[-34.935540299875157,-8.1043252469655052],[-34.935539644393131,-8.1043255221972252],[-34.935529433795764,-8.1043298251434077],[-34.935524330364004,-8.1043304695529823],[-34.935521704818385,-8.1043308138055341],[-34.935504147877346,-8.1043337874154542],[-34.935486823175374,-8.1043378999315703],[-34.93547418241819,-8.1043416701749269],[-34.935465432652975,-8.1043445124686713],[-34.935455128609426,-8.1043474859964721],[-34.935451393601269,-8.1043485931114532],[-34.935450907152784,-8.1043487409732791],[-34.935437561006964,-8.1043512660687878],[-34.935433948373564,-8.1043519739157084],[-34.935428360424375,-8.1043531702880642],[-34.93542271386417,-8.1043544410708801],[-34.935416789397053,-8.1043552674753769],[-34.935414946357469,-8.1043555302638115],[-34.935414334348962,-8.1043554111223521],[-34.935396749772636,-8.1043526043508702],[-34.935379018290696,-8.1043509482301115],[-34.935373004085925,-8.1043506513233758],[-34.935357600325013,-8.1043461273466662],[-34.935349242467922,-8.1043442269288501],[-34.935351126770179,-8.1043415890001587],[-34.935398346721229,-8.1042868188509463],[-34.935399587067842,-8.1042853493023053],[-34.935480923803667,-8.1041868500111427],[-34.935559444247652,-8.1040985202025979],[-34.935644473562633,-8.1040040969113143],[-34.935713465239701,-8.1039279745390509],[-34.935779535445349,-8.1038578544715296],[-34.935781891659268,-8.1038552549835892],[-34.93578484920365,-8.1038516798806874],[-34.935833887461676,-8.1037892211530931],[-34.935834164273295,-8.1037888672585208],[-34.935869161970857,-8.1037438320868898],[-34.935869671359384,-8.1037431697103681],[-34.935873106452277,-8.103738344748221],[-34.935873832326131,-8.1037372338381601],[-34.935903819155527,-8.1036905725639556],[-34.935906204397284,-8.1036866448858333],[-34.935907064317341,-8.1036851093389561],[-34.935937337305468,-8.1036298048746609],[-34.935939250112916,-8.1036261099729465],[-34.935940382561775,-8.1036237043383039],[-34.93597212347256,-8.1035536252183231],[-34.935972561483844,-8.1035526440504348],[-34.936037078841963,-8.1034055648972174],[-34.936105741930355,-8.1032525978580399],[-34.936105991444037,-8.1032520370652321],[-34.936143077253071,-8.1031678890252703],[-34.936143191221269,-8.1031676290212395],[-34.936171240813714,-8.1031034392445953],[-34.936172043666353,-8.1031015423480284],[-34.936172895176277,-8.1030993866615884],[-34.936184977459078,-8.1030676196758282],[-34.936186190470742,-8.1030642291462982],[-34.936186604436337,-8.1030629624123147],[-34.936200360555759,-8.1030198325896095],[-34.936201643116917,-8.1030154300961321],[-34.936201789201696,-8.1030148670823028],[-34.936214913939189,-8.1029637719470493],[-34.936216088338746,-8.1029585671693543],[-34.93621659276846,-8.1029557296680927],[-34.936223498035723,-8.1029130093679047],[-34.936223931819114,-8.1029100058566499],[-34.936224212100541,-8.1029075319445241],[-34.936227393616022,-8.1028754790553865],[-34.93622766757462,-8.1028720622474353],[-34.93622770108567,-8.1028714816871776],[-34.936229522525267,-8.1028380547697818],[-34.936229655593998,-8.1028332518157278],[-34.936229700391287,-8.1027925331182011],[-34.936229699672545,-8.1027920033473624],[-34.936229695078794,-8.1027914220639765],[-34.93622926558109,-8.1027532026091915],[-34.936229047773892,-8.1027478724510544],[-34.936228933822107,-8.1027464283176833],[-34.936222576074016,-8.1026731381132215],[-34.936222079479684,-8.1026686970575685],[-34.93622163238696,-8.102666071102524],[-34.93622164240341,-8.1026656994897372],[-34.936221420002902,-8.1026597880481805],[-34.93622080945697,-8.1026539028591351],[-34.936220776543806,-8.1026536598255046],[-34.936218155872801,-8.1026349095823473],[-34.936213594288795,-8.1025915864875238],[-34.936213255259553,-8.1025887936738012],[-34.936212629596369,-8.1025848694444065],[-34.936204703357049,-8.102541367954915],[-34.936204387031779,-8.1025397186586812],[-34.936193782771873,-8.1024871007712047],[-34.936193730735035,-8.1024868424594825],[-34.936193543219353,-8.1024859501468462],[-34.936191723819462,-8.1024774941504241],[-34.936337223539148,-8.1023918802512114],[-34.936339562912103,-8.1023905040244149],[-34.936542349552916,-8.1022722276718007],[-34.936533641079457,-8.1020135448626824],[-34.936496834552955,-8.1016284562903049],[-34.936514742623388,-8.101429912053538],[-34.937660729604815,-8.1015772668336172],[-34.937664955938267,-8.101512949746521],[-34.937678224851574,-8.1014108763061916],[-34.937691441705304,-8.1013092985337689],[-34.937713316751335,-8.1011550385472066],[-34.937719795498438,-8.1011039749944231],[-34.938649914343038,-8.1012306482803584],[-34.938722354987775,-8.1012396264821014],[-34.938800770463494,-8.1007668991375201]]]},"properties":{"NMNOME":"Jardim Uchôa","BAIRRO":" ","ZEIS_TIPO":"ZEIS Planície","NOME_TIPO":"Jardim Uchôa - ZEIS Planície"}},{"type":"Feature","geometry":{"type":"Polygon","coordinates":[[[-34.886775706228782,-8.0452154399510043],[-34.886770226388464,-8.045073616031754],[-34.886631531722244,-8.0449012831040285],[-34.886453092792145,-8.0446710546460718],[-34.886418112614436,-8.0446245919819734],[-34.886538043136198,-8.0445358155246804],[-34.887078660900876,-8.0441356352237339],[-34.887411175575622,-8.0442919456473767],[-34.887712429229602,-8.0444335608115782],[-34.888361918486673,-8.0447388760738328],[-34.888394629686864,-8.0447542531826048],[-34.888353711514398,-8.045136863757536],[-34.888349085237365,-8.0451801180566545],[-34.88834062166282,-8.0452781491204242],[-34.888237337414616,-8.0452733253191298],[-34.888115701136975,-8.0452672921481678],[-34.888021552107162,-8.0452636675821303],[-34.88798291082356,-8.0452699306171436],[-34.887890834772008,-8.0452744114974273],[-34.88780387544157,-8.0452849541846039],[-34.887718943579252,-8.0452939659685612],[-34.887674698730393,-8.0452987340788873],[-34.887601462606639,-8.0453061705042082],[-34.887479880256457,-8.0453118004160107],[-34.887479941273533,-8.0453249861233225],[-34.887321241820459,-8.0453363656866888],[-34.887128510329063,-8.0453605804116979],[-34.88710356930185,-8.0453421144154351],[-34.887077453226887,-8.0453227795734552],[-34.886983227623702,-8.0453024197162684],[-34.886893418916372,-8.0452835095695949],[-34.88688187333959,-8.0452810782188777],[-34.886847233927504,-8.0452726161070096],[-34.886755613166955,-8.0452721972466943],[-34.886775706228782,-8.0452154399510043]]]},"properties":{"NMNOME":"João de Barros","BAIRRO":" ","ZEIS_TIPO":"ZEIS Planície","NOME_TIPO":"João de Barros - ZEIS Planície"}},{"type":"Feature","geometry":{"type":"Polygon","coordinates":[[[-34.902908524376969,-8.0011108555631285],[-34.903103729139914,-8.001001068254963],[-34.903510173168598,-8.0008041044783198],[-34.903934784990902,-8.0005991179413467],[-34.904250347326204,-8.000434330984854],[-34.90441260662044,-8.0003360385649369],[-34.904660696247866,-8.0001711304800178],[-34.905008121074289,-7.9999340376103039],[-34.905125879198174,-7.9998441954628126],[-34.905499300035665,-7.9996073783287462],[-34.905903977903606,-7.9994101967038569],[-34.906222653408889,-7.9992461274527553],[-34.906690262709262,-7.9990101448746467],[-34.906947387096842,-7.9989193296819545],[-34.90711564398633,-7.9988722388428881],[-34.907565077544803,-7.9987464542973941],[-34.907611619339129,-7.9987381360987406],[-34.907724127733907,-7.9988872064843077],[-34.908218473954264,-7.9995214100632523],[-34.908794696297285,-8.0001498576248924],[-34.908846624905479,-8.0001907156282357],[-34.908877565152508,-8.0002381166858516],[-34.908908012524435,-8.0003027768991313],[-34.908944443158148,-8.0003643247554166],[-34.909024150101573,-8.0004679097114604],[-34.909066408122627,-8.0005152584074892],[-34.909077029368028,-8.0005393841089649],[-34.909082048463212,-8.0005756240304482],[-34.909100821704996,-8.0006142178266462],[-34.909145498320065,-8.000659943367852],[-34.909202371125645,-8.0007209247203992],[-34.909255190449613,-8.0007795064228695],[-34.909284390847297,-8.0008003231771898],[-34.909333841908278,-8.0008299106649954],[-34.909367952660823,-8.0008635985370322],[-34.909390011709178,-8.0009134580894443],[-34.909444639482992,-8.0010131294770623],[-34.909491789214975,-8.0010693207801697],[-34.909576156354028,-8.0011317859219933],[-34.909641835573261,-8.0011741912169487],[-34.909664419633977,-8.001055707013748],[-34.909701711054176,-8.0009756129715317],[-34.909757305912436,-8.0009056592739789],[-34.909826029748636,-8.0008395621641721],[-34.910184352755124,-8.0005563184091795],[-34.91037528432156,-8.0004194086930909],[-34.910428715115359,-8.0003864838679437],[-34.910466583028004,-8.0003677019860557],[-34.910556639695912,-8.0003301279907451],[-34.910677234889278,-8.0003078044115998],[-34.910829759054906,-8.0003250849134382],[-34.910913814044619,-8.0003371005730326],[-34.910987257624718,-8.0003417230424176],[-34.911061502975109,-8.0003371998459674],[-34.911199280802556,-8.0003091090839238],[-34.91131671846091,-8.0002744530829304],[-34.911440968069286,-8.0002329425098608],[-34.911540347647438,-8.0001952682052071],[-34.911680059624643,-8.0001338380627942],[-34.911773164607943,-8.000085029333535],[-34.911874398721835,-8.0000124972621709],[-34.911947425349716,-7.9999601760624266],[-34.91195633913982,-7.9999738404535687],[-34.912375167401763,-8.0006158744458169],[-34.912359792602679,-8.0006464136596431],[-34.912348041099115,-8.0006697532695874],[-34.912351594778308,-8.0007201828886778],[-34.91240539151714,-8.0008704428800907],[-34.912448851096457,-8.0009388810797191],[-34.912517699897982,-8.001093043777967],[-34.912532898100629,-8.0011448379201902],[-34.912530829902543,-8.0012215974283922],[-34.912482565629418,-8.0014084477506167],[-34.912461319731072,-8.0014780120410602],[-34.912338085521739,-8.0016490214725202],[-34.912272389799448,-8.0017636126678724],[-34.912243148353426,-8.0018235106411044],[-34.91216774062422,-8.0020178132884716],[-34.912163438995876,-8.0020306727891342],[-34.91202749841608,-8.0023830799100448],[-34.911988251684839,-8.0025064816674032],[-34.911929681106997,-8.0027189693970584],[-34.911883090939938,-8.0029013784359968],[-34.911855627442016,-8.0031179585280992],[-34.911845860928786,-8.0032200197103727],[-34.911857333907449,-8.0033081086683673],[-34.91192804753895,-8.003963252922091],[-34.911963165175813,-8.0041841655513117],[-34.911949971750829,-8.0041898572180692],[-34.911519376630217,-8.0043755994792818],[-34.911388517736725,-8.0044233428806439],[-34.911279178669332,-8.0044602362920791],[-34.911161631464878,-8.0045161883900899],[-34.911005251581727,-8.004606226494424],[-34.91087531398243,-8.0046738134146409],[-34.910739658683795,-8.0047604474787661],[-34.910567518730296,-8.0048513847610359],[-34.910448312467835,-8.0049073443852041],[-34.910324124964376,-8.0049624998225326],[-34.910166000184581,-8.0050343522868914],[-34.909904427858052,-8.005161263124343],[-34.909818263299307,-8.0051864714382202],[-34.909690664600106,-8.0052217954858946],[-34.909568027810799,-8.0052537876409158],[-34.90945061499032,-8.00530288046469],[-34.909202403466793,-8.005453499802762],[-34.908920512148498,-8.0055809281800361],[-34.90887327639399,-8.0061795041693831],[-34.908818544562898,-8.0064320054439992],[-34.908796940371225,-8.0065928634183994],[-34.908779253425166,-8.006595000208856],[-34.908731765721477,-8.0065972721768262],[-34.90830014232511,-8.0065923475336191],[-34.907834916645591,-8.0065874973806199],[-34.907251589617971,-8.0065814144452627],[-34.907153164538549,-8.0065856891931357],[-34.907074300785929,-8.0065891149710531],[-34.90702239778642,-8.006591369184914],[-34.906814640337018,-8.0065934949198247],[-34.906639586835404,-8.0065843610806553],[-34.906607899286733,-8.0065756693444197],[-34.90655835424198,-8.0065544890376898],[-34.906512433102009,-8.0065303031180797],[-34.906326544067596,-8.0063675226788966],[-34.906311747942482,-8.0063558815290641],[-34.906298495211239,-8.006348470625845],[-34.906049505031056,-8.0062092261668045],[-34.905898764876689,-8.0061333685940692],[-34.905792418958647,-8.0060798497851149],[-34.905691137948708,-8.0060314752156536],[-34.905484726388984,-8.0059328849951363],[-34.90526911344714,-8.0058738640408063],[-34.905235937616013,-8.0058647821654176],[-34.905200640778425,-8.0058598859871068],[-34.905156770915795,-8.0058601952589861],[-34.905042775261975,-8.0058862065376939],[-34.904928270406664,-8.005912334052347],[-34.904848854894624,-8.0059383293579831],[-34.904801643295727,-8.0059596275778002],[-34.90466834647696,-8.0060264897542304],[-34.904645531162629,-8.0060379339542358],[-34.904561933624954,-8.0060754663938933],[-34.904426311634879,-8.0061121577155152],[-34.904312371053805,-8.0061291685303519],[-34.904158001640781,-8.0061324386988666],[-34.9041567229281,-8.0061324653946659],[-34.904149009715098,-8.0061302561860632],[-34.904120441849777,-8.0061220723921291],[-34.904047953458793,-8.00609529746378],[-34.903973530021879,-8.0060647108432619],[-34.903840822667043,-8.0059937415871882],[-34.903796574765785,-8.0059700782813294],[-34.903786118525574,-8.0059584233218413],[-34.903765618132702,-8.0059355725767496],[-34.903743225589984,-8.0059013519111204],[-34.90373924118051,-8.0058931360093695],[-34.90371933195518,-8.0058520826585955],[-34.903693985239677,-8.005784821842008],[-34.903670877110059,-8.0057226731646214],[-34.903635805314359,-8.0056283504208796],[-34.903615540445912,-8.0055954706078669],[-34.903567329721334,-8.0055361942583314],[-34.903332405287884,-8.0052268404981302],[-34.903237462759662,-8.0050886335616909],[-34.903161182247736,-8.0049775928645754],[-34.903099193061955,-8.0048816158775207],[-34.903046333322258,-8.004798103704756],[-34.904052959133651,-8.0035290734983651],[-34.904078963779575,-8.0035097338474923],[-34.903830985914496,-8.0032022006210735],[-34.903724088028738,-8.0030569238749436],[-34.903539267780829,-8.0028205641109071],[-34.903118547762375,-8.0022327860623683],[-34.902908963578497,-8.001941118565199],[-34.902515322316638,-8.0014272961641755],[-34.902758844236736,-8.0012227012757968],[-34.902908524376969,-8.0011108555631285]]]},"properties":{"NMNOME":"Linha do Tiro","BAIRRO":"LINHA DO TIRO","ZEIS_TIPO":"ZEIS Morro","NOME_TIPO":"Linha do Tiro - ZEIS Morro"}},{"type":"Feature","geometry":{"type":"Polygon","coordinates":[[[-34.92405406260675,-8.0729742806657114],[-34.924158852592335,-8.0729223650703492],[-34.924440317125033,-8.0728218689627553],[-34.924751176878551,-8.0727028684837201],[-34.924881600084262,-8.0726159382246774],[-34.925214000455519,-8.0723902042510858],[-34.925657410770555,-8.072230288467475],[-34.926367526775195,-8.071943040689499],[-34.926831815520174,-8.0717792429962287],[-34.926671190046129,-8.0728326849051495],[-34.9274392363345,-8.072985898531579],[-34.929041858434886,-8.0732556634435539],[-34.929560032646059,-8.0733321905493121],[-34.929999810156787,-8.0732827403854532],[-34.930447593791371,-8.073197610508922],[-34.930815439904713,-8.0730945710425495],[-34.931188760987396,-8.0728910865940389],[-34.931569152122762,-8.0726363501748253],[-34.931713776183059,-8.0735957930244435],[-34.931944083075614,-8.0735288380591594],[-34.933139756637686,-8.0731812288107836],[-34.933143818510494,-8.0731804303268664],[-34.933159831131242,-8.0731494061869693],[-34.933191359320837,-8.0730883221688821],[-34.933239946252748,-8.0729853938659488],[-34.933458374328382,-8.0725226604895539],[-34.933683159900632,-8.0725927067844534],[-34.933707263644237,-8.0726039649857242],[-34.933686537162863,-8.0727347837222663],[-34.933566184873946,-8.0730447097900964],[-34.933419702675359,-8.0734819235903945],[-34.933373308193218,-8.073596662065528],[-34.933301320357558,-8.0737746940669215],[-34.933297421706008,-8.0738227729163494],[-34.933038445567576,-8.0742440273805229],[-34.932751550684856,-8.0749324813335406],[-34.932732931857629,-8.0749793369365577],[-34.932595178879403,-8.0752781485019547],[-34.932519301665472,-8.0754922127933408],[-34.932440397197013,-8.0756564644167135],[-34.932371137739224,-8.0757590419751395],[-34.932251675219412,-8.0758804105837356],[-34.932155183978431,-8.075942540969784],[-34.931826313721118,-8.0760602074061243],[-34.931550430608596,-8.076185482369695],[-34.931401768729216,-8.0763527067620267],[-34.931324341058378,-8.0764686142156616],[-34.931305547534471,-8.076389074674406],[-34.931266535570622,-8.0762668552175434],[-34.931204272637189,-8.0761240788196318],[-34.931168696607621,-8.0760586693200143],[-34.931001702217095,-8.0758091473388252],[-34.931015623655057,-8.0758049274887629],[-34.930975940986322,-8.0757072209794316],[-34.93100189212786,-8.075628648171822],[-34.930471509585971,-8.0755667844649626],[-34.930223681073898,-8.0756386971650294],[-34.930090829429908,-8.0756866920031563],[-34.929752207495454,-8.0757735519596672],[-34.929669901651437,-8.0757897295578331],[-34.929552743270918,-8.0758060715384516],[-34.929416588897965,-8.0758256600483662],[-34.929255145615613,-8.0758580001623503],[-34.928865542434778,-8.0758851003795726],[-34.92886573731726,-8.0759261517604273],[-34.928739178252485,-8.0759646429370289],[-34.928583967779282,-8.0759748483348464],[-34.928538296937852,-8.0757506487722335],[-34.928537718776411,-8.0757358638435548],[-34.928349562473947,-8.0757588251941055],[-34.928250448703373,-8.075782691195494],[-34.928028721431403,-8.0758256763958389],[-34.927993037238565,-8.0758362050727861],[-34.92795573156635,-8.0758472114987043],[-34.927898185993506,-8.0758558714526938],[-34.927740686400838,-8.0758981126301332],[-34.927674145823019,-8.0759188208222596],[-34.9276963674453,-8.0759870592024576],[-34.927584905228578,-8.0760224620685648],[-34.92748484014502,-8.0760326458705087],[-34.9274662083035,-8.0760269947078882],[-34.92742903257605,-8.0760342332743349],[-34.927414631149034,-8.0759866211545042],[-34.927332177583317,-8.0760068952921067],[-34.927321272204559,-8.0760095765761104],[-34.927333838324707,-8.0760439529102275],[-34.927282413451337,-8.0760660878517871],[-34.927265984781329,-8.0760274969173196],[-34.927244672134933,-8.0760349852860465],[-34.927128447843764,-8.0760758248750939],[-34.927009040510896,-8.0761174451678812],[-34.926958162387656,-8.076130929285716],[-34.926868434742268,-8.0761522004290924],[-34.926865700123017,-8.0761528479589675],[-34.926882856599313,-8.0762150331965312],[-34.926902018727475,-8.0762844866465038],[-34.92679650349681,-8.0763237352035802],[-34.926774628137849,-8.0763013272137094],[-34.926768338798311,-8.0762955319962622],[-34.926729880713523,-8.0762636335684945],[-34.926724783605472,-8.0762546441234342],[-34.926703741652062,-8.0761929698866979],[-34.926692300019219,-8.0761961970204634],[-34.926626574501014,-8.0762147369122648],[-34.926681637173189,-8.0763766591635182],[-34.926482192353937,-8.0763941346595782],[-34.926329523653564,-8.0764130414925717],[-34.926201985114531,-8.0764580114471283],[-34.925963971262881,-8.076472635212701],[-34.925816903168815,-8.0764810446959494],[-34.925656285672311,-8.0764895170111934],[-34.925507536863506,-8.0765519481570944],[-34.925373510941213,-8.0772702041895226],[-34.925140085862175,-8.0782532142540884],[-34.925035051806987,-8.0787285246406562],[-34.92453804452574,-8.079046257492255],[-34.923359052063134,-8.0797999760144332],[-34.923041407565186,-8.0800030418674069],[-34.922973470558318,-8.0799612512142236],[-34.922862016656218,-8.0798958929614315],[-34.922711150305524,-8.0798164720294601],[-34.922573772699934,-8.0797511587364603],[-34.922442807742058,-8.0796958322169417],[-34.92227199342215,-8.0796318729850292],[-34.922116247568546,-8.0795786635263127],[-34.921963465945822,-8.0795320993703914],[-34.921801453361866,-8.0794859139412605],[-34.921565694920801,-8.0794238615955489],[-34.920517681186205,-8.0791407416476382],[-34.919827075679791,-8.0789575582103055],[-34.919727127840858,-8.0805219074088157],[-34.919718612283525,-8.0806811091348028],[-34.919663154465084,-8.0806737853712924],[-34.919599642783723,-8.0806711905878306],[-34.919599838846977,-8.0806550973810474],[-34.919570507081694,-8.0806530771076446],[-34.919570189560666,-8.0806576775569763],[-34.919462656163681,-8.0806498397607225],[-34.919468430285107,-8.0805445266005798],[-34.919473229958932,-8.080457405012524],[-34.919406711059452,-8.080452294746463],[-34.919377256604044,-8.0804500318391259],[-34.919309656457791,-8.0804468531870466],[-34.919262061248681,-8.0804446148599052],[-34.91926118759573,-8.0804778016235819],[-34.919260799924494,-8.0804925116151693],[-34.919210635656178,-8.0804925662897524],[-34.919082690229175,-8.0804817160375872],[-34.919078174519008,-8.0804813331186054],[-34.919079616456138,-8.0804672347468252],[-34.919041871533175,-8.0804655133878658],[-34.91904072817205,-8.0804731128696883],[-34.918996813589288,-8.0804711492475167],[-34.918995470390207,-8.080505950160866],[-34.918995377483178,-8.0805083653447891],[-34.918993509800551,-8.080556761282125],[-34.918863283217078,-8.0805478979499128],[-34.918775635829043,-8.0805436660481416],[-34.918706857799194,-8.0805404051328242],[-34.918619753014809,-8.0805362031965782],[-34.918620960303414,-8.0805215888007407],[-34.918631482559782,-8.0803941887945872],[-34.918506337767106,-8.0803803309562063],[-34.918368724375277,-8.0803760667202855],[-34.918365342991969,-8.0803759623459452],[-34.918159032350538,-8.0803661412545331],[-34.918163709223947,-8.0801809421477291],[-34.918167251316987,-8.0800406892751671],[-34.918110337638495,-8.0800393235429429],[-34.918103682150971,-8.0800391640087028],[-34.918109350578909,-8.079808830381543],[-34.918109476864096,-8.0798036856773692],[-34.917745611791837,-8.0797790444847326],[-34.917745612553823,-8.0797790137430159],[-34.91774104654197,-8.0797787350102084],[-34.917741350196025,-8.0797627407290804],[-34.917742558085905,-8.0796823549105135],[-34.917744507498085,-8.0796022440650681],[-34.917744092479751,-8.0795210784198197],[-34.91775071750903,-8.0794412123432924],[-34.917751029968372,-8.0792768524027316],[-34.917703008711193,-8.0792725428440431],[-34.917704857405575,-8.0792519776111007],[-34.917714498174682,-8.079144726911764],[-34.917745492102313,-8.0784167582687427],[-34.917692787964612,-8.0784027619229164],[-34.917703549484536,-8.0780811673118649],[-34.91780950701515,-8.0780829495823117],[-34.917810891494725,-8.0780220852495592],[-34.917811807251368,-8.0779818348253087],[-34.917817278878879,-8.0779825658664475],[-34.917830288067861,-8.0779843048481794],[-34.917827702566001,-8.0779744672169009],[-34.917798511997475,-8.077863399950779],[-34.917779362235855,-8.0777845651312656],[-34.917767686627883,-8.0777132893830146],[-34.917755637086792,-8.0776396648252096],[-34.917748256013496,-8.0775659279690952],[-34.917755076108719,-8.0774849037791174],[-34.917756844446174,-8.0774726788963669],[-34.91775844643302,-8.077470949146397],[-34.917816268519672,-8.077408483065545],[-34.917816876989562,-8.0773976775748046],[-34.917821006736332,-8.0773243821717973],[-34.917964964843009,-8.0773231511199093],[-34.918008046233737,-8.0773227827437992],[-34.918002942309144,-8.0773107808463855],[-34.917986214205008,-8.0772714439982352],[-34.91792527739657,-8.0771278066965024],[-34.917886747736475,-8.0770370423433064],[-34.91787218973267,-8.0770027490160352],[-34.917864597385858,-8.0769701479763913],[-34.917855804229184,-8.076952198372144],[-34.917826230259138,-8.0768942058500492],[-34.917793484650517,-8.0768176949216652],[-34.9177771745453,-8.0767506357426502],[-34.917759659551137,-8.0766814133656748],[-34.917746953522482,-8.0766347347344567],[-34.917733672646101,-8.0766378861818104],[-34.917718708338299,-8.0765486413297349],[-34.917700126000554,-8.0764685318084961],[-34.917686266261306,-8.0764084287372562],[-34.917669751687569,-8.0763370536065491],[-34.917657553646364,-8.0762782599603842],[-34.917640867751032,-8.076194607560188],[-34.917627012046879,-8.0761255515350658],[-34.917610582705393,-8.0760435903320325],[-34.91759659125286,-8.0759734455444701],[-34.917583148862008,-8.0759062354794899],[-34.917563698882468,-8.0758352429516194],[-34.917543670246232,-8.0757615762051724],[-34.91752441434523,-8.0756944141780487],[-34.917503458787721,-8.0756223148944386],[-34.917486123383483,-8.0755626701787993],[-34.917388499084645,-8.0755781351914298],[-34.91731013196955,-8.0755960684241739],[-34.917270653564877,-8.075402206398266],[-34.917256208366517,-8.0753275786513576],[-34.917423593941407,-8.0752809464422182],[-34.918401283535147,-8.0750721389508158],[-34.919377881183294,-8.0750081244176126],[-34.919397852342591,-8.0750063880417109],[-34.919398144946307,-8.0750988703364985],[-34.919457785096725,-8.0758684403032568],[-34.919458068136322,-8.0758720922867848],[-34.919487438757194,-8.0762510770815634],[-34.919488563211395,-8.0762655892205952],[-34.919759223704354,-8.076240994268284],[-34.919758113750326,-8.0762264811600453],[-34.919731062290005,-8.0758728155435104],[-34.919737282910582,-8.0758723397444232],[-34.920000677221445,-8.0758521996530899],[-34.920051731834086,-8.075848912432356],[-34.920050987668937,-8.075833678881418],[-34.9200402946229,-8.0756300296647723],[-34.920773143692799,-8.0755713024335183],[-34.920765080431892,-8.0755197139107118],[-34.920742722569884,-8.0752228349635971],[-34.920898353956105,-8.0751971521694941],[-34.920967853846044,-8.0751810047752457],[-34.921081028996724,-8.0751547076164734],[-34.921113040642098,-8.0754980098625229],[-34.921119747170408,-8.075562896236578],[-34.921403465104021,-8.0755487080226285],[-34.921408189056862,-8.075518326586133],[-34.921507727618469,-8.0745869807492756],[-34.922442594388883,-8.0742830713207834],[-34.922754323500449,-8.0741464730829833],[-34.922920266985798,-8.0740356203554455],[-34.923072560074715,-8.0738971639004529],[-34.923278005163532,-8.073697852149051],[-34.923459362544762,-8.0734958708739715],[-34.92405406260675,-8.0729742806657114]]]},"properties":{"NMNOME":"Mangueira","BAIRRO":"MANGUEIRA","ZEIS_TIPO":"ZEIS Planície","NOME_TIPO":"Mangueira - ZEIS Planície"}},{"type":"Feature","geometry":{"type":"Polygon","coordinates":[[[-34.905073366727265,-8.0481740334316036],[-34.905103122101565,-8.0481771120005838],[-34.905120982768999,-8.0481789601911782],[-34.905199763681061,-8.0481890817195652],[-34.90527509527022,-8.0481986768019684],[-34.90533929876424,-8.0482041593840989],[-34.90536892004743,-8.0482066888809882],[-34.905427732246181,-8.0482124351507167],[-34.905556630310528,-8.0482250289160309],[-34.905657362690313,-8.0482356225207923],[-34.905687501023124,-8.0482397091126714],[-34.905701848781625,-8.0482412056311254],[-34.905788574740242,-8.0482542437450384],[-34.905881565449675,-8.0482666189963012],[-34.905919576235121,-8.0486661622456506],[-34.906071159169464,-8.0486705708004127],[-34.906071212495959,-8.0486711120902044],[-34.906076586359298,-8.0487530699327348],[-34.906081716060704,-8.0488313059515555],[-34.906082330872174,-8.0489434076713184],[-34.90608203258526,-8.0489921347676692],[-34.90608164996317,-8.0490546411735817],[-34.906090650947299,-8.0493842835488554],[-34.906094369601938,-8.0494424114829002],[-34.905713979206965,-8.0496199825256536],[-34.905699289494223,-8.0495414663250688],[-34.905676898280205,-8.0494339372340136],[-34.90565514691707,-8.0494363128785],[-34.905356001245501,-8.0494689836023561],[-34.905095033716421,-8.0494974854183177],[-34.9049789053539,-8.0495103994111918],[-34.904976973881617,-8.0493752282602156],[-34.904973850522381,-8.0492732501354247],[-34.904965792707564,-8.0490982831487674],[-34.904965522948856,-8.0490405514130323],[-34.904965463940059,-8.0490279227370571],[-34.904973057103625,-8.0489097147310282],[-34.904984981663567,-8.0487499907246089],[-34.904954324589312,-8.0487504006265507],[-34.904881809729972,-8.0487513718580068],[-34.904770605658896,-8.0487482834554722],[-34.904770461963778,-8.0487464551891268],[-34.904765801872038,-8.0486869438187174],[-34.904752626084964,-8.0485186780124245],[-34.904740684514209,-8.0483616024753832],[-34.904732918263953,-8.048262012730337],[-34.9050228752834,-8.0482925806768435],[-34.905069009040666,-8.0482941755900086],[-34.905073366727265,-8.0481740334316036]]]},"properties":{"NMNOME":"Mangueira da Torre","BAIRRO":"MADALENA","ZEIS_TIPO":"ZEIS Planície","NOME_TIPO":"Mangueira da Torre - ZEIS Planície"}},{"type":"Feature","geometry":{"type":"MultiPolygon","coordinates":[[[[-34.908931940198002,-8.0745124333995868],[-34.90894093612004,-8.0744438676913681],[-34.908989022407887,-8.0741662657285644],[-34.909794175665127,-8.0738488741975871],[-34.909700106145074,-8.0736220725612728],[-34.909648697725146,-8.0735356016724555],[-34.90966094021806,-8.0731867186618995],[-34.909632415095551,-8.0731738386492626],[-34.909603961682713,-8.0731534382751384],[-34.909557791188135,-8.0731110116304414],[-34.909541609978199,-8.0730834100489819],[-34.909525430386708,-8.0730586625966723],[-34.909320407738193,-8.072573124759618],[-34.909267975305021,-8.0724848883852829],[-34.909256703206268,-8.0724659176043261],[-34.909216441594907,-8.072456661557684],[-34.908026951435616,-8.0722517124327098],[-34.908060693744346,-8.0720774163970148],[-34.908345614139954,-8.0722368310626145],[-34.908871638271378,-8.0723330160758646],[-34.909270573745808,-8.072410435417579],[-34.909312586773261,-8.0724175180489848],[-34.90933268164774,-8.0724807378869645],[-34.909354060756144,-8.072530384403656],[-34.909512133880469,-8.0728974518416425],[-34.909600471437528,-8.0731046666184731],[-34.910021247553352,-8.0731639379356412],[-34.910122089803842,-8.0731720775543163],[-34.910495019067568,-8.0732520424578329],[-34.910751894880534,-8.073276652335279],[-34.910752760633756,-8.0732568537713636],[-34.910918801602747,-8.0732856820458831],[-34.910966566183404,-8.0732897442587976],[-34.911061293421859,-8.0733061590782729],[-34.911074570907189,-8.0733084602964098],[-34.911312938292774,-8.0733032786864385],[-34.911275945104251,-8.073152653339605],[-34.911336547754736,-8.0731348314070654],[-34.911273088957792,-8.0729059996213124],[-34.911270125911031,-8.0728937633717841],[-34.911334402973274,-8.0728752986733046],[-34.912147921904293,-8.0726415953142237],[-34.912284478480011,-8.0726023653992787],[-34.912460889724102,-8.0725531916218358],[-34.912834016677934,-8.0724570886821407],[-34.91311750997945,-8.0723617471074878],[-34.913305330157954,-8.0723064868552079],[-34.913557594897625,-8.072216195569883],[-34.913820432245792,-8.0721159461682603],[-34.913988067696785,-8.0720481276600395],[-34.913992302075556,-8.0711099974596792],[-34.914099013899026,-8.0710582777793487],[-34.914309762418036,-8.0709677572837712],[-34.914240873071734,-8.0708636618653884],[-34.914225557365164,-8.0708733012023455],[-34.914182993227335,-8.070804610566622],[-34.914215881060095,-8.0707466961067649],[-34.914212924561426,-8.070741256617886],[-34.914409412649519,-8.0704344928157461],[-34.914213762364156,-8.0700639160670224],[-34.914070655219511,-8.070123653173761],[-34.914046974581119,-8.0699878984083373],[-34.91446659460874,-8.0698022285535025],[-34.914466753437488,-8.0698030170586481],[-34.914472554235296,-8.0698000869808215],[-34.914472312907925,-8.0697993088061644],[-34.914473633675783,-8.0698000819326783],[-34.914408981607544,-8.0695549308770058],[-34.914385296074862,-8.0694757552141958],[-34.914371850031543,-8.0694753868521527],[-34.914370043738607,-8.0694753374386199],[-34.914365650157194,-8.0694553980558794],[-34.914355047158715,-8.0694072763874871],[-34.914334263791631,-8.069348972836238],[-34.914303495469333,-8.0692379819081346],[-34.914285486209913,-8.0691808641679987],[-34.91425782145204,-8.0691042384717306],[-34.914256861756549,-8.0691046298984439],[-34.914248671736146,-8.0691079671228039],[-34.91401852818916,-8.0692017612622955],[-34.914023324152637,-8.0687467377289135],[-34.914015750004531,-8.0684445688361262],[-34.913943569858993,-8.0683658214127423],[-34.913670079611521,-8.0681134201529776],[-34.914204800686775,-8.0679629117889338],[-34.914162138919423,-8.0678573890445069],[-34.914389971705269,-8.0677588585632058],[-34.914326768204262,-8.0675848604141613],[-34.914350531080018,-8.0675756679964845],[-34.914332641266547,-8.0675059343683504],[-34.914292044239815,-8.067429926005758],[-34.914246820117739,-8.0673452530160876],[-34.914224663814977,-8.0673037687279034],[-34.914214290901853,-8.0672752117187088],[-34.914487609709674,-8.0671946819072584],[-34.914453390213467,-8.0670787021876595],[-34.914497634816414,-8.0670620350436586],[-34.91481278027814,-8.0669351100352209],[-34.914797275034296,-8.0668790175581275],[-34.914796512788776,-8.0668762610147606],[-34.914779858653617,-8.0668160152131971],[-34.91476175107276,-8.0667505091283243],[-34.91472418125727,-8.0666146005458135],[-34.91470490265722,-8.0665448607722734],[-34.914687381117332,-8.0664814782966019],[-34.914671899003061,-8.0664254715836421],[-34.914638358432107,-8.0664331050016678],[-34.9146303913247,-8.0664105551109433],[-34.914608252412542,-8.0663478948636556],[-34.914573075267946,-8.066355494339243],[-34.914531296926718,-8.0662674529845706],[-34.914501685695754,-8.0661987062383211],[-34.914525448099219,-8.0661848045613382],[-34.914631709919341,-8.0660897743381472],[-34.914856448333602,-8.0659490213413942],[-34.914970895530864,-8.0658992391636506],[-34.914962448359908,-8.0658826194727435],[-34.915006071407355,-8.0658595851790515],[-34.915010782985789,-8.0658626857859392],[-34.915049720165676,-8.0658458680443985],[-34.915089235382517,-8.065913111979393],[-34.915153185044112,-8.0658961022330118],[-34.915375196434155,-8.0657856126450707],[-34.915414836491529,-8.0657658841178463],[-34.915426515969052,-8.0657850688771635],[-34.915473842295292,-8.0657607985449893],[-34.915440328946517,-8.0656896165135539],[-34.915681475739007,-8.0655867001560484],[-34.915724858177796,-8.065561517064145],[-34.915777929805429,-8.0655350772035028],[-34.915781133291254,-8.0655388448214325],[-34.915843791359947,-8.0655122525303344],[-34.915926059631239,-8.0657300010500972],[-34.915926847878353,-8.0657296104236114],[-34.916095200431222,-8.0656623271843308],[-34.916157928787761,-8.0656454613345723],[-34.916178670802431,-8.0657021268165519],[-34.916183729646995,-8.0657283047129322],[-34.916188562415236,-8.0657632973803377],[-34.916201437877852,-8.0658565183972328],[-34.916204782546274,-8.0658804369215336],[-34.916210711415353,-8.0659228142730068],[-34.916214478563951,-8.0659497648567626],[-34.916215734267389,-8.0660251217005978],[-34.916217902184663,-8.0660894302384474],[-34.916219396253659,-8.0661337377197189],[-34.916220622625616,-8.0661701277627866],[-34.916254966308934,-8.0661733645422764],[-34.916259063010244,-8.0661739890671296],[-34.916597755653314,-8.0662256037971272],[-34.916598587775823,-8.0662299050515589],[-34.916600498631034,-8.0662302025865191],[-34.91663380538769,-8.0663716537355139],[-34.916944485196332,-8.0663051179616279],[-34.916984605710518,-8.0664797569507893],[-34.917043212177497,-8.0667348568739161],[-34.917043728023799,-8.0667371037675935],[-34.91704950130373,-8.0667356627874582],[-34.917058576220036,-8.0667824860208199],[-34.917087197450059,-8.0669070711230031],[-34.917347752139854,-8.0668246357139157],[-34.917351046433268,-8.0668349618635027],[-34.917548447324904,-8.0667738550433103],[-34.917599915728758,-8.0670003764443479],[-34.91778595967601,-8.0669400386980534],[-34.917785147579025,-8.0669367173593667],[-34.917844400583711,-8.0669215219323611],[-34.917845809625966,-8.0669263972707412],[-34.917856069482561,-8.0669619041892453],[-34.918062902588723,-8.0669162332102324],[-34.918066542849147,-8.0669383665915255],[-34.918129171042992,-8.0669167961426709],[-34.918224307563271,-8.0669055126199218],[-34.918268164607603,-8.0668946247846396],[-34.918561729263232,-8.0668231440505451],[-34.918565776688695,-8.0668215899911484],[-34.918816709627691,-8.0667252156772609],[-34.919058851790957,-8.0666367486725079],[-34.919067940513685,-8.0666389599083494],[-34.91922075513574,-8.0666761429527298],[-34.919228662619233,-8.0666760064477021],[-34.919283454406688,-8.0668551914512445],[-34.919392908422694,-8.0672277783755622],[-34.919474196340289,-8.0675044822928488],[-34.919532734684118,-8.0677015238446117],[-34.919580895248345,-8.0678874904516906],[-34.919592933659544,-8.0679290488711626],[-34.919615550386546,-8.0679219065306427],[-34.919635676287278,-8.067915551551275],[-34.919688946117851,-8.0679022977888781],[-34.919794379348005,-8.067876996930849],[-34.919853987965119,-8.0678612335891824],[-34.919905365054028,-8.0678484506516863],[-34.919957298088235,-8.0678352609862287],[-34.92001331001962,-8.0678210360238936],[-34.920066992685896,-8.0678076193591348],[-34.920122902777699,-8.0677937293636965],[-34.920175776155276,-8.067780667257102],[-34.92022682638455,-8.0677680187135596],[-34.920387358057944,-8.0677306278807315],[-34.920431517098507,-8.0677204996097096],[-34.920539697541372,-8.0676934119284969],[-34.920604662591472,-8.067676316094758],[-34.920879083354983,-8.067605392662518],[-34.920981904759898,-8.0675773916022386],[-34.921038675036847,-8.067554738919517],[-34.921046130448723,-8.0675389732852292],[-34.921104891145497,-8.0675290476655377],[-34.921106875510283,-8.0675589275087436],[-34.92110714586584,-8.0675600879584124],[-34.921153078684817,-8.0675487091164744],[-34.921351713441808,-8.0674995021069904],[-34.921371560872146,-8.0675507713761849],[-34.921508697031278,-8.0678336304214788],[-34.921880100819138,-8.0676041690213278],[-34.921945163922032,-8.0675579373780835],[-34.921933616830856,-8.0675522507924544],[-34.921950815399555,-8.0675349477196345],[-34.921943053742709,-8.0675177618004668],[-34.922176783666117,-8.0673886036656199],[-34.922200757737841,-8.0674274262894379],[-34.922272132440632,-8.0675430080249306],[-34.922286762602717,-8.0675666989497312],[-34.922358106776954,-8.0676926991903741],[-34.922371301324951,-8.0677354580527876],[-34.922193242552027,-8.0678205586973508],[-34.922056122696183,-8.067877540690592],[-34.921894137607268,-8.0680021726653504],[-34.921843522335976,-8.0680423534329275],[-34.921810015282745,-8.06806895175602],[-34.921718299110026,-8.0681287265579975],[-34.921578002871499,-8.0681940696239653],[-34.921532806006049,-8.0682151194252256],[-34.921526361596555,-8.0682181213156561],[-34.921496852726996,-8.0682484961036618],[-34.92149589765183,-8.0682494787792596],[-34.921467932424086,-8.0682782651200533],[-34.92138859202398,-8.0683774503646291],[-34.921357415685762,-8.0684164260684241],[-34.921364769031506,-8.0684399233548216],[-34.921364245111569,-8.0684400053707748],[-34.921377586480027,-8.0684990683261066],[-34.921389994286812,-8.0685525304853982],[-34.921439613960537,-8.06873454900051],[-34.921444204572502,-8.0687513899938015],[-34.921465611026136,-8.0688373235476902],[-34.921482818758619,-8.068906418787293],[-34.921556864343138,-8.0692165030314609],[-34.921568647487874,-8.0693370177491595],[-34.921580217091922,-8.0694553393119506],[-34.921609066301237,-8.0695850025666012],[-34.921626176072223,-8.0696899758824934],[-34.921651267855403,-8.0698042353011914],[-34.921691050802231,-8.0699853958296934],[-34.921623104788601,-8.0700011606602544],[-34.921617816696681,-8.0700023878840472],[-34.921607128421307,-8.0700056926743677],[-34.921562271922291,-8.0700153054650503],[-34.921558417287017,-8.0700058309243943],[-34.921481409843643,-8.0700236443784874],[-34.921460766551164,-8.0699579527934819],[-34.921444935343501,-8.0699617219968935],[-34.921395438355859,-8.0699735073104133],[-34.921375436578892,-8.069980224338682],[-34.921358699745646,-8.0699858438814349],[-34.921322607032522,-8.0699947329474178],[-34.921307577913225,-8.0699275151620071],[-34.921258831329851,-8.0699418445797182],[-34.921233964424808,-8.0699483068880564],[-34.921177952973366,-8.0699628665742367],[-34.92116980160224,-8.0699653448890931],[-34.921167773920907,-8.0699587556665513],[-34.921115492961611,-8.0699736052180615],[-34.921108012992889,-8.069975729605444],[-34.921092042075671,-8.0699802651911607],[-34.921020494330762,-8.0699980448034818],[-34.920974242482131,-8.0700095381985335],[-34.920889054765638,-8.0700315965288976],[-34.920746535807048,-8.0700653575095114],[-34.920608119842065,-8.0700983858913489],[-34.9203249550918,-8.0701761201606725],[-34.92022763161404,-8.0702002206179184],[-34.919974210825664,-8.0702656582363925],[-34.919972187523349,-8.0702630667422142],[-34.919913272659983,-8.0702732877421894],[-34.919824951658946,-8.0702991965042905],[-34.919736784565806,-8.0703269659904038],[-34.919733290129969,-8.0703280672522144],[-34.919728218753228,-8.0703296641026032],[-34.919691172383466,-8.0704731948526884],[-34.919691012039358,-8.0704738166948058],[-34.919490827256062,-8.0705217151304609],[-34.919460780655932,-8.070382720962991],[-34.919471972771362,-8.0703800674964636],[-34.919476716188449,-8.0703789422986656],[-34.919446275337094,-8.0702302150401657],[-34.919412752758333,-8.0700664342294655],[-34.919379104058947,-8.0700723219440196],[-34.919167481125257,-8.0701093518472184],[-34.919100401199472,-8.0701216596134273],[-34.919032674715631,-8.070131130742686],[-34.918852391677056,-8.0701416782541529],[-34.918747652567085,-8.0701460141831394],[-34.918742139314411,-8.0701462425350492],[-34.918787687478904,-8.0703214170347319],[-34.918818606203672,-8.0704686151950664],[-34.918823800127463,-8.0704966357495227],[-34.918839941517753,-8.0705451226680189],[-34.91872075014755,-8.0705761681611019],[-34.918704058321914,-8.0705800018758946],[-34.918625258498793,-8.0705980980814669],[-34.918521510739083,-8.0706228132184705],[-34.918439510149248,-8.0706425444730669],[-34.918438926886083,-8.0706498520277403],[-34.918438910589764,-8.0706500509977523],[-34.918437086369778,-8.0706504320210524],[-34.918393780885282,-8.0706594839419683],[-34.918369674827332,-8.0706643884478648],[-34.918369717376365,-8.0706734062673444],[-34.918369733692167,-8.0706768642281954],[-34.918361485120052,-8.0706781685731137],[-34.918326120019707,-8.0706807752822609],[-34.918268834409673,-8.0706900843706926],[-34.918219016273397,-8.0707023038913448],[-34.918171275289346,-8.0707191099246867],[-34.918193974698603,-8.0707619465015696],[-34.918207283742191,-8.0707607676149227],[-34.918240308810034,-8.0707578418978958],[-34.918241290395542,-8.0707613215531939],[-34.918252301917349,-8.0708003670183714],[-34.918205367385148,-8.0708117973414168],[-34.918205598707551,-8.0708223737841482],[-34.918137445386201,-8.070835621256208],[-34.918140037452623,-8.0708537888951515],[-34.91814082267301,-8.0708592927621368],[-34.918117986954293,-8.0708642817096887],[-34.91814593436812,-8.0709814076038207],[-34.918030059125826,-8.071012055881841],[-34.917981838050245,-8.0710213242736746],[-34.917984482213825,-8.0710339994926841],[-34.918153943713079,-8.0718087849037197],[-34.918181009582199,-8.0719737858966898],[-34.918262192929511,-8.0727811486512415],[-34.918262282278718,-8.0727823976460815],[-34.918488089030092,-8.0727581408694054],[-34.918509312071784,-8.0727558607755512],[-34.918520929970121,-8.0727540334434114],[-34.918489024659927,-8.0725548825735434],[-34.918468707207467,-8.072428062896595],[-34.918434549421605,-8.072258086701364],[-34.918401326173743,-8.0720927584176998],[-34.918364772945701,-8.0719337732626339],[-34.918404114266558,-8.0719250635499229],[-34.918467008717137,-8.0719111381893587],[-34.918615102395684,-8.0718661259441991],[-34.91867235556019,-8.0719000753785277],[-34.918684255959306,-8.0719064076892888],[-34.918715103443652,-8.0719170033260639],[-34.918728232090125,-8.0719193022816196],[-34.918747542934568,-8.0719204918990286],[-34.918779948057825,-8.0719166993168443],[-34.918808390713814,-8.0719069096829212],[-34.919166154043026,-8.0717940796190621],[-34.919364712655849,-8.0717314987233717],[-34.919422509633293,-8.0717132829541516],[-34.919392225684682,-8.0717845764253457],[-34.919305567053065,-8.0719885883279758],[-34.919264339328116,-8.0721399353342864],[-34.919232500778591,-8.0722568143592355],[-34.919225554723987,-8.0722823107311701],[-34.919213299733876,-8.072327300061497],[-34.919070490183223,-8.0728515470990558],[-34.919065987178968,-8.0728628671781468],[-34.919047370942934,-8.0729096682476378],[-34.919034187361689,-8.0729428133034578],[-34.919022687362386,-8.0729717257840861],[-34.918890071876213,-8.0730218052670697],[-34.918538277969098,-8.0730665839391591],[-34.918521344990594,-8.0730687390536442],[-34.918499488412948,-8.073071521164211],[-34.918284667595444,-8.0730953919840083],[-34.917890206180367,-8.0731422786189935],[-34.917550534998455,-8.0731952175981849],[-34.917086458795858,-8.0732585789842162],[-34.91632458490843,-8.0733531063111652],[-34.915849618530679,-8.073416764186641],[-34.915437073129809,-8.0734703202639668],[-34.915146650149808,-8.0735224581856126],[-34.914577222616487,-8.0736090064886348],[-34.914319273648012,-8.0736440705547476],[-34.914275804937468,-8.0732410776354335],[-34.913207887964262,-8.0733800571304073],[-34.912993234632999,-8.0734432178556741],[-34.912964402547878,-8.0734528272444059],[-34.912910670021269,-8.0734707357283249],[-34.912781753427915,-8.0735138981307859],[-34.912775726219714,-8.0735178843010811],[-34.91276921430228,-8.0735221909678838],[-34.912752692826778,-8.0735401035885115],[-34.912745564602552,-8.0735530053678968],[-34.912718117650847,-8.0736154237338766],[-34.91270227557888,-8.0736514497327629],[-34.912571636438543,-8.0739396488428916],[-34.912443794992527,-8.0742119061532112],[-34.912390045281363,-8.0743593943062262],[-34.912370246439771,-8.0743601757450705],[-34.912273326429982,-8.0743640000014381],[-34.912270329846898,-8.0743641179743868],[-34.912166561408341,-8.074368212887256],[-34.912089462787215,-8.0743698804832125],[-34.912093982897836,-8.0744315563776823],[-34.911792141798955,-8.0744377340323936],[-34.911796071738813,-8.0744886986205895],[-34.911836020563896,-8.0748085736386415],[-34.911839249997286,-8.0748344247572561],[-34.911845893559203,-8.0748945339374298],[-34.911907016747243,-8.0754475108663861],[-34.911874141028427,-8.075451445311371],[-34.91157144399422,-8.075482171446529],[-34.911276247937593,-8.0755121345503884],[-34.911134524199184,-8.0755280310715154],[-34.911123741149794,-8.0753104674433285],[-34.911119078288792,-8.0751078989819973],[-34.911121142563317,-8.075004635106211],[-34.911147804245985,-8.0748911009589079],[-34.911176365648629,-8.0748468545628675],[-34.911222081003238,-8.0747760361997418],[-34.911246478604447,-8.0747371730740181],[-34.911266441838052,-8.0747053751416082],[-34.911275827774112,-8.0746881902126812],[-34.911186071553061,-8.0746575666058273],[-34.911214982292861,-8.074620287116657],[-34.91106094620919,-8.0745892612879473],[-34.911024186194382,-8.074530110916692],[-34.910995376602962,-8.0745283315741805],[-34.910887412892301,-8.0744350697561824],[-34.91107100789705,-8.0742759618814173],[-34.911066506980234,-8.0742723467524549],[-34.911043988752404,-8.0742542630337439],[-34.911006889807879,-8.0742150443631129],[-34.910975495587977,-8.0741711557619116],[-34.910974965403462,-8.0741702939514148],[-34.910904553233209,-8.0740554475478241],[-34.910886293110536,-8.0740192382048814],[-34.910870310242657,-8.0739875448823746],[-34.910810561440549,-8.0740085387743754],[-34.910502812035737,-8.0740781424318957],[-34.91047877792154,-8.0740835768905157],[-34.910173007868437,-8.0741356548026229],[-34.910111342440374,-8.0741534119559599],[-34.910098511292126,-8.074157107106732],[-34.910069829620376,-8.0741867876923568],[-34.910052958963881,-8.0742147849164123],[-34.910048713308861,-8.0742158769588901],[-34.909642592667119,-8.0743203489207982],[-34.909563787414996,-8.0743457159695247],[-34.909437651882101,-8.0743863177246826],[-34.909270484663388,-8.0744401276734621],[-34.908973672686436,-8.0745242446905188],[-34.908956350779086,-8.0745311259010393],[-34.908929710621017,-8.0745439405821386],[-34.908931940198002,-8.0745124333995868]]],[[[-34.908929710621017,-8.0745439405821386],[-34.908928586413104,-8.0745915801979553],[-34.908932683613159,-8.0746706940395114],[-34.908944196770967,-8.0747490762429965],[-34.908944783148556,-8.0747520524067706],[-34.908953980656086,-8.0748351194380454],[-34.908995027173368,-8.0752058483803353],[-34.909031866762327,-8.0755385791182466],[-34.909038178809929,-8.0755955899372616],[-34.909047506191357,-8.0756798316351599],[-34.909061403883072,-8.0757971281833552],[-34.909078313825162,-8.0759398366392681],[-34.909116056734014,-8.0762583774042298],[-34.909169945674101,-8.0767131814394197],[-34.909193026338556,-8.0769682898678195],[-34.909194764986893,-8.0769848216483826],[-34.909200034010439,-8.0770196524324795],[-34.909206266370177,-8.0770492631601307],[-34.909217194776346,-8.0770857852525815],[-34.909224887415867,-8.07711149173244],[-34.909322078638532,-8.0775566116842956],[-34.909323278294337,-8.0775621064237484],[-34.909374456410653,-8.0777964871846457],[-34.909394359274707,-8.0779102333936965],[-34.909402126575714,-8.0779591487054088],[-34.909413689084026,-8.0780662925779811],[-34.909417886390358,-8.0781739744012544],[-34.909417741372437,-8.078188281023726],[-34.90941741216065,-8.0782207177479073],[-34.9094180499456,-8.0782298024446391],[-34.909373496209014,-8.0782381353082062],[-34.909285138558417,-8.0782493188790294],[-34.909126385300375,-8.078263172598831],[-34.908839508626365,-8.0782602969704573],[-34.908721554402049,-8.0782453445827862],[-34.908567192889954,-8.0782212447589963],[-34.908463839158728,-8.0782038157184619],[-34.908372128592475,-8.0781827368441181],[-34.9083400258056,-8.0781753575792514],[-34.908197324629043,-8.0781305976995785],[-34.908096696759422,-8.0780957679180005],[-34.908060527552244,-8.0780812980181249],[-34.908018013719051,-8.0780642901649493],[-34.907894549321597,-8.0780100733740579],[-34.907785632315502,-8.0779550093709176],[-34.907724188124867,-8.0779284741297595],[-34.90772402805662,-8.0779283862778328],[-34.907722870419654,-8.0779275852499328],[-34.907721868838898,-8.0779265972562317],[-34.907721055194948,-8.077925450174094],[-34.907720453242653,-8.0779241800553905],[-34.907720082209707,-8.0779228247813251],[-34.907719953181058,-8.0779214267912511],[-34.907720028577337,-8.0779202900271034],[-34.907732586379893,-8.0778293862579815],[-34.907708483121205,-8.0776843660711464],[-34.907705873020682,-8.0776686610376807],[-34.907686023908333,-8.077580359355558],[-34.90769933305927,-8.0775760427357479],[-34.908243696357502,-8.0773525510737105],[-34.908580307411192,-8.0772124520844208],[-34.908642481333501,-8.0771865741509465],[-34.908665740986663,-8.0771768933499182],[-34.908651161053264,-8.07714608660471],[-34.908587079896691,-8.0769826428689697],[-34.908541671565409,-8.0768503655716302],[-34.908503456583603,-8.076730202644212],[-34.908498910440812,-8.0767219841910336],[-34.90847091177919,-8.0766713785976041],[-34.908446993579751,-8.0766281492292311],[-34.908379213294737,-8.0765245619631312],[-34.9083707648211,-8.0765154079230594],[-34.908244281226821,-8.0763783655660983],[-34.908243254576099,-8.0763772538328418],[-34.908121992590601,-8.0762802110108662],[-34.908061245058249,-8.0762315942937768],[-34.90794561056174,-8.0761514592310686],[-34.907942075853754,-8.0761503808924662],[-34.907935897677504,-8.0761475447200635],[-34.907930307945932,-8.076143682398909],[-34.907925475937759,-8.0761389115722704],[-34.907921548381225,-8.0761333771106187],[-34.907918644897478,-8.0761272466125913],[-34.907916853447851,-8.0761207068097693],[-34.907916475851358,-8.0761181464446175],[-34.907904601876005,-8.0760135189852438],[-34.907780949697901,-8.0760082246752578],[-34.907780891025858,-8.0760059683971264],[-34.907605513310237,-8.0760280969529585],[-34.907595370783895,-8.0760298565543511],[-34.907556192353056,-8.076031900728454],[-34.907517332831354,-8.0760265174024521],[-34.907480198281519,-8.0760139016264691],[-34.907446131592053,-8.0759945109252804],[-34.907416361576843,-8.0759690438382279],[-34.907391965702693,-8.0759384229152609],[-34.907373825449902,-8.0759037542420913],[-34.907362596199121,-8.0758662896096176],[-34.907361328579476,-8.0758592564509133],[-34.907394030144701,-8.0756715199254234],[-34.907468322969635,-8.0752450015662891],[-34.90751864810268,-8.0749306713027433],[-34.907611463627113,-8.0743509410983023],[-34.907897062568807,-8.0743724235560759],[-34.90793700889855,-8.0744781370007424],[-34.907945243172634,-8.0745033157485562],[-34.907953690952866,-8.0745291444286718],[-34.9079609275921,-8.074551274793043],[-34.907980990974373,-8.0746126198271639],[-34.908083800772708,-8.0748488260426683],[-34.908100818571782,-8.074880528249194],[-34.908145448656676,-8.0749636660411745],[-34.908174147162484,-8.0750061038029077],[-34.908204258660966,-8.0750438374382298],[-34.908505422806691,-8.0748614158270087],[-34.908541560637524,-8.0748395261355697],[-34.908765959880199,-8.0746888019648342],[-34.908846517570417,-8.0746064055700391],[-34.908871494629096,-8.0745832823467723],[-34.908912006831315,-8.0745541089513448],[-34.908929710621017,-8.0745439405821386]]]]},"properties":{"NMNOME":"Mustardinha","BAIRRO":"MUSTARDINHA","ZEIS_TIPO":"ZEIS Planície","NOME_TIPO":"Mustardinha - ZEIS Planície"}},{"type":"Feature","geometry":{"type":"Polygon","coordinates":[[[-34.922851313999693,-8.0616026839685251],[-34.922868531931719,-8.0616911070405681],[-34.922955043064995,-8.0616978503798649],[-34.922997471937393,-8.0618216313480211],[-34.922990083235746,-8.0618324803887393],[-34.922992201338374,-8.0618321061124281],[-34.922993958717342,-8.0618317950050411],[-34.92300022629955,-8.0618499471426137],[-34.92301426645556,-8.0618918459099245],[-34.923041430854553,-8.0619726218505132],[-34.923062858976813,-8.0620363433991198],[-34.923089856834743,-8.0621169989691559],[-34.92311320100211,-8.0621873003073521],[-34.923141855706973,-8.0622736228766509],[-34.923153612043428,-8.0623090366804124],[-34.923170833410708,-8.0623609175972906],[-34.923199689667221,-8.0624478467384293],[-34.92323485938082,-8.0625537965891301],[-34.923254803404966,-8.062616137346442],[-34.923276311932334,-8.0626801550207201],[-34.923299411221961,-8.0627489106348609],[-34.923322793886314,-8.0628185084031934],[-34.923345750367133,-8.0628890954021717],[-34.923262190826364,-8.0629180875888125],[-34.923278751324204,-8.0629748399550998],[-34.923329592773037,-8.0632154825971547],[-34.923379900627062,-8.0633382175351933],[-34.923404792571297,-8.0633989457026516],[-34.923457605183131,-8.0635153928775072],[-34.923489766637374,-8.0635722889484818],[-34.923197258939922,-8.0636806043521858],[-34.923050653579679,-8.0637376543704828],[-34.922814791757219,-8.0638294368896908],[-34.922679910764678,-8.0638796377572692],[-34.922472316697657,-8.0639516738579307],[-34.922245392258368,-8.0640304173927859],[-34.922041558719329,-8.0641053141922168],[-34.922021642809142,-8.0640510284002627],[-34.921960055400433,-8.0638831503530941],[-34.921895963543442,-8.063705088038466],[-34.92186674914484,-8.0636235486472554],[-34.921814821057126,-8.0634786145884689],[-34.921805443482668,-8.0634478762202626],[-34.921618218890671,-8.0635642445729392],[-34.921555579001591,-8.0635645383845453],[-34.921370537709272,-8.0635646884381984],[-34.921359492182255,-8.0636652039963366],[-34.921229744699339,-8.0636342381646973],[-34.921087344535209,-8.063613537563441],[-34.921061798322313,-8.0637494545419184],[-34.920945929682865,-8.0637310433265998],[-34.920918945975373,-8.0638387766183239],[-34.920775332638144,-8.0638193572401651],[-34.920767295534056,-8.0638961777350957],[-34.920622031841006,-8.0638832246569976],[-34.92052735674482,-8.063875040152201],[-34.92047041671033,-8.063909108128799],[-34.920433556529005,-8.0639249953186809],[-34.920311650317338,-8.0639775394582429],[-34.920326374938888,-8.0639234672367586],[-34.920367255588154,-8.0637244435946869],[-34.920418751539394,-8.0635074544134735],[-34.920455186197017,-8.0633539277092545],[-34.92047215631969,-8.0632826542399112],[-34.920650322069619,-8.0625577464871494],[-34.920520524561638,-8.0630795073451988],[-34.92030195248303,-8.0630434870491854],[-34.920363132281636,-8.0625011540467657],[-34.920278592386786,-8.0624964142950422],[-34.92028195174386,-8.0624509323996492],[-34.919812585393849,-8.0624032701849906],[-34.919116100115538,-8.0628107815730843],[-34.919022884354362,-8.0628925457982135],[-34.918459207780728,-8.0634716590947928],[-34.918284599492097,-8.0635493292460243],[-34.918287028094028,-8.0635168728841418],[-34.918292805199215,-8.0633828990494383],[-34.918271011725068,-8.0631840088263971],[-34.918296209568375,-8.0630155435816881],[-34.918316513800953,-8.0629510340700783],[-34.918354709725939,-8.0628936759975094],[-34.918425317273673,-8.0627896015284115],[-34.918523323420871,-8.0626910717524876],[-34.918592406266683,-8.0626455352087607],[-34.918706079871363,-8.062559169426887],[-34.918869466773792,-8.0624783938722526],[-34.919648862841726,-8.0622928096569755],[-34.919761130286361,-8.0622889901681827],[-34.919827717409518,-8.0622897856572209],[-34.920210649030928,-8.0623067921255132],[-34.920243983270481,-8.0623276372526913],[-34.92034168530575,-8.0623260863495645],[-34.920487652192904,-8.0623134387709943],[-34.920549240784027,-8.0623266386887611],[-34.920586545784431,-8.0623737118773402],[-34.920656463310635,-8.0623967143453132],[-34.920659215395759,-8.0623861347774994],[-34.920665873146397,-8.0623399358758867],[-34.920682082978395,-8.0622982414345294],[-34.920682621601841,-8.0622968556961023],[-34.920713789248573,-8.0622166875239802],[-34.920769501903642,-8.0621071109042362],[-34.921642129773616,-8.0619564268478001],[-34.921621110921926,-8.0618217986744209],[-34.921773394570664,-8.061790728854751],[-34.921759912539407,-8.061730992088215],[-34.921822499056489,-8.0617194556627005],[-34.921834114866947,-8.0617722037487543],[-34.921888217601705,-8.0617614864019309],[-34.921895871986486,-8.0618068985309428],[-34.922117574865105,-8.0617436665016626],[-34.922328249354173,-8.0616879491230957],[-34.922333419491203,-8.0617103618388999],[-34.922851313999693,-8.0616026839685251]]]},"properties":{"NMNOME":"Novo Prado","BAIRRO":"BONGI","ZEIS_TIPO":"ZEIS Planície","NOME_TIPO":"Novo Prado - ZEIS Planície"}},{"type":"Feature","geometry":{"type":"Polygon","coordinates":[[[-34.95143196863652,-8.0772561176866624],[-34.951456325719327,-8.077217272195524],[-34.951475004985568,-8.0771672418320222],[-34.951495991919266,-8.0771449663833046],[-34.951512143215986,-8.0771278245714928],[-34.951549356422916,-8.0771042051323771],[-34.951617284375217,-8.0770875738534311],[-34.951741473514026,-8.0770742414546248],[-34.951741842724971,-8.0770576296814784],[-34.951741083955383,-8.076666125940406],[-34.951732227194498,-8.0762243245306937],[-34.95172019134047,-8.0759028530578476],[-34.951716776053694,-8.0758116367828912],[-34.951722596853521,-8.0756214486426323],[-34.951744491091048,-8.0755061291178194],[-34.951765326827633,-8.0754042378991286],[-34.951993265922098,-8.0749568316850606],[-34.952087730798468,-8.0747617455965521],[-34.952278899988158,-8.0743704444238578],[-34.952383460537895,-8.0741741918507053],[-34.952560307567843,-8.0738388886110215],[-34.952665429309405,-8.0736159992995322],[-34.952856058682585,-8.0732641341715645],[-34.952974956440279,-8.0730069149281007],[-34.953102635849042,-8.0728090015493859],[-34.953248645117498,-8.0725044789752118],[-34.953364047412713,-8.0722287543512028],[-34.95353379491393,-8.0722998110596382],[-34.953393815402301,-8.0725843246146347],[-34.953313807455849,-8.0727513769604489],[-34.953122354886936,-8.0730833941871936],[-34.953090300657152,-8.0731864572262229],[-34.953008075272862,-8.073359113469456],[-34.9528500825718,-8.0736473454232094],[-34.952734557010274,-8.0738973424554263],[-34.952583185292042,-8.0741620530115217],[-34.952314129308611,-8.0746946682399035],[-34.952143906436177,-8.0750397903550457],[-34.951892193456843,-8.0754942458885015],[-34.951902132678534,-8.0764362861128713],[-34.951912523340532,-8.0774209995536435],[-34.951927918610068,-8.0788799417214321],[-34.951928034867798,-8.0788909198819603],[-34.952070541760655,-8.0789747659503259],[-34.952146890834548,-8.0790196868540303],[-34.952226525708141,-8.0790665402676396],[-34.954456083132946,-8.0803783130865945],[-34.954550975827637,-8.0804341433536226],[-34.954693154348632,-8.0805177936400252],[-34.955161249858868,-8.0808254729297975],[-34.956012006096252,-8.0813593283532885],[-34.957120247826225,-8.081988005876573],[-34.957197742568347,-8.0820323414943047],[-34.956996490456014,-8.0824117631189374],[-34.95693393816768,-8.0825073440778734],[-34.957085522332811,-8.0828509333897003],[-34.956446678302491,-8.0832979198533703],[-34.956167228620636,-8.0834746624372684],[-34.955487130581353,-8.0839283417691874],[-34.955071302880469,-8.0842118465509092],[-34.954191956750101,-8.084802904849413],[-34.953778310926211,-8.0850885634717429],[-34.953749543755087,-8.085060033810425],[-34.953749507588341,-8.0850600583924965],[-34.953343588129684,-8.084492514970691],[-34.95337987756249,-8.0840207092621146],[-34.953404534953449,-8.0837260820669954],[-34.953442483435246,-8.0830329396142009],[-34.952702336431678,-8.0822624775133747],[-34.952550650844884,-8.0820982909449217],[-34.952487760131028,-8.0820396214691161],[-34.952230366583969,-8.0817502539991324],[-34.952215562168959,-8.0817349279257051],[-34.951885702773836,-8.0811198454329638],[-34.95160990556608,-8.0805441141646792],[-34.951301295196586,-8.0799966874512972],[-34.951277285411322,-8.0798982819563996],[-34.951025793763229,-8.0794819435563223],[-34.950411728396752,-8.0780633632920171],[-34.950367996058226,-8.077949352972178],[-34.950288821849753,-8.0779560462115931],[-34.950154616258331,-8.0779040662372257],[-34.949350407268753,-8.0774984037377422],[-34.949154446119515,-8.0774637137731879],[-34.948627080121533,-8.0774964291354348],[-34.948623541863249,-8.0774569870893558],[-34.948608924866711,-8.0772940201351151],[-34.948607369481643,-8.0772766870351909],[-34.948679574755722,-8.0772750005079832],[-34.948724703326803,-8.0772643600283285],[-34.94885109325142,-8.0772430397814983],[-34.948926453710051,-8.0772156940077675],[-34.948945986667248,-8.0771987025020859],[-34.948974665966993,-8.0771737570089464],[-34.949001468712844,-8.0771214504638866],[-34.94908375414154,-8.0771134146370827],[-34.949163578733668,-8.0771252641635147],[-34.949226070290351,-8.0771478992787014],[-34.949298864186538,-8.0771862816751359],[-34.949343422175971,-8.0772013576281267],[-34.949383819181719,-8.0772016749708655],[-34.949435460123382,-8.0772009189535652],[-34.949476913655616,-8.0772083659804679],[-34.949506144973363,-8.0772260625681831],[-34.949536530646142,-8.0772712728028591],[-34.949575476004888,-8.0772889230804275],[-34.949615997740921,-8.0773152293089208],[-34.949649801395445,-8.0773267891224485],[-34.949702455763003,-8.0773239905179732],[-34.949774524424278,-8.0773180409683398],[-34.94982818395502,-8.077311670192417],[-34.949882477378296,-8.0773307760074307],[-34.949964428216347,-8.0773594331832861],[-34.950026315265951,-8.0773627045769825],[-34.950140491853169,-8.0773937556630617],[-34.950235653849447,-8.0774050228501384],[-34.950325729490238,-8.0774219202538884],[-34.950397351054477,-8.0774292224120021],[-34.950471594867835,-8.0774502725239135],[-34.950519777229005,-8.0774745034893325],[-34.950582735515169,-8.0774879627940201],[-34.950658501897024,-8.077506456198174],[-34.950720379164693,-8.0775076898091687],[-34.950756247007433,-8.0775233169177003],[-34.950772161653965,-8.0775354655057754],[-34.950833021292034,-8.0775660076684677],[-34.950862429020617,-8.0775675362603447],[-34.950884426980643,-8.0775493205945548],[-34.950885699828227,-8.0775410452231924],[-34.95089462906715,-8.0774839266519383],[-34.950911211533338,-8.0774232051168848],[-34.950931047769288,-8.0774011973491042],[-34.95097800870235,-8.0773841562924016],[-34.951069948700024,-8.0773633333022801],[-34.951123571459448,-8.0773493179311711],[-34.951169182055899,-8.077370503602797],[-34.951197813721301,-8.0773698580317976],[-34.951226309852323,-8.0773411840989695],[-34.951249652009103,-8.0773038712923029],[-34.951319050263564,-8.0772739833572711],[-34.951341929766194,-8.0772468649563418],[-34.951359315046126,-8.0772467820101124],[-34.951410037993035,-8.077267943263216],[-34.95143196863652,-8.0772561176866624]]]},"properties":{"NMNOME":"Planeta dos Macacos","BAIRRO":"CURADO","ZEIS_TIPO":"ZEIS Morro","NOME_TIPO":"Planeta dos Macacos - ZEIS Morro"}},{"type":"Feature","geometry":{"type":"Polygon","coordinates":[[[-34.98034649241292,-8.0294805302643368],[-34.98078168861479,-8.0290949286182229],[-34.981020904838395,-8.028734546403923],[-34.981197152140986,-8.0292144423861629],[-34.981938694420364,-8.0336767306189163],[-34.98202376413164,-8.034088446294545],[-34.982004873010183,-8.0340749543098386],[-34.981972236776159,-8.0340516466298784],[-34.981717170444732,-8.0338878146518073],[-34.981598704741764,-8.0338117229448418],[-34.981280472683409,-8.0336073192998612],[-34.981202075203676,-8.0335569637693158],[-34.981185562154593,-8.0335800988376196],[-34.981177648865675,-8.0335911860334317],[-34.981153781060854,-8.0336246245230161],[-34.981107566130497,-8.03368937331682],[-34.981043633573577,-8.0337579836157733],[-34.981015917103065,-8.0337865073494541],[-34.980870063700372,-8.0339611917576548],[-34.980789180168294,-8.0340514972805952],[-34.980717480213521,-8.0340969665238582],[-34.980651351016448,-8.0341338296654108],[-34.980525366056334,-8.034246974007953],[-34.980377403824711,-8.0343786998809996],[-34.980271972575736,-8.0344496381042667],[-34.980151918179693,-8.0345135609454239],[-34.979960109801887,-8.034606431997668],[-34.979728555348338,-8.034705790062965],[-34.979617103290856,-8.0347488650706058],[-34.97944672301054,-8.0348120799528324],[-34.979427589486505,-8.0348174371622818],[-34.979248328181882,-8.0348676350946295],[-34.979242770036812,-8.0348685622706242],[-34.979059745441972,-8.0348990911469382],[-34.978906514649545,-8.0349130972754885],[-34.978696025930233,-8.03491647451769],[-34.97841506726607,-8.034915834272077],[-34.978260656498144,-8.0349156344565174],[-34.977859132639011,-8.0349170403413126],[-34.977809313666576,-8.0349061631416756],[-34.977116088041377,-8.0347444358058073],[-34.97684084674205,-8.0346742260186499],[-34.976542020792309,-8.034619773712242],[-34.976197012039989,-8.0345639891393841],[-34.976057657628246,-8.0345400195600618],[-34.975740400785426,-8.0344833643898816],[-34.975612269997931,-8.0344620943940388],[-34.97524148247637,-8.0344153059275847],[-34.975029006294712,-8.0343837968769911],[-34.974824052838699,-8.0343363514198209],[-34.974766499107837,-8.0342635873374668],[-34.97474773355345,-8.0342540865755954],[-34.974699742696316,-8.0342297906382498],[-34.974696377808364,-8.0342266200796573],[-34.974228846469771,-8.0341339716522864],[-34.974193647265174,-8.0341335422053284],[-34.974162293135564,-8.0341281067335402],[-34.974082451052226,-8.0341236896880055],[-34.973941324160194,-8.0341081019078544],[-34.973781171067884,-8.0340761827240534],[-34.973564762109014,-8.0340369504762315],[-34.973376271818339,-8.0339983254096019],[-34.973229322063098,-8.0339679219652282],[-34.973037268049531,-8.0339326479129696],[-34.972990679812931,-8.0339241864191564],[-34.973009374008818,-8.0338197800929834],[-34.973067247956564,-8.0335080740150069],[-34.973081182385862,-8.0334547811746475],[-34.973110588500028,-8.0333215100416631],[-34.973159728296764,-8.0330682682548797],[-34.9731673071865,-8.0330292101148331],[-34.973228070228117,-8.0327361747923227],[-34.973270240462362,-8.0325460003084928],[-34.973320022917292,-8.0323005780712027],[-34.973360064940195,-8.0320908016718811],[-34.973382141638865,-8.0319793376028628],[-34.973482840625337,-8.031512438316561],[-34.973572332863952,-8.0310887695370923],[-34.973585393202129,-8.0310148887956441],[-34.973625064608299,-8.0308405089756594],[-34.973659036211508,-8.0306897418767296],[-34.973694852913418,-8.0305409114092274],[-34.973731321496317,-8.0303991681615674],[-34.973753376495019,-8.0303061383899106],[-34.973760767849143,-8.030258683579774],[-34.973766580121179,-8.0302213678661332],[-34.973803933035285,-8.0300492122622344],[-34.973829888397582,-8.0299196290165575],[-34.973855369541376,-8.0298204968459981],[-34.973874252537236,-8.0297702359166916],[-34.973909621915908,-8.0296893630034383],[-34.973928509365663,-8.0296512929626047],[-34.97394257336417,-8.0296013797066603],[-34.974017166852782,-8.0294631202872928],[-34.974095860516215,-8.0293418876687426],[-34.97409879980556,-8.0293453992990127],[-34.974116829659948,-8.0293481677174885],[-34.974198311090262,-8.0294200849984119],[-34.974306953617059,-8.0295162817376138],[-34.974407000314891,-8.0296309990643344],[-34.974458000126603,-8.0296909991354859],[-34.97450856398747,-8.0297321006395563],[-34.97454900028454,-8.029779564526315],[-34.974685336374101,-8.029894006299795],[-34.974733173684278,-8.0299211815473264],[-34.974788394395141,-8.0299338152055029],[-34.97485036379566,-8.0299334480822697],[-34.974893466473461,-8.0299331923247141],[-34.974964383523051,-8.0299272305509231],[-34.975064093147147,-8.0299030868984929],[-34.975121685064771,-8.0298891413678337],[-34.975161208049933,-8.0298688512939549],[-34.975179000164985,-8.0298638994443472],[-34.975352000179747,-8.0297738992971386],[-34.975516500051519,-8.0296028995979949],[-34.975621199907039,-8.0294025998424843],[-34.975743399978292,-8.0291686998813407],[-34.975876799613488,-8.0290231995056054],[-34.976025357724055,-8.0289450572715051],[-34.976076621209415,-8.0289333270931191],[-34.976141870257287,-8.0289314948917792],[-34.976229237287534,-8.0289366313975883],[-34.976400256168532,-8.0289466871517554],[-34.976598110508725,-8.0289583198078489],[-34.976737111535272,-8.0290289051218213],[-34.97680526745615,-8.0290666365196408],[-34.976884902272353,-8.0291176861058364],[-34.976949128341147,-8.0291681904589947],[-34.977090501816832,-8.0292953250555055],[-34.977117252370917,-8.0293264046171462],[-34.977203389013155,-8.0293711705773827],[-34.977258236849849,-8.0293793008985137],[-34.977375467461741,-8.0293833072915923],[-34.977534201094464,-8.0293875164321413],[-34.977672535011365,-8.0293856047424033],[-34.977743554235097,-8.0293803788161888],[-34.977789404382015,-8.02937700511111],[-34.977796459155897,-8.0293764857270684],[-34.977901365950657,-8.029368766249295],[-34.977943110887018,-8.0293599229793422],[-34.978037399830612,-8.0293546999296943],[-34.978118593706519,-8.0293502377419355],[-34.978120256184027,-8.0293502306517155],[-34.978381231515094,-8.0293491058105371],[-34.979114885090219,-8.0293498528795588],[-34.980019095184105,-8.0296279229551981],[-34.98034649241292,-8.0294805302643368]]]},"properties":{"NMNOME":"Rosa Selvagem","BAIRRO":" ","ZEIS_TIPO":"ZEIS Morro","NOME_TIPO":"Rosa Selvagem - ZEIS Morro"}},{"type":"Feature","geometry":{"type":"Polygon","coordinates":[[[-34.928486002171404,-8.0866808355945441],[-34.92861508291351,-8.0865666379228447],[-34.928946938899394,-8.0867581160729962],[-34.928971869533349,-8.0867034611815178],[-34.929179490493688,-8.0868903309635769],[-34.929192616846159,-8.0869836244972166],[-34.92961935817501,-8.0871597061939067],[-34.929651563943381,-8.0873302985312314],[-34.929877419651,-8.0874627343733589],[-34.92977916202954,-8.0876738019154164],[-34.930048345798582,-8.0878538764260597],[-34.929897837282567,-8.0881741566847243],[-34.9297756458732,-8.0885859291751423],[-34.929631059532674,-8.0893798505118291],[-34.929620094171383,-8.0894292926834286],[-34.928403449606364,-8.0899798596917396],[-34.928548027285821,-8.0903098264151687],[-34.928018423344632,-8.0906035581213196],[-34.927977605676617,-8.0905569243398201],[-34.926810683456686,-8.0892339584682915],[-34.926760726084254,-8.0893573891006234],[-34.926528612332717,-8.0899308752030326],[-34.926479433558377,-8.0898693203209611],[-34.926373466086361,-8.0897366860197248],[-34.926336480429612,-8.0898130489983675],[-34.926069590489412,-8.0904471479639],[-34.925948366079524,-8.0906235245310381],[-34.925698164552308,-8.091123786758855],[-34.925447978855587,-8.0917700135087927],[-34.925187413557943,-8.0924307152659356],[-34.925151294646781,-8.0923975737737219],[-34.925009017583605,-8.0922670197695652],[-34.924873559390214,-8.0921423216738706],[-34.924579028468386,-8.0920545004643962],[-34.923496152915263,-8.0925403187123699],[-34.922498273500459,-8.0930198489725704],[-34.922107754362457,-8.0932119580125477],[-34.922226922136652,-8.093481618369788],[-34.922362077130337,-8.0937874579394435],[-34.922452476172012,-8.0939920185436414],[-34.922468401339124,-8.0940394428000406],[-34.921324579597332,-8.0946330720405459],[-34.920546758785662,-8.0929452365297774],[-34.920545143847157,-8.092941749031171],[-34.920600764153143,-8.0928141034914898],[-34.920636169955344,-8.0927819747810439],[-34.920677340469801,-8.092744614273693],[-34.920742998724208,-8.0927047319442806],[-34.920860469628508,-8.0926731211630223],[-34.920889662022063,-8.0926710066274605],[-34.920963980142041,-8.0926656213217605],[-34.921046334579842,-8.0926487030665282],[-34.921121125122291,-8.0926268109952986],[-34.921226892945626,-8.0925651997266357],[-34.92131265129229,-8.0925242201305458],[-34.921394424783209,-8.0924907738183283],[-34.921465630912635,-8.0924548729834989],[-34.921529852566252,-8.0924300245950391],[-34.921592184158605,-8.0924307338170944],[-34.921627762729955,-8.0924075227797054],[-34.921688984746382,-8.0923861962398895],[-34.921748189403893,-8.0923633748334591],[-34.921803718568277,-8.0923075101720521],[-34.921848244298893,-8.0922632186369956],[-34.921915499536667,-8.0922219336809462],[-34.921968135099618,-8.0922120603749477],[-34.922028027472322,-8.0922283091438221],[-34.922060334150025,-8.0922572108034956],[-34.922128379924921,-8.092296965585442],[-34.922160199189129,-8.0923007393938118],[-34.922181188140989,-8.0923032288955987],[-34.922224950927195,-8.0923100356362276],[-34.922283356118292,-8.0923307999071845],[-34.922323042939077,-8.0923261044976602],[-34.922366326920795,-8.0923379228682588],[-34.922389937293765,-8.0923348066012331],[-34.922434698067946,-8.0923401060722302],[-34.922463822292194,-8.0923339578405411],[-34.922499474415332,-8.0923262754168643],[-34.922537608440017,-8.0923120702694984],[-34.922607453079017,-8.0923072328165198],[-34.922681317591774,-8.0923018755719216],[-34.922705455727495,-8.0923042661375781],[-34.922745871825349,-8.0923401142983167],[-34.922785022649222,-8.0923354502990961],[-34.922843176053412,-8.0923031166723636],[-34.922887822795367,-8.0922843722800195],[-34.922931361238831,-8.0922534391578296],[-34.923043673893851,-8.0921469092520404],[-34.923111444278391,-8.0921096547105709],[-34.923179097863454,-8.0920477768627812],[-34.923236094348823,-8.0920182675010128],[-34.923304066446086,-8.0919677024341432],[-34.922384663987444,-8.0921256710201472],[-34.922248619289057,-8.0920342195862016],[-34.922129260761842,-8.0920640658236938],[-34.922094842828315,-8.0919336681359297],[-34.922035543217113,-8.0918952906285568],[-34.921987771847341,-8.0918207534222546],[-34.92207962791467,-8.0916454334393926],[-34.922067060750763,-8.0914331164056534],[-34.922464858601181,-8.0912062368440374],[-34.922438998284917,-8.0909708584216862],[-34.922807482252971,-8.090931808366097],[-34.92283785586671,-8.0910443553820919],[-34.92297228822531,-8.0910018833621002],[-34.923091425943994,-8.0910160457781615],[-34.924263135734279,-8.0908243746660684],[-34.924354568648191,-8.0913628826958668],[-34.924540486264789,-8.0912626423036862],[-34.924651450196023,-8.0912159499315894],[-34.924794688970714,-8.0911367871298889],[-34.924840621011924,-8.0910534668884537],[-34.924957264795594,-8.0909020975553432],[-34.925054459066146,-8.0906700694546174],[-34.925195032345847,-8.0905670194674322],[-34.925291805578567,-8.0904588356893044],[-34.925441162163892,-8.0903673324469878],[-34.925493446015203,-8.0903209166009464],[-34.925618073912872,-8.0902249128922321],[-34.925733670119691,-8.0901781984740619],[-34.925852361481702,-8.0901330090423187],[-34.925919941206303,-8.0900557414851164],[-34.926007106113879,-8.089875271097581],[-34.926089937863779,-8.089757918922702],[-34.926142784130889,-8.0897178360084645],[-34.926122275095132,-8.0896658427626846],[-34.926099214140557,-8.0895981616903647],[-34.92608932142668,-8.0895631535232901],[-34.926085630397743,-8.0895496254396893],[-34.926083400201534,-8.0895300513633295],[-34.926081735126147,-8.0895154369924622],[-34.926082899519209,-8.089495487091602],[-34.926120645855406,-8.0893685936823552],[-34.926189174686947,-8.0891095410306413],[-34.926200629578119,-8.0890662405210634],[-34.926357399985982,-8.0890359511114251],[-34.926364768124976,-8.0890360076686108],[-34.926411176817403,-8.0890321490398698],[-34.926456405627754,-8.0890210996761596],[-34.926461793371303,-8.0890188457620749],[-34.926461750653921,-8.0890014464790916],[-34.926506452519327,-8.0889774327045529],[-34.926547422177379,-8.088905245765373],[-34.926594510407668,-8.0889564174870703],[-34.92669991915426,-8.0890709678359443],[-34.926700556823349,-8.0890701918589691],[-34.926723046311757,-8.089097574523727],[-34.926839683172823,-8.0889495879441338],[-34.926896461478947,-8.0888935976207712],[-34.926922917405335,-8.0888194648951188],[-34.927125836749205,-8.088716372581704],[-34.927181606925167,-8.0886649199322012],[-34.927218080612995,-8.0886368441196481],[-34.927188656039348,-8.0886046999926222],[-34.927051218717644,-8.0884867253382779],[-34.92706705128905,-8.0884477924668392],[-34.927149200822718,-8.0883091601193193],[-34.927173616804325,-8.0882396721190535],[-34.927188830410458,-8.0882457479253063],[-34.927268067124153,-8.0883062993558887],[-34.927318637683463,-8.0883475008942103],[-34.927368409189242,-8.0883896852877637],[-34.927551803031356,-8.0885396219377252],[-34.927709296171322,-8.0886683829532924],[-34.927888491866653,-8.0884508538145408],[-34.928080900124506,-8.0882264845606571],[-34.927757426911207,-8.0879947340135967],[-34.927659520053346,-8.0879209712111724],[-34.927823387417625,-8.0876761252016696],[-34.927856793631591,-8.0876340536742095],[-34.927900244851791,-8.0876720097338808],[-34.928062369491741,-8.0874344459450072],[-34.928079493926795,-8.0874509156804226],[-34.928377201823139,-8.087728241808092],[-34.928420141196881,-8.0877682415739169],[-34.928669671216923,-8.0874519601540964],[-34.928767317749163,-8.0873450221072751],[-34.928597577282019,-8.0870869877107197],[-34.928553455724277,-8.0871244205184603],[-34.928528401574702,-8.0871531051631731],[-34.928492639158947,-8.0871179751155999],[-34.928368460082069,-8.0869959929793787],[-34.92835660186666,-8.0869843441375266],[-34.928298432465667,-8.0869174111652029],[-34.928263915573119,-8.0868776943553549],[-34.928266599076011,-8.0868752488735147],[-34.92827795629595,-8.0868648944489046],[-34.928486002171404,-8.0866808355945441]]]},"properties":{"NMNOME":"Iraque / Rua do Rio","BAIRRO":"AREIAS","ZEIS_TIPO":"ZEIS Planície","NOME_TIPO":"Iraque / Rua do Rio - ZEIS Planície"}},{"type":"Feature","geometry":{"type":"Polygon","coordinates":[[[-34.872621559771915,-8.0395307203811548],[-34.872518794392541,-8.0392843080457386],[-34.872476763407853,-8.0391855780653643],[-34.872454497000298,-8.0391462803503444],[-34.872449634773766,-8.0391377001247584],[-34.872464717344641,-8.0391267986294945],[-34.872556707168521,-8.0390603078809448],[-34.872622616420315,-8.0390126686466985],[-34.872655771293395,-8.0389887048166138],[-34.872758920415635,-8.0389134586360491],[-34.872787339054298,-8.0388901917371189],[-34.872797240577029,-8.0388820857756613],[-34.872858514334396,-8.0388159872153881],[-34.872900873241832,-8.0387702932966203],[-34.873038439816959,-8.0386284036984357],[-34.873145640006186,-8.0385178344267594],[-34.873184051472471,-8.0384786995491879],[-34.873198018157552,-8.0384620323414921],[-34.873230730080508,-8.0384229966734999],[-34.873275418455982,-8.0383573832353541],[-34.873286789094465,-8.0383335946213457],[-34.87340002449745,-8.0380966626286945],[-34.873442827802762,-8.0380071013077306],[-34.87349794775799,-8.0379121298391834],[-34.873505826664754,-8.0378997124626359],[-34.87353028289435,-8.0378710544543761],[-34.87354473064557,-8.0378598014282119],[-34.873560025287688,-8.0378478890784741],[-34.873588891427517,-8.0378336121486935],[-34.873593838202822,-8.0378311657417054],[-34.873630336073226,-8.0378215697282744],[-34.873668025856432,-8.037819492080768],[-34.873699026053728,-8.0378219599347727],[-34.873722834189003,-8.0378309573387074],[-34.873762815612608,-8.0378522886741859],[-34.873957225010642,-8.0379860034168811],[-34.874077562611127,-8.0380603789518421],[-34.874140667302846,-8.038099381826397],[-34.874342156032945,-8.0381997936961245],[-34.874435179968415,-8.0382428884568764],[-34.875159872219029,-8.0385786141911026],[-34.875545072728727,-8.0387570629660665],[-34.875998747482534,-8.0389672340248826],[-34.87620337044558,-8.0390651903428871],[-34.876477845077204,-8.0391965851525438],[-34.876818497958929,-8.0393596603444166],[-34.877097064996931,-8.0394877704033227],[-34.877297808356168,-8.0395800914454405],[-34.877478748587357,-8.0396633038058383],[-34.877660717857367,-8.0397469905311247],[-34.878171177453922,-8.0399821755344139],[-34.878225185207938,-8.0400070585469905],[-34.878821453428266,-8.0402918442895697],[-34.878981459408841,-8.0403567995946137],[-34.879153479268794,-8.0404335234723323],[-34.879595804212521,-8.0406354222415874],[-34.880150279320198,-8.0408950563077628],[-34.880512972862682,-8.0410621187674529],[-34.880695511257144,-8.0411450816046965],[-34.880828041477379,-8.041204850349807],[-34.881129062979241,-8.0413522043477972],[-34.881528718171417,-8.0415432354427896],[-34.882072613772166,-8.0417950737029571],[-34.88235884167274,-8.0419280589099742],[-34.882666513400714,-8.0420710062033613],[-34.882926280811461,-8.0421932153179885],[-34.882979946033366,-8.042218462581042],[-34.8829955592159,-8.0422258957816073],[-34.882531076024407,-8.0425474802047763],[-34.882467254142043,-8.0425068576183545],[-34.881905730968249,-8.0422559480491849],[-34.881880679526624,-8.0422539725909399],[-34.881817072036547,-8.042251556290557],[-34.881797597998137,-8.0422778693037742],[-34.881726649496073,-8.0424272747079577],[-34.881654245973273,-8.0425851290917301],[-34.881603712429808,-8.0426805622152262],[-34.881562934694884,-8.0427575706619745],[-34.881442610313435,-8.0430015223975246],[-34.881347531433235,-8.0431945346148641],[-34.881295752541604,-8.0432996462081565],[-34.881191000411356,-8.0434833843581792],[-34.881151013971937,-8.0435425914152336],[-34.881129179877192,-8.0435677751820709],[-34.88112278506803,-8.0435847026697971],[-34.881117276294042,-8.0435933302429348],[-34.881108693856291,-8.0436038153182103],[-34.881096120153735,-8.0436180055217914],[-34.881067898065687,-8.0436476295633703],[-34.881030781397016,-8.0436871262364189],[-34.880977081725646,-8.0437402166974827],[-34.88092794528859,-8.0437800758071134],[-34.880843470791348,-8.0438440603633055],[-34.880790300054905,-8.0438781002811464],[-34.880767850289132,-8.0438895701232607],[-34.880725739599058,-8.0439155709116434],[-34.880630780697402,-8.0439786821939876],[-34.880496898127319,-8.0440639761636454],[-34.880425032524727,-8.0441104062162214],[-34.880367300551903,-8.0441477054041286],[-34.880284976668989,-8.0442008925228379],[-34.880206402962337,-8.0442555352090164],[-34.880189962487947,-8.0442744777804336],[-34.880084079946087,-8.0443520491589613],[-34.880162864905564,-8.0444550178235659],[-34.880250468096506,-8.044584470053298],[-34.880288704034477,-8.0446370228591491],[-34.880326129560245,-8.0446875198706245],[-34.880420187519348,-8.0448216762560474],[-34.880355841626802,-8.0448805437052417],[-34.880315492785641,-8.0449156902445278],[-34.880262229892594,-8.0449579161172888],[-34.880247357376177,-8.044969500422642],[-34.879949828291949,-8.0452012618542472],[-34.879689085698246,-8.0454043679946103],[-34.878872346058834,-8.0460405665893298],[-34.878752777765435,-8.0461337036267526],[-34.878727677526577,-8.0461532906306861],[-34.878652890172006,-8.0462116514908377],[-34.87850757309301,-8.0460951761892812],[-34.878506735248841,-8.046096225143053],[-34.878304839999494,-8.0459367762629181],[-34.878047372973867,-8.0457334386750574],[-34.878040587848062,-8.0457280795666133],[-34.877836551333381,-8.0459307436959389],[-34.87764316999715,-8.0461268903182344],[-34.877635251100727,-8.0461380992004052],[-34.877631808033307,-8.046147797682579],[-34.87762937667911,-8.0461607182121231],[-34.877625428780632,-8.0461689299774921],[-34.877621228913902,-8.0461763970262492],[-34.877617274155938,-8.0461831188931878],[-34.877610844611148,-8.0461933273757982],[-34.877593002803749,-8.0462135185061623],[-34.877574817739166,-8.0462367796657617],[-34.877484657758608,-8.0463226975143467],[-34.877137030667008,-8.0466461238113141],[-34.876974185478552,-8.046752785443557],[-34.87689452943075,-8.0468123336878339],[-34.876621254141391,-8.046419270365444],[-34.877056545591131,-8.0460919602224035],[-34.876856051816077,-8.0458106136790608],[-34.877501849406535,-8.0453123813205867],[-34.877408781369354,-8.0452410135918964],[-34.877011352493533,-8.0449255414491496],[-34.87702584141681,-8.0449151361116531],[-34.877067118470151,-8.0448854905560321],[-34.877268589335642,-8.0447580086129609],[-34.877264207288249,-8.0447302253564441],[-34.87700411137579,-8.0443459961469408],[-34.876676345121282,-8.0445699558788668],[-34.87649582087829,-8.0442968840446305],[-34.876479157457588,-8.0443218297405927],[-34.876454395502066,-8.0443631067542434],[-34.876430151409473,-8.0444041707494272],[-34.876403531162865,-8.0444364452456742],[-34.876361990662524,-8.0444758705153507],[-34.876310605987939,-8.0445279879999028],[-34.876257064751201,-8.0445788288227043],[-34.87619710372914,-8.0446329365005873],[-34.87603718950789,-8.0447569218794399],[-34.875844504386343,-8.0445104871359732],[-34.875629991959329,-8.0441857985419389],[-34.875518591495876,-8.0440992250041781],[-34.875316289013099,-8.043945860502431],[-34.875756550868999,-8.0432601746225583],[-34.875807253037443,-8.0431884489381247],[-34.875852764141051,-8.0431240510608397],[-34.876031358215414,-8.0428854619714141],[-34.876116691093408,-8.0427753994993978],[-34.876127133013021,-8.042761921626262],[-34.876270565070897,-8.0425767879856114],[-34.876358376226456,-8.0424634332475922],[-34.876467431363622,-8.0423227549479588],[-34.876492860073526,-8.0422899886740549],[-34.876514547533361,-8.0422523827508705],[-34.876605088019929,-8.0421173509489101],[-34.876685624555414,-8.0419965580650423],[-34.876710679657684,-8.0419614555309238],[-34.87675544074645,-8.0418918173513525],[-34.876823822672733,-8.0417907899318521],[-34.876909947461016,-8.0416622876873394],[-34.876743484270627,-8.0413390922820316],[-34.876726164308749,-8.0413054752866628],[-34.876720650177823,-8.0413099982976028],[-34.876545613060152,-8.0414535754509053],[-34.876512621314816,-8.0414788597085867],[-34.876457376831567,-8.0415174452486351],[-34.876413623604662,-8.0415498305180773],[-34.876380352244666,-8.041573488693972],[-34.876343653211698,-8.0416013213134185],[-34.876314542014612,-8.0416215050720794],[-34.876297449266978,-8.0416333561350815],[-34.876209399352909,-8.0416983099469093],[-34.876104984994726,-8.0417749107702861],[-34.875890993026069,-8.0419296728870489],[-34.875686587370829,-8.04207824337578],[-34.875609482015804,-8.0421343277753561],[-34.874016064022328,-8.0432844100996146],[-34.873938804941055,-8.0431842961238971],[-34.875521050060243,-8.0420313539969861],[-34.875446517115499,-8.0419210614478587],[-34.875355676766631,-8.0417854747052306],[-34.875316699423735,-8.0417265390618873],[-34.875249746873287,-8.041625302417799],[-34.875165646557811,-8.0414988748569947],[-34.875105257342319,-8.0414096144602727],[-34.875085515508182,-8.0413771575131374],[-34.875061849085256,-8.0413427909689688],[-34.874964882360345,-8.0411972645036442],[-34.874888781560813,-8.0410830524949333],[-34.874855576005821,-8.0410231212540282],[-34.874823341814164,-8.0409649413084665],[-34.874744632352346,-8.0408228817711596],[-34.874729627172172,-8.0407947427867938],[-34.874620932468687,-8.040591186737764],[-34.874595406137708,-8.0405434771009094],[-34.874583598075048,-8.0405202055787388],[-34.874556979143549,-8.0404715968374649],[-34.874553399715005,-8.0404624819076709],[-34.874527718845762,-8.0404152873924879],[-34.874496865775853,-8.0403585892212703],[-34.874475181052617,-8.0403178234997892],[-34.874439862983309,-8.0402513535431428],[-34.874362403693468,-8.040105721545963],[-34.874329426125861,-8.0400436465018181],[-34.874291158226995,-8.039972215699537],[-34.874261261556484,-8.0399155773216204],[-34.874245670502582,-8.0399117382750038],[-34.874154560593162,-8.0398893031253955],[-34.873995099158655,-8.0398499794905796],[-34.873923723039042,-8.0398324041438425],[-34.873873323793525,-8.0398199768092304],[-34.873834002980679,-8.0398102111994874],[-34.873776470911395,-8.0397960805378013],[-34.873740923531834,-8.0397873102851101],[-34.873691160055827,-8.0397750608433611],[-34.873675813107496,-8.0397712432616082],[-34.873660209581125,-8.0397905714467068],[-34.873649319364468,-8.0397559964294434],[-34.87363885441448,-8.0397227719845468],[-34.873620245790512,-8.0396962586371075],[-34.873583968610255,-8.0397166195350014],[-34.873489158752434,-8.0397759828960478],[-34.873362317531608,-8.0398566723147464],[-34.873318173340273,-8.0398888936063972],[-34.873103421313729,-8.0401131684222698],[-34.872936959778606,-8.0402592184757378],[-34.8729165994488,-8.0402287161128498],[-34.872899215100304,-8.0401910732701811],[-34.872801157743048,-8.0399222888055828],[-34.872778334208029,-8.0398546984768569],[-34.872741716796178,-8.0397665216873815],[-34.872621559771915,-8.0395307203811548]]]},"properties":{"NMNOME":"Santo Amaro","BAIRRO":"SANTO AMARO","ZEIS_TIPO":"ZEIS Planície","NOME_TIPO":"Santo Amaro - ZEIS Planície"}},{"type":"Feature","geometry":{"type":"Polygon","coordinates":[[[-34.919102669937594,-8.0959163697202357],[-34.919670597929532,-8.095714204039858],[-34.919959526903881,-8.0965679791213176],[-34.91988796383162,-8.0966616040010955],[-34.91999337427908,-8.0968728000478336],[-34.91993264570516,-8.0969735485848826],[-34.919947471700134,-8.0970631796768],[-34.919994819230013,-8.0971777734302055],[-34.92007404230629,-8.0971809879404297],[-34.920254207202653,-8.0970796709833319],[-34.920385997614495,-8.0970288039819902],[-34.920584917183028,-8.0970758299066574],[-34.920705069690598,-8.0971212891125006],[-34.920798686368983,-8.0970514925692783],[-34.920993580997191,-8.0970951081299738],[-34.921374230386597,-8.0972789192599919],[-34.921674378372238,-8.0975573690491949],[-34.92172187167953,-8.0976233975315211],[-34.921909883069858,-8.0975715917074371],[-34.922079602012452,-8.0979450735715712],[-34.922316013386066,-8.0984501775948647],[-34.922756994495003,-8.0991329410848216],[-34.922992804505931,-8.0994114105417694],[-34.923721155765307,-8.1004448451024498],[-34.923613495151287,-8.1006210547812678],[-34.923536704559027,-8.1007700875185122],[-34.92344299341697,-8.1009443744604379],[-34.923312144959205,-8.1010796709236814],[-34.923078923305894,-8.1011936098698047],[-34.922882381957955,-8.1013401352298651],[-34.922638669859786,-8.1015524027600616],[-34.922537195140166,-8.1017203200604175],[-34.922430365955847,-8.1020137522774984],[-34.922428980123826,-8.1020191750266477],[-34.922419256160865,-8.102266872390949],[-34.922411411961342,-8.1025380872130661],[-34.92251474071,-8.1027608519136916],[-34.922589196430827,-8.1030565520248032],[-34.9225755082864,-8.1032507486918384],[-34.922480597497973,-8.1037753531552017],[-34.922475955210338,-8.1040378223649352],[-34.92224403916687,-8.1041986197034035],[-34.921683723430625,-8.1043210400435495],[-34.921280533710174,-8.1044335041289663],[-34.921099371998622,-8.1044422765352735],[-34.920422874735252,-8.1043547659392647],[-34.920176009310723,-8.1043896167577909],[-34.920033648649174,-8.1043453699594359],[-34.919452846822985,-8.104331693576146],[-34.918934445713909,-8.1043168583550997],[-34.918260712843328,-8.1042638832959781],[-34.917863763410743,-8.1042709329692091],[-34.917593442952487,-8.1042946632580186],[-34.917423137992365,-8.1043896168424485],[-34.917114099818924,-8.1046571165191867],[-34.916796156006697,-8.1048745575506906],[-34.916491480585663,-8.1051801878150656],[-34.916432225074324,-8.10526497266377],[-34.916365202528723,-8.1053649732205937],[-34.915842172711614,-8.105503507610182],[-34.915774191879315,-8.1055421466945603],[-34.915670012408881,-8.1055869552521447],[-34.915585701581804,-8.1056013346111495],[-34.915048954327055,-8.1057128531969074],[-34.915049148870594,-8.1056997072160577],[-34.914698658982644,-8.1057638751153949],[-34.914696121352421,-8.105764405967685],[-34.91467079677075,-8.1056128259427425],[-34.914651839975932,-8.1054783525064931],[-34.914557289469876,-8.105487908663731],[-34.914326271600423,-8.1054888002096472],[-34.914287907469024,-8.105309649586582],[-34.914257921215786,-8.105169617279719],[-34.914231094678748,-8.1050443443218665],[-34.914202688321872,-8.1049116907747756],[-34.914174281997632,-8.1047790381245921],[-34.914145875697493,-8.1046463845632477],[-34.914117469429982,-8.1045137318988143],[-34.914088182830646,-8.104376968066326],[-34.914076865561015,-8.1043546944650604],[-34.913379713106586,-8.1044425982666244],[-34.913145710585127,-8.1032004203474557],[-34.912375242778829,-8.1034207705504855],[-34.912223420695518,-8.1028781980865929],[-34.912126529672427,-8.1025312839702472],[-34.912168097807083,-8.1025034056991814],[-34.911924624185282,-8.1014424872191455],[-34.912003594354779,-8.1014295522997344],[-34.912302495232836,-8.1013628385320953],[-34.912520208102897,-8.1013062420816375],[-34.912635667247066,-8.1012743476766325],[-34.912612903877367,-8.1011816866402633],[-34.912641966600738,-8.1011755762887159],[-34.912531585309011,-8.1003345036236531],[-34.912684608182431,-8.1003305314288152],[-34.913084662712265,-8.0997319696102092],[-34.913406433502296,-8.0997014787852279],[-34.91765963366035,-8.0987309735620343],[-34.918565229031564,-8.0984924489977672],[-34.918664317727107,-8.098469225064445],[-34.918686006716641,-8.0984160230482498],[-34.918771300155996,-8.098400116350053],[-34.91902070436339,-8.098353602803261],[-34.919102813668566,-8.0983382896181446],[-34.919176486712573,-8.0983043065711939],[-34.919312376591542,-8.0982416243317896],[-34.919364043882823,-8.0982282407392034],[-34.919451865856672,-8.098167595436859],[-34.919484114587057,-8.0981351506732686],[-34.919513908145774,-8.0980907585489152],[-34.919577314894376,-8.0980486004163534],[-34.919671996820412,-8.0980218431485991],[-34.919746589416917,-8.0980609598167934],[-34.919795940737039,-8.0980918236473158],[-34.919849288167065,-8.0980780786074469],[-34.919656823019892,-8.0975208300704509],[-34.919102669937594,-8.0959163697202357]]]},"properties":{"NMNOME":"Sítio Grande / Dancing Days","BAIRRO":" ","ZEIS_TIPO":"ZEIS Planície","NOME_TIPO":"Sítio Grande / Dancing Days - ZEIS Planície"}},{"type":"Feature","geometry":{"type":"Polygon","coordinates":[[[-34.951172357544742,-8.0410948341659463],[-34.951260962058704,-8.0410467348042651],[-34.951728447393492,-8.0407925093372263],[-34.951733330325752,-8.0408026439991556],[-34.951904034950623,-8.0411390574316837],[-34.95251864096128,-8.040816624266558],[-34.952539230465398,-8.0408054301493781],[-34.95263075736478,-8.0409736764471731],[-34.952692781318511,-8.0410876891349261],[-34.952761709588664,-8.0412143952309236],[-34.952846937293273,-8.0413710616289382],[-34.95287841144566,-8.0414289164529915],[-34.952882147721631,-8.0414357857077228],[-34.952726398857273,-8.0415148119569029],[-34.952414767629101,-8.0416944852049248],[-34.95255745009954,-8.0419500514545259],[-34.952561802319011,-8.0419476467972348],[-34.952562955306398,-8.041950521605326],[-34.952848554182509,-8.0417934546875642],[-34.952994672228208,-8.0417130954955667],[-34.953024179169226,-8.0416968686176435],[-34.953282585308351,-8.042195688059989],[-34.953115104919959,-8.0422887703395887],[-34.953018941410832,-8.0423423918017427],[-34.952959167009666,-8.0423757215963114],[-34.952858929964144,-8.0424316152808544],[-34.952671497648609,-8.0425361281160708],[-34.952528197951359,-8.0426160327015364],[-34.952469730609224,-8.0426582954317638],[-34.952398910850555,-8.0427006575590045],[-34.952259099310872,-8.0427776841894278],[-34.952163565248235,-8.0428262344309598],[-34.952004338811712,-8.04287298095681],[-34.951868218614976,-8.0429010656906357],[-34.95184435613195,-8.0429055646246823],[-34.951902479997919,-8.0429879000938715],[-34.952035264662996,-8.0432118683053737],[-34.952108858971592,-8.043336471171207],[-34.952133479158199,-8.0433805646872774],[-34.952161036798145,-8.0434340445040249],[-34.952177980966709,-8.0434594146516272],[-34.95224134935323,-8.0435718632748365],[-34.952347526703065,-8.0437678094187408],[-34.952363047389873,-8.0437970818522686],[-34.952815665177205,-8.0446101137064474],[-34.951805518938912,-8.0451113145809163],[-34.951764498461174,-8.0451316670873947],[-34.951733800415795,-8.0446630209437764],[-34.951705250346656,-8.0442271543070483],[-34.95156218920706,-8.0433717207844211],[-34.951499641947628,-8.0433825374901744],[-34.951011429091416,-8.0434846783397926],[-34.95092123558198,-8.0435029418492867],[-34.950876292108632,-8.0432984928232933],[-34.950842876598429,-8.0431464806649213],[-34.950824856833137,-8.0430697159911411],[-34.95085769885614,-8.0430640507273115],[-34.950861475352276,-8.0430633990516576],[-34.950828401755878,-8.0429297699480671],[-34.950794323749577,-8.0427920828222721],[-34.950701637670619,-8.0424175996210501],[-34.950696465522562,-8.0423947816434538],[-34.951135650393226,-8.0422983329905513],[-34.95121407985318,-8.0422811089866766],[-34.951406512377019,-8.0422388491214178],[-34.951408665904381,-8.0422540702588137],[-34.951443805806129,-8.0425024391364506],[-34.95151353512658,-8.0424945301106661],[-34.951965648705787,-8.0424163179505417],[-34.951952518242699,-8.0423863063648415],[-34.951942528790084,-8.0423170379331488],[-34.951938259266541,-8.0422844004717611],[-34.951937460916078,-8.0422782992443249],[-34.951936979254477,-8.0422769662576119],[-34.951914194066362,-8.042213903432927],[-34.951895017877781,-8.0421589752359832],[-34.951878381707253,-8.0421113197679208],[-34.951877165039065,-8.0421078359326454],[-34.951853658926709,-8.0420085857603674],[-34.951853107191319,-8.0420062559438286],[-34.951450617162166,-8.0420629219419304],[-34.951384129681195,-8.0420700805489034],[-34.951369150666103,-8.0419586864390951],[-34.951355743184642,-8.0418589750811709],[-34.951321828605735,-8.0416067545301715],[-34.951258822771507,-8.0416193072770934],[-34.951111568628562,-8.0416505273631262],[-34.950848731604516,-8.04170625269259],[-34.950736937197938,-8.0417299552499006],[-34.950621527196276,-8.0417519192914053],[-34.950480894890156,-8.0417800502412788],[-34.950243578312765,-8.0418286594257733],[-34.950013914948592,-8.0418757006973731],[-34.949587943204492,-8.0419629518024891],[-34.949575477357151,-8.0419655052371066],[-34.949678280571135,-8.0419070669550532],[-34.949805241331831,-8.0418348954166454],[-34.949951195267161,-8.0417558858782954],[-34.950141760369796,-8.0416527280573789],[-34.950244756723372,-8.0415969728678345],[-34.950496238061653,-8.0414608380792814],[-34.9507016352294,-8.0413496504078381],[-34.951032954100626,-8.0411702979863104],[-34.951172357544742,-8.0410948341659463]]]},"properties":{"NMNOME":"Sítio Wanderley","BAIRRO":" ","ZEIS_TIPO":"ZEIS Planície","NOME_TIPO":"Sítio Wanderley - ZEIS Planície"}},{"type":"Feature","geometry":{"type":"Polygon","coordinates":[[[-34.915054913401555,-8.0550049982504568],[-34.915208996164239,-8.0549690889033236],[-34.915179600810447,-8.054848188245245],[-34.915178564852624,-8.0548439277077559],[-34.915142705833766,-8.054779209565055],[-34.915450752916733,-8.0546936314916699],[-34.915397849817872,-8.0545636897125394],[-34.915474425432798,-8.0545600376653113],[-34.915514928227708,-8.0545575160105845],[-34.915442276708241,-8.054328313434965],[-34.915485435975548,-8.0543197393293298],[-34.915476777967463,-8.0542647638449196],[-34.915704508153176,-8.0542333616290804],[-34.915622120247335,-8.0539634891385141],[-34.915964463584402,-8.0538637331490932],[-34.916133887062571,-8.0544758463391073],[-34.916159856994788,-8.0545580671369965],[-34.916245072453073,-8.0548278638106172],[-34.916310903464911,-8.055043600314173],[-34.916435595463057,-8.0554615114039851],[-34.916453158102044,-8.055520651822814],[-34.916566613698208,-8.0554841832486908],[-34.916844224624867,-8.0553949501588509],[-34.916983083554797,-8.0553466732032639],[-34.91700720143109,-8.0553382882816074],[-34.917145795650271,-8.0552888987110904],[-34.917175437354793,-8.0552783353827309],[-34.917193344809242,-8.0552719539598581],[-34.91723857340547,-8.0553979623928456],[-34.917315430151739,-8.0556272812143561],[-34.917384713752611,-8.0557914560751787],[-34.917453100074937,-8.0559856391516647],[-34.917498319134701,-8.0561095781596492],[-34.917547773551483,-8.0562510849911799],[-34.917657188670354,-8.056560948962403],[-34.917680360956219,-8.0566322272048456],[-34.91784849568716,-8.0571525001339843],[-34.917717842002325,-8.0571904101993628],[-34.917613156159298,-8.0572207854563338],[-34.917516887382789,-8.0572489045612645],[-34.917398467774959,-8.0572845721993467],[-34.917288847974227,-8.0573175886258426],[-34.917185065122098,-8.0573488473552377],[-34.91701196412393,-8.0574009840650298],[-34.916910943899886,-8.0574314098315387],[-34.916744132682574,-8.0574816519524681],[-34.916651188523254,-8.0575096459463786],[-34.916469079150566,-8.0575644951757095],[-34.916425886954997,-8.0575775049478651],[-34.916304031850252,-8.0576133420628313],[-34.916119679476076,-8.0576653728268752],[-34.915883868403583,-8.0577319291139045],[-34.91577924260843,-8.0577614583841779],[-34.915617395808241,-8.0578071385082399],[-34.915364152594265,-8.0578786136347169],[-34.915178912553195,-8.0579315648979133],[-34.914966699128982,-8.0579939250182502],[-34.914943269721988,-8.0580008104222554],[-34.914772276211195,-8.0580510569186998],[-34.914584451328928,-8.0581062512523882],[-34.914445627538107,-8.0581470445638352],[-34.914269083400221,-8.0581996076991267],[-34.914250790662955,-8.0581227183430215],[-34.91420224131879,-8.0578669772123117],[-34.914355118376236,-8.0578219018193273],[-34.914359085009245,-8.0578207324225399],[-34.914346790848754,-8.0577679635283701],[-34.914343898451449,-8.0577454504567765],[-34.914316173899493,-8.0576237996994546],[-34.91428380529706,-8.0574769119578793],[-34.914253348994123,-8.0573516658194251],[-34.914240415323825,-8.0572957971505037],[-34.914233013109737,-8.057261553195076],[-34.914207874226307,-8.0571679669736618],[-34.914206179157866,-8.0571608843082902],[-34.914201946800347,-8.0571439221171701],[-34.91417844416042,-8.0570497234315894],[-34.914151274539584,-8.0569471060334692],[-34.914125327033418,-8.0568422263789312],[-34.91412450501376,-8.0568389023541354],[-34.914124365395871,-8.0568383388695466],[-34.914098626349926,-8.0567359281413911],[-34.914089637320671,-8.0567002568344233],[-34.9140670821876,-8.0566200486285453],[-34.914029003474248,-8.0564136502885066],[-34.914018514335396,-8.0563697183061471],[-34.914011050524664,-8.0563327787033518],[-34.913515018867905,-8.0564506423890414],[-34.913076863176606,-8.056548977108859],[-34.912924390645138,-8.0565862787163418],[-34.91267426042981,-8.0566334227510747],[-34.912671392645791,-8.0566263645284124],[-34.912646309408437,-8.0565646298937583],[-34.912646771375904,-8.0565646855990316],[-34.912687885249447,-8.0564614041284734],[-34.912720201023241,-8.0564044220179341],[-34.912754326385766,-8.0563474323694013],[-34.912798259400844,-8.0562588233865196],[-34.912846177484987,-8.056178963439331],[-34.912882377018356,-8.0561535874160697],[-34.912908989842826,-8.0561234374451125],[-34.912922675665506,-8.0561079330663983],[-34.912846062515236,-8.0560136709805743],[-34.912849066100549,-8.056007346592482],[-34.91291241722584,-8.0559201396384932],[-34.912960343023109,-8.0558492723934361],[-34.912961080164791,-8.0558329804086029],[-34.912961696509932,-8.0558193595964251],[-34.912910251534747,-8.0557118141961599],[-34.912878008066137,-8.0556532166264905],[-34.912804172125256,-8.0555055546796765],[-34.912768705076338,-8.0554307622354759],[-34.912776425855157,-8.0554272211610201],[-34.912899019801031,-8.055358079571203],[-34.912883618670016,-8.0553293406541293],[-34.912821606971498,-8.0552136292670937],[-34.912872142897555,-8.0551793771789963],[-34.913057159568901,-8.0552398938412964],[-34.913167277889926,-8.0552454084364431],[-34.913180480589304,-8.0552369390353515],[-34.913183689265288,-8.0552441556843135],[-34.913200075714229,-8.0552372092446856],[-34.913296725268559,-8.0552468829600397],[-34.91333491168934,-8.0552465239846729],[-34.913334090506815,-8.0552261872527069],[-34.91336793491724,-8.055228379011373],[-34.913377311031667,-8.0552161312889634],[-34.913486699862077,-8.0551957314628737],[-34.913586662887184,-8.0551770029101188],[-34.913743776348106,-8.0551472348028259],[-34.913984900575066,-8.0550901903802661],[-34.914064970124812,-8.0552357038129347],[-34.915054913401555,-8.0550049982504568]]]},"properties":{"NMNOME":"Sítio do Berardo","BAIRRO":"PRADO","ZEIS_TIPO":"ZEIS Planície","NOME_TIPO":"Sítio do Berardo - ZEIS Planície"}},{"type":"Feature","geometry":{"type":"Polygon","coordinates":[[[-34.961650339815883,-8.0929242050324106],[-34.961695431546254,-8.0929638709246046],[-34.961805221356805,-8.0930312664612707],[-34.961875681397778,-8.0930803272267866],[-34.961929478832317,-8.0931006518267878],[-34.962084377609209,-8.0930999073371392],[-34.962144360712514,-8.0931181436784794],[-34.962262576311709,-8.0931184767673088],[-34.962352018819878,-8.0931245350970222],[-34.962426230319927,-8.0931311303991524],[-34.962487144528815,-8.0931173972207358],[-34.962512348509946,-8.0931155231217957],[-34.962569396509821,-8.0931508941838448],[-34.962619056597973,-8.0931877291360568],[-34.962634765281329,-8.0932095991401081],[-34.962643172721222,-8.0932504628337281],[-34.962648332637819,-8.0932885233494574],[-34.962658911573079,-8.0932973022278123],[-34.962664519367948,-8.0933019563755586],[-34.962703755980144,-8.0933083409850202],[-34.962744778099164,-8.0933052218919457],[-34.962777722788729,-8.0932984911273937],[-34.962798873106863,-8.0932775757583961],[-34.962820382826145,-8.0932551977349583],[-34.962843791195802,-8.0932466866633046],[-34.962879305603316,-8.0932410383258944],[-34.962910030411713,-8.0932406573420863],[-34.962927302226916,-8.0932404422990434],[-34.962965041100993,-8.0932402608248211],[-34.96298964082991,-8.0932507324329475],[-34.963012093880195,-8.0932718033603948],[-34.963037130806619,-8.0932968785015085],[-34.963059620990215,-8.0933256172973458],[-34.96306299262978,-8.0933409380886534],[-34.963055363859162,-8.093354484720269],[-34.963027315063634,-8.0933885788924478],[-34.963003202030464,-8.0934029361624287],[-34.962972877485591,-8.0934209747115116],[-34.962935951105493,-8.0934375840800961],[-34.962915184945039,-8.0934621490190164],[-34.962904677402484,-8.093486665530774],[-34.962903378833253,-8.0935056827931202],[-34.962902282695815,-8.0935217311248202],[-34.962917516756953,-8.0935654765956908],[-34.962923572185105,-8.0936052495624597],[-34.962945396617755,-8.0936478676444406],[-34.962963180771887,-8.0936747739869048],[-34.962972341977519,-8.0936886349406088],[-34.963035413129717,-8.0937745081495986],[-34.963061347488605,-8.0938335382498714],[-34.963087667787853,-8.0938965840353418],[-34.963107254588714,-8.0939287630868417],[-34.963124233481842,-8.0939566586908231],[-34.963158552582016,-8.0940068847075164],[-34.963164221210526,-8.0940426419784917],[-34.963164373287334,-8.0940740448140946],[-34.963158392455263,-8.0941392221725703],[-34.963160092750904,-8.0941737527652791],[-34.96317164800535,-8.0942142288253063],[-34.963202706894222,-8.0942721394660886],[-34.963242629255909,-8.0943446131054415],[-34.96328000167972,-8.0943914315589147],[-34.963317482635752,-8.0944421142466929],[-34.96335845054876,-8.0945032624739426],[-34.963368052286043,-8.0945189185187694],[-34.963427584874658,-8.0945929847257254],[-34.963481070180343,-8.0946370270829817],[-34.963529779494252,-8.0946992563341276],[-34.963575410810861,-8.0947399345642701],[-34.963631264537391,-8.0947728946528024],[-34.963664294217359,-8.0947836908661053],[-34.963694326623376,-8.0947809897505358],[-34.96373676169862,-8.094766909502134],[-34.963787940880245,-8.0947425634153021],[-34.963840912614536,-8.0947101754201327],[-34.963914782288214,-8.0946802416721582],[-34.963986908027671,-8.094668575150969],[-34.964035246493893,-8.0946628649774048],[-34.964120907154047,-8.0946602595595181],[-34.964231070967195,-8.0946397501678859],[-34.964294146120494,-8.094636508483525],[-34.964351417011507,-8.0946520987016193],[-34.964407565600986,-8.0946794467972385],[-34.964451294059991,-8.0946992155493689],[-34.964507471138724,-8.0947324397330043],[-34.964522274516995,-8.0947452962110304],[-34.964579081107168,-8.0947867440903138],[-34.964668453106526,-8.0948562402512483],[-34.964705129735698,-8.0948807439080213],[-34.964763055805086,-8.0949098462569662],[-34.96485822730812,-8.0949593361276779],[-34.964901378482949,-8.094981458094539],[-34.965087228176216,-8.095092723527662],[-34.964265825041728,-8.0973714001698518],[-34.962919108956712,-8.0972190211871755],[-34.963097439510811,-8.0975041113000508],[-34.963220376923324,-8.0977316998118507],[-34.963290386857885,-8.0979068800445049],[-34.96326014399866,-8.0982507407372175],[-34.962894536564072,-8.099531033830889],[-34.9622457352758,-8.0993475240081416],[-34.960718209239914,-8.0989154656416833],[-34.96068651880659,-8.0986466844140512],[-34.960661851398804,-8.0978940086956701],[-34.96056677087806,-8.0971760943790692],[-34.960524363215463,-8.0967916692328963],[-34.960835111112274,-8.0967677269363207],[-34.961327915182714,-8.0968147469928855],[-34.96136708292137,-8.0968400010843951],[-34.96147070866656,-8.09684099913785],[-34.961548768887205,-8.0968346373393683],[-34.961667383146739,-8.0968295776481138],[-34.961833965541196,-8.0968063276637849],[-34.962014151051271,-8.0968009718343588],[-34.962184736306938,-8.096833860426333],[-34.962211064567626,-8.0968389365565212],[-34.962280580167892,-8.0966186009091441],[-34.962358917792322,-8.0963593112232903],[-34.96231706670806,-8.0960901235269098],[-34.962260733936255,-8.0959876676315083],[-34.962128824173639,-8.0958303257125621],[-34.961901703324735,-8.0955982399222712],[-34.961679676007861,-8.0953359047326572],[-34.961488734158451,-8.0950668267959927],[-34.961509644663749,-8.0949565836329693],[-34.961578465341049,-8.0945925770509355],[-34.96170660872761,-8.094074135011228],[-34.96174404189621,-8.0938448599372741],[-34.961702826717158,-8.0938049132742709],[-34.961598191543239,-8.0937034975107505],[-34.961502779619522,-8.0935378325469465],[-34.961376388826707,-8.0932590837084533],[-34.961650339815883,-8.0929242050324106]]]},"properties":{"NMNOME":"Tejipió","BAIRRO":"TEJIPIÓ","ZEIS_TIPO":"ZEIS Morro","NOME_TIPO":"Tejipió - ZEIS Morro"}},{"type":"Feature","geometry":{"type":"Polygon","coordinates":[[[-34.901650763766391,-8.0298015307280597],[-34.901652423347883,-8.0297609247921393],[-34.901648028363468,-8.0297099572482651],[-34.901696131747038,-8.0296733016698081],[-34.902274991281047,-8.0292961189110681],[-34.902279044795499,-8.0293019657853684],[-34.902294801358472,-8.0293246927125956],[-34.902378893311692,-8.0294459846795618],[-34.90249686722116,-8.0296161450190624],[-34.902694685629712,-8.0298664589425996],[-34.902769983758397,-8.0299636997505122],[-34.902927335416742,-8.0301700042327155],[-34.903023939239368,-8.0302828989421808],[-34.903050256907321,-8.0303066989128684],[-34.903182132953056,-8.0302235687426968],[-34.903199442296163,-8.0302534703729922],[-34.903236084882323,-8.0303193766910219],[-34.903254020177606,-8.0303516350468449],[-34.90327188496142,-8.0304104291242631],[-34.90329108815915,-8.0304510325164813],[-34.903362696187671,-8.0306480517811583],[-34.903455753316926,-8.0308527585185079],[-34.903444767437783,-8.0308586189208846],[-34.903278825557955,-8.0309471296676893],[-34.903248255146373,-8.0309070553269031],[-34.903075399554609,-8.0307674573927397],[-34.902969583242992,-8.0306756810630269],[-34.902914929735097,-8.0306282803102178],[-34.902879892626409,-8.030597635264483],[-34.902876701672795,-8.0305939306767087],[-34.902875799245088,-8.0305945297306476],[-34.90270518353168,-8.0304512669596662],[-34.90270451932318,-8.0304506263331898],[-34.902582445318423,-8.0303328896126942],[-34.902581859412116,-8.0303323128128561],[-34.902467105089428,-8.0303509313480248],[-34.902359292000924,-8.0304113853144372],[-34.902263113674955,-8.0304300128140511],[-34.902164991707046,-8.0304299639242434],[-34.902121675419366,-8.0304299427393762],[-34.902027414364966,-8.0304249550988231],[-34.90198602741517,-8.0304039053050555],[-34.901979138529832,-8.0304004013339547],[-34.901977769110871,-8.0303965463748295],[-34.901936883822188,-8.0304425510820003],[-34.901860685704328,-8.0303230361166573],[-34.901801261944108,-8.0301861052771617],[-34.901796204976705,-8.0301696754503524],[-34.901759483500953,-8.0301754522829629],[-34.901747650335501,-8.0301189202156973],[-34.901705012588216,-8.0299152237645934],[-34.901686863154694,-8.029919954600901],[-34.901650763766391,-8.0298015307280597]]]},"properties":{"NMNOME":"Tamarineira","BAIRRO":"TAMARINEIRA","ZEIS_TIPO":"ZEIS Planície","NOME_TIPO":"Tamarineira - ZEIS Planície"}},{"type":"Feature","geometry":{"type":"MultiPolygon","coordinates":[[[[-34.936193086511906,-8.0519093115869467],[-34.93630436191593,-8.0515066299261466],[-34.93639657219731,-8.0511823301998913],[-34.936455382900256,-8.0509754971966139],[-34.936550577175431,-8.0506236884226539],[-34.936581901095558,-8.0505059919342976],[-34.936616949117081,-8.0503743021081142],[-34.936656276137064,-8.0502457553709021],[-34.936697110832355,-8.0501122789482231],[-34.936736110916833,-8.0499848014438022],[-34.937031586238227,-8.0503592370771351],[-34.937170662444274,-8.0505357306429968],[-34.937277524849094,-8.0506697193884325],[-34.93728630423611,-8.0506763923392572],[-34.938312779258943,-8.0521058637187934],[-34.938335743834983,-8.052078319029464],[-34.938344363282106,-8.0520744306563952],[-34.938554716419148,-8.0520140404704748],[-34.938781576286523,-8.0519489108890863],[-34.938825815649487,-8.0519659240134409],[-34.938877775997334,-8.051789628738403],[-34.938883112432755,-8.0517801380914324],[-34.938884662178573,-8.0517773806404165],[-34.938905825139052,-8.0517183490749105],[-34.939058248732771,-8.0517592205116983],[-34.939095888580454,-8.0517724777268356],[-34.93926959957264,-8.0518222211757564],[-34.939268665192834,-8.0518260108584077],[-34.939275877844246,-8.051827856288476],[-34.939229807098052,-8.0519835384695728],[-34.93922075149063,-8.0520141391386026],[-34.939193809199487,-8.0521247253826704],[-34.939151288504561,-8.0522992484090921],[-34.939130872911242,-8.0523830438627719],[-34.939125219056407,-8.0524257129171701],[-34.939113458895541,-8.0524765852751319],[-34.939116679230338,-8.0525042810573719],[-34.939118424153534,-8.0525192845940836],[-34.939119531618438,-8.0525236567792842],[-34.939147792258709,-8.0526352143031357],[-34.939234915881478,-8.0529791278358509],[-34.939239140124826,-8.0530184015819799],[-34.939241275718729,-8.0530182884238517],[-34.939274606321796,-8.0531516340139628],[-34.93931683667293,-8.0533336867118557],[-34.939353043016524,-8.0534897682481894],[-34.939422475575228,-8.0537873340936716],[-34.939467076558763,-8.0539749707075519],[-34.939508986882807,-8.0541512886437872],[-34.939568794256971,-8.0544054683695272],[-34.939593346088337,-8.0545261317667443],[-34.939801389523744,-8.0553821571259707],[-34.939818705446839,-8.0554490166218073],[-34.939866973137335,-8.0556388967814829],[-34.939919305427985,-8.0558447675432596],[-34.939933813689166,-8.0559018421959756],[-34.939974656755446,-8.0560723989854157],[-34.94002151822697,-8.0562680834228892],[-34.940070187157616,-8.0564781572140145],[-34.940087076251054,-8.0565515477532212],[-34.940132782593075,-8.0567501549881833],[-34.940154557646906,-8.0568447748383765],[-34.9403623641659,-8.0576671018875849],[-34.940577155195747,-8.0585584641422834],[-34.940629138384161,-8.0587732719098142],[-34.940739442382053,-8.0592290739483232],[-34.940783769100662,-8.0593902000988962],[-34.940832301791254,-8.0595731689828511],[-34.940855788574822,-8.0596602869276914],[-34.94088564102168,-8.0597703828194849],[-34.940911219476753,-8.0598721346660813],[-34.940944327135803,-8.0600259214684655],[-34.940963481349655,-8.0601106641772233],[-34.940990035176959,-8.0602101756708855],[-34.94102745310942,-8.0603504029725475],[-34.941066742156956,-8.0605438501029916],[-34.941091039948951,-8.0606653849930261],[-34.94112330288884,-8.0608268809702839],[-34.941142251451396,-8.0609287735623969],[-34.941170964635951,-8.0610890405572473],[-34.941219388917638,-8.0612558191644084],[-34.941236344513669,-8.0613177314046052],[-34.941268693861694,-8.0614434843853573],[-34.941291073411612,-8.0615336496270587],[-34.941324895743385,-8.0616934114235175],[-34.941385286116628,-8.0619327710326676],[-34.941422892482855,-8.0620700058231929],[-34.941442155820823,-8.0621693872293427],[-34.941480310570363,-8.0623662343023188],[-34.941498648559623,-8.0624513189083462],[-34.941549912165243,-8.0626847811682527],[-34.94156740895847,-8.0627644635279889],[-34.941624331502155,-8.0630333793008333],[-34.941680192731823,-8.0633096798381079],[-34.94170684044191,-8.063441487031012],[-34.941732201488051,-8.0635669276652333],[-34.942322414181234,-8.0636041539103989],[-34.942827984182045,-8.063736790901288],[-34.94264697502603,-8.0637988390010769],[-34.942503421222106,-8.0638470293480822],[-34.942194357566798,-8.0639489401179709],[-34.941808476468438,-8.064076181075972],[-34.94133125323021,-8.0642306036595333],[-34.94119801221661,-8.0642762423333973],[-34.940915218946252,-8.0643753400512921],[-34.94061949487071,-8.0644778411411124],[-34.940309303042945,-8.0645764508390201],[-34.940135849570915,-8.0646315923268865],[-34.939941389769999,-8.0646934102101664],[-34.939739309201876,-8.0647576517023136],[-34.939567306479127,-8.0648123313765225],[-34.939425394315911,-8.0648574455888511],[-34.93919321102706,-8.0649198169601881],[-34.938983947656105,-8.064976030708733],[-34.938849183374138,-8.0650017669170708],[-34.938767243760836,-8.0650075845031921],[-34.938599781683358,-8.0650057390906102],[-34.938451010608162,-8.0650074114173993],[-34.938334094276286,-8.0650091851783952],[-34.938299362334526,-8.065011200130721],[-34.938289659151032,-8.0650117622611308],[-34.938292537412536,-8.0648885824002328],[-34.938292849595811,-8.0648373925927199],[-34.938293400325726,-8.0647469739343318],[-34.938284783302244,-8.0646659257616111],[-34.938248227423855,-8.0645529674714158],[-34.938212011523227,-8.0644885244235613],[-34.938154565904831,-8.0643987056286992],[-34.938051839564871,-8.0642483659216069],[-34.937942420930206,-8.0640593869948596],[-34.937803446796963,-8.0638193630898272],[-34.937583039360369,-8.063455368218591],[-34.937226788713261,-8.0629173398478287],[-34.937180933712732,-8.0629729841325801],[-34.937121499422815,-8.0630640320402254],[-34.937073813074853,-8.063145803062131],[-34.937047107731971,-8.0631952002007772],[-34.937007611459791,-8.0632443865986509],[-34.936951586516983,-8.0633275531200592],[-34.936920220288009,-8.0633666064230667],[-34.936893285357129,-8.0634184672842153],[-34.936833434643006,-8.0635066657644892],[-34.936759786579557,-8.0636237235538868],[-34.936790347077547,-8.0636410272955228],[-34.936958609796413,-8.0637254061978538],[-34.93678786102295,-8.0639315329277395],[-34.936913687598562,-8.064017253365078],[-34.937014512065247,-8.0637984479010925],[-34.937354505759657,-8.0639354314222409],[-34.937123816272717,-8.0644463176351824],[-34.937095109299968,-8.0645283714081604],[-34.937006758090099,-8.0644809693363531],[-34.93697578988359,-8.0644643546362715],[-34.936866343736028,-8.0644240677254047],[-34.936627971182901,-8.0643363236403154],[-34.936364047502657,-8.0642391732612797],[-34.936359171520358,-8.0642373782591807],[-34.936153678822457,-8.064161736481525],[-34.936045568557823,-8.0641219420361363],[-34.935982600090114,-8.0640955980827691],[-34.935762783110235,-8.0640036341868306],[-34.935514716761567,-8.0638998511289053],[-34.935307755093305,-8.0638149203100955],[-34.935172338633159,-8.0637598169688882],[-34.93513010086464,-8.0637426306319799],[-34.935024400106805,-8.0636996187104746],[-34.934910891465876,-8.0636534306264576],[-34.934867459839403,-8.0635427327573801],[-34.934731936524869,-8.0631701558325446],[-34.93464516978392,-8.0629506842699161],[-34.934604484499452,-8.0628446509426919],[-34.934565419851978,-8.0627406422673751],[-34.934516717014851,-8.0626109732170086],[-34.934425931827555,-8.0623782589506892],[-34.934391412092602,-8.0622897721815114],[-34.934334004465327,-8.0621380409557357],[-34.934247910761563,-8.0619150139919],[-34.934226395293457,-8.0618656999493954],[-34.934198825324287,-8.0618025110329921],[-34.934245706592236,-8.0617766362938532],[-34.934342949540031,-8.0617229673398416],[-34.934441297029821,-8.0616694350906499],[-34.934323983677174,-8.0614762401259608],[-34.934233955915879,-8.0613340957269273],[-34.934174450160057,-8.0612401406884828],[-34.934106391793676,-8.0611326832664272],[-34.934013956021019,-8.0609920924632448],[-34.93398901239798,-8.0609543429580395],[-34.933889572342487,-8.0608038486989138],[-34.933857910083759,-8.0607548546133145],[-34.933723149291346,-8.060539632114736],[-34.93367135201084,-8.0604569087106093],[-34.933600047000205,-8.0603388438157904],[-34.933548642070441,-8.0602537291160665],[-34.933505883424168,-8.0601829300028633],[-34.933478702699666,-8.0602001141278041],[-34.93346032055215,-8.0602117356814169],[-34.933392063454704,-8.0602514410209398],[-34.933286623711993,-8.0600666135073578],[-34.933217397760401,-8.0599452669206464],[-34.933134946292576,-8.0598007367278868],[-34.933009539986713,-8.0595809096503093],[-34.932826262336924,-8.0593922722752946],[-34.9326737589681,-8.0592616466387756],[-34.93262385990294,-8.0592168030125499],[-34.932553613521222,-8.0591536731565032],[-34.932532069297395,-8.0591316588288233],[-34.932480269655812,-8.0590787301314606],[-34.932673080212595,-8.0589353844695335],[-34.932427963977105,-8.0584543359916836],[-34.932372505761663,-8.0583521887447063],[-34.932302274464803,-8.0582264357162465],[-34.932258645994054,-8.0581519157585362],[-34.932200880440405,-8.0580532454915677],[-34.932163423891232,-8.0579892666412558],[-34.932114889240722,-8.0579063647750964],[-34.932029342552248,-8.0577602431451432],[-34.932000693489549,-8.0577113078308962],[-34.931931946177514,-8.0575933415531082],[-34.931886942601018,-8.0575161167393965],[-34.931860587027828,-8.057470890788478],[-34.931841688473575,-8.0574384636706995],[-34.931815031446767,-8.0574002464702907],[-34.931908076885854,-8.0572922688088831],[-34.932026894766061,-8.057156895236778],[-34.932126792296572,-8.0570434048768345],[-34.932171763988954,-8.0569923145090421],[-34.932210800011326,-8.0569479665317072],[-34.932280649275278,-8.0568686129585814],[-34.932317650852553,-8.0568244870172254],[-34.932348508968595,-8.0567872780261975],[-34.932425155471606,-8.0566948559273008],[-34.932508101814172,-8.0565948380902483],[-34.932553644861528,-8.0565399226633101],[-34.932573877429384,-8.0565134099009317],[-34.932666592565404,-8.0563919144709608],[-34.932690495896175,-8.0563605911031093],[-34.932761198028587,-8.0562679420511127],[-34.932802377972763,-8.0562139792589136],[-34.932838918053484,-8.056166096410017],[-34.932858029460284,-8.0561374842861753],[-34.932952243575578,-8.0559964388034633],[-34.932983781567501,-8.0559492241204769],[-34.933032905202609,-8.0558756827214335],[-34.933059476865331,-8.0558359028917401],[-34.93308478310059,-8.0557888477673227],[-34.93313580207198,-8.0557333776262574],[-34.93319073751492,-8.0556736499043211],[-34.933265581178929,-8.0555915252855321],[-34.933369416699321,-8.0554725313171343],[-34.933419651351173,-8.0554152287203689],[-34.933510546515066,-8.0553151543302928],[-34.933597186940702,-8.0552218469525627],[-34.933690769624462,-8.0551198523144798],[-34.933729060258997,-8.0550754300347513],[-34.933743159214124,-8.0550590733907761],[-34.933749283582031,-8.0550519675715826],[-34.933778260608008,-8.0550889893919333],[-34.933846876345285,-8.0551723885310782],[-34.933862065615038,-8.055195970590546],[-34.933874571956117,-8.0552153876642993],[-34.933913614156019,-8.0552415811523623],[-34.933926273930958,-8.0552503269428684],[-34.933948783148125,-8.0552589810807333],[-34.933969812099654,-8.05526191862816],[-34.933984613825707,-8.0552592758834081],[-34.934015216827454,-8.0552484411114342],[-34.934041304060237,-8.0552335159943151],[-34.934136853298952,-8.0551772155790378],[-34.934194866842404,-8.0551430326847253],[-34.934269480644787,-8.0550983396022939],[-34.934350793574879,-8.0550495358178065],[-34.934412675549197,-8.0550132137424875],[-34.934448889454821,-8.0550745439346105],[-34.934497791004183,-8.0551573615024274],[-34.934515374459671,-8.0551871394723253],[-34.934546953596772,-8.0552407066998963],[-34.934552954401759,-8.0552509430246086],[-34.934605375041819,-8.0553403634535634],[-34.934637779585358,-8.0553956381490472],[-34.934686748103147,-8.0554791686582039],[-34.934734090704907,-8.0555599268608784],[-34.934772943290199,-8.0556262014800915],[-34.93483528431598,-8.0557325423377097],[-34.934877940953321,-8.0558058316269161],[-34.934990661916856,-8.0560012010222035],[-34.935020470628324,-8.0560528662704485],[-34.935048138264001,-8.0561008205322597],[-34.93504861019354,-8.0561016373781431],[-34.935073053861082,-8.0561440035240288],[-34.935087899665078,-8.0561687741558963],[-34.935212661680026,-8.056095215541907],[-34.935274678358056,-8.0560792203358762],[-34.935263659836743,-8.0560617788956215],[-34.935259308183888,-8.0560542424468409],[-34.935249201873951,-8.0560367370330379],[-34.93522755248825,-8.0560038331021939],[-34.935209480362531,-8.0559787079441474],[-34.935195239616959,-8.0559589094700907],[-34.935187137211955,-8.0559464057675605],[-34.935185882604998,-8.055939505620124],[-34.935186448412338,-8.0559362167136275],[-34.935187071588821,-8.0559325930364309],[-34.935191023968386,-8.0559259675571955],[-34.935247832045462,-8.055837194381068],[-34.935259217266612,-8.0557636193651962],[-34.935385085793136,-8.0553416466994658],[-34.93594235654939,-8.0555819056507705],[-34.935947274268294,-8.0555682673868709],[-34.936033288143541,-8.0553297128028998],[-34.936118694692333,-8.0551534774993296],[-34.936138565086537,-8.0551124743608664],[-34.9362047296949,-8.0550024162125062],[-34.936261114466561,-8.0549086229549598],[-34.936292118470327,-8.0548609983962915],[-34.936348014275801,-8.0547809409197217],[-34.936463613182681,-8.054615374620381],[-34.936561725149566,-8.0544758643327761],[-34.936613132006052,-8.0544055854867178],[-34.9366055703032,-8.0544020682632329],[-34.936308800356187,-8.0542640273771191],[-34.935960280357172,-8.0541375799925259],[-34.935591756635652,-8.0540116343916228],[-34.93560201799454,-8.0539762519250306],[-34.93577841173682,-8.0533680074104108],[-34.935901510098212,-8.0529509623480813],[-34.935991514562758,-8.0526336776004346],[-34.936193086511906,-8.0519093115869467]]],[[[-34.93607217154959,-8.0472761428522279],[-34.936081901126862,-8.0471157810901541],[-34.936927113710638,-8.0471432620552985],[-34.936928282398846,-8.047187268573806],[-34.936941589992422,-8.0474120764105681],[-34.937150717442989,-8.047381428446263],[-34.937266297324072,-8.0481734827165479],[-34.93735902055861,-8.0488088936607962],[-34.937606581325838,-8.0495322628600459],[-34.937779030887334,-8.0499139253359591],[-34.937159938872185,-8.0504988253843237],[-34.936739458402926,-8.0499682857656119],[-34.936673537983211,-8.0499058456337558],[-34.936441598735364,-8.0497318467363179],[-34.936185662560888,-8.0494997850254109],[-34.936202921844746,-8.0494096046964714],[-34.936950765427575,-8.0489091319460311],[-34.936652394705121,-8.048371872415764],[-34.936515271869958,-8.0481249597144568],[-34.936469854337375,-8.0480620258525661],[-34.936267850999734,-8.0481777936784056],[-34.936189097775632,-8.048220743415273],[-34.936188194762707,-8.0480305835803598],[-34.935893403558886,-8.0479543908954074],[-34.935933453266841,-8.0477548770947536],[-34.935945004413512,-8.0476973374412868],[-34.936041275278569,-8.0474340758113758],[-34.93607217154959,-8.0472761428522279]]]]},"properties":{"NMNOME":"Torrões","BAIRRO":"TORRÕES","ZEIS_TIPO":"ZEIS Planície","NOME_TIPO":"Torrões - ZEIS Planície"}},{"type":"Feature","geometry":{"type":"Polygon","coordinates":[[[-34.954919906574112,-8.1219935847209292],[-34.955425075442136,-8.1202345780959426],[-34.955447374670761,-8.1202400425345154],[-34.956044157760388,-8.1203862810933618],[-34.956448768484087,-8.1204854282832066],[-34.9597271876519,-8.1212887642937339],[-34.959784155252386,-8.1213027230630832],[-34.959524735720883,-8.1219701127195147],[-34.959488179346835,-8.1220253727933915],[-34.959486411464582,-8.1220280455113123],[-34.959227079002773,-8.1224200663148096],[-34.959206492794074,-8.1224763975911749],[-34.959198285345188,-8.1224988554787743],[-34.959199646973374,-8.1225498999990755],[-34.959201955393794,-8.1225711356036925],[-34.959202061760536,-8.1225721168776843],[-34.959210137876788,-8.1226464035396031],[-34.959235609770893,-8.1227317360354014],[-34.959275220953209,-8.1228188401407859],[-34.959333992869574,-8.1229243684659629],[-34.959367966248564,-8.1230401794371332],[-34.959395186416941,-8.1231415962809788],[-34.959367568236004,-8.123187786484749],[-34.959372348236968,-8.1232549064212787],[-34.959378097039242,-8.1232760006906375],[-34.95938320389147,-8.1232947367028494],[-34.959409200058907,-8.1233901258812615],[-34.959436960909507,-8.1234604863764162],[-34.959437388935477,-8.1234615718730048],[-34.959526475209891,-8.123574343705295],[-34.95953529617735,-8.1235839138512311],[-34.959536399843074,-8.1235856994346261],[-34.959551099645665,-8.1236066990433251],[-34.959581486780216,-8.1236340254723451],[-34.959593955792414,-8.1236475530982215],[-34.959611004925215,-8.1236660498537585],[-34.959642443509026,-8.1237186146815308],[-34.959662950068385,-8.1238134046767296],[-34.959666662801261,-8.1238899633803534],[-34.959683287678885,-8.1239791959636918],[-34.959699213549392,-8.1240857198427321],[-34.959755807456105,-8.124211593970923],[-34.959808497660291,-8.1242931591720478],[-34.959824793847972,-8.1243183855845178],[-34.959875535350534,-8.1243702191021594],[-34.9598950728492,-8.1243901774260401],[-34.959902519756959,-8.1244035556611269],[-34.959952293339562,-8.1244929728995725],[-34.959958192661198,-8.1245035705365094],[-34.960004095138345,-8.1246084898852473],[-34.960014490620232,-8.1247282501873457],[-34.960016282450688,-8.1247452772512805],[-34.960016502125576,-8.1247473600010505],[-34.960017020453563,-8.1247522836081991],[-34.960022557585077,-8.1248048918454572],[-34.960031211335874,-8.1248871022629547],[-34.960064780663288,-8.1249786316533488],[-34.960110775344354,-8.1250492576373858],[-34.96014018047542,-8.1250944109339969],[-34.960217736656197,-8.1251490523418877],[-34.9603406148088,-8.1251888045144209],[-34.960415836566796,-8.1251953794723359],[-34.96047317137343,-8.1252003907807033],[-34.960556773005841,-8.1252366645493286],[-34.960583640364803,-8.1252694121666753],[-34.960595012450533,-8.125283273195766],[-34.960619715095149,-8.1253133824145927],[-34.960651381162464,-8.1254063845297164],[-34.960617576557937,-8.1254717774848917],[-34.96049426853881,-8.1257553296136837],[-34.96048007664465,-8.1258088854551005],[-34.960460534083232,-8.1258826388977052],[-34.960476745559575,-8.1259438310152365],[-34.960488029458041,-8.1259864228001017],[-34.960586522760067,-8.1260719282456773],[-34.960611514831449,-8.1261065137578417],[-34.960704158300615,-8.1262310303919119],[-34.960728702638065,-8.1262640188078237],[-34.960743292196753,-8.1263033780686058],[-34.960767149717526,-8.1263677371976293],[-34.960720998923236,-8.1264645417497388],[-34.960666670848852,-8.1265916890889383],[-34.960617658820389,-8.1266799344453684],[-34.960614178319183,-8.1266861999401616],[-34.960580058662863,-8.1267476320355119],[-34.960581689803853,-8.1268307577001462],[-34.960572205929651,-8.1269458703002044],[-34.960566009984625,-8.1271389177250555],[-34.960523593022664,-8.1272467073241152],[-34.960466579636574,-8.1273802410895524],[-34.960414348576279,-8.1274880780152703],[-34.960364309334253,-8.1275421113903779],[-34.960229945985525,-8.1276637928262687],[-34.960144525015671,-8.1277583413053414],[-34.959984157534372,-8.1278715407281972],[-34.959971796600463,-8.1278836719487728],[-34.95984991570765,-8.1279773773262232],[-34.95979332496578,-8.1280588120100248],[-34.959709874577385,-8.1281932217464163],[-34.959581657159752,-8.1283173179512556],[-34.959458251752949,-8.1284218302548652],[-34.959349576945819,-8.1285168342717178],[-34.959269428613133,-8.1286162932886334],[-34.959207913608886,-8.1286626586985289],[-34.959121259724583,-8.1287559907453879],[-34.959024968804599,-8.1288860460826129],[-34.958923261004259,-8.1290458640660841],[-34.958757602804454,-8.1292549981824376],[-34.958609448282814,-8.1294712079090132],[-34.958579198891442,-8.1295667722803735],[-34.958560971863186,-8.1296243533781194],[-34.958559440326553,-8.1297615396339271],[-34.958570825481388,-8.1298552770043333],[-34.958564146737167,-8.129995903522639],[-34.958534632949409,-8.1302344444478933],[-34.958490019272787,-8.1304458773105299],[-34.958485516204355,-8.1304902629172329],[-34.958431818705932,-8.1307899810013122],[-34.958437361937648,-8.1309649599650395],[-34.958427234598183,-8.131064785748956],[-34.958379931705913,-8.1312217939736104],[-34.958375718849304,-8.1313648540424577],[-34.958376335740795,-8.1315665349403154],[-34.958373829218722,-8.1315912390381087],[-34.958363927389108,-8.1318519157821942],[-34.958363922520668,-8.1318520342347913],[-34.958361249384708,-8.1319224093780793],[-34.958358304656549,-8.132074020966602],[-34.958334420126519,-8.1322086173115871],[-34.958299448001291,-8.1323244558547589],[-34.958261972246284,-8.1324485883675912],[-34.958252858268978,-8.1325928934198295],[-34.958258821065989,-8.1327249447814616],[-34.958264078883026,-8.1328825856515721],[-34.958241760055991,-8.1330868604975688],[-34.958225800398573,-8.1333375614503378],[-34.958207156207472,-8.1335405963269487],[-34.958190954160472,-8.1337411740077634],[-34.958178999559486,-8.1338060268221639],[-34.95813632733968,-8.1338612478123427],[-34.958071475868977,-8.1338970141117315],[-34.957986722533825,-8.1339100086611094],[-34.957935634926457,-8.1339389084192746],[-34.957898899771308,-8.1339822027197268],[-34.957855000033589,-8.1340374296095135],[-34.957794239411577,-8.1341575329626625],[-34.957711519059721,-8.134303415960586],[-34.957681247022137,-8.1342960601383094],[-34.957145978841446,-8.1341636356372522],[-34.953167536343699,-8.1331793461728363],[-34.95323061351236,-8.1327005598945519],[-34.953114042592823,-8.1319088750923427],[-34.953046905946522,-8.1318457874064602],[-34.952953604131757,-8.1318178091705082],[-34.952591814815911,-8.1319363627855026],[-34.952423366485874,-8.1320785264493569],[-34.952419475444358,-8.1322064011065969],[-34.951420368539452,-8.133244978074007],[-34.950553840201358,-8.1323897823563787],[-34.950479641254795,-8.1323096832484083],[-34.950997769617182,-8.1321608175206439],[-34.951123175590695,-8.1321247868019082],[-34.950940370133097,-8.1311399911739066],[-34.951092477997705,-8.1310616686859163],[-34.951260666918586,-8.1309541723225482],[-34.951343664630478,-8.1308368521342675],[-34.951319264434431,-8.1307148575382797],[-34.951211157894853,-8.1304501060607688],[-34.951082819813251,-8.1302588083964853],[-34.950944632538061,-8.1301839570856274],[-34.950750849523828,-8.1301904010494592],[-34.950750727988499,-8.1300789249906931],[-34.950766730937119,-8.1287775062313923],[-34.950692253918774,-8.1287575913944838],[-34.949852058296912,-8.1285729071827291],[-34.950025957324101,-8.128140058622991],[-34.950692989966683,-8.1275595408545964],[-34.951082523641212,-8.1272205295164053],[-34.951215450633711,-8.1257887491110932],[-34.951284128420696,-8.1249010019545107],[-34.951300962671866,-8.1244894306574142],[-34.951298576389362,-8.1239955480597477],[-34.951382740238401,-8.1239868424236015],[-34.953277457782598,-8.1240259325949573],[-34.953532366458809,-8.1239088146272938],[-34.953787723620032,-8.1236423331287764],[-34.953950173995445,-8.1234076012220342],[-34.953982141440513,-8.1226754695516554],[-34.953993650001884,-8.1224119051145216],[-34.954091597990434,-8.1222071356706884],[-34.954808393509211,-8.1223818747210643],[-34.954919906574112,-8.1219935847209292]]]},"properties":{"NMNOME":"UR-5 / Três Carneiro","BAIRRO":"COHAB","ZEIS_TIPO":"ZEIS Morro","NOME_TIPO":"UR-5 / Três Carneiro - ZEIS Morro"}},{"type":"Feature","geometry":{"type":"Polygon","coordinates":[[[-34.934432097325391,-8.0688637622365178],[-34.934401809148007,-8.0687704903594035],[-34.934350725015427,-8.0686269139150593],[-34.934296878770091,-8.0684789423370944],[-34.934254159344384,-8.0683615475263686],[-34.934223937101436,-8.0682784938268401],[-34.934200169797592,-8.0682131797149577],[-34.934155748251143,-8.0680911072081329],[-34.934110972887993,-8.06796806359878],[-34.934053049999896,-8.0678009389246661],[-34.933986718517708,-8.0676082809651071],[-34.933925877417778,-8.0674315725900811],[-34.933887324025136,-8.0673195958961941],[-34.933867070976568,-8.0672607725224825],[-34.933788129707722,-8.0670382516463199],[-34.933751056032101,-8.0669379446980507],[-34.933723477540575,-8.0668633295237804],[-34.933714437248682,-8.0668388696278601],[-34.933683377922577,-8.0667548361726524],[-34.933635718439731,-8.0666258917314568],[-34.933585256298578,-8.0664893619324065],[-34.933541538214271,-8.0663659497495885],[-34.933517864895492,-8.0662985928385975],[-34.93343326905574,-8.0660578917392467],[-34.933375106112038,-8.0658924024914906],[-34.933344332269122,-8.0658048418137156],[-34.933265818999359,-8.065584043606842],[-34.933213043945351,-8.0654390825519684],[-34.933165886409768,-8.0653095515899356],[-34.933065601976011,-8.0650340911238398],[-34.932985336920865,-8.0648127893582924],[-34.932935455652512,-8.0646750641762317],[-34.932929790019323,-8.0646594200253823],[-34.933003335935418,-8.0646313139670909],[-34.933075149401297,-8.0646041852203307],[-34.933139959974845,-8.0645797013258314],[-34.933233349662373,-8.0645422983078134],[-34.933282683011932,-8.0645293743574271],[-34.933324724658625,-8.0645255090896928],[-34.933366800242226,-8.0645289773484663],[-34.93343772546833,-8.0645527880774903],[-34.933527392739606,-8.0645908558627291],[-34.933692387201688,-8.0646609024470326],[-34.933893146088785,-8.0647474635196392],[-34.934113832638012,-8.0648412125358924],[-34.934402786683485,-8.0649610355861299],[-34.934599692908122,-8.065043108631194],[-34.934856182371071,-8.0651503465104817],[-34.934995199759264,-8.0652112115556616],[-34.935057478181143,-8.0655684660478979],[-34.935139401647078,-8.0660384074633011],[-34.935183120107219,-8.0662891941928638],[-34.935201336798066,-8.0663769956819884],[-34.935243482039375,-8.0665630532564254],[-34.935278073895049,-8.0666918991307348],[-34.93530195260611,-8.0667796738474955],[-34.93534545533489,-8.0669108959373563],[-34.935379031365159,-8.067031932853622],[-34.935393133064991,-8.0671009431221634],[-34.935400960178008,-8.0671584708280157],[-34.935426640868492,-8.0672646326854487],[-34.935433177918206,-8.0672897136803794],[-34.935447513289297,-8.0674537668759925],[-34.93546483804046,-8.0675433842624784],[-34.935483267620945,-8.0676387145614541],[-34.935503867861513,-8.0677471894772381],[-34.935505258818566,-8.0677545120629457],[-34.935515786068891,-8.0678163519863091],[-34.935522586160175,-8.0678562925614266],[-34.935523650243283,-8.0678946175852921],[-34.935527545013926,-8.0680546645307025],[-34.935527020852923,-8.0682020322222279],[-34.935527084880874,-8.0682166296687026],[-34.935653624085198,-8.068565378446257],[-34.93549191892906,-8.0686188926120224],[-34.935241255486538,-8.0687002625276119],[-34.934943439162502,-8.06879176268734],[-34.934729564264657,-8.0688535927344063],[-34.934688802726384,-8.0688648256596132],[-34.934451836534983,-8.068924550669518],[-34.934432097325391,-8.0688637622365178]]]},"properties":{"NMNOME":"Vietnã","BAIRRO":" ","ZEIS_TIPO":"ZEIS Planície","NOME_TIPO":"Vietnã - ZEIS Planície"}},{"type":"Feature","geometry":{"type":"Polygon","coordinates":[[[-34.96060741225164,-8.0422279038147337],[-34.961052061017945,-8.0420905970735088],[-34.961081616059637,-8.042244503657793],[-34.961095492174756,-8.0424063186130788],[-34.961068182468154,-8.0427197670434545],[-34.961042890741467,-8.0429078786287498],[-34.961054021079342,-8.043043596176485],[-34.961065026847088,-8.0431532056107731],[-34.961091576295424,-8.0432777017929631],[-34.96146201353158,-8.0435671142948344],[-34.961874678641941,-8.0442825046947437],[-34.962302601784145,-8.0449511557368183],[-34.962446927464974,-8.0451384566019595],[-34.962532152724521,-8.0452927504135019],[-34.962540548145384,-8.0454043294141027],[-34.962507732490586,-8.0455258970639676],[-34.962061357048739,-8.0457164153548],[-34.961908200705288,-8.0457976945641008],[-34.961846138032129,-8.0458190579960327],[-34.961805746371084,-8.0458223491557668],[-34.961767814915333,-8.045820051529514],[-34.961752596390447,-8.0458194245218451],[-34.961727399409789,-8.0458183859410326],[-34.961700692642211,-8.0458234704074822],[-34.961675938022402,-8.0458465133520853],[-34.961611588856861,-8.0459094003212321],[-34.961534779499303,-8.0459667706956406],[-34.961464686833885,-8.0459987054253457],[-34.961385233378024,-8.0460232491323751],[-34.961330651678047,-8.0460489134431921],[-34.961300977494702,-8.0460831330276044],[-34.961253474206565,-8.0461589513415248],[-34.961219549454682,-8.046214257189563],[-34.961219505383646,-8.0462147121326488],[-34.961195181237628,-8.0462514582627591],[-34.961166334809576,-8.0462950370401849],[-34.961156750572869,-8.0462824859202566],[-34.961156735921506,-8.0462824570609381],[-34.961156368187844,-8.0462827544390283],[-34.961119285188829,-8.046235654770129],[-34.961022663421552,-8.0461536524219461],[-34.961000536298577,-8.0461340382718536],[-34.960981536957121,-8.0461567454186103],[-34.960971922299784,-8.0461682365033376],[-34.960940754716695,-8.0461388060613643],[-34.960923601561063,-8.0461249937878279],[-34.960927626208715,-8.0461204932327632],[-34.960905974829025,-8.0461062549436519],[-34.960908209272397,-8.0461029454252291],[-34.960913564376554,-8.046095014912181],[-34.960910856138426,-8.0460927867303003],[-34.960875658703394,-8.0460669609559794],[-34.960869546529473,-8.046074577766257],[-34.960847498882259,-8.0461020529155984],[-34.960819030926331,-8.0460730570671224],[-34.960832430462879,-8.046054170028901],[-34.960827466365053,-8.0460506083117647],[-34.960808071193902,-8.0460381519529918],[-34.9608127016186,-8.0460328710303255],[-34.960814780036891,-8.0460305015562508],[-34.960798769676344,-8.04601667296863],[-34.960809030581295,-8.0460037630727044],[-34.960737606522876,-8.0459459409061491],[-34.960812230136277,-8.0458380235018723],[-34.960795541506698,-8.0458289497915825],[-34.960703396017045,-8.0457373033361996],[-34.960560205904365,-8.0455908616754677],[-34.960415561550718,-8.0454426450179675],[-34.960255918606087,-8.0452766929899937],[-34.960300527228718,-8.0452422963965766],[-34.959997212376756,-8.0448734978612837],[-34.959993133603589,-8.0448750406413936],[-34.959926001447272,-8.0447984262500238],[-34.959851868843856,-8.0447418245750733],[-34.959731601203693,-8.0446490346053778],[-34.959712305785452,-8.0446344767013738],[-34.959646245659229,-8.0445846357454034],[-34.959689376875289,-8.0445636740056887],[-34.959737100553966,-8.0445404799620412],[-34.959709281746854,-8.044496468375506],[-34.959683680260859,-8.0444559647337819],[-34.959660650520775,-8.0444619698991566],[-34.959598834744618,-8.0444780874472066],[-34.959462027508877,-8.0441031913878263],[-34.959390790246943,-8.0441262589229208],[-34.959344979311787,-8.0439973920801595],[-34.959414304692153,-8.0439764346736311],[-34.95940360881513,-8.043934668348415],[-34.959358372188149,-8.0439482179082304],[-34.959342048931831,-8.0438981088102199],[-34.959330195564171,-8.0438619810886962],[-34.959368227429323,-8.0438491448463054],[-34.959355228334587,-8.0438133643201937],[-34.959326622446767,-8.0437346285735529],[-34.959292349559185,-8.0436224892924759],[-34.959275124557237,-8.0435747964723312],[-34.959314795166328,-8.0435628546560292],[-34.959295439256216,-8.0434986696214796],[-34.959311561025736,-8.043493801281528],[-34.959304280156957,-8.0434697885029145],[-34.959322031938292,-8.0434643699608355],[-34.959302145124944,-8.0433972900039574],[-34.959351351615403,-8.0433895625383371],[-34.959308806067398,-8.0432049648836799],[-34.95930850525022,-8.0432037087964936],[-34.959277393676075,-8.043073674275492],[-34.959274447464374,-8.0430745815245537],[-34.959219970117779,-8.0430913465124654],[-34.959190510297603,-8.0430026793876017],[-34.959475042676431,-8.0429091639034613],[-34.959596613898917,-8.0429216789006208],[-34.95960758138925,-8.0429206700936966],[-34.95961820604704,-8.0429177779951502],[-34.959752571633686,-8.0428545319607565],[-34.959826738405511,-8.0428114584609514],[-34.959869481174977,-8.0427770781018033],[-34.959920858955485,-8.0427540483616529],[-34.959969376029782,-8.0427310331724335],[-34.959990784524059,-8.0427234581977487],[-34.960021185643974,-8.0427127448679148],[-34.960035014379088,-8.0427078720831151],[-34.960065767014157,-8.0426991504846352],[-34.960109010207411,-8.0426873805112997],[-34.960126440554305,-8.0426845436134204],[-34.960201828229067,-8.0426734022139428],[-34.960220266173977,-8.0426697875478759],[-34.960247950948123,-8.0426645945888957],[-34.960293999162666,-8.0426587815000428],[-34.960332937954469,-8.0426553953377589],[-34.960349082064091,-8.0426516008622375],[-34.960375027455633,-8.0426173991798358],[-34.960387373475321,-8.0425993715229982],[-34.960387866765487,-8.0425727261636393],[-34.960350450637293,-8.0425481213625005],[-34.960377489776164,-8.0424829338650259],[-34.960387435111187,-8.0424828863951063],[-34.960387532099666,-8.0423520476321499],[-34.960364863772014,-8.0422918481270838],[-34.960421962891296,-8.0422725744505161],[-34.960480040932914,-8.0422846889318418],[-34.96060741225164,-8.0422279038147337]]]},"properties":{"NMNOME":"Vila Arraes","BAIRRO":" ","ZEIS_TIPO":"ZEIS Planície","NOME_TIPO":"Vila Arraes - ZEIS Planície"}},{"type":"Feature","geometry":{"type":"Polygon","coordinates":[[[-34.956270344550205,-8.0223829498752526],[-34.956281090928755,-8.0223798124065944],[-34.956374777853782,-8.02235892228064],[-34.956436933712489,-8.0223430240289453],[-34.956476594221769,-8.0223333223083237],[-34.956484022252077,-8.0223321470108537],[-34.956546027633337,-8.0223223363893386],[-34.956567976637025,-8.0223210007764614],[-34.956687593655943,-8.0223056801271841],[-34.956787873128299,-8.0222866299564775],[-34.956826457709255,-8.0222829488280798],[-34.956868444685107,-8.0222808462587878],[-34.956922238416539,-8.0222725988314671],[-34.95696037794054,-8.0222644258037406],[-34.957016033487541,-8.0222462747544903],[-34.957122794448964,-8.0222168451104849],[-34.957141445733882,-8.0222094626258489],[-34.957166382788344,-8.0222654716520854],[-34.957188787548198,-8.0223157936201535],[-34.957209334311266,-8.0223542588422845],[-34.957256896060038,-8.0224002067824465],[-34.957301404069916,-8.0224461692320208],[-34.957423653685382,-8.0225683797790825],[-34.957473812326398,-8.0226249712987343],[-34.957521416321207,-8.0226795444733057],[-34.957640608991852,-8.0228012631932124],[-34.957679970439052,-8.0228355797539095],[-34.957776154878466,-8.0229360958980909],[-34.95789744941564,-8.0230715043859924],[-34.957940939956679,-8.0231174715696802],[-34.958049876886044,-8.0232235085304513],[-34.95814810736946,-8.0233260452925368],[-34.958221274570199,-8.0234038373385594],[-34.958282712815446,-8.0234771188370893],[-34.958358421067864,-8.0235538844213945],[-34.958377358080206,-8.023575105343884],[-34.958445396604908,-8.0236448043234834],[-34.958527266796338,-8.0237327036704347],[-34.958592737645631,-8.0237978476036815],[-34.958665375248039,-8.0238710757275751],[-34.958758003997069,-8.0239731308498925],[-34.958825024125609,-8.024042833676523],[-34.958848050481549,-8.0240675870907179],[-34.958916605270844,-8.0241388059040339],[-34.958994349908835,-8.0242155616208741],[-34.95904193485638,-8.0242660754622275],[-34.959069566639975,-8.0242958813313674],[-34.959167802502527,-8.0243994320341372],[-34.959306446949725,-8.0245433827758372],[-34.959467097873507,-8.0247115835913991],[-34.959539734894641,-8.0247848123893153],[-34.959594489797126,-8.0248444255404312],[-34.959668145386559,-8.0249176485508169],[-34.95974232774136,-8.0249944210161264],[-34.959785747615292,-8.0250372891825066],[-34.95979040618893,-8.0250418884652674],[-34.959918831438046,-8.0251777692529842],[-34.959926865337003,-8.0251866177319862],[-34.960014802455746,-8.0252834811502414],[-34.960018063886125,-8.025286108134118],[-34.960000382809184,-8.0253049855669047],[-34.959954546814778,-8.0253539226864117],[-34.959933547060331,-8.0253790456774166],[-34.959957840176905,-8.0254040831594757],[-34.960153834920739,-8.0255585735902031],[-34.960168013816151,-8.0255725557792186],[-34.960238879504509,-8.025637783008035],[-34.960263423325308,-8.0256592971214236],[-34.960035753528238,-8.0260319021519262],[-34.960025600510498,-8.0260485197943758],[-34.960019737458239,-8.0260581151975909],[-34.959919330296636,-8.0262224420231618],[-34.959834313708328,-8.0263615803452986],[-34.959811422124424,-8.02639904439439],[-34.959431979672281,-8.0261745432088532],[-34.959416133957298,-8.0261984618741895],[-34.959321429577003,-8.0263430867853707],[-34.959231504552839,-8.0264832672623694],[-34.959181298826437,-8.026562943616689],[-34.959114312520548,-8.0266696285794659],[-34.959079443578794,-8.0267153330242778],[-34.959063224701154,-8.0267448567186417],[-34.959058569557619,-8.0267095570271589],[-34.959046511884523,-8.0266181144567188],[-34.959034971729999,-8.0265301879549824],[-34.959025425942876,-8.0264874757921518],[-34.959018491676758,-8.0264595874422593],[-34.958989476186396,-8.0263543684240961],[-34.958961503727096,-8.0262529287580229],[-34.95892574307598,-8.0261301256572271],[-34.958904311332418,-8.0260507189143766],[-34.95887245454626,-8.0259256696559333],[-34.958836836959115,-8.0259190416902335],[-34.95875247157209,-8.0259344386001743],[-34.958694226975034,-8.0259502834343071],[-34.958579228920122,-8.0259861517035329],[-34.958574568733241,-8.0259893579216097],[-34.958542179747035,-8.0259997114781179],[-34.958523549316844,-8.0260035193745836],[-34.958405117037472,-8.0260404589640171],[-34.958429701812356,-8.0261284735140528],[-34.958436847301286,-8.0261501012856318],[-34.958465631712997,-8.0262553965160208],[-34.958466489031075,-8.0262601739197326],[-34.958482394240221,-8.0263488237226923],[-34.95848577005782,-8.0263677554948671],[-34.958032420574852,-8.0264967799138294],[-34.957962907643761,-8.0262068169259209],[-34.957952338534838,-8.0261808868142221],[-34.95794653257834,-8.0261465445180455],[-34.958113564442463,-8.0260935250226062],[-34.958054066863681,-8.025874071352721],[-34.958329893240894,-8.0257903798027055],[-34.958333642737649,-8.0257892418514398],[-34.958246545691921,-8.0254831160342857],[-34.95823260354878,-8.0254318191566245],[-34.958201031344473,-8.0253231424599782],[-34.957981638449589,-8.0245520211097912],[-34.957968162359229,-8.0245559906812503],[-34.957962616976523,-8.0245351426979639],[-34.957935637274332,-8.0244450773366065],[-34.957917959598255,-8.0243860659137791],[-34.957879931650176,-8.0242614707215836],[-34.957864183511013,-8.024210299923805],[-34.957837372148127,-8.0241231782134772],[-34.957817726090703,-8.0240591876290708],[-34.957739722096697,-8.0238063794263876],[-34.957723570835881,-8.0237528374168594],[-34.957704581282705,-8.0236825515523176],[-34.957687521506458,-8.0236194029722423],[-34.957662972937406,-8.0235206715901874],[-34.957630464603739,-8.02339577706352],[-34.957629378377007,-8.0233918695281723],[-34.957583989373219,-8.0232285746109326],[-34.957568874224968,-8.0231739527490014],[-34.957565593146583,-8.0231620973536799],[-34.957546238900811,-8.0230921567378832],[-34.957516010909991,-8.0229752385664703],[-34.95750565844547,-8.0229320030829516],[-34.95740853375117,-8.0228010223435984],[-34.957391593222304,-8.0227781211904805],[-34.957373947941413,-8.0227542669084961],[-34.957302675138997,-8.022661951214376],[-34.957227704254102,-8.0225705128260021],[-34.957202307396294,-8.0225348017811378],[-34.957183078830703,-8.0225470236506613],[-34.957145466244526,-8.0225709290831801],[-34.957075046389996,-8.0226064437981748],[-34.957005904234535,-8.0226250386720963],[-34.956961269219349,-8.0226361328153519],[-34.956829566916284,-8.0226536156203991],[-34.956711613883272,-8.0226846208227922],[-34.956620131515066,-8.0227154992900278],[-34.956560468028087,-8.0227293145709258],[-34.956479121016969,-8.0227506731729328],[-34.956482596965508,-8.0227511312777384],[-34.956491228196761,-8.0227819226885693],[-34.956691452932773,-8.0234677273248582],[-34.956710716665498,-8.0235506197758291],[-34.956721681722179,-8.0236077827976615],[-34.95682390854725,-8.0240205019400399],[-34.956847175596351,-8.0240785186496861],[-34.956845791953327,-8.0240787964405094],[-34.956875130604644,-8.0241569489839151],[-34.956897530634251,-8.0242394260057193],[-34.956900946614155,-8.0242521793867869],[-34.956907208779008,-8.0242755580258578],[-34.956960320385171,-8.0244738371842939],[-34.956975135899128,-8.0245291457632728],[-34.956992464245239,-8.0245938381215396],[-34.957055513651667,-8.0248292180607681],[-34.957116046569396,-8.025043816929303],[-34.957206611745548,-8.0253648814128677],[-34.957208437662509,-8.0253713538194145],[-34.957296291131364,-8.0256533863974511],[-34.957381269860406,-8.0259261905594812],[-34.957454276186731,-8.0262140994271185],[-34.957458255936679,-8.0262297945827576],[-34.957492972875336,-8.0263025288084435],[-34.957498558853459,-8.0263142331067918],[-34.957516399709419,-8.0263516127111316],[-34.957523492311893,-8.0263775467198677],[-34.957605550831531,-8.026677607093756],[-34.957617926346266,-8.0267227892689004],[-34.957740598792661,-8.0271706419360083],[-34.957750737594807,-8.0272076585725944],[-34.957819295629534,-8.0274601182683814],[-34.957868328249461,-8.0276406773513767],[-34.957875879984528,-8.0276653127592077],[-34.957891209205052,-8.0277153211028871],[-34.957922940044377,-8.0278479731650521],[-34.957958043561483,-8.0279947276128176],[-34.957987283865727,-8.028116968795878],[-34.958067914367284,-8.0282391443984018],[-34.958136610428539,-8.0283022044383987],[-34.958159539204573,-8.0282593901200219],[-34.958311902329882,-8.027974895751198],[-34.958737222987615,-8.0282362712629656],[-34.958668257669537,-8.0283562804027664],[-34.958644402553745,-8.0283965605957377],[-34.958667480397764,-8.0284102292453916],[-34.958956236559956,-8.0285738991895705],[-34.959003483927859,-8.0285177022197107],[-34.959157975698083,-8.0286066647568752],[-34.959058770374106,-8.028787251395789],[-34.958888292386675,-8.0291181526759168],[-34.958527214305086,-8.028885939014538],[-34.958171640312315,-8.0293519093109502],[-34.95813983685013,-8.029325509855866],[-34.958095558176602,-8.0293666231486434],[-34.95797396366671,-8.0294322631901682],[-34.957857042578105,-8.0294783382588726],[-34.957805694443813,-8.0294985728483255],[-34.957787339934903,-8.029453985999595],[-34.957749532433127,-8.0293621361319438],[-34.957911880351389,-8.029296695449899],[-34.957921630169849,-8.0293282227556215],[-34.958019323159633,-8.0292827888589517],[-34.958055319698936,-8.0292493704331811],[-34.958081247434947,-8.0292138293238295],[-34.958104027208066,-8.0291474798469533],[-34.958107374897928,-8.0290948413696537],[-34.958099266379627,-8.0290302969306016],[-34.957820522088326,-8.028276723023728],[-34.957663277763864,-8.0277121919034311],[-34.957649646863381,-8.0277154850972501],[-34.957639413084031,-8.027620571257863],[-34.95728115683395,-8.0263801295934165],[-34.957256285243872,-8.0262912719081392],[-34.956896230891566,-8.0250187903859338],[-34.956675625309181,-8.0242389648177035],[-34.956644957399,-8.0241305565992995],[-34.956644967404614,-8.0241303730307951],[-34.956613421754696,-8.0241387859416342],[-34.956578313629812,-8.0240050521322832],[-34.956621449634454,-8.0239926479264891],[-34.956273407571942,-8.0228005730713399],[-34.956401790358001,-8.0227605123279009],[-34.956272135088689,-8.022796215295811],[-34.956260645172335,-8.02276298388378],[-34.955933551332187,-8.0228614126942102],[-34.955851807556883,-8.0225374822914688],[-34.955959079114443,-8.022482580840828],[-34.956055072419339,-8.0224440220248727],[-34.956134920948912,-8.0224243440214558],[-34.956175424545698,-8.022414362587174],[-34.95623994392124,-8.0224009067082118],[-34.956274134919475,-8.0223937758774184],[-34.956272880659483,-8.0223901936850037],[-34.956269209236545,-8.0223913429932363],[-34.956270344550205,-8.0223829498752526]]]},"properties":{"NMNOME":"Vila Felicidade","BAIRRO":"CAXANGÁ","ZEIS_TIPO":"ZEIS Planície","NOME_TIPO":"Vila Felicidade - ZEIS Planície"}},{"type":"Feature","geometry":{"type":"Polygon","coordinates":[[[-34.926034004056412,-8.0280753156795637],[-34.926023000380347,-8.0280489894376448],[-34.926008807311256,-8.0279819746408805],[-34.925954668868492,-8.0277723957789782],[-34.925909809090463,-8.0275685594484667],[-34.925897989822296,-8.027513116342579],[-34.926049747717542,-8.0274704142333686],[-34.926189034361542,-8.0274312221562383],[-34.926251624113391,-8.0274136100834337],[-34.926303808440139,-8.0274078953212626],[-34.92637043572271,-8.0274111625730935],[-34.926432282708944,-8.02742436611193],[-34.926447111860362,-8.0274275323136663],[-34.926450872169426,-8.0274786944257901],[-34.926452439756616,-8.0274922244747646],[-34.926476021943436,-8.0276958221912551],[-34.926504487558148,-8.0277312184526011],[-34.926518227886554,-8.0277406467431422],[-34.926478778002135,-8.0277956337359218],[-34.926476201972513,-8.0277992665557765],[-34.926333244504981,-8.0280008875388962],[-34.926296828699847,-8.0280876669461492],[-34.926251622153586,-8.0281182549990273],[-34.926170714371636,-8.028115682931352],[-34.92613418526615,-8.0281145222631469],[-34.926130154797832,-8.0281143937699611],[-34.926099601051646,-8.0281216924380434],[-34.926057584667532,-8.0281317298217392],[-34.926034004056412,-8.0280753156795637]]]},"properties":{"NMNOME":"Vila Inaldo Martins","BAIRRO":"MONTEIRO","ZEIS_TIPO":"ZEIS Planície","NOME_TIPO":"Vila Inaldo Martins - ZEIS Planície"}},{"type":"Feature","geometry":{"type":"Polygon","coordinates":[[[-34.94049687527955,-8.0208019258499963],[-34.940897767709771,-8.0206625600207424],[-34.940938587848905,-8.0206474896382645],[-34.940940316577361,-8.0206469173616881],[-34.940954518066938,-8.0206417226415958],[-34.940983076773243,-8.0206312755110059],[-34.941006124687057,-8.0206206536534719],[-34.941011055185314,-8.0206183811320155],[-34.941052339973005,-8.0205993551292529],[-34.941059197239341,-8.0205961947866946],[-34.941119366877018,-8.020568465050399],[-34.941139960396292,-8.0205589748768364],[-34.941179158211092,-8.0205409097643425],[-34.94117903523842,-8.0205407982415196],[-34.941183062425921,-8.020539110377932],[-34.941198872960172,-8.0205318242259214],[-34.941219652681717,-8.0205132158046286],[-34.941231947286248,-8.0205022052569639],[-34.941257463131521,-8.0204793552973932],[-34.941257382842174,-8.0204792553260731],[-34.941255817236012,-8.0204773135695362],[-34.941253158630182,-8.020474017270768],[-34.941254116216903,-8.0204732117665571],[-34.941352312859337,-8.0203905596756915],[-34.941361879606305,-8.0203832595585176],[-34.941491612345381,-8.0205667075503015],[-34.941497184543074,-8.020572560330864],[-34.94160394665569,-8.0207240190913538],[-34.941706628952744,-8.0208696894119811],[-34.941860935355102,-8.0207751474263418],[-34.942002557567811,-8.0206779584844448],[-34.942430988020881,-8.0203886402020892],[-34.942425782251185,-8.0205321901835962],[-34.94237924099393,-8.0206129959643953],[-34.942201358242087,-8.0207516124286506],[-34.942075503044947,-8.0209311259712948],[-34.942032485745912,-8.0209686435830641],[-34.941820970408465,-8.0210997648553501],[-34.94160835911962,-8.021202186661812],[-34.941597942676793,-8.0212574905323617],[-34.941534950860976,-8.0212577875444566],[-34.941291853033405,-8.0212320236651991],[-34.941220160311317,-8.0211514354134206],[-34.941223935477119,-8.0210597394890772],[-34.941221154236679,-8.0210594623994425],[-34.941221151843159,-8.0210589579495952],[-34.941220296934404,-8.0208787789466509],[-34.941061671212118,-8.020866839212685],[-34.940984768503668,-8.0208595904804518],[-34.940834541008797,-8.0208481200523547],[-34.940606289754747,-8.0210940439217104],[-34.940655269744283,-8.0211507828657904],[-34.940685096776541,-8.0211853335018368],[-34.940564432124937,-8.021226364845738],[-34.940293267413061,-8.021153175836611],[-34.939926721493357,-8.0210646286131642],[-34.939953533245699,-8.0212693335620155],[-34.939969838099849,-8.0213938225739323],[-34.940031108083147,-8.0214309201093865],[-34.940194831312823,-8.0215300519535546],[-34.940275687093006,-8.0217869119203851],[-34.940298861666058,-8.0218605354429275],[-34.940082637858652,-8.0219497708755014],[-34.940000357165331,-8.021679122623004],[-34.939644016737596,-8.0207646222800992],[-34.939591620028459,-8.0206301516027665],[-34.939713997330884,-8.020565641470295],[-34.939757677141699,-8.0205432737724358],[-34.939786091761455,-8.0205318871829654],[-34.939843301033179,-8.0207501535193728],[-34.939851091511834,-8.0207798755321047],[-34.94043604766506,-8.0208014774843992],[-34.940454797950764,-8.0208020671705889],[-34.940525853095245,-8.0208043016609736],[-34.94049687527955,-8.0208019258499963]]]},"properties":{"NMNOME":"Vila Marcionila / Mussum","BAIRRO":" ","ZEIS_TIPO":"ZEIS Planície","NOME_TIPO":"Vila Marcionila / Mussum - ZEIS Planície"}},{"type":"Feature","geometry":{"type":"Polygon","coordinates":[[[-34.944770327493998,-8.0588113853067167],[-34.944669056170376,-8.0575683572203065],[-34.944638641040846,-8.057218982570836],[-34.944591380221397,-8.056562271328584],[-34.944567230511453,-8.0562972463369285],[-34.944552373769504,-8.0561922011935199],[-34.944509759677906,-8.0559155346109517],[-34.945108758618112,-8.0557424151523627],[-34.945654511904557,-8.0555910838181379],[-34.946225814235085,-8.0554299482373395],[-34.94622599352207,-8.0557847094959065],[-34.946222021465722,-8.0560988923572339],[-34.946217403624139,-8.0563337245405737],[-34.946209494007796,-8.0566533973875902],[-34.946198534172964,-8.0570788411800098],[-34.946193403529797,-8.0572050128107389],[-34.946179687224564,-8.0575721875037516],[-34.946153367920189,-8.0578436552924817],[-34.946126303513736,-8.0581228200722776],[-34.946104065320071,-8.0583521913755973],[-34.94607393049592,-8.0584903401151351],[-34.94587691757436,-8.0585591043063349],[-34.945668393971687,-8.0586318854978778],[-34.94516973542585,-8.0587501185709609],[-34.944773133263375,-8.058855106265435],[-34.944770327493998,-8.0588113853067167]]]},"properties":{"NMNOME":"Vila Redenção","BAIRRO":"ENGENHO DO MEIO","ZEIS_TIPO":"ZEIS Planície","NOME_TIPO":"Vila Redenção - ZEIS Planície"}},{"type":"Feature","geometry":{"type":"Polygon","coordinates":[[[-34.929055390444276,-8.0180967012684778],[-34.92910694942816,-8.018030938174233],[-34.929200161792345,-8.0181046552461623],[-34.929267377273405,-8.0181566610319983],[-34.929411812399266,-8.0182714490880098],[-34.929504902541005,-8.0183280690850758],[-34.929508911917388,-8.0183849228086324],[-34.929536976185673,-8.0184509431081494],[-34.929578467092384,-8.0185493751871455],[-34.929599280603433,-8.0186130237432867],[-34.929623900989526,-8.0187163462385751],[-34.929740083483644,-8.0187891698933402],[-34.929856289610058,-8.018866804792367],[-34.929932477577324,-8.0189025305922303],[-34.93002304944703,-8.0189243912417378],[-34.930106316121083,-8.0189258055698129],[-34.930184122970353,-8.0189209306211318],[-34.930276357645333,-8.0189051628550558],[-34.930378463031687,-8.0188713074309419],[-34.930467902270848,-8.0188384145023246],[-34.930551967676948,-8.018817272374184],[-34.930617996489453,-8.0188097467071078],[-34.930700457774599,-8.0188023320506083],[-34.930810123071623,-8.0188142777265696],[-34.930916008677812,-8.0192040811239114],[-34.931136827357555,-8.0200169905082088],[-34.931076921447726,-8.020171525310916],[-34.931029385770351,-8.0202873834864992],[-34.93099185773869,-8.0202700342957911],[-34.930777391185899,-8.0201874588034823],[-34.930703778243533,-8.0201591163550621],[-34.930537937142724,-8.0200985661325088],[-34.930091180389844,-8.0199738497111941],[-34.929941990259536,-8.0199322009705334],[-34.929925612576277,-8.0199871784532561],[-34.929892740801627,-8.019983803048726],[-34.929749923964721,-8.0199798163631897],[-34.929748904368267,-8.0199797876905166],[-34.929636151982969,-8.019976640091631],[-34.929460896170013,-8.0199596991580364],[-34.92939658275678,-8.0199581019343338],[-34.929272541293528,-8.0199411659857862],[-34.929151908179527,-8.0199267020010847],[-34.929135394430588,-8.0199253328602378],[-34.929070363104202,-8.0199253662520675],[-34.928998524780638,-8.0199244370518699],[-34.928945467640233,-8.0199248663685445],[-34.928916205984407,-8.0199323262938726],[-34.92889753978686,-8.019936120358663],[-34.928866747484228,-8.0199679002986901],[-34.928862216798734,-8.0199813160508899],[-34.92881679705674,-8.0199703103072686],[-34.928770941154426,-8.0199591339255303],[-34.928661360124622,-8.0199324349385606],[-34.928618775311257,-8.0199075015262071],[-34.928544579659878,-8.0198626885174651],[-34.928487799882184,-8.0198293704156338],[-34.928460798709992,-8.0198118676999695],[-34.928491271357075,-8.0197769187479668],[-34.928443402914262,-8.0197388107920027],[-34.92843102995819,-8.019749065606069],[-34.928399658377394,-8.0197095125584497],[-34.928393981005172,-8.0196963199919651],[-34.928365577641884,-8.0197024920943694],[-34.928289825330268,-8.0197228590178327],[-34.928235947154434,-8.019739989146224],[-34.928135644094709,-8.0198059306901346],[-34.927825047745827,-8.0194502189096983],[-34.927966087144618,-8.0193295267974385],[-34.928081426710222,-8.0192234443158785],[-34.928090426278075,-8.0192158252683363],[-34.928138215596682,-8.0191753691197363],[-34.928255297382613,-8.0190548451517891],[-34.928318607983748,-8.0189899338574584],[-34.928392043608412,-8.0189048734050914],[-34.928459978114397,-8.0188365194924316],[-34.928449242107803,-8.018823443725676],[-34.928481068097874,-8.0187910315713662],[-34.92850541106224,-8.0187716358321293],[-34.928537069465079,-8.018734842486765],[-34.928577304576102,-8.0186880833216581],[-34.928536703981159,-8.0186636360021293],[-34.928609411940442,-8.0185879721119591],[-34.928601549832997,-8.0185802087033213],[-34.928600717874154,-8.0185793862888719],[-34.928611060574418,-8.0185698217404333],[-34.928669649916493,-8.0185156365825367],[-34.928633356470939,-8.0184838398980247],[-34.928673695402743,-8.018401956656918],[-34.92868546856721,-8.0183745239208335],[-34.928693332887569,-8.0183561979895419],[-34.928732114802038,-8.0183758053472136],[-34.928732239031,-8.0183756067766385],[-34.928775060839627,-8.0183071028251245],[-34.928781690057534,-8.0183096094778072],[-34.928798280927403,-8.018265386605151],[-34.928812833255606,-8.0182206661008841],[-34.928867394632576,-8.0182401995617774],[-34.928959989478678,-8.0181178464323519],[-34.928963554366796,-8.0181210138337971],[-34.929005909560921,-8.0181598129692677],[-34.929055390444276,-8.0180967012684778]]]},"properties":{"NMNOME":"Vila São João","BAIRRO":"MACAXEIRA","ZEIS_TIPO":"ZEIS Planície","NOME_TIPO":"Vila São João - ZEIS Planície"}},{"type":"Feature","geometry":{"type":"Polygon","coordinates":[[[-34.932312929895957,-8.0309801013587379],[-34.932299583339535,-8.0308621846963302],[-34.932285670798677,-8.0307396600021033],[-34.932272179639014,-8.0306295188988912],[-34.932256828334147,-8.0305096227214925],[-34.932247934745796,-8.030374327244429],[-34.932252219944466,-8.030319754537258],[-34.932251243041435,-8.0303091943221716],[-34.932251986893924,-8.0302994324420442],[-34.932227111756347,-8.0301211753290147],[-34.932212669004343,-8.030040915942509],[-34.932188942100424,-8.0299090613585236],[-34.932180745977462,-8.0297599296228341],[-34.932167428199868,-8.0295176091888329],[-34.932168110272343,-8.0294755935723643],[-34.932135243044563,-8.0294687360831869],[-34.931756256539224,-8.0294453668977592],[-34.931783981036411,-8.0294042603320293],[-34.931857256692183,-8.0292956156540178],[-34.932161283545568,-8.0288448391397935],[-34.932202841454732,-8.0287470763647732],[-34.932224008502494,-8.0286734229085468],[-34.932226709601494,-8.0286640252112829],[-34.932230552417785,-8.0286634086776196],[-34.932278379139817,-8.0286557301047985],[-34.932319669364496,-8.0286536873781209],[-34.932360660703509,-8.0286590258644459],[-34.932397628499778,-8.0286697280270598],[-34.932482248073185,-8.0286961801300443],[-34.932641812161997,-8.0287128336717437],[-34.933199203810283,-8.0287732980897122],[-34.933214877420909,-8.0287747351161904],[-34.933293683738711,-8.0287819579583033],[-34.933456518489976,-8.028796882612097],[-34.93352570329273,-8.02880507818697],[-34.933622048179309,-8.0288227797147176],[-34.933683753394654,-8.0288389489299519],[-34.933716797794574,-8.0288476081556226],[-34.933738629864528,-8.0288559150638381],[-34.933766496057878,-8.0288731844421459],[-34.933781422282131,-8.0288866968153059],[-34.933893999850227,-8.0289825824554661],[-34.933930905027893,-8.0290091789609797],[-34.933990833404209,-8.0290523678480206],[-34.93401833840749,-8.0290759157597567],[-34.934078627765203,-8.0291275323467737],[-34.934092966364396,-8.0294023041618647],[-34.934097447471821,-8.0294673750951358],[-34.934108066913588,-8.0295793313229478],[-34.934116892134981,-8.0296441069966971],[-34.934127095425723,-8.0297054986384282],[-34.934179861625744,-8.0299635970589449],[-34.934190076911555,-8.0300177435369839],[-34.934226636402649,-8.0302378366089808],[-34.934231730997915,-8.0302747984658378],[-34.934249397270179,-8.030429320628377],[-34.934270465669407,-8.0305522020235003],[-34.934296051467243,-8.0307014271379948],[-34.934233202319369,-8.0307132584480474],[-34.934120622952726,-8.0307340197132522],[-34.934071011351968,-8.0307434816026007],[-34.933957405663897,-8.0307662537522955],[-34.933910230626324,-8.030775977192004],[-34.933760825526136,-8.0308042289431345],[-34.933701906538033,-8.0308151249886581],[-34.933644226676684,-8.0308258606074006],[-34.933587531910128,-8.0308379549038449],[-34.933528221139817,-8.0308494395006633],[-34.933348349823127,-8.030883941233359],[-34.933226984194569,-8.0309066520376469],[-34.933041800046482,-8.0309445299555957],[-34.932463611583522,-8.0310581258679008],[-34.932323515694677,-8.0310746584182127],[-34.932312929895957,-8.0309801013587379]]]},"properties":{"NMNOME":"Vila União","BAIRRO":"IPUTINGA","ZEIS_TIPO":"ZEIS Planície","NOME_TIPO":"Vila União - ZEIS Planície"}},{"type":"Feature","geometry":{"type":"Polygon","coordinates":[[[-34.922207839343663,-8.0830474470993856],[-34.922257886989648,-8.08301639323372],[-34.922275722306793,-8.082977710528306],[-34.922385861975748,-8.0826739709480542],[-34.922432090332464,-8.0825131889383357],[-34.922590002858179,-8.082068375825143],[-34.922733491657816,-8.0817741184804976],[-34.922804294671529,-8.0818185978584633],[-34.922709691611225,-8.0821421880181923],[-34.922745254525886,-8.0821662269267431],[-34.922695638567781,-8.0823288203334034],[-34.922782626794543,-8.0823658238340794],[-34.922569474935578,-8.0829373810728242],[-34.92272236811155,-8.083018503635655],[-34.922836496345084,-8.0830819533318063],[-34.922876013088796,-8.0831487871399972],[-34.922953699229254,-8.0832519454601943],[-34.92301413455705,-8.0833082317075693],[-34.923146821185057,-8.08339868590474],[-34.92320505572463,-8.0834696906051775],[-34.923207178327196,-8.0835320869100862],[-34.923208971187712,-8.0835771557622422],[-34.923187069712313,-8.0836270408381328],[-34.923141817162403,-8.0836726303173663],[-34.922958296224401,-8.0837759743993463],[-34.922855515679018,-8.0837861666904072],[-34.922672351226673,-8.0837363278942433],[-34.92227576766112,-8.0834188868574408],[-34.922062572358854,-8.08342744025353],[-34.92186596084214,-8.083509270061084],[-34.921706359552665,-8.0836351541821134],[-34.921637386246331,-8.0832400635037676],[-34.921615423470904,-8.0830587725730823],[-34.922143020911783,-8.0830599513182975],[-34.922207839343663,-8.0830474470993856]]]},"properties":{"NMNOME":"Vila do Siri","BAIRRO":"JIQUIÁ","ZEIS_TIPO":"ZEIS Planície","NOME_TIPO":"Vila do Siri - ZEIS Planície"}},{"type":"Feature","geometry":{"type":"Polygon","coordinates":[[[-34.91016977036513,-8.0374157733466305],[-34.910183533014603,-8.037369262910472],[-34.910220047358607,-8.037330193881921],[-34.910285367773085,-8.0372872951315415],[-34.910344617661778,-8.0372227531903206],[-34.910408296163929,-8.037142993285876],[-34.910458451793986,-8.0371165937215476],[-34.910530039524453,-8.0371040686935071],[-34.910658111168772,-8.0370877976991792],[-34.910790121915845,-8.0370587004332297],[-34.911315717593361,-8.0369355653721435],[-34.911385280221126,-8.0374385187457769],[-34.911330982448639,-8.0374508315260851],[-34.911196016860394,-8.0374805837106305],[-34.911193494256878,-8.0374811396901205],[-34.911178484589001,-8.0374844487630543],[-34.911169872703958,-8.0374380468890188],[-34.911166480996833,-8.0374197733857926],[-34.911067446700464,-8.0374390032504763],[-34.91105492184829,-8.037441434667933],[-34.911078253640973,-8.0375815243721753],[-34.911014729921135,-8.0375875551660396],[-34.910994755739054,-8.0375894516600521],[-34.911012044991516,-8.0377756994910285],[-34.911015558116738,-8.0378526608498859],[-34.910927848071317,-8.037859860964927],[-34.910814047823507,-8.037853883546239],[-34.910675052101375,-8.0378443057141737],[-34.91051825157767,-8.0378162202712691],[-34.910383778773799,-8.0377768765875572],[-34.910066525994729,-8.0376181387227046],[-34.910054190353549,-8.0376119661257306],[-34.910098434682169,-8.0375368639161255],[-34.91016977036513,-8.0374157733466305]]]},"properties":{"NMNOME":"Vila do Vintém","BAIRRO":"PARNAMIRIM","ZEIS_TIPO":"ZEIS Planície","NOME_TIPO":"Vila do Vintém - ZEIS Planície"}},{"type":"Feature","geometry":{"type":"Polygon","coordinates":[[[-34.915235499617154,-8.0340686879137131],[-34.915627611604116,-8.0334165057927329],[-34.915850573530385,-8.0338147119215808],[-34.91607175774228,-8.0342213339082509],[-34.915831997046595,-8.0343303549762659],[-34.915537443374809,-8.0344602972518313],[-34.914768250908836,-8.0348265868915689],[-34.915235499617154,-8.0340686879137131]]]},"properties":{"NMNOME":"Lemos Torres","BAIRRO":"CASA FORTE","ZEIS_TIPO":"ZEIS II","NOME_TIPO":"Lemos Torres - ZEIS II"}},{"type":"Feature","geometry":{"type":"Polygon","coordinates":[[[-34.873921878351574,-8.035449139738617],[-34.874233047719777,-8.035154630113734],[-34.874241071590689,-8.0349138978824879],[-34.874452719004701,-8.0347408890443681],[-34.874597765896596,-8.034300513913859],[-34.874784970290733,-8.0337438719338206],[-34.874880295491778,-8.0337704251246276],[-34.874788050823518,-8.0339652530590051],[-34.874646101617067,-8.0344172532628875],[-34.874681166700711,-8.0344287560777374],[-34.874774313571017,-8.0344468650872205],[-34.875126807592352,-8.0344818648633929],[-34.875013909617323,-8.035047013621762],[-34.875030885368361,-8.0351343856580772],[-34.875194586405094,-8.0351830273450044],[-34.87544201969731,-8.035280285671984],[-34.875980233159581,-8.0354878840860255],[-34.876075138244012,-8.0352220758607267],[-34.876129685851737,-8.0352434074248098],[-34.876571453526736,-8.0354129980541256],[-34.876587954393557,-8.0353718772895224],[-34.876545799784822,-8.0353572427352855],[-34.876567042326435,-8.0352425982513438],[-34.876576768814218,-8.0351879471437258],[-34.877096555762975,-8.0352963243927107],[-34.877146361250674,-8.0353075761270958],[-34.877059612325368,-8.0356245129503971],[-34.87711519332931,-8.0356411474432381],[-34.877222884944949,-8.0356858598759526],[-34.877203631033296,-8.0357200317776591],[-34.877346104373025,-8.0358132250594831],[-34.877460369847405,-8.0358870188978955],[-34.877516972316215,-8.0359235963696722],[-34.877586760104172,-8.0357767762121988],[-34.877721295779423,-8.0353667020486252],[-34.877741273696088,-8.0353014109704102],[-34.877935422085962,-8.0353520478439524],[-34.877885808125697,-8.0355185599287751],[-34.877836186394163,-8.03567510271772],[-34.877810845135613,-8.0357512573629375],[-34.877805124124308,-8.0357845483613826],[-34.877774273914909,-8.0358217567306998],[-34.877583121341203,-8.0360112218218838],[-34.87761823639422,-8.0360532821465593],[-34.877606120253517,-8.0360813640956614],[-34.877611386473546,-8.0360825153495323],[-34.877700134127927,-8.0361104077808783],[-34.877568939657394,-8.0364795822346231],[-34.877523929712844,-8.0366961966234793],[-34.877798522339866,-8.0367827775617222],[-34.877706999836533,-8.0370590353138383],[-34.877439375820757,-8.036963155659258],[-34.877328772720176,-8.036927638544233],[-34.876892554238225,-8.0367294159014708],[-34.876632135662661,-8.038108185606621],[-34.874515864968103,-8.0371365363603822],[-34.873825440485902,-8.036970500444033],[-34.874628678441688,-8.0360130454836778],[-34.874085452141088,-8.035597520289306],[-34.873921878351574,-8.035449139738617]]]},"properties":{"NMNOME":"Chié","BAIRRO":" ","ZEIS_TIPO":"ZEIS Planície","NOME_TIPO":"Chié - ZEIS Planície"}},{"type":"Feature","geometry":{"type":"Polygon","coordinates":[[[-34.909030086026931,-8.1204051647711903],[-34.909431992234971,-8.1209818802878893],[-34.909543720298657,-8.1215870791758586],[-34.909316831996257,-8.1215700627647642],[-34.909299328653631,-8.1217057546098435],[-34.908873109949205,-8.1217439172962926],[-34.908882694676862,-8.1218523601079173],[-34.908891894953214,-8.1218794388840223],[-34.908919154041861,-8.1218883516248823],[-34.908910423666839,-8.1219607177788191],[-34.908937682761518,-8.1219696305170235],[-34.908929251429967,-8.1221052798060924],[-34.908747766137999,-8.1220970907322236],[-34.908763176656684,-8.1215184168688044],[-34.907855580575337,-8.1214413081752923],[-34.907848130794903,-8.1217848879644841],[-34.907529257255923,-8.1217696580285388],[-34.90756371815057,-8.1211134160712586],[-34.907225779650219,-8.1210568689495144],[-34.907199562868563,-8.1220758739295036],[-34.906518297419133,-8.1220516740710558],[-34.906551639659078,-8.1208888888462631],[-34.90555814482115,-8.1209496856332102],[-34.905542034181558,-8.1212462949311028],[-34.905259911384348,-8.1212326991006449],[-34.90522771026567,-8.1220995786728398],[-34.905037405497346,-8.1220873609271269],[-34.90502622154402,-8.1223514008096895],[-34.904618710046691,-8.1223361317149116],[-34.903497262510101,-8.1223333345900102],[-34.903536461272033,-8.1225464207049622],[-34.903297580044942,-8.1225837011769464],[-34.903203527161473,-8.1221466628540195],[-34.902971376520583,-8.1221875278709188],[-34.902971197655184,-8.1221495578576057],[-34.902377481510783,-8.1222414758577397],[-34.902443781218182,-8.1226997091525703],[-34.902323739258406,-8.1227159109332234],[-34.902249147437352,-8.1222306847242312],[-34.90254267381966,-8.1221804019722708],[-34.90257097192243,-8.1215815957496567],[-34.902302311476248,-8.1215756195175448],[-34.902289021744942,-8.1214506490225276],[-34.901967850062007,-8.1214869572560655],[-34.901948514083685,-8.1212339084974108],[-34.909030086026931,-8.1204051647711903]]]},"properties":{"NMNOME":"Entra a Pulso","BAIRRO":" ","ZEIS_TIPO":"ZEIS Planície","NOME_TIPO":"Entra a Pulso - ZEIS Planície"}},{"type":"Feature","geometry":{"type":"Polygon","coordinates":[[[-34.870620785983625,-8.0561145894547543],[-34.870650416863207,-8.0561097195789877],[-34.870794757625433,-8.0560938299301448],[-34.871012731328833,-8.0560630611297892],[-34.871097326714484,-8.0560519508543393],[-34.871170044543106,-8.0560426333203026],[-34.871227063691229,-8.0560377848888116],[-34.871274778075339,-8.0560330042259185],[-34.871281191990498,-8.0560343392227303],[-34.871285388973426,-8.056037655244662],[-34.871287813397693,-8.0560427314749514],[-34.871314266156041,-8.0562079518808911],[-34.871335912418893,-8.0563540673641594],[-34.871339820776917,-8.0563804470404641],[-34.871375266502987,-8.0565867017413062],[-34.871431483436744,-8.0570362289940718],[-34.87143672609546,-8.0570710810966286],[-34.871437346506958,-8.0570935755475492],[-34.871434006481685,-8.0571048150238269],[-34.871431119073499,-8.0571103232395451],[-34.871425136161882,-8.0571149424021709],[-34.871420003642868,-8.0571159051746317],[-34.871443157119948,-8.0572672294210914],[-34.871450272190138,-8.0573157319106041],[-34.871503815901832,-8.0576807012684046],[-34.871504106805844,-8.0576855756773842],[-34.87150355762958,-8.0576904286068523],[-34.871502184040047,-8.0576951162356067],[-34.871500027135944,-8.0576995018589557],[-34.871497150722227,-8.0577034549972186],[-34.87149363863054,-8.057706860448782],[-34.871489594718987,-8.057709618290005],[-34.871485137438157,-8.0577116457083715],[-34.871480398054118,-8.0577128851472075],[-34.871389163368484,-8.0577285634912847],[-34.871227914228356,-8.0577586018481036],[-34.871080660011323,-8.0577904386930772],[-34.870801222388891,-8.057835006116802],[-34.870687457504552,-8.0578506271040951],[-34.870687610940884,-8.0578565807184077],[-34.870686781725446,-8.0578624791468467],[-34.870684992703275,-8.0578681613577512],[-34.870682291248222,-8.057873474344337],[-34.870678751984229,-8.0578782731121894],[-34.870674470468884,-8.0578824279408749],[-34.870669563201723,-8.0578858261921393],[-34.870664163101324,-8.057888375042479],[-34.870658415901758,-8.0578900069246],[-34.870293475890463,-8.057961839048307],[-34.870286055950949,-8.0579626748237843],[-34.870278598637249,-8.0579622857320086],[-34.870271307195587,-8.0579606835029587],[-34.870264377752619,-8.0579579097339575],[-34.870257998428905,-8.057954040414204],[-34.870252343871471,-8.0579491805251191],[-34.870247565263448,-8.0579434613736876],[-34.870243793036948,-8.0579370387720299],[-34.870241128676078,-8.057930085841793],[-34.87023964652284,-8.0579227911980471],[-34.870176479498134,-8.05738953881702],[-34.870083586485329,-8.0572995086405079],[-34.870029894931491,-8.0573072420886618],[-34.86975569891014,-8.0573467355167256],[-34.869684012242196,-8.0573570616377808],[-34.869679782954286,-8.0573075866742734],[-34.869679101981554,-8.0572748437435529],[-34.869671766922707,-8.0570862945593458],[-34.869667812540278,-8.0569178712098335],[-34.869668646196985,-8.0567797500128826],[-34.869724848727216,-8.0567716552940585],[-34.870003123667246,-8.0567315756024946],[-34.870125113746859,-8.0567204531580376],[-34.870129765244108,-8.0566797245240895],[-34.870139250040232,-8.0566398381526803],[-34.870244598116919,-8.056291050940164],[-34.870318810547495,-8.056088833465795],[-34.870321999306029,-8.0560819813124489],[-34.870326287624195,-8.0560757542924417],[-34.870331557466677,-8.056070325624642],[-34.870337659861676,-8.0560658478751126],[-34.870344425748826,-8.0560624447707507],[-34.870351665076072,-8.0560602121074485],[-34.870359176752721,-8.0560592122804273],[-34.870366750455482,-8.0560594724673393],[-34.870374175707283,-8.0560609863956607],[-34.870428433551723,-8.0560768551597874],[-34.870439748546104,-8.0560801640381356],[-34.870487972392532,-8.0560942675127727],[-34.870486544023429,-8.0560935471425825],[-34.870533277079865,-8.0561069666891694],[-34.870547279656144,-8.0561128065003302],[-34.870554044516709,-8.0561188592407031],[-34.870620785983625,-8.0561145894547543]]]},"properties":{"NMNOME":"Pilar","BAIRRO":" ","ZEIS_TIPO":"ZEIS Planície","NOME_TIPO":"Pilar - ZEIS Planície"}},{"type":"Feature","geometry":{"type":"Polygon","coordinates":[[[-34.930001016191412,-8.0372313662630415],[-34.929853564033166,-8.0367875905805324],[-34.930330243723397,-8.0367089999221264],[-34.930346551459508,-8.036752408483899],[-34.930358924892879,-8.0368085628398127],[-34.930385328466812,-8.0368816376287278],[-34.930444295501964,-8.0370909455282415],[-34.930473148082847,-8.037158835784588],[-34.93048807551596,-8.0372178159673773],[-34.930535568080991,-8.0373813320871292],[-34.930600743851663,-8.0373736723215892],[-34.930612408096593,-8.0373985685982401],[-34.930713593146372,-8.0373744349858143],[-34.930784792481234,-8.0376677002265584],[-34.930909406602275,-8.038005147039053],[-34.930975826927025,-8.0382180223965705],[-34.931012935057332,-8.038327230762679],[-34.930932249260579,-8.038375433613707],[-34.930854494863006,-8.038426105219278],[-34.930423610343681,-8.0387175517768039],[-34.930367788657364,-8.0384731788697135],[-34.930356543903052,-8.0384221036454235],[-34.930336325133467,-8.0383543780643159],[-34.930196462116733,-8.0378856874013884],[-34.930149296756412,-8.0377618315883979],[-34.930072348572303,-8.0375014673720777],[-34.930001016191412,-8.0372313662630415]]]},"properties":{"NMNOME":"Abençoada por Deus","BAIRRO":" ","ZEIS_TIPO":"ZEIS II","NOME_TIPO":"Abençoada por Deus - ZEIS Planície"}},{"type":"Feature","geometry":{"type":"Polygon","coordinates":[[[-34.93386822864673,-8.0276695093020329],[-34.933896517290222,-8.0276681549641591],[-34.934266169745058,-8.0276653008849213],[-34.934283542379937,-8.0276784826147587],[-34.934283650700849,-8.0276785643745985],[-34.93429677525031,-8.0277079197384769],[-34.934335800000952,-8.0277393104164467],[-34.934340896955881,-8.0277514857797101],[-34.934417789839635,-8.0278738326349597],[-34.934622039426671,-8.0278131269041921],[-34.934717746841528,-8.0282599781361323],[-34.935014206235508,-8.0282777191787513],[-34.935007234272035,-8.0285791422577066],[-34.934401397912445,-8.0285441583438928],[-34.934356393636236,-8.0290324342332191],[-34.933930905027893,-8.0290091789609797],[-34.933901107424859,-8.0290075507040175],[-34.93321911813355,-8.0290312094510643],[-34.933214877420909,-8.0287747351161904],[-34.933202311729147,-8.0280147469853045],[-34.933542267404135,-8.028008073251117],[-34.933666277691721,-8.0280056389477252],[-34.93386822864673,-8.0276695093020329]]]},"properties":{"NMNOME":"Casarão do Barbalho","BAIRRO":" ","ZEIS_TIPO":"ZEIS II","NOME_TIPO":"Casarão do Barbalho - ZEIS II"}},{"type":"Feature","geometry":{"type":"Polygon","coordinates":[[[-34.939996212730101,-8.1361118462249546],[-34.940283011409512,-8.1359023985665768],[-34.941235006310492,-8.1342012707706175],[-34.940293042725898,-8.1336836362939433],[-34.941069311343142,-8.1317788090922889],[-34.938579643423473,-8.1308169839900053],[-34.938655885204561,-8.1305896767911321],[-34.93871048155475,-8.130316369958658],[-34.93906353655445,-8.128549006248651],[-34.93863844417708,-8.1284640624831219],[-34.938720741018791,-8.1280792935221058],[-34.9435715338617,-8.1248113938775486],[-34.943710793491874,-8.1246139154802997],[-34.943756141461101,-8.1249600806790578],[-34.943939371516173,-8.1288234240376696],[-34.944097029362858,-8.1295955240149524],[-34.944437739239824,-8.1303065213229235],[-34.947153859609266,-8.1336282218441447],[-34.947495125819636,-8.1347372372606568],[-34.947476944076008,-8.1376231872385851],[-34.947466999612558,-8.137622599390923],[-34.947446300382786,-8.1376228993655264],[-34.945263205781188,-8.1376542211410925],[-34.94413064266098,-8.1375396468405867],[-34.944083361101569,-8.1375232261110533],[-34.943989900378554,-8.1374617997408993],[-34.943813300275394,-8.1374095993557809],[-34.943670099876705,-8.1373803997762391],[-34.943285900071658,-8.1373386997527462],[-34.943093799927361,-8.1373177998760848],[-34.943067199906849,-8.13731489950991],[-34.941424099925378,-8.1371674993608423],[-34.941195700360694,-8.1371470993550918],[-34.941120700260797,-8.1371405997764032],[-34.938342000295521,-8.1369018993157418],[-34.938315099647546,-8.1368994990935679],[-34.93814015534997,-8.1368872398521646],[-34.93719628647117,-8.136797952079629],[-34.937321459465601,-8.1353295533238246],[-34.937560300156044,-8.1351270016956843],[-34.938588978920123,-8.135136638491538],[-34.938945840850081,-8.1352938271015152],[-34.939390700915034,-8.1359791354643054],[-34.939691163344584,-8.1361322693364357],[-34.939996212730101,-8.1361118462249546]]]},"properties":{"NMNOME":"Jordão","BAIRRO":"COHAB","ZEIS_TIPO":"ZEIS Morro","NOME_TIPO":"Jordão - ZEIS Morro"}},{"type":"Feature","geometry":{"type":"Polygon","coordinates":[[[-34.940561639760396,-8.1161374512568774],[-34.940682053747381,-8.1162837200766056],[-34.940805756706681,-8.1162059327079064],[-34.941924117343575,-8.1178174451227214],[-34.943031056552144,-8.1169589375005575],[-34.943397840533137,-8.1174198490230545],[-34.943150099879048,-8.1183610250903904],[-34.942988428769553,-8.1189792867193837],[-34.942986703534956,-8.119030856401146],[-34.942847457524337,-8.1195376160686692],[-34.942823291964018,-8.1196638063007871],[-34.942803830057294,-8.1197865531608802],[-34.942792935452424,-8.1198709148441939],[-34.942788382347679,-8.11991831409944],[-34.94277469329473,-8.1201118754698047],[-34.942771081089049,-8.1202368483619569],[-34.942780698942059,-8.1205550642412891],[-34.942803186348698,-8.120808517786692],[-34.942881017968396,-8.1212492200386475],[-34.942922522738314,-8.1214298873676185],[-34.943563938553211,-8.1238454532620938],[-34.943710793491874,-8.1246139154802997],[-34.9435715338617,-8.1248113938775486],[-34.938720741018791,-8.1280792935221058],[-34.93863844417708,-8.1284640624831219],[-34.93906353655445,-8.128549006248651],[-34.938713317814866,-8.1303167976044843],[-34.93871048155475,-8.130316369958658],[-34.937807378776064,-8.130180191432185],[-34.936500290719799,-8.1298800362977879],[-34.936397404482236,-8.1304619674662266],[-34.935676000419271,-8.1303401009322354],[-34.935474418081526,-8.1303604366324009],[-34.935403638060684,-8.130207011822927],[-34.935352460953801,-8.1301137820878537],[-34.935314906053101,-8.1300583916202687],[-34.935271983882046,-8.1300012845982064],[-34.935223486275582,-8.1299442674004219],[-34.935103680376798,-8.1298215144307058],[-34.935068108881737,-8.1297909361106377],[-34.934705475352182,-8.1295450880435229],[-34.934680162138953,-8.1295309977533972],[-34.934664286659945,-8.1295242368848015],[-34.934353520407676,-8.1294425378520998],[-34.932959349143999,-8.1291971072739457],[-34.933180307943381,-8.1279755859772731],[-34.932406623418743,-8.1274458734423884],[-34.932835852916661,-8.126141997479996],[-34.932073018418826,-8.1259828934530276],[-34.932866879476499,-8.1212509258043379],[-34.933925315109619,-8.1206220999822047],[-34.933194757051567,-8.1196220734845124],[-34.933493222772725,-8.1194308044381263],[-34.93335480817791,-8.1189432737494887],[-34.933977289961007,-8.1171074867224977],[-34.934829835521569,-8.1163870238483398],[-34.9359383996755,-8.117959119341867],[-34.938691541273336,-8.1161556994414585],[-34.939345130461071,-8.1171614006640009],[-34.939454481636552,-8.1170893982704104],[-34.939362015829474,-8.1169542531132439],[-34.940561639760396,-8.1161374512568774]]]},"properties":{"NMNOME":"Ibura","BAIRRO":"COHAB","ZEIS_TIPO":"ZEIS Morro","NOME_TIPO":"Ibura - ZEIS Morro"}},{"type":"Feature","geometry":{"type":"Polygon","coordinates":[[[-34.905180660470677,-8.1033846352970826],[-34.90497878719038,-8.1033317585044529],[-34.90495640453122,-8.1033189466670397],[-34.904875245353878,-8.1032215825758431],[-34.90503157244774,-8.1029156814805106],[-34.905143868529002,-8.1027489403743083],[-34.905250048252505,-8.1025521205805742],[-34.905382881351819,-8.1023404987047449],[-34.905450201961273,-8.1021981696115919],[-34.905477210687032,-8.1021952489334055],[-34.905481464150057,-8.1021947887769166],[-34.9055222849804,-8.1021084132856149],[-34.905539862312487,-8.1020838471966439],[-34.905558641928948,-8.1020576011564973],[-34.905586125901657,-8.1019678968300717],[-34.905597170049042,-8.1019318479726117],[-34.9056343971193,-8.1017034973664384],[-34.905649996870679,-8.1016078103113625],[-34.905735317183421,-8.1013872784607628],[-34.905857584736886,-8.101238333383586],[-34.905866200800347,-8.10122783667744],[-34.905912146838205,-8.1011718663267516],[-34.906049995565674,-8.1008843896201963],[-34.905978111023295,-8.1007779760257517],[-34.905950884842788,-8.1005031122372575],[-34.905970094757521,-8.1004748246126965],[-34.906243766807236,-8.1000718171088391],[-34.906271459612888,-8.100074726254789],[-34.906268237921957,-8.100084498907302],[-34.906441582242543,-8.1001048149701678],[-34.906520709721846,-8.1001140888018366],[-34.906824755300249,-8.1001497225009071],[-34.906861682667291,-8.1001540503090368],[-34.90695598734402,-8.1001621673128419],[-34.906957349581283,-8.1001622848010904],[-34.90703901840223,-8.1001693136005706],[-34.907068423305375,-8.1001718883164848],[-34.907181281360359,-8.1001816633663459],[-34.907204102728386,-8.1001836396254134],[-34.907229516439195,-8.1001861109427011],[-34.907224616238331,-8.100234560181466],[-34.907215048159145,-8.1003384125569671],[-34.907207805399864,-8.1004330597025564],[-34.907199865910982,-8.1005304015125699],[-34.907193349057671,-8.1006185305605989],[-34.907187412563111,-8.1007197098080148],[-34.907187369417365,-8.100720565256756],[-34.907181869685367,-8.1008287661549971],[-34.907177768485212,-8.1009259101078985],[-34.907174552596203,-8.1010255361037942],[-34.907171097508986,-8.1011269586943708],[-34.907169251817493,-8.1012243443340104],[-34.907169118595633,-8.101303748218065],[-34.907167283300041,-8.101350937321758],[-34.907167809408598,-8.1013923456295824],[-34.90716915212073,-8.1014981286969281],[-34.907178757725781,-8.1017835057157885],[-34.907193095875897,-8.1020456984100448],[-34.907206305253183,-8.1023087932099234],[-34.907240552820596,-8.1026553768727183],[-34.907258928884787,-8.1028504996593522],[-34.907279090268112,-8.1029961074107817],[-34.907295857159255,-8.103125962309452],[-34.907324849921977,-8.1033287326353296],[-34.907353595259302,-8.1034783884009585],[-34.907378766699608,-8.1035430090281988],[-34.907284960736519,-8.1035407862926903],[-34.907150220777517,-8.1035432563602701],[-34.906884432103212,-8.1035481781946928],[-34.906722369258695,-8.103538890146087],[-34.906491088637019,-8.1035105497433051],[-34.906359244537022,-8.1034960963398994],[-34.906061734533395,-8.1034716535868387],[-34.905826200596849,-8.103457684736826],[-34.905692162739292,-8.1034360657809117],[-34.905503413199085,-8.1034175728935427],[-34.90546450631922,-8.1034127308233543],[-34.905447890037024,-8.1034013268234588],[-34.905298065163876,-8.1033912631639229],[-34.905252714586254,-8.1033943455009378],[-34.905180660470677,-8.1033846352970826]]]},"properties":{"NMNOME":"Quadra L e Quadra K","BAIRRO":" ","ZEIS_TIPO":"ZEIS II","NOME_TIPO":"Quadra L e Quadra K - ZEIS II"}},{"type":"Feature","geometry":{"type":"Polygon","coordinates":[[[-34.949612272726853,-8.0896635441492482],[-34.950332995106422,-8.0895391325907493],[-34.9504313114669,-8.0895675744083562],[-34.950563524355687,-8.0895802504909788],[-34.950695728171382,-8.0895929265722035],[-34.950688147590867,-8.0896105464495776],[-34.95068125194112,-8.0896272318894145],[-34.950674810719313,-8.0896440959675555],[-34.950669060123978,-8.0896612098794165],[-34.950664245207385,-8.0896785995758247],[-34.950660465665692,-8.0896962464997557],[-34.950657630395952,-8.0897140697223247],[-34.950655289000792,-8.089736501213654],[-34.950654401481806,-8.0897500118801684],[-34.950653825979202,-8.0897680412796049],[-34.950653767620985,-8.089786086289779],[-34.950654548952059,-8.0898221720204653],[-34.950610986384376,-8.0898463282419311],[-34.950535186925592,-8.0897088505915438],[-34.950234049082887,-8.0898617705423916],[-34.950239656952171,-8.089870435248951],[-34.95007742104049,-8.0900014810592165],[-34.950062182445564,-8.0899730836434944],[-34.950055587416429,-8.0899607939073466],[-34.950050694003657,-8.0899516746675726],[-34.949902002217961,-8.0900245473535115],[-34.94977386075859,-8.0900276091525232],[-34.9497550248145,-8.0899947556810012],[-34.949732652795994,-8.0899679309906443],[-34.949675427673604,-8.0898541317839925],[-34.949634104039163,-8.0897420737781829],[-34.949612272726853,-8.0896635441492482]]]},"properties":{"NMNOME":"Torre de Babel","BAIRRO":"TEJIPIÓ","ZEIS_TIPO":"ZEIS II","NOME_TIPO":"Torre de Babel - ZEIS II"}},{"type":"Feature","geometry":{"type":"Polygon","coordinates":[[[-34.910568654315959,-8.0828513814167096],[-34.910494374705678,-8.0828132289917018],[-34.910488885214157,-8.0828129590213216],[-34.910484814353367,-8.0828118877462547],[-34.910292005469536,-8.0827128073992558],[-34.910082532828348,-8.0826060985541766],[-34.910019835444402,-8.0825750249762613],[-34.909966807180709,-8.0825487438613663],[-34.909920640226936,-8.0825258634156967],[-34.909916619448914,-8.0825227107402497],[-34.909913175799694,-8.082519211823044],[-34.909910240654384,-8.0825144701512954],[-34.909905405009937,-8.0825054792094164],[-34.9099028934953,-8.0824988080896603],[-34.909900104734753,-8.0824885455073847],[-34.909892755484641,-8.082413240419255],[-34.909878006383074,-8.082368341095977],[-34.90987834682673,-8.0823637694520638],[-34.909880783321931,-8.0823558438745646],[-34.909880366225075,-8.0823524130852018],[-34.909878978991863,-8.0823483187239944],[-34.910004837265966,-8.0819874206140554],[-34.910048311364257,-8.0818625142499023],[-34.910080441665997,-8.0817702018375055],[-34.910109415129625,-8.0816869574914794],[-34.910121531334191,-8.0816521458742923],[-34.91017169085287,-8.0815088873799148],[-34.910186660740905,-8.0814661328675399],[-34.910189757897768,-8.0814418749671173],[-34.910251955074266,-8.0814588339079947],[-34.91052183243761,-8.081496276671098],[-34.910775261672995,-8.0815314365153395],[-34.910787201229383,-8.0815421815777615],[-34.910830524722165,-8.0815811721176658],[-34.91079566919408,-8.0817636163405737],[-34.910760145416241,-8.0819551893269495],[-34.910692540058776,-8.0823658199866504],[-34.910674350873926,-8.082488009906406],[-34.910648486576619,-8.0826212354695119],[-34.910614236609838,-8.0826956672647121],[-34.910568654315959,-8.0828513814167096]]]},"properties":{"NMNOME":"Souza Luna","BAIRRO":"AFOGADOS","ZEIS_TIPO":"ZEIS II","NOME_TIPO":"Souza Luna - ZEIS II"}},{"type":"Feature","geometry":{"type":"Polygon","coordinates":[[[-34.923043416379578,-7.9982299419258025],[-34.923053376098203,-7.9982021851244598],[-34.923062394013854,-7.9981770544903048],[-34.923069250905861,-7.9981446209589082],[-34.923079439515703,-7.998133966145291],[-34.923098759976625,-7.9981153311354936],[-34.923100287628067,-7.9981138576318092],[-34.923111178017088,-7.9981033541441544],[-34.923118811613364,-7.9980944117704578],[-34.92312526179284,-7.9980868563154379],[-34.923127562979161,-7.9980843955893031],[-34.923148501035605,-7.998061999377641],[-34.92316253659429,-7.9980439223757909],[-34.923173383121636,-7.9980273510246773],[-34.923184340075913,-7.9980126677455159],[-34.923201847983613,-7.997992773679262],[-34.923219641598934,-7.9979769474667641],[-34.923241240377713,-7.99795910284183],[-34.923256315230496,-7.9979485590702],[-34.92328380359627,-7.997930686109652],[-34.923307493173134,-7.9979078720586632],[-34.923322821890473,-7.9978884112402318],[-34.923337863480882,-7.9978564540011829],[-34.923347901253059,-7.9978420652051359],[-34.923373920393679,-7.9978106571345915],[-34.92340487103916,-7.9977748911154576],[-34.923427195901716,-7.9977548408074099],[-34.923453093610512,-7.9977315825174484],[-34.923481617523898,-7.9977150291768382],[-34.923521310014827,-7.9977024360413731],[-34.923554550905799,-7.9976839368813115],[-34.923592625218838,-7.9976544742441948],[-34.923614435840513,-7.9976247537634073],[-34.923623356945164,-7.9976147720444395],[-34.923650074135104,-7.9975894983910232],[-34.923671013566974,-7.9975737913145091],[-34.92370407423838,-7.9975454857194972],[-34.923730264244412,-7.9975230632186012],[-34.923749482769331,-7.9975035906006058],[-34.923764196115144,-7.9974886818810473],[-34.923808769648431,-7.9974425976081109],[-34.923861069413867,-7.9973934098571187],[-34.923889910108315,-7.9974026488164718],[-34.923912696911223,-7.9974099487375314],[-34.923922652909326,-7.9974131379939069],[-34.923930127633348,-7.997413260478238],[-34.923994867732198,-7.9974143158651794],[-34.924067796376129,-7.9974155057670648],[-34.924123889224944,-7.9974189872408612],[-34.92415093771983,-7.9974206666279004],[-34.924237272916763,-7.9974415993185826],[-34.924283011459046,-7.9974526887803057],[-34.924361984040303,-7.9974672332932357],[-34.924474774086654,-7.9974872217662609],[-34.924569409201283,-7.9975039922763571],[-34.924637978266361,-7.9975121690894708],[-34.924758689350092,-7.9975340389815646],[-34.924829074725061,-7.9975467908876272],[-34.925046049064122,-7.9975817900983888],[-34.925034655482179,-7.9977614711830043],[-34.924992306413969,-7.9978815091768345],[-34.924981024220344,-7.9979148104384841],[-34.924978096564843,-7.9979233105110827],[-34.924977467468523,-7.9979251197584826],[-34.924976836549888,-7.9979269272062616],[-34.924976204711569,-7.9979287319461569],[-34.924975571046673,-7.9979305339823847],[-34.924974935555191,-7.9979323333148917],[-34.924974298237132,-7.9979341299438005],[-34.924973659096736,-7.9979359247730484],[-34.924973018125513,-7.9979377159945617],[-34.924972375327719,-7.9979395045124502],[-34.924971729800639,-7.9979412912349108],[-34.924971069016934,-7.9979431123828268],[-34.924970405495486,-7.9979449299272654],[-34.924969740147475,-7.9979467447680364],[-34.924969071159012,-7.9979485569135917],[-34.924968400343964,-7.9979503663554841],[-34.924967726791174,-7.9979521721938918],[-34.924967050500619,-7.997953974428782],[-34.924966371476572,-7.9979557739642715],[-34.924965688812058,-7.9979575708045028],[-34.92496500431249,-7.9979593631330363],[-34.924964316176741,-7.9979611536703832],[-34.924963624392049,-7.9979629397044247],[-34.924962929873857,-7.9979647230390274],[-34.924962231710978,-7.9979665027743581],[-34.924961574723902,-7.997968166597885],[-34.924961527174155,-7.9979682771150307],[-34.92494344338332,-7.9980067144137852],[-34.92494293062957,-7.9980078043899887],[-34.9249266841314,-7.99804233661908],[-34.924926662543257,-7.9980423746902662],[-34.924917587152066,-7.9980583203410234],[-34.924917360442585,-7.99805871285648],[-34.924915789702169,-7.9980610526571363],[-34.9248894420205,-7.9981003113944817],[-34.924887046292973,-7.9981038827563067],[-34.924866282645652,-7.9981348197950517],[-34.924802884226843,-7.9982086679557272],[-34.924801967104827,-7.9982095925653613],[-34.924800646456085,-7.9982109177470928],[-34.924799322162627,-7.9982122393295567],[-34.924797993309085,-7.998213555508876],[-34.92479666081087,-7.9982148680889988],[-34.924795324663712,-7.9982161761657942],[-34.924794156403699,-7.9982173125923612],[-34.924792984511726,-7.9982184481318237],[-34.924791808979315,-7.9982195809760652],[-34.924790628903764,-7.9982207120333468],[-34.924789445192019,-7.9982218412994639],[-34.924788257839836,-7.9982229678703618],[-34.924787423519049,-7.9982237564847436],[-34.924787066859913,-7.9982240944581582],[-34.924785871332624,-7.9982252183549702],[-34.924784673076097,-7.9982263404563678],[-34.92478347028063,-7.9982274616748743],[-34.924782264755926,-7.9982285810979619],[-34.924781054692303,-7.9982296996381326],[-34.924779841899422,-7.9982308163829394],[-34.924778624567665,-7.9982319322447983],[-34.924777404506614,-7.9982330463112961],[-34.924776180813609,-7.9982341594906243],[-34.924774265305651,-7.9982358924646668],[-34.924772341626849,-7.9982376236686665],[-34.924770410684111,-7.9982393530984019],[-34.924768470659352,-7.9982410798582517],[-34.924766523370657,-7.9982428048438798],[-34.924764568818034,-7.9982445280552152],[-34.924762607005754,-7.9982462503962868],[-34.924760637925274,-7.9982479700590625],[-34.924758661589344,-7.9982496897556752],[-34.924756678900692,-7.998251408577846],[-34.924754689855014,-7.9982531256214928],[-34.924752694460835,-7.9982548426946867],[-34.924750692713886,-7.9982565588934751],[-34.924748685525358,-7.9982582751176343],[-34.924746672895239,-7.9982599913671359],[-34.924744654823527,-7.998261707641988],[-34.924742631314459,-7.998263424846237],[-34.924740603266507,-7.9982651411675922],[-34.924738569781191,-7.9982668584182894],[-34.924736532668149,-7.9982685756859722],[-34.924734491935865,-7.9982702947785906],[-34.92473244576199,-7.9982720138965888],[-34.924730396871524,-7.9982737339313053],[-34.924728344357597,-7.998275454886941],[-34.924726288228648,-7.998277178571608],[-34.924724226666598,-7.9982789040897151],[-34.92472009631669,-7.9982823614880791],[-34.924718362688942,-7.9982838124510476],[-34.924715962372943,-7.9982858261356258],[-34.924713895407372,-7.9982875598154548],[-34.924711829348745,-7.9982892934910534],[-34.924707144362351,-7.9982932262987507],[-34.924693826670243,-7.9983044273167083],[-34.924679872950676,-7.9983161538465053],[-34.924663059996227,-7.9983302804257148],[-34.924637335084178,-7.9983518880660194],[-34.924618824707501,-7.9983674509730882],[-34.924609567702632,-7.9983752319828376],[-34.924600309781994,-7.9983830111886487],[-34.92459568353172,-7.9983868985187154],[-34.924591061790565,-7.998390780403362],[-34.92458953325449,-7.998392064062716],[-34.924589497117282,-7.9983920940651858],[-34.924577093019721,-7.9984023930894184],[-34.924545341957803,-7.9984287552474767],[-34.924531881749921,-7.9984399316126868],[-34.924382484235622,-7.9985425364447851],[-34.92437936533608,-7.9985446845660029],[-34.92435510004713,-7.9985613437909109],[-34.92432817872826,-7.9985798343651364],[-34.924327831633349,-7.9985800845997064],[-34.924327210663137,-7.9985805331961002],[-34.92432327799461,-7.9985834047426358],[-34.924315647606775,-7.9985889650243447],[-34.924307577040729,-7.9985948464910734],[-34.924305747447455,-7.9985936273015863],[-34.92430120847856,-7.9985905999580345],[-34.924301158440578,-7.9985905667409236],[-34.92429718719778,-7.9985879209778314],[-34.924154215843167,-7.998492610218765],[-34.924159143352142,-7.9984860463694893],[-34.924097630502452,-7.9984394528758607],[-34.923930489253117,-7.9983128520440969],[-34.923887030813361,-7.9982799342114577],[-34.923882626639966,-7.9982851503754073],[-34.923871221592719,-7.9982986550514736],[-34.923629037679326,-7.9985854479886997],[-34.923474359051582,-7.9987686164467418],[-34.923376670294239,-7.9986729922866866],[-34.923318695534618,-7.9986219595095758],[-34.923210508666699,-7.9985179646586344],[-34.922984597808608,-7.9983456230349095],[-34.922986116570485,-7.998343607135304],[-34.923006962180537,-7.9983022558785901],[-34.923043416379578,-7.9982299419258025]]]},"properties":{"NMNOME":"Vila Independência","BAIRRO":"NOVA DESCOBERTA","ZEIS_TIPO":"ZEIS II","NOME_TIPO":"Vila Independência - ZEIS Morro"}},{"type":"Feature","geometry":{"type":"Polygon","coordinates":[[[-34.890190214785228,-8.0228295738114195],[-34.88997894074592,-8.0223725846704728],[-34.890197605465808,-8.0222880792985229],[-34.89027202501277,-8.0222593179469452],[-34.890337141545466,-8.0222341532270143],[-34.890478013568945,-8.0225699925504497],[-34.890738395428905,-8.0231575007908074],[-34.890670438553606,-8.0231867072167837],[-34.890598140419094,-8.0232217476957235],[-34.890411480076772,-8.0233108636712025],[-34.890190214785228,-8.0228295738114195]]]},"properties":{"NMNOME":"Conjunto Habitacional Santo Antônio","BAIRRO":"ARRUDA","ZEIS_TIPO":"ZEIS II","NOME_TIPO":"Conjunto Habitacional Santo Antônio - ZEIS II"}},{"type":"Feature","geometry":{"type":"Polygon","coordinates":[[[-34.927298316926894,-8.0407234179029476],[-34.927306880455291,-8.0406929109514156],[-34.927584517653131,-8.0405375567629118],[-34.927614051761772,-8.0405492613521048],[-34.927656031915248,-8.0406803336611876],[-34.927684834596263,-8.0407676209598726],[-34.927721408212015,-8.0408486337846465],[-34.927789212683443,-8.040954904084499],[-34.927849230800383,-8.0410257718189193],[-34.92792365905386,-8.041094130952624],[-34.927608652306596,-8.0412717252347701],[-34.927298316926894,-8.0407234179029476]]]},"properties":{"NMNOME":"Conjunto Habitacional Clube do Automóvel","BAIRRO":"IPUTINGA","ZEIS_TIPO":"ZEIS II","NOME_TIPO":"Conjunto Habitacional Clube do Automóvel - ZEIS I"}},{"type":"Feature","geometry":{"type":"Polygon","coordinates":[[[-34.9182634035134,-8.0031794438778263],[-34.918260535293065,-8.0031475618063581],[-34.919129034273496,-8.0026136608857517],[-34.919160953769094,-8.0026117043298566],[-34.919218762991811,-8.0026379607531091],[-34.919706684790754,-8.0028341245175696],[-34.919969401093951,-8.0029398079509164],[-34.920073236729372,-8.0029817254626483],[-34.920142852216586,-8.0030088127835199],[-34.920402294834645,-8.0031068084973551],[-34.920659228438517,-8.0032037398602043],[-34.920775813239672,-8.0032487349267178],[-34.920899243277361,-8.0033005870547527],[-34.921236865105762,-8.0034453741810871],[-34.921373111675408,-8.0035036486028055],[-34.921376747603539,-8.0035386641199331],[-34.921006352782022,-8.0037996738625647],[-34.920933191037271,-8.0038605053190199],[-34.920899754873162,-8.0038974653850836],[-34.920819160390074,-8.0040018259181149],[-34.920750752715797,-8.0041034717711188],[-34.920675407842005,-8.0042429126409473],[-34.920645252624723,-8.0042530700260759],[-34.9182634035134,-8.0031794438778263]]]},"properties":{"NMNOME":"Conjunto Habitacional Dom Helder Camara","BAIRRO":"NOVA DESCOBERTA","ZEIS_TIPO":"ZEIS II","NOME_TIPO":"Conjunto Habitacional Dom Helder Camara - ZEIS II"}},{"type":"Feature","geometry":{"type":"Polygon","coordinates":[[[-34.908673635107014,-8.0838934384983823],[-34.908781197828667,-8.0838682641538249],[-34.908876422828641,-8.0838528209217699],[-34.908980023870178,-8.0838443993018814],[-34.908993588528467,-8.0839001620342295],[-34.909020534845034,-8.0838917639561974],[-34.909115568205195,-8.0842946058895553],[-34.909117719987343,-8.0843243124939175],[-34.909106246875169,-8.0843552761171704],[-34.908495191013749,-8.0844915072612622],[-34.908435341883212,-8.0842248791949221],[-34.908569191636794,-8.0841963365241991],[-34.90851034864756,-8.083933003610694],[-34.908673635107014,-8.0838934384983823]]]},"properties":{"NMNOME":"Conjunto Habitacional Imbiribeira II - Nicolau Copernico","BAIRRO":"IMBIRIBEIRA","ZEIS_TIPO":"ZEIS II","NOME_TIPO":"Conjunto Habitacional Imbiribeira II - Nicolau Co*"}},{"type":"Feature","geometry":{"type":"Polygon","coordinates":[[[-34.912374109216124,-8.0888837885142078],[-34.912381362288237,-8.0888540379571179],[-34.91265354991291,-8.088529234983092],[-34.912684339054714,-8.0885323725578928],[-34.912909017493931,-8.0887792961192684],[-34.912922925028646,-8.0888065970038507],[-34.912970309960755,-8.0890746741694741],[-34.912705239822941,-8.0891229992866638],[-34.912688810380253,-8.0890452905429964],[-34.912423642670241,-8.0891054501397921],[-34.912418096117392,-8.0890805872196374],[-34.912374109216124,-8.0888837885142078]]]},"properties":{"NMNOME":"Conjunto Habitacional Imbiribeira II - Cinco de Maio","BAIRRO":"IMBIRIBEIRA","ZEIS_TIPO":"ZEIS II","NOME_TIPO":"Conjunto Habitacional Imbiribeira II - Cinco de M*"}},{"type":"Feature","geometry":{"type":"Polygon","coordinates":[[[-34.909304631682907,-8.1041174343106288],[-34.909319127962554,-8.1040944031602766],[-34.909609864415373,-8.1040281295657515],[-34.9097615639498,-8.104689104233449],[-34.91007108570254,-8.1046185564057929],[-34.910157805329924,-8.1049964017859892],[-34.910143306320514,-8.1050194239339088],[-34.909561861221931,-8.1051519537662617],[-34.909538762085177,-8.1051374974833106],[-34.909304631682907,-8.1041174343106288]]]},"properties":{"NMNOME":"Conjunto Habitacional Imbiribeira I - São Francisco","BAIRRO":"IMBIRIBEIRA","ZEIS_TIPO":"ZEIS II","NOME_TIPO":"Conjunto Habitacional Imbiribeira I - São Francis"}},{"type":"Feature","geometry":{"type":"Polygon","coordinates":[[[-34.885541159582239,-8.0718173614235464],[-34.885618757248992,-8.0717472994625314],[-34.88539238137664,-8.0714243205405012],[-34.886092351842905,-8.0709611004917292],[-34.886260962635433,-8.0711122086712415],[-34.886017951837253,-8.0718768227005881],[-34.886567343708911,-8.0720402793549653],[-34.886409654955941,-8.0725422271565517],[-34.885209448121621,-8.0720969841274375],[-34.885305699387899,-8.0718436699228775],[-34.885428376811255,-8.0718899360719369],[-34.885541159582239,-8.0718173614235464]]]},"properties":{"NMNOME":"Conjunto Habitacional Sergio Loreto","BAIRRO":"SÃO JOSÉ","ZEIS_TIPO":"ZEIS II","NOME_TIPO":"Conjunto Habitacional Sergio Loreto - ZEIS II"}},{"type":"Feature","geometry":{"type":"Polygon","coordinates":[[[-34.886532092205385,-8.0725804657902955],[-34.886816099025005,-8.0716837395458452],[-34.886833012851007,-8.071679909647985],[-34.886926064707268,-8.0718017029554083],[-34.887065966880698,-8.0719798935689528],[-34.887260267425447,-8.0722034711007176],[-34.887437567177351,-8.0723837763738828],[-34.887305759915819,-8.0727973850258739],[-34.886532092205385,-8.0725804657902955]]]},"properties":{"NMNOME":"Conjunto Habitacional Travessa do Gusmão","BAIRRO":"SÃO JOSÉ","ZEIS_TIPO":"ZEIS II","NOME_TIPO":"Conjunto Habitacional Travessa do Gusmão - ZEIS I"}},{"type":"Feature","geometry":{"type":"Polygon","coordinates":[[[-34.964176067201699,-8.0267684738950216],[-34.965036672699469,-8.0265906991175573],[-34.965169442187261,-8.0271161256956916],[-34.964955584919004,-8.0273071761202157],[-34.964762860961635,-8.0274606079180622],[-34.964662992204126,-8.0275531160339373],[-34.964413371940616,-8.0277385511934654],[-34.964176067201699,-8.0267684738950216]]]},"properties":{"NMNOME":"Conjunto Habitacional Varzea II - São Francisco","BAIRRO":"VÁRZEA","ZEIS_TIPO":"ZEIS II","NOME_TIPO":"Conjunto Habitacional Varzea II - ZEIS II"}},{"type":"Feature","geometry":{"type":"Polygon","coordinates":[[[-34.935443728536718,-8.0323789407144019],[-34.936260917493307,-8.0322403534990947],[-34.936605941599936,-8.0321553931072796],[-34.936632542355717,-8.0321693077979095],[-34.937243437147565,-8.0339064537768259],[-34.937228894572932,-8.0339358407626769],[-34.936498009213011,-8.0341467914403246],[-34.936396559301791,-8.0334946596494277],[-34.935660526052835,-8.0336076967647116],[-34.935443728536718,-8.0323789407144019]]]},"properties":{"NMNOME":"Condominio Dom Helder Câmara","BAIRRO":"IPUTINGA","ZEIS_TIPO":"ZEIS II","NOME_TIPO":"Condominio Dom Helder Câmara - ZEIS II"}},{"type":"Feature","geometry":{"type":"Polygon","coordinates":[[[-34.910910605587432,-8.1333809605280525],[-34.91103265886764,-8.1333960809474277],[-34.911010720358497,-8.1339987333082249],[-34.910973672368939,-8.1339989075910442],[-34.910704077334472,-8.1340308144411342],[-34.91059646137878,-8.1344794739264419],[-34.910435024676509,-8.1344902502429015],[-34.910501715626651,-8.1345975291826313],[-34.910375322607855,-8.1346511921702511],[-34.910434043737787,-8.1348867048152602],[-34.910077226970763,-8.1349654272120535],[-34.91010530138454,-8.1351175576032961],[-34.909791276525944,-8.1352017108852639],[-34.909774423928447,-8.1351198548147341],[-34.90949779285318,-8.1351864197878143],[-34.90949473130739,-8.1351491505800571],[-34.909416953749989,-8.1351566673675215],[-34.909358044362158,-8.1350215697378943],[-34.910910605587432,-8.1333809605280525]]]},"properties":{"NMNOME":"Comunidade Rio Azul","BAIRRO":"BOA VIAGEM","ZEIS_TIPO":"ZEIS Planície","NOME_TIPO":"Comunidade Rio Azul - ZEIS Planície"}},{"type":"Feature","geometry":{"type":"Polygon","coordinates":[[[-34.891987064716503,-8.0874470264405929],[-34.893311172418535,-8.0873074865259635],[-34.893375914463242,-8.0879481207330546],[-34.892052983294867,-8.088082819072568],[-34.891987064716503,-8.0874470264405929]]]},"properties":{"NMNOME":"Conjunto Habitacional Via Mangue I","BAIRRO":"PINA","ZEIS_TIPO":"ZEIS II","NOME_TIPO":"Conjunto Habitacional Via Mangue I - ZEIS II"}},{"type":"Feature","geometry":{"type":"Polygon","coordinates":[[[-34.896861628414385,-8.0896011918407282],[-34.89671614996665,-8.08941343171829],[-34.896593450532855,-8.0884398364125403],[-34.897408958775898,-8.0883455874797345],[-34.897576122510173,-8.0897488074485917],[-34.8974487691954,-8.0897876142924794],[-34.896861628414385,-8.0896011918407282]]]},"properties":{"NMNOME":"Conjunto Habitacional Via Mangue II","BAIRRO":"PINA","ZEIS_TIPO":"ZEIS II","NOME_TIPO":"Conjunto Habitacional Via Mangue II - ZEIS II"}},{"type":"Feature","geometry":{"type":"Polygon","coordinates":[[[-34.909900910735018,-8.1199700925402318],[-34.910432607681621,-8.1198537929876871],[-34.910939628655775,-8.1220567675499034],[-34.910407919063864,-8.1221730232371989],[-34.909900910735018,-8.1199700925402318]]]},"properties":{"NMNOME":"Conjunto Habitacional Via Mangue III","BAIRRO":"IMBIRIBEIRA","ZEIS_TIPO":"ZEIS II","NOME_TIPO":"Conjunto Habitacional Via Mangue III - ZEIS II"}},{"type":"Feature","geometry":{"type":"Polygon","coordinates":[[[-34.913087989865225,-8.0487269943730677],[-34.913295535446451,-8.048670878880257],[-34.913302408306144,-8.0487824085210899],[-34.913304358251295,-8.0488306765273752],[-34.913305532161438,-8.0488875367733712],[-34.913303591053221,-8.0489184648621883],[-34.913350564630171,-8.048915804892081],[-34.913479684405857,-8.0489058910276601],[-34.913546884270737,-8.0489029559186651],[-34.913598585089304,-8.0489025340430587],[-34.913631623873634,-8.0488684775423032],[-34.913720695332316,-8.0489259223901239],[-34.913740509690882,-8.0489345090213806],[-34.913758989255854,-8.048929269677533],[-34.913822725783234,-8.0489228248184546],[-34.913909126589289,-8.0489137428738307],[-34.913943040796219,-8.0489115957711732],[-34.913971947571504,-8.0489054941319722],[-34.913966748186361,-8.0488413297547599],[-34.913995267945801,-8.0488300767487964],[-34.914077971351986,-8.0488062757562826],[-34.914097525132476,-8.0488946021249532],[-34.914097709214829,-8.0489144906980421],[-34.914108941736252,-8.0489112740824389],[-34.914316638837768,-8.0488488289220523],[-34.914360841567628,-8.0488356042040419],[-34.914579414230076,-8.0495824270238518],[-34.914824526561084,-8.0503017325133204],[-34.915265733434431,-8.0515775684183435],[-34.915537249477175,-8.0526645229097671],[-34.915642860095012,-8.0529886791713565],[-34.915748470935476,-8.0533128353614671],[-34.914480636261118,-8.0540239252080674],[-34.914368267922811,-8.0538155203381336],[-34.914316933893474,-8.053720381095566],[-34.914273925890264,-8.0536404816781531],[-34.914259647107706,-8.0536131551536965],[-34.914110634510962,-8.0536946739653619],[-34.91388498899785,-8.053818046907514],[-34.913873929246975,-8.0538240852325202],[-34.913726489488809,-8.0539075656536134],[-34.913663705273414,-8.0539431171288971],[-34.913649443495899,-8.0539194067576219],[-34.913537912031487,-8.0537345937510416],[-34.9134775758166,-8.0536347048075712],[-34.913566733997285,-8.0535751630062045],[-34.913681935142108,-8.053498412857893],[-34.913635588848834,-8.053402978992958],[-34.913584365552744,-8.0532927412007371],[-34.913535476012598,-8.0531772489302078],[-34.913531628706636,-8.0530726665342982],[-34.913456482432643,-8.0530640668310287],[-34.913155941904222,-8.0530391603515827],[-34.913193476583942,-8.0522431365272293],[-34.913289104310962,-8.0522478437188933],[-34.913270543454061,-8.0517527736772649],[-34.913280376521627,-8.0513355016439068],[-34.913108494762511,-8.0514145952154266],[-34.912204370691974,-8.051405068282957],[-34.912158613412736,-8.0514543723240344],[-34.912018039610814,-8.0514398391536055],[-34.911809647479963,-8.0514318600121424],[-34.911813310015241,-8.0512457861331725],[-34.91193757626359,-8.051245207074146],[-34.911908510372967,-8.0511014151960758],[-34.911897662181289,-8.0509158609735145],[-34.911918622146757,-8.0506658794327244],[-34.911945442293153,-8.050388929418304],[-34.911963141638985,-8.050178651577335],[-34.911957457520948,-8.0500691052486175],[-34.911924904564032,-8.0498200058882201],[-34.911934910028144,-8.0497872320768717],[-34.912285597412328,-8.0496162664666286],[-34.912327533269561,-8.0491390858476937],[-34.913042759619202,-8.0491591677539862],[-34.913087989865225,-8.0487269943730677]]]},"properties":{"NMNOME":"Sítio do Cardoso","BAIRRO":"MADALENA","ZEIS_TIPO":"ZEIS Planície","NOME_TIPO":"Sítio do Cardoso - ZEIS Planície"}},{"type":"Feature","geometry":{"type":"Polygon","coordinates":[[[-34.925760977399726,-8.0373926951196211],[-34.925865053174292,-8.0372663352197691],[-34.925895927144119,-8.0372294857273605],[-34.925759380359139,-8.037088712575267],[-34.925912010783236,-8.0369433749759569],[-34.925883593439934,-8.0369222265762712],[-34.925595205678952,-8.0367075798867216],[-34.925625984405244,-8.0366659212666853],[-34.925686531105988,-8.0365990807258711],[-34.925701819375199,-8.0365827812268229],[-34.925826689846588,-8.0364499232073143],[-34.925860264254901,-8.0364144714098966],[-34.925894784666291,-8.0362526638187326],[-34.925921331268889,-8.0360887238482537],[-34.925929731350379,-8.0360331571539216],[-34.926061396165274,-8.0360581793469699],[-34.926408898218192,-8.0361120420303802],[-34.926411833573724,-8.0362170618791744],[-34.926431077511374,-8.0367527623998658],[-34.926410068611332,-8.0373867420027487],[-34.926266955851567,-8.0380863229563229],[-34.925930957871699,-8.0386429089210001],[-34.925664091616788,-8.038995269232533],[-34.925578917774907,-8.0390619449997605],[-34.925212177286411,-8.0393490118901223],[-34.924836474973112,-8.0395572774857094],[-34.924791729720098,-8.0395820775374407],[-34.924772885346705,-8.039592526344876],[-34.92442010966753,-8.0390768123208414],[-34.924030106211362,-8.0393434922531419],[-34.924075286391478,-8.0394244201000333],[-34.923959327811282,-8.0395258652850394],[-34.923669114858718,-8.0390724364882313],[-34.923933888847344,-8.038868461260849],[-34.924144464336869,-8.0386927836680755],[-34.924209875729552,-8.0386418572208029],[-34.925114373296708,-8.0379376993461324],[-34.924932715058361,-8.0377401904999761],[-34.924939717365014,-8.037734416920209],[-34.924982390594067,-8.0376991937532587],[-34.925047849027457,-8.0376371398415056],[-34.925031259080157,-8.0376120756460008],[-34.925051275091967,-8.0375962060413926],[-34.925044439208428,-8.0375853350995712],[-34.925063368736765,-8.0375737287062599],[-34.925064797601188,-8.0375728269938218],[-34.925033692005627,-8.0375394139944305],[-34.925029234023356,-8.037534625277452],[-34.925047534494347,-8.0375184924916514],[-34.92503785632077,-8.0375050040487341],[-34.92508375555267,-8.03746914196606],[-34.925109246830566,-8.037446818847469],[-34.92516296365681,-8.0375107645100083],[-34.925243572561541,-8.0376051594845013],[-34.925294138741677,-8.0375626216368143],[-34.925154975539542,-8.0374094206566937],[-34.925129108735007,-8.037380955452111],[-34.925156801996081,-8.0373562624213299],[-34.92518030799382,-8.0373822705997622],[-34.925317314190259,-8.0375339176531728],[-34.925381897615985,-8.0374536690821472],[-34.925428037922174,-8.0373900783279879],[-34.925466904726832,-8.0373420714758268],[-34.925529000975089,-8.0372864340112056],[-34.925537736663259,-8.0372770179837314],[-34.925722425462453,-8.0374362977471527],[-34.925760977399726,-8.0373926951196211]]]},"properties":{"NMNOME":"Poço da Panela","BAIRRO":"POÇO DA PANELA","ZEIS_TIPO":"ZEIS Planície","NOME_TIPO":"Poço da Panela - ZEIS Planície"}},{"type":"Feature","geometry":{"type":"Polygon","coordinates":[[[-34.91264171068368,-8.0454775110310326],[-34.912963800469839,-8.0446637073443412],[-34.913282558407268,-8.0448222418210698],[-34.913292064264795,-8.0454371429703091],[-34.913471629051116,-8.0455268031172569],[-34.913199565092206,-8.0460216908270361],[-34.91264171068368,-8.0454775110310326]]]},"properties":{"NMNOME":"Conjunto Habitacional Beira Rio Torre","BAIRRO":"TORRE","ZEIS_TIPO":"ZEIS II","NOME_TIPO":"Conjunto Habitacional Beira Rio Torre - ZEIS II"}},{"type":"Feature","geometry":{"type":"Polygon","coordinates":[[[-34.903863181519085,-7.9998667971219417],[-34.903604771539662,-7.999505600334663],[-34.904591715953451,-7.9988447739292221],[-34.90522132450031,-7.9997190718057709],[-34.904209218638542,-8.000426385857784],[-34.903863181519085,-7.9998667971219417]]]},"properties":{"NMNOME":"Conjunto Residencial Vila Minerva","BAIRRO":"DOIS UNIDOS","ZEIS_TIPO":"ZEIS II","NOME_TIPO":"Conjunto Residencial Vila Minerva - ZEIS II"}},{"type":"Feature","geometry":{"type":"Polygon","coordinates":[[[-34.886349241248048,-8.0674278083270305],[-34.886232510616018,-8.0670316011472298],[-34.886033288774406,-8.0665581486928239],[-34.885749204454875,-8.0660940371513323],[-34.885529743394073,-8.0657354954015847],[-34.885045548664209,-8.0654582190589021],[-34.884713438958322,-8.0652680464101891],[-34.884782028574243,-8.0651751684508],[-34.885052027800654,-8.0648094762937017],[-34.885056918988312,-8.0648028223641806],[-34.885109966366279,-8.0648234037024888],[-34.885143109840904,-8.0648402749817407],[-34.885266666313655,-8.0649033001588588],[-34.885905743547212,-8.0651287548034478],[-34.886155217253304,-8.06521060051573],[-34.887009297362411,-8.0654908184760181],[-34.88806288955162,-8.0658374684970084],[-34.888675678928671,-8.0660396878939213],[-34.88893196500262,-8.0661219341978132],[-34.889114371647409,-8.0661804988712085],[-34.88948705492998,-8.0663010858859074],[-34.889583181098288,-8.0663959573974733],[-34.889648378146838,-8.0664779257591963],[-34.889868623682489,-8.0666634222905618],[-34.889869200920792,-8.0668187146819186],[-34.890048120444703,-8.0671005051010347],[-34.890202677848457,-8.0673464038962042],[-34.890544414566101,-8.0678708612970258],[-34.8905866407598,-8.0679391049061113],[-34.89066406218123,-8.067909545767316],[-34.890671945977147,-8.0679077916200033],[-34.890752897024193,-8.0678569703795926],[-34.890833938338538,-8.0678060583031552],[-34.890948258803455,-8.067733023485534],[-34.891036613111062,-8.0676746641852652],[-34.891148659859361,-8.0676003741217102],[-34.891242260571744,-8.0675388262942054],[-34.891310266412667,-8.0674937604414261],[-34.891311821093865,-8.0674964654884782],[-34.891321319251325,-8.0675102539801884],[-34.891399191445295,-8.0674606221661662],[-34.891457161236211,-8.0674226544424048],[-34.891552757049389,-8.0673610069402653],[-34.891549194556369,-8.0673556893491192],[-34.891653506794725,-8.0672762816826147],[-34.891649578098338,-8.0672702425234863],[-34.891699764440425,-8.067236107849288],[-34.891704787542317,-8.0672434076581858],[-34.891735707743869,-8.0672212053728547],[-34.891759394694837,-8.0672040993249094],[-34.891794564800485,-8.0671789843612931],[-34.891815991987649,-8.0671636064943879],[-34.891845917731125,-8.0671421320580396],[-34.891863457003332,-8.0671294843778973],[-34.891906517593107,-8.0671040617318024],[-34.891910265711758,-8.0671102825373833],[-34.891943386474651,-8.0670931328979076],[-34.891962959859356,-8.0671277589700665],[-34.892016436822452,-8.0672160208941328],[-34.892044683171136,-8.0672625406846574],[-34.892110248272246,-8.0673753375889561],[-34.892134116176372,-8.0674166339614111],[-34.89215816718815,-8.0674582911153809],[-34.892184760607599,-8.0675004789639413],[-34.892188689734319,-8.0675066085210538],[-34.892153491880094,-8.0675257567492871],[-34.892110388246955,-8.0675224300257167],[-34.892063265033094,-8.067552030219078],[-34.892060015875366,-8.0675555711266025],[-34.892016771108935,-8.067482902451685],[-34.891977914499215,-8.0674175365060083],[-34.891956666084695,-8.0674128430790883],[-34.891907832833397,-8.0674453441970471],[-34.891799419332806,-8.0675206121260334],[-34.891742097577904,-8.0675613795348848],[-34.891645450664143,-8.0676310782145979],[-34.891612323484729,-8.0676525168072413],[-34.891608934999596,-8.0676594540644011],[-34.891400515159418,-8.067803803244125],[-34.891383334900567,-8.0678156355873529],[-34.891350235912569,-8.0678374862935165],[-34.891344629965332,-8.0678413997136538],[-34.891288662037255,-8.0678807143041347],[-34.891242825462633,-8.0679139247862484],[-34.891134239100445,-8.0679910919514128],[-34.891122069652489,-8.0679880742983077],[-34.891071168415287,-8.0680245628317984],[-34.891075922753117,-8.0680325871505474],[-34.891035753801702,-8.0680556457899062],[-34.890985345947733,-8.0680811927175462],[-34.890986627659125,-8.0680837182112075],[-34.890937667797488,-8.0681085351863473],[-34.890884372334845,-8.0681373501137301],[-34.890867453246514,-8.0681468306377297],[-34.890827010456967,-8.0681695288958473],[-34.890754997228946,-8.0682111777204639],[-34.890802094833319,-8.0682872452717156],[-34.890823175177516,-8.0683201656876076],[-34.890873437511082,-8.0683987165719557],[-34.891013328613333,-8.0686172709704191],[-34.891102447822412,-8.0687565363762843],[-34.891309189436292,-8.0690957878547511],[-34.891345973701661,-8.0691561476083535],[-34.89135445392742,-8.0691736004907373],[-34.891653294929711,-8.0696685573398668],[-34.890358869838998,-8.0704189529399564],[-34.889883731643842,-8.0706758252122786],[-34.889361039187087,-8.070889340072954],[-34.888600758143802,-8.071041931024121],[-34.888363661681993,-8.0709959903165025],[-34.887985394723081,-8.0708341198485787],[-34.887832081872652,-8.0706565428801991],[-34.887590049717929,-8.0704036267959776],[-34.887330098212701,-8.0700980826665312],[-34.887032626788425,-8.0696659251450367],[-34.886796027341632,-8.0690862494663982],[-34.88655545688782,-8.0685352221308371],[-34.886507942854102,-8.0680160489864274],[-34.886349241248048,-8.0674278083270305]]]},"properties":{"NMNOME":"Coelhos","BAIRRO":"COELHOS","ZEIS_TIPO":"ZEIS Planície","NOME_TIPO":"Coelhos - ZEIS Planície"}},{"type":"Feature","geometry":{"type":"Polygon","coordinates":[[[-34.921677787680672,-8.0534920847787816],[-34.92185295278346,-8.0533806070333167],[-34.922283995969856,-8.0540175140302601],[-34.922316457838861,-8.0540654750921892],[-34.92244926040518,-8.0541300091914074],[-34.922467383420063,-8.0541453203957385],[-34.923035304312727,-8.0538229008951419],[-34.923946012775524,-8.0554571480301131],[-34.923689182965148,-8.0555352585712168],[-34.923554359189787,-8.0555762618155455],[-34.92325700746941,-8.0556666955893448],[-34.92325671483156,-8.0556667692866633],[-34.922511753359615,-8.0558604904389934],[-34.922495722292759,-8.0558646582804325],[-34.922406260889638,-8.0558879214988171],[-34.922570967875139,-8.0564644099806966],[-34.92289405954849,-8.0575055657004633],[-34.922920096327537,-8.057588924502058],[-34.923011469405033,-8.0578872606846481],[-34.923048128056593,-8.0580090102776882],[-34.923091490247415,-8.0581538452320807],[-34.923108106977587,-8.0582093308151492],[-34.923115529356068,-8.058234817612103],[-34.923124229075619,-8.058263797128923],[-34.92283611088223,-8.0583504964661934],[-34.922834657985362,-8.0583509336138075],[-34.922818264889294,-8.0583558662142369],[-34.922676621060049,-8.0583984952483974],[-34.922622934513036,-8.0584146494682667],[-34.922483785155137,-8.0584565199917364],[-34.922386150229421,-8.0584858969530693],[-34.922346846818968,-8.0584977273742027],[-34.922327673821293,-8.0585034974970817],[-34.922300479965621,-8.0585116756787301],[-34.922180863979918,-8.0585520767258387],[-34.922008501636519,-8.0586102855328949],[-34.921904957047424,-8.0586452536940225],[-34.921946896962744,-8.058808214696402],[-34.921727471230561,-8.0588664126413558],[-34.921707676188497,-8.0588716585899505],[-34.921541085428352,-8.0589158444214775],[-34.921585854605844,-8.0590957505964447],[-34.92153815813122,-8.0591066818895918],[-34.921499548078813,-8.0591155310215274],[-34.92144974695772,-8.0589370831611191],[-34.921222166443535,-8.0589981885828834],[-34.9211869163871,-8.0590076475464727],[-34.921009316376818,-8.0590553373962859],[-34.920935817642864,-8.0590750739557659],[-34.920930271335543,-8.0590742230083272],[-34.920918356859694,-8.0590338655000018],[-34.920895783499844,-8.0589645321515189],[-34.920872055147058,-8.0588801407441188],[-34.920543637349979,-8.0589668042204341],[-34.920336926911681,-8.0590202407893337],[-34.920235033280271,-8.0590449072050614],[-34.920249504144316,-8.0590895561058264],[-34.920400307328073,-8.0595549981596548],[-34.920498184226162,-8.0599075683004653],[-34.919971653575274,-8.0600618804473001],[-34.919888711584001,-8.0601038865610466],[-34.919947943512106,-8.0603035305718098],[-34.920055878203428,-8.0606555275727612],[-34.919881029444021,-8.0607039998098884],[-34.919696958877601,-8.0607608777505746],[-34.919269110463091,-8.0592924881341474],[-34.919632411831245,-8.0591988763039151],[-34.919831915348034,-8.0591470902667286],[-34.919829932183234,-8.0591399140725137],[-34.919802652897161,-8.0590411194013285],[-34.919793415070387,-8.0590076310161809],[-34.919731972176955,-8.0587851127489465],[-34.919666477934562,-8.0585478862596052],[-34.919610689860882,-8.0583405396416268],[-34.91956946812244,-8.058187328731016],[-34.919551649131819,-8.0581243556570499],[-34.919498346957432,-8.057935937451445],[-34.919436237725684,-8.057719559851872],[-34.919390159040752,-8.0575546730662122],[-34.919384291963063,-8.0575315637785607],[-34.919335029203786,-8.0573392879526953],[-34.919294613074776,-8.0571898910434108],[-34.919254621819128,-8.0570421013640452],[-34.9192218159031,-8.0569234430838339],[-34.919177590856819,-8.0567645713174691],[-34.919300792110356,-8.0567283112922787],[-34.91931592844017,-8.0567238557370811],[-34.918951648736169,-8.05585446963984],[-34.92076296791187,-8.0550006230948892],[-34.920322239737111,-8.0542273059157239],[-34.920595023749335,-8.0541811799334759],[-34.921677787680672,-8.0534920847787816]]]},"properties":{"NMNOME":"Prado","BAIRRO":"BONGI","ZEIS_TIPO":"ZEIS Planície","NOME_TIPO":"Prado - ZEIS Planície"}},{"type":"Feature","geometry":{"type":"Polygon","coordinates":[[[-34.87943562596385,-8.0154890813572592],[-34.87953800906056,-8.0151887297708821],[-34.879578919649369,-8.0150118851933048],[-34.879660100250319,-8.0146607267859924],[-34.87967956856756,-8.0143814098960178],[-34.87969831619678,-8.0140907120711233],[-34.879698908343741,-8.0140813973071339],[-34.879676899850537,-8.0137919196278062],[-34.879706753639887,-8.01352291708106],[-34.879705161609451,-8.0131713179956883],[-34.879724084434372,-8.0127885330066526],[-34.879743051120194,-8.0123955316707161],[-34.879772923468323,-8.0121161311827471],[-34.879843582401961,-8.0116917864307933],[-34.87992543232663,-8.0114432421992063],[-34.880062445862741,-8.0112826298517845],[-34.880827533959376,-8.0121508257955121],[-34.880864878559493,-8.0122082419025524],[-34.880928323206767,-8.0122970950395693],[-34.88097391716434,-8.0124564522723958],[-34.881034228775547,-8.0127048053770533],[-34.881674908619821,-8.0156281451867812],[-34.881678080814233,-8.0156592121627952],[-34.882306893681623,-8.015495871940324],[-34.882830131636595,-8.0175453005016433],[-34.881600335764041,-8.0178858709835534],[-34.882177992983088,-8.0201692044558524],[-34.885336528273434,-8.0193679358574954],[-34.885582973828804,-8.0197030579066197],[-34.885182036729198,-8.0199580675496147],[-34.884529573147248,-8.020336554648706],[-34.883936221968149,-8.0206954774635868],[-34.883540465727854,-8.020880625557691],[-34.883294020943062,-8.0209997733280716],[-34.883274908160651,-8.02100941597676],[-34.883080673047417,-8.0211078609844613],[-34.883024749318182,-8.0211386954739687],[-34.882932631391469,-8.0211790906782667],[-34.882795473427862,-8.0212539574137462],[-34.882742721927933,-8.0212771975461923],[-34.882753279341671,-8.0213047237773996],[-34.8827984925531,-8.0214324446527261],[-34.883022066116453,-8.0220417679952032],[-34.883162355146894,-8.0224334364052101],[-34.883191039456015,-8.0225135587361684],[-34.883202433230551,-8.0225454207071394],[-34.883275977866433,-8.0225191208919266],[-34.883349080175577,-8.0228171497268015],[-34.883384572431318,-8.0226655536927964],[-34.883405832330403,-8.0225747770518279],[-34.883417380464564,-8.0225475728455926],[-34.883435777073728,-8.0225184966007337],[-34.883442905775311,-8.0225105080721413],[-34.883503996767921,-8.0224609236117175],[-34.883519995885173,-8.0224522860562555],[-34.883547679588766,-8.022438989654999],[-34.883647333758844,-8.0223890587937685],[-34.883671784559361,-8.0223806293818516],[-34.883779935639318,-8.0226637449252021],[-34.883780153259757,-8.0226643216374907],[-34.883807442672079,-8.0227357710941352],[-34.883835375590898,-8.022812037260044],[-34.883960421336774,-8.0231534736215693],[-34.883978499744629,-8.0232028134013849],[-34.884021846307284,-8.0233349128684228],[-34.884127228415302,-8.023280840265345],[-34.884156282028137,-8.023338094757019],[-34.884204328569702,-8.0233474653520087],[-34.884227454366702,-8.0233965550860908],[-34.8843057056378,-8.023562617473468],[-34.884293579918193,-8.0235664231038548],[-34.884295505075812,-8.0235714427913898],[-34.884563718046628,-8.0242708660638034],[-34.885237964631173,-8.0239905522691188],[-34.88527568265738,-8.0240752202648089],[-34.885329591817609,-8.0241411520657078],[-34.885452306063819,-8.0241124270007962],[-34.885460491763212,-8.0241300886924929],[-34.885593722432539,-8.0244175853692976],[-34.885647960741309,-8.0245592079237085],[-34.885730256013133,-8.0248166538501042],[-34.885753120014982,-8.024896831437454],[-34.885762398683923,-8.0249294343650561],[-34.88626260371683,-8.0247592176235081],[-34.886388218148184,-8.0251126182269328],[-34.886537135595816,-8.0254747285116554],[-34.886367677096764,-8.0255375974395893],[-34.886375382624109,-8.0255547721899827],[-34.886517433116197,-8.0258714531601605],[-34.886634406889037,-8.0258249896929925],[-34.88674085060623,-8.025782780251637],[-34.886843004377681,-8.0257422141825216],[-34.886934704933182,-8.0256977849695215],[-34.887045581288021,-8.0256520527362056],[-34.887279813534356,-8.0255619268699654],[-34.887282019147321,-8.0255681549050077],[-34.88731642122336,-8.0255540743257399],[-34.887428102231091,-8.0258542282816947],[-34.88752297453911,-8.026109226357331],[-34.887663076204539,-8.0262393136391434],[-34.887664464469232,-8.0262406028170812],[-34.887697689866997,-8.0262714476793633],[-34.887763997654744,-8.026333003340488],[-34.887860556114774,-8.0263810714845807],[-34.887890284232689,-8.0263958524154617],[-34.887958617292021,-8.0263835146786437],[-34.888291527583114,-8.0264761335348496],[-34.888304731090344,-8.0264798384391991],[-34.888437161398798,-8.0265166397331509],[-34.888422346791664,-8.0265845651697934],[-34.888405855130273,-8.0266340415306505],[-34.888389441996296,-8.0266993416254788],[-34.888565694034391,-8.0267373882899911],[-34.888624636119182,-8.0264789128608367],[-34.888671005938214,-8.0263060698141402],[-34.88877039824056,-8.0263223807015542],[-34.888975570393512,-8.02636212253352],[-34.888980111835068,-8.0263458165184307],[-34.88902372508219,-8.026188886152795],[-34.889120066640508,-8.0257946218460212],[-34.889573507509233,-8.0258962181357631],[-34.889724554179509,-8.0259300323709635],[-34.889734284862911,-8.0259322108190361],[-34.889826376336352,-8.0259528276595979],[-34.889794002288994,-8.0260936409551231],[-34.889692231596051,-8.0265363029236063],[-34.889557585549262,-8.0271220407141985],[-34.88954706667387,-8.027161868464427],[-34.889555267919157,-8.0271651777026971],[-34.889715816954698,-8.0272299562747236],[-34.889868846567772,-8.0272917533027108],[-34.889981775672332,-8.027342211975391],[-34.889419531418177,-8.028900023144395],[-34.888525443962216,-8.028310134117481],[-34.888176085695619,-8.0288269830334773],[-34.883642308637903,-8.0258058054033334],[-34.882791670677022,-8.0254281562448355],[-34.88121972792252,-8.0250210031283125],[-34.881130969521294,-8.0249705089355547],[-34.8809762853897,-8.0249304435307636],[-34.880820286380477,-8.0249322512412444],[-34.880676733778465,-8.0249613098478694],[-34.880449386742548,-8.0250406159418777],[-34.880038969094706,-8.0252211376380096],[-34.880176495203955,-8.0251663548486434],[-34.880218306793331,-8.0252644376847595],[-34.880225734234671,-8.0252819429671103],[-34.87987725247914,-8.0254199609382812],[-34.879874411646846,-8.0254136453306302],[-34.879752758534224,-8.0254684459598185],[-34.879702743982207,-8.025492732945839],[-34.879533776821155,-8.0255632139543351],[-34.879514320388303,-8.0255690039562406],[-34.879318586257234,-8.0256512453943714],[-34.879315139606959,-8.0256512611325963],[-34.879312369417327,-8.0256603146175589],[-34.879320219760928,-8.025705502838866],[-34.879322276352781,-8.0257142621543114],[-34.879329856093378,-8.0257881951388619],[-34.879338942374631,-8.0258767212880837],[-34.879339132919085,-8.0258787094017627],[-34.879244762401008,-8.0258494782476841],[-34.879238998123597,-8.0257786099490787],[-34.879220675776367,-8.0256619086105321],[-34.879195837823779,-8.0255861694040007],[-34.879195009878373,-8.0255836417501687],[-34.878818116898351,-8.0257369772903981],[-34.877984443234666,-8.0253574505120486],[-34.877737693605795,-8.0266786506542775],[-34.877466419420138,-8.0266178473928402],[-34.877366390161264,-8.0265995674942836],[-34.877408409852535,-8.0263730816424488],[-34.877278739878655,-8.0264567820527812],[-34.877167118761719,-8.0265236510329689],[-34.877160494536326,-8.0264997148703845],[-34.87681696437248,-8.0265152127700183],[-34.876817031603736,-8.0265298586368736],[-34.876647892048972,-8.0265742972866523],[-34.876628867522044,-8.026579356509794],[-34.876583140087206,-8.0265813026853863],[-34.876580519917013,-8.0265740466951545],[-34.876576687617884,-8.0265740307196261],[-34.876462691754377,-8.0262418960892674],[-34.876417234942444,-8.0262571482311156],[-34.876393318962329,-8.0261906994419636],[-34.876367867375521,-8.0261147620458306],[-34.876350864376548,-8.0260661997929876],[-34.876337967741982,-8.0260277644590801],[-34.876316093680344,-8.0259653015012216],[-34.876293437746817,-8.0259103460111092],[-34.876281098404554,-8.0258652685313585],[-34.876278652782105,-8.0258660029489253],[-34.876024555753759,-8.025956846543048],[-34.875821279772495,-8.0253616192516191],[-34.875163636027423,-8.025589281272973],[-34.874751176366679,-8.0243756168190838],[-34.874312583549617,-8.0228620041114826],[-34.874225885896635,-8.0225927306692828],[-34.874150881654785,-8.0223915304707489],[-34.874046868418766,-8.0220599330028488],[-34.87385618555421,-8.0214863786678237],[-34.873462496369058,-8.0202828073117818],[-34.873443894232864,-8.0202215948541742],[-34.873782848482108,-8.0201225018870765],[-34.874125245826988,-8.0200028702485238],[-34.874509155073063,-8.0198768112411987],[-34.874990622742644,-8.0197130359612689],[-34.875154493831197,-8.0196377263369314],[-34.875569612605467,-8.0195136037941168],[-34.875837399417414,-8.0194419560131198],[-34.876171150766837,-8.0193756129371803],[-34.876296296090082,-8.0193507229711365],[-34.876732402489935,-8.0192804134816029],[-34.87697731285666,-8.0192067889718928],[-34.877168510771732,-8.0192038463830642],[-34.877543984796773,-8.0191316733591762],[-34.877829772311301,-8.0190495453890733],[-34.878138335138352,-8.0189496837526093],[-34.878391074130882,-8.0188248507312068],[-34.878580501915962,-8.0187078518173998],[-34.878749608395793,-8.0185783227026786],[-34.878888638425472,-8.0183769493633239],[-34.879043074888656,-8.0181176877515163],[-34.879145310554634,-8.0177862959364461],[-34.879269873086429,-8.0173952240580419],[-34.879406278789226,-8.0163432182809427],[-34.87939427514317,-8.0160884922470448],[-34.879426520518464,-8.0157579974380422],[-34.87943562596385,-8.0154890813572592]]]},"properties":{"NMNOME":"Campo Grande","BAIRRO":"CAMPO GRANDE","ZEIS_TIPO":"ZEIS Planície","NOME_TIPO":"Campo Grande - ZEIS Planície"}},{"type":"Feature","geometry":{"type":"Polygon","coordinates":[[[-34.917381668472089,-7.983539053045404],[-34.91757076890223,-7.9832488754521087],[-34.91767896422926,-7.9831127640516684],[-34.918120899090738,-7.9825863553909731],[-34.918463663965099,-7.9821869773190999],[-34.91906487130381,-7.9827537492962941],[-34.918406505533731,-7.9835433414129398],[-34.918388494113302,-7.983570546902734],[-34.917955754459435,-7.9841240344232967],[-34.917381668472089,-7.983539053045404]]]},"properties":{"NMNOME":"Conjunto Residencial Governador Miguel Arraes","BAIRRO":"PASSARINHO","ZEIS_TIPO":"ZEIS II","NOME_TIPO":"Conjunto Residencial Governador Miguel Arraes - Z*"}},{"type":"Feature","geometry":{"type":"Polygon","coordinates":[[[-34.889101809652068,-8.0264502376938651],[-34.889253161619081,-8.0258347694719792],[-34.889724554179509,-8.0259300323709635],[-34.889734334723606,-8.025932008980643],[-34.889734284862911,-8.0259322108190361],[-34.889698722912058,-8.0260768250322929],[-34.889794002288994,-8.0260936409551231],[-34.889798577440473,-8.0260944480819028],[-34.889555267919157,-8.0271651777026971],[-34.889522999939729,-8.0273071775804663],[-34.889550293858946,-8.0273251338136848],[-34.889532905784456,-8.027487947765735],[-34.889178878638951,-8.0274262887483872],[-34.88887923138428,-8.0273553380861795],[-34.888905898706923,-8.027237685441742],[-34.888924080713473,-8.0272466427647711],[-34.889101809652068,-8.0264502376938651]]]},"properties":{"NMNOME":"Conjunto Habitacional Beira Rio","BAIRRO":"ARRUDA","ZEIS_TIPO":"ZEIS II","NOME_TIPO":"Conjunto Habitacional Beira Rio - ZEIS II"}},{"type":"Feature","geometry":{"type":"Polygon","coordinates":[[[-34.891367110198765,-8.0063150647020205],[-34.891038561253247,-8.005873573359704],[-34.890974656776919,-8.005783458426917],[-34.890856126954581,-8.0056483899112632],[-34.890973489983132,-8.0055303217989167],[-34.891539057892913,-8.0062329092914375],[-34.891394485986922,-8.0063511023195542],[-34.891367110198765,-8.0063150647020205]]]},"properties":{"NMNOME":"Conjunto Habitacional Beberibe","BAIRRO":"PORTO DA MADEIRA","ZEIS_TIPO":"ZEIS II","NOME_TIPO":"Conjunto Habitacional Beberibe - ZEIS II"}},{"type":"Feature","geometry":{"type":"Polygon","coordinates":[[[-34.891059910254448,-8.0065696158849438],[-34.890850016387866,-8.0062903136773311],[-34.890777000516145,-8.0061911996966835],[-34.890767847471231,-8.0061731600759778],[-34.89101193623717,-8.0060002663841221],[-34.891313192930596,-8.0064238012906195],[-34.891087326846794,-8.0066146941216836],[-34.891059910254448,-8.0065696158849438]]]},"properties":{"NMNOME":"Conjunto Residencial Solano Trindade","BAIRRO":"PORTO DA MADEIRA","ZEIS_TIPO":"ZEIS II","NOME_TIPO":"Conjunto Residencial Solano Trindade - ZEIS II"}},{"type":"Feature","geometry":{"type":"Polygon","coordinates":[[[-34.884987528716223,-8.0207180205614463],[-34.884899092834807,-8.0204678276672325],[-34.884867262057405,-8.0204062237181155],[-34.884819885833274,-8.0202768676575307],[-34.885033425107693,-8.0201648727920123],[-34.885181964990679,-8.0205248271107976],[-34.885220732687081,-8.0206403665617874],[-34.885229981586733,-8.0206838783141059],[-34.885298516936579,-8.0208620508979163],[-34.885653996197235,-8.0216467826393263],[-34.885467168273316,-8.0217013188524735],[-34.885362881705952,-8.0213946629792794],[-34.885258313047629,-8.0211145340609562],[-34.885155240382666,-8.0211529393542946],[-34.884987528716223,-8.0207180205614463]]]},"properties":{"NMNOME":"Conjunto Habitacional Vereador Miguel Batista","BAIRRO":"ARRUDA","ZEIS_TIPO":"ZEIS II","NOME_TIPO":"Conjunto Habitacional Vereador Miguel Batista - Z*"}},{"type":"Feature","geometry":{"type":"Polygon","coordinates":[[[-34.911599244221058,-8.0431336662348478],[-34.911572852065291,-8.0430598020770532],[-34.911559720015923,-8.043018239973561],[-34.911538378948237,-8.0429506970395401],[-34.911517825094492,-8.042885645662663],[-34.911489905935127,-8.0427994833475562],[-34.911478698388464,-8.0427950332569011],[-34.911353809178379,-8.0427426361752286],[-34.911248916295023,-8.0427081170352359],[-34.911172556170996,-8.0426829903421773],[-34.911125844347879,-8.04266761616657],[-34.911209646663636,-8.042405140864334],[-34.911314925709533,-8.0423854079032147],[-34.912382791752492,-8.0421852520525263],[-34.913023647545451,-8.0420588907877857],[-34.913344022691362,-8.0423761241895555],[-34.913681558557748,-8.0426480378244118],[-34.914007652229387,-8.0428406446382734],[-34.914453883832394,-8.0430389183175848],[-34.914917275240491,-8.0431975377666163],[-34.915363501612745,-8.043316504830738],[-34.916487622696174,-8.043423161985336],[-34.917157873290591,-8.0433741930569163],[-34.917697605021772,-8.0432995577587025],[-34.918309736626142,-8.0431183019591561],[-34.918715919566615,-8.0429483708486362],[-34.918910429832906,-8.0428803987034598],[-34.919099220609709,-8.0427897675593538],[-34.91931661611811,-8.0426708140008394],[-34.919802898409557,-8.0423649299755535],[-34.920329232877087,-8.0419797383820075],[-34.920548068088607,-8.0423747902292106],[-34.920672791347869,-8.0425685432654177],[-34.921039321271984,-8.0431379321195511],[-34.920912035231019,-8.0431285529775192],[-34.920579215768626,-8.0432809432317782],[-34.920411860126762,-8.0436211821630419],[-34.920343257752101,-8.0437305771516527],[-34.920121803447358,-8.0439976031290694],[-34.919972247952302,-8.0438509827406097],[-34.919930417033932,-8.0439044782107878],[-34.919900767972273,-8.0439423948800748],[-34.919456501206589,-8.0444637091664681],[-34.919322375938087,-8.0446246499109701],[-34.919286700641599,-8.0446674576806192],[-34.919270405795537,-8.044687010065914],[-34.918947483274017,-8.0450744962647533],[-34.918770668596629,-8.0452884065787931],[-34.918674645359268,-8.0454045771669378],[-34.918649820627479,-8.0454363046376614],[-34.918631686580817,-8.045461912882498],[-34.918592855446079,-8.0455259211815111],[-34.918560610744343,-8.0455934652297518],[-34.91853527404691,-8.0456638736150037],[-34.91853184373273,-8.0456754806354542],[-34.918519484618201,-8.0457095130736782],[-34.918514454837656,-8.0457233651241022],[-34.918472328861327,-8.0458393588768278],[-34.91841607259996,-8.046131382764667],[-34.918415982409485,-8.0461316851431377],[-34.918404223077211,-8.0461757941780725],[-34.918398196316133,-8.0462038907838895],[-34.918253968623276,-8.0462424603292426],[-34.918084441594303,-8.0463011676076874],[-34.917914282417662,-8.0463600965636672],[-34.917752113144005,-8.046416257864788],[-34.917727534682065,-8.0464247696207369],[-34.917645109304956,-8.0464533153219477],[-34.91760574342846,-8.0464675013391531],[-34.917495071978827,-8.0465073812039414],[-34.917434408132657,-8.0465292409301572],[-34.917359677851906,-8.0465561703385955],[-34.917116301549946,-8.046643870156295],[-34.917073648570536,-8.0466592413399685],[-34.917099129577558,-8.0467236616393798],[-34.917122944452146,-8.0467838641228688],[-34.917134251103313,-8.0468124511504602],[-34.917210391007785,-8.0470251426576347],[-34.917238083556477,-8.04710250422246],[-34.917242006402979,-8.047113460327834],[-34.917142963674891,-8.0471478343282161],[-34.917051370260182,-8.0471796240595737],[-34.917033795563313,-8.0471797341617464],[-34.917033946694787,-8.0471553490513585],[-34.91703420539271,-8.047113712096106],[-34.917006384709175,-8.0471169456704015],[-34.916862703143046,-8.0471336502096982],[-34.916605528326265,-8.0471374411931293],[-34.915724826361277,-8.0471535121508229],[-34.915649963571568,-8.0470545943515592],[-34.914326570220027,-8.0463900431035693],[-34.913990429297002,-8.0467092067171144],[-34.913904843222447,-8.046652711111987],[-34.913615514252484,-8.0464083882761006],[-34.913445790443681,-8.0462649438667331],[-34.913266837376625,-8.0461288399878672],[-34.913523596618752,-8.0456691709229506],[-34.913603996200401,-8.0455022519705501],[-34.913452294618473,-8.0454329300772809],[-34.913452188083504,-8.0454328428794302],[-34.913436270746907,-8.0454171248431834],[-34.913423333082889,-8.0453988895623656],[-34.913413769561799,-8.0453786957195508],[-34.913407868763336,-8.045357152214466],[-34.913405812448453,-8.0453349136478689],[-34.913405814724229,-8.0453332718542026],[-34.913407853447389,-8.0450837655697214],[-34.913404576078655,-8.0449249781071579],[-34.913407803632779,-8.0448213851769363],[-34.913408277361576,-8.044729973801962],[-34.913091273354382,-8.0445686521472695],[-34.912980135722236,-8.0445291008245672],[-34.913028528572418,-8.0444433191060689],[-34.91305245467548,-8.0444009091126016],[-34.913109188411056,-8.0443003468363283],[-34.913139548276405,-8.0442465310078504],[-34.913192210891246,-8.0441573337210741],[-34.913201935296257,-8.0441408633485914],[-34.912873353712683,-8.0439500378062618],[-34.91273225990561,-8.0438629093085421],[-34.912537419869828,-8.0437425869439547],[-34.912476929615373,-8.0436985531432335],[-34.912148405667104,-8.0441374141667303],[-34.911751825962767,-8.0437625090260294],[-34.91172412238204,-8.0437363197143661],[-34.91177659713896,-8.0435669001842474],[-34.911769628953898,-8.0435596991870657],[-34.911745584383993,-8.04352826914403],[-34.911732576352506,-8.0435025357772698],[-34.911727742281883,-8.0434929715593402],[-34.911725776654883,-8.0434877371238187],[-34.911725321071593,-8.0434865241792419],[-34.911724574743076,-8.0434844329313826],[-34.911612822191898,-8.0431716669494353],[-34.911599244221058,-8.0431336662348478]]]},"properties":{"NMNOME":"Santa Luzia","BAIRRO":" ","ZEIS_TIPO":"ZEIS Planície","NOME_TIPO":"Santa Luzia - ZEIS Planície"}},{"type":"Feature","geometry":{"type":"MultiPolygon","coordinates":[[[[-34.927533886990204,-8.0306415879189572],[-34.927530708636816,-8.0306379006925077],[-34.92758555555563,-8.0305889537601036],[-34.927630625012796,-8.0305485119242999],[-34.927724545567493,-8.030461733234068],[-34.927732373759007,-8.030450521474819],[-34.927736170969041,-8.0304546505962069],[-34.927736848279309,-8.0304540245253193],[-34.927741237252903,-8.030449968236935],[-34.927791511303973,-8.0305028071927573],[-34.927821970883983,-8.0304747561376537],[-34.927860029995855,-8.0304397054977095],[-34.927931024953395,-8.0303743239060417],[-34.927955782373395,-8.0303515232230822],[-34.92797453241181,-8.0303342555105068],[-34.927986119820844,-8.0303479591628015],[-34.927996619677323,-8.0303476206484348],[-34.92800340249515,-8.0303457273986236],[-34.928007960799654,-8.0303437270480682],[-34.928013831033866,-8.030338731730069],[-34.928027782739228,-8.0303246886827981],[-34.928028977050026,-8.030323486110948],[-34.928072035497998,-8.0302801453127817],[-34.928111130048698,-8.0302407946223759],[-34.9281172316064,-8.0302346536809726],[-34.928123836879877,-8.0302280041055365],[-34.927898111778248,-8.0300343649475767],[-34.927648829290504,-8.0298242646088607],[-34.927725878237318,-8.0295276859468547],[-34.927580145103711,-8.0292926607957043],[-34.927561280810522,-8.0292622371975408],[-34.927579995241992,-8.0292506932738696],[-34.927579063210757,-8.0292490432132109],[-34.927669849721617,-8.0291935922661697],[-34.927667839513227,-8.0291902675164533],[-34.927702465719157,-8.0291691103035419],[-34.927747993560374,-8.0292474180902413],[-34.927814900059531,-8.0293557814681069],[-34.927816643971859,-8.0293586066159488],[-34.927823976977514,-8.0293704823221681],[-34.927876362047733,-8.0294540105293954],[-34.927908467701819,-8.0295036194599998],[-34.927908746369837,-8.0295040493900203],[-34.927960573727333,-8.0295841303036859],[-34.927981188220713,-8.0296204319962037],[-34.927983213177917,-8.0296239980578079],[-34.928011386763181,-8.029671261289387],[-34.928011595208886,-8.0296716101831365],[-34.928028540865398,-8.0297000366342672],[-34.928092514750581,-8.0298012029038102],[-34.92814864724923,-8.0298900103635074],[-34.928159595718995,-8.029906707633593],[-34.928160258988704,-8.0299077197823614],[-34.92818095363895,-8.0299392792933304],[-34.928192638461695,-8.0299570986631377],[-34.928213138105903,-8.029990387645336],[-34.928238309282499,-8.0300329864196396],[-34.928241756734735,-8.0300302698361037],[-34.928243814361345,-8.0300286482541683],[-34.928244148713198,-8.0300283845098299],[-34.92830770467269,-8.0299782919338263],[-34.928308207107357,-8.029977896313051],[-34.928350089594154,-8.0299442733136921],[-34.928408065082721,-8.0298977318126248],[-34.928463899787779,-8.0298519145487557],[-34.928469203422978,-8.0298475592445993],[-34.928522505380343,-8.0298037834608653],[-34.928524109117269,-8.0298024659614899],[-34.928556570593422,-8.0297758058759321],[-34.928739346336151,-8.0296253580107031],[-34.9287579295043,-8.0296107996184034],[-34.928741233776464,-8.029545971031764],[-34.92854215399489,-8.0289797442350235],[-34.928541260388158,-8.0289772034995579],[-34.92849970473339,-8.0288590091330505],[-34.928571051155778,-8.0288326251395024],[-34.928720997692196,-8.028778582747254],[-34.928726478384185,-8.0287588937834489],[-34.928745252782001,-8.0286914525140229],[-34.928764111911306,-8.028623707988185],[-34.928787653463864,-8.0285391386822997],[-34.928811819360114,-8.0284523316177854],[-34.928856050181196,-8.0282934439375975],[-34.928856138484633,-8.0282931280072365],[-34.928915163115335,-8.0280810955178996],[-34.928904222799332,-8.0280051869255793],[-34.928903850543954,-8.0280026075843232],[-34.9289030666001,-8.0279971652123372],[-34.928883271326718,-8.0279155311429538],[-34.928870379767901,-8.0278745473309652],[-34.928856032417585,-8.0278087584614539],[-34.928855980495612,-8.0278085191294029],[-34.928830480498043,-8.0276915902355555],[-34.928942737264066,-8.0276795824432146],[-34.929076875849752,-8.0276639615739001],[-34.929096144880972,-8.0277176871065912],[-34.929096608097645,-8.0277176306913276],[-34.92914234608822,-8.0278077949457423],[-34.929143410851736,-8.0278098946009493],[-34.929155198285819,-8.0278331305849324],[-34.929166335703187,-8.0278550867574339],[-34.929185318288859,-8.0278925071265963],[-34.92918933014478,-8.0279004169059984],[-34.929206926306712,-8.0279346533525402],[-34.929227683409913,-8.0279750397487089],[-34.929227975424112,-8.0279756070320065],[-34.92923871602094,-8.0279965036970307],[-34.929248117367273,-8.0280147957213757],[-34.929340567903687,-8.0282207333563935],[-34.929340849311728,-8.0282213594530791],[-34.929379321137738,-8.0283070582304124],[-34.929379432964332,-8.0283073063219614],[-34.929388798383584,-8.0283281678411402],[-34.929416254784904,-8.0283685661963666],[-34.929423723296246,-8.0283795543514227],[-34.929424833500676,-8.0283789823006106],[-34.929425445355037,-8.0283798626959371],[-34.92942669833517,-8.0283791778723401],[-34.929463910455951,-8.0283588329212332],[-34.929513204526408,-8.0283334155919253],[-34.929579870962613,-8.0282994285825495],[-34.929694868989806,-8.0282386581812464],[-34.929724694377647,-8.0282186986320667],[-34.929559453579017,-8.0277228800039957],[-34.92955961458118,-8.0277212483283567],[-34.929561027832804,-8.0277024445272822],[-34.929843976938763,-8.0277640562164994],[-34.929905178758816,-8.0277773824593517],[-34.929963601361436,-8.0277901033528565],[-34.930094978233555,-8.0278187107598669],[-34.93019844168046,-8.0278428654969929],[-34.930241038893449,-8.0278559987042417],[-34.930308754257702,-8.0278768757504348],[-34.930313470407036,-8.0278591395202632],[-34.930334628640992,-8.0278644067417009],[-34.930334002269475,-8.0278694796352497],[-34.930353329626932,-8.0278734825321383],[-34.930355360348258,-8.027855411742749],[-34.930401255961755,-8.0278667312866663],[-34.930486165893285,-8.0279070805842263],[-34.930486621329045,-8.0279072972292838],[-34.930493089227944,-8.0279103705115684],[-34.930548098094356,-8.0279394653460656],[-34.930548129920183,-8.0279394823738315],[-34.930573392516074,-8.0279528433346385],[-34.930573604759921,-8.0279524599224477],[-34.930834746429909,-8.0280942636144967],[-34.930577851999296,-8.0284547722763016],[-34.930073408357096,-8.0289955623603113],[-34.929981394027678,-8.0290938022364191],[-34.929893312698333,-8.0291928590005295],[-34.929863073381178,-8.0292246681945443],[-34.929858639242269,-8.0292293322365236],[-34.929362959247804,-8.0297507429581589],[-34.929234410406714,-8.0298859646318608],[-34.928422898600708,-8.0309285447652332],[-34.928105432246845,-8.0313478320558485],[-34.928059394026938,-8.031408636989342],[-34.928058598984229,-8.0314096858083204],[-34.927960030595663,-8.0315398685524748],[-34.927937904103153,-8.031566261399778],[-34.927939563336295,-8.0315669000235204],[-34.927739379235895,-8.0318533166548001],[-34.927475403212242,-8.0314491459230961],[-34.927474020906843,-8.0314470296711171],[-34.927458772595209,-8.0314236823918641],[-34.92733239326958,-8.0312284003353707],[-34.927313579896158,-8.031200141727501],[-34.92740264540376,-8.0311381742064025],[-34.927376710880516,-8.0310983489923515],[-34.927375633765138,-8.0310990158111277],[-34.927252492486218,-8.0309606172848547],[-34.927234429315739,-8.0309396825521677],[-34.927246888251425,-8.030931822142918],[-34.927254299221801,-8.0309271459775395],[-34.927271469706547,-8.0309163126416259],[-34.927260935564249,-8.030901116855178],[-34.927366460031948,-8.0308251605716165],[-34.927366541388984,-8.030825102330617],[-34.927382635316818,-8.0308135173390642],[-34.927404217124867,-8.0307979821104585],[-34.927363232091238,-8.0307403867172944],[-34.927398132094126,-8.0307166751517904],[-34.927413883788972,-8.0307354129975721],[-34.92744483873151,-8.0307667978990196],[-34.927450401290123,-8.0307625272751508],[-34.927537324206682,-8.0307007298095634],[-34.927540913937534,-8.0306981771015362],[-34.927518158381453,-8.0306725469926068],[-34.927506410195576,-8.0306587934519893],[-34.927533886990204,-8.0306415879189572]]],[[[-34.927506410195576,-8.0306587934519893],[-34.927503509953453,-8.0306606097367421],[-34.927506117424244,-8.0306584503775387],[-34.927506410195576,-8.0306587934519893]]]]},"properties":{"NMNOME":"Vila Esperança Cabocó","BAIRRO":" ","ZEIS_TIPO":"ZEIS Planície","NOME_TIPO":"Vila Esperança Cabocó - ZEIS Planície"}},{"type":"Feature","geometry":{"type":"Polygon","coordinates":[[[-34.904229664899809,-8.1027969071088108],[-34.904317910425512,-8.1025479070388258],[-34.904457408097585,-8.1022428730586196],[-34.904694149892279,-8.1019505472058864],[-34.904701228773739,-8.1019418839110973],[-34.90489513569252,-8.1017045717040261],[-34.905118194444874,-8.1014594486415863],[-34.905311249244178,-8.1011460006594351],[-34.905423220391995,-8.1009166481197106],[-34.905481135911025,-8.100706406972753],[-34.905602313660339,-8.1003223435695126],[-34.905853599898883,-8.1004352139324709],[-34.905963478230184,-8.1004845679259319],[-34.905950884842788,-8.1005031122372575],[-34.905978111023295,-8.1007779760257517],[-34.906035696667935,-8.1008632217166117],[-34.906049995565674,-8.1008843896201963],[-34.905950309648176,-8.1010922792381113],[-34.905936744044034,-8.1011268888499632],[-34.905928672382579,-8.1011374038061472],[-34.905912146838205,-8.1011718663267516],[-34.905866200800347,-8.10122783667744],[-34.905857584736886,-8.101238333383586],[-34.905787086679112,-8.1013242138098338],[-34.905735317183421,-8.1013872784607628],[-34.905649996870679,-8.1016078103113625],[-34.905648579030604,-8.1016165068317765],[-34.90563980747892,-8.1016703108952761],[-34.9056343971193,-8.1017034973664384],[-34.905597170049042,-8.1019318479726117],[-34.905586125901657,-8.1019678968300717],[-34.905566990499985,-8.1020303533336282],[-34.905558641928948,-8.1020576011564973],[-34.905539862312487,-8.1020838471966439],[-34.9055222849804,-8.1021084132856149],[-34.905481464150057,-8.1021947887769166],[-34.905477210687032,-8.1021952489334055],[-34.905451273717325,-8.1021980543073173],[-34.905448578817698,-8.102201601803392],[-34.905382881351819,-8.1023404987047449],[-34.905314853928616,-8.102448876134174],[-34.905251614126023,-8.1025496270785027],[-34.905250048252505,-8.1025521205805742],[-34.905222727867347,-8.1026027630038566],[-34.905143868529002,-8.1027489403743083],[-34.905125233456928,-8.102776611447057],[-34.905123999223406,-8.1027784434301768],[-34.905115333484787,-8.1027913108289553],[-34.90511527042085,-8.1027914042425895],[-34.905104926304524,-8.1028067629566269],[-34.905104613693602,-8.1028072272997811],[-34.90507145162551,-8.1028564676834964],[-34.90503157244774,-8.1029156814805106],[-34.905014617978487,-8.1029488577035469],[-34.905013623781848,-8.1029508042857046],[-34.904992960380724,-8.1029912385143117],[-34.904992702425304,-8.1029917505176705],[-34.904956994770579,-8.1030616290937836],[-34.904956891394185,-8.1030618311838634],[-34.904953399110212,-8.1030686668818248],[-34.904953168021123,-8.1030691046261332],[-34.904940677560454,-8.1030935447810091],[-34.904919962914711,-8.1031340805039438],[-34.904919893696125,-8.1031342155334176],[-34.904888597876464,-8.1031954541158324],[-34.904888374947554,-8.1031958909179345],[-34.904882153539425,-8.1032080652284861],[-34.904877987951998,-8.1032162158741112],[-34.904877904350464,-8.1032163789968248],[-34.904875245353878,-8.1032215825758431],[-34.904883856945723,-8.1032319138070221],[-34.904883884314003,-8.1032319462255558],[-34.904901760734809,-8.103253392174004],[-34.904902156693325,-8.1032538676717873],[-34.90495640453122,-8.1033189466670397],[-34.90497878719038,-8.1033317585044529],[-34.905121187822367,-8.1033690576579147],[-34.905159613059297,-8.1033791220990512],[-34.905160898325249,-8.1033794596390383],[-34.905174356783625,-8.1033829840911835],[-34.905175109774213,-8.1033831812756265],[-34.905180660470677,-8.1033846352970826],[-34.905226703394035,-8.1033908408342299],[-34.905226766027241,-8.1033908486781598],[-34.905252714586254,-8.1033943455009378],[-34.905264956866674,-8.103393513507541],[-34.905283513911002,-8.1033922524070867],[-34.905283594623839,-8.1033922466054982],[-34.905298065163876,-8.1033912631639229],[-34.905333675569999,-8.1033936552639947],[-34.905333734557509,-8.1033936595087113],[-34.905394144561249,-8.1033977167234248],[-34.905394241662762,-8.1033977235021517],[-34.905447890037024,-8.1034013268234588],[-34.90544909778194,-8.103402155633308],[-34.90546450631922,-8.1034127308233543],[-34.905503413199085,-8.1034175728935427],[-34.905537620156721,-8.1034209244209947],[-34.905593217695341,-8.1034263719503343],[-34.905652375791092,-8.1034321680730574],[-34.90565339231383,-8.1034322672896302],[-34.905692162739292,-8.1034360657809117],[-34.905826200596849,-8.103457684736826],[-34.906061734533395,-8.1034716535868387],[-34.906116818796271,-8.1034761794844847],[-34.906136961725991,-8.1034778346833001],[-34.906137335634291,-8.1034778654816613],[-34.906359244537022,-8.1034960963398994],[-34.906463219818541,-8.1035074950307546],[-34.906491088637019,-8.1035105497433051],[-34.906584193986895,-8.1035219585467555],[-34.906584901099897,-8.1035220456467609],[-34.906684687240507,-8.1035342730073623],[-34.906664092998703,-8.1038153387854894],[-34.906537554083833,-8.1038062832460795],[-34.906532804159347,-8.1038172943898275],[-34.906497687841828,-8.103870131342692],[-34.906454665467848,-8.1039274297676496],[-34.90647614513945,-8.1039486345622898],[-34.90650427188352,-8.1039764034385211],[-34.906517967948403,-8.1039899248023293],[-34.90638378483029,-8.1041669628333572],[-34.906401080611829,-8.1041793210107933],[-34.906399257637617,-8.1041817361612694],[-34.906433192641188,-8.1042022661381043],[-34.906558393909933,-8.1042917274973565],[-34.906570898751148,-8.1042855792229496],[-34.906734296187047,-8.1042052499356814],[-34.906735307586466,-8.1042113883382445],[-34.906750934615225,-8.1042677669792944],[-34.906821147272737,-8.104498028905331],[-34.906889163038485,-8.1046287615389954],[-34.90692088468748,-8.1046774417890788],[-34.90694656508856,-8.104715091753091],[-34.906971905138946,-8.1047059072367045],[-34.907039248838608,-8.1047619309152683],[-34.907033596656667,-8.1047339294875922],[-34.907040123648578,-8.1047327155308615],[-34.907040538945978,-8.1047349846030272],[-34.907238432114092,-8.1047071492594771],[-34.90724127358493,-8.1047133405730225],[-34.907253101468193,-8.1047391189320077],[-34.907280872782259,-8.1047996410037797],[-34.907313891878481,-8.1049401926880371],[-34.907314551953405,-8.1049430039581232],[-34.907347973725017,-8.1049360282084422],[-34.907506271473551,-8.1049029888407631],[-34.907508389505438,-8.1049025467861195],[-34.907666920131994,-8.1048694583566085],[-34.907672507395517,-8.1048963797097482],[-34.90767936734413,-8.1049294382361676],[-34.907703358595448,-8.1050450500434845],[-34.907704558876432,-8.105050838586159],[-34.907729315053047,-8.1051701372060929],[-34.907442114594666,-8.1052713091072182],[-34.907513413821569,-8.1054869351866898],[-34.907515164251443,-8.1054922284395161],[-34.907773746602814,-8.1053828178411873],[-34.907775828756115,-8.105391509732204],[-34.907781594955267,-8.1054155851464937],[-34.907856661933671,-8.1057289835929396],[-34.907857409653751,-8.1057321036412819],[-34.907925103163564,-8.1060147196608217],[-34.907929248067781,-8.1060320248749971],[-34.907858022259937,-8.1060470529649464],[-34.907803711297177,-8.1060215006162046],[-34.907742146404338,-8.1060090405410854],[-34.907706690365472,-8.1060119186904362],[-34.907684113041952,-8.1060148269663337],[-34.907057344720549,-8.1061469140212967],[-34.906848324225955,-8.1061909625894817],[-34.906816876893338,-8.1062007389248603],[-34.906697106106016,-8.1062379627539887],[-34.906649898552523,-8.1062601813408701],[-34.906724492412152,-8.1063226577804617],[-34.906975936755231,-8.1065771640449231],[-34.907506358817962,-8.1071140468459824],[-34.907721473439686,-8.107331781422161],[-34.90776027359226,-8.1073672145651017],[-34.907769322429992,-8.1073744246219697],[-34.907804310302801,-8.107402303148751],[-34.907807909565186,-8.1074098931101641],[-34.907814611623145,-8.1074261792215427],[-34.907826061582014,-8.1074679784486872],[-34.90782780622505,-8.1074789682435977],[-34.907828644754517,-8.1074949997360832],[-34.907825095023028,-8.1075302478052897],[-34.907814269696942,-8.1075639894073763],[-34.907813223754182,-8.1075663114251029],[-34.90775400012825,-8.107706469388317],[-34.90773466485669,-8.1077555241209627],[-34.907772338958409,-8.1077641515433108],[-34.907914011472393,-8.1077965508625223],[-34.907987744828134,-8.1078134127263031],[-34.908077810909937,-8.1078340105455329],[-34.908085735610292,-8.1078359976424661],[-34.908137934178285,-8.1078490854835739],[-34.908229478319292,-8.1078720386683916],[-34.908349238773539,-8.107896066619972],[-34.908370144929933,-8.1079002359045038],[-34.908401919094644,-8.1080607504175468],[-34.908223868786173,-8.1080495529328527],[-34.908130615645696,-8.1080431910375221],[-34.90811473723091,-8.1080421081854599],[-34.908082505778879,-8.1080399094432725],[-34.908072562159653,-8.1080388015120146],[-34.908072535099151,-8.1080392193171544],[-34.90797490867147,-8.1080319665643596],[-34.907896526201,-8.1080261443259065],[-34.907821201162804,-8.1080205491430473],[-34.907670594658263,-8.1080110970490811],[-34.907651646626434,-8.1080095123269533],[-34.907631539944276,-8.1080063554326998],[-34.907585118173714,-8.1079878269373946],[-34.90757352772885,-8.1079832008448083],[-34.907635986791909,-8.1077922915530962],[-34.907739046167343,-8.1074775250091058],[-34.907316951024931,-8.107046123950143],[-34.907130477344246,-8.1068565613671968],[-34.907029008220462,-8.1067534111831741],[-34.906890585213482,-8.1066126945114032],[-34.906585212403584,-8.1062994347435335],[-34.90655433639796,-8.1062677614531395],[-34.906231973820589,-8.1063335520235338],[-34.906088167589452,-8.1063669264865137],[-34.906046993702276,-8.1064157198699682],[-34.905980016083959,-8.1064950919375232],[-34.90595343924538,-8.1065296783507499],[-34.905859175515829,-8.106652350823742],[-34.905854268774092,-8.1066853604616682],[-34.905824482653017,-8.1068857252784703],[-34.90579988754596,-8.1070248279394761],[-34.90577429301301,-8.1071695847905243],[-34.905805688683294,-8.1072035276273429],[-34.905847327092189,-8.1072485434878718],[-34.906073170222349,-8.1074812265123199],[-34.906227320170849,-8.1076399512238915],[-34.906376281627146,-8.1077914811485865],[-34.906464850712375,-8.1078848492480748],[-34.906678417829781,-8.1081072286001401],[-34.906799052238505,-8.108228727561972],[-34.906902666038178,-8.1083335329797634],[-34.906980653462732,-8.1084124021942756],[-34.907117521318078,-8.1085488659957097],[-34.907232053658383,-8.1086633334742917],[-34.907224402701793,-8.1086691923770378],[-34.907258057725514,-8.1086856570066796],[-34.907259735078988,-8.1086841032020285],[-34.907289262611435,-8.108717180379557],[-34.907249138859534,-8.1087356692062649],[-34.906981546825833,-8.1088595383841309],[-34.906943659648242,-8.1088771388708221],[-34.906742065629153,-8.1089707843859227],[-34.906448822136099,-8.1091070044425173],[-34.906225795202459,-8.1091981644089621],[-34.905958671227665,-8.1093073488164951],[-34.905871445467177,-8.1090360250769375],[-34.905868781835025,-8.1090277264493498],[-34.905771657646888,-8.1087249883307138],[-34.905766571575825,-8.1087091330870447],[-34.905749972826094,-8.1086573950272118],[-34.905673845869671,-8.1084201053044058],[-34.905663712437622,-8.1083885193907115],[-34.905630136605481,-8.1082838652093177],[-34.905606136244998,-8.1082090546986585],[-34.905603559067188,-8.1081998470748182],[-34.905599190087386,-8.1081906234204748],[-34.905593279447878,-8.1081822947693833],[-34.905586007971465,-8.1081751152228847],[-34.905583172810559,-8.1081731567110236],[-34.905577595328026,-8.1081693043458731],[-34.905568298169136,-8.1081650363271773],[-34.905567279939476,-8.1081647698686687],[-34.905558399254424,-8.1081624427423069],[-34.905557537984109,-8.1081623717323499],[-34.905548197417474,-8.1081616008476498],[-34.905537310835705,-8.1081627266926333],[-34.905482196953663,-8.1081684278068202],[-34.905430443394238,-8.1081993782617285],[-34.905425982536222,-8.1082020462296462],[-34.905280403437537,-8.1082891078523698],[-34.905252414268894,-8.1083058464370943],[-34.904934354953312,-8.1084661898564079],[-34.904562896050486,-8.1086534526794818],[-34.904529370911199,-8.1086703536171285],[-34.904447817070647,-8.1087114666649285],[-34.904137370355706,-8.1088704766839825],[-34.903865474347107,-8.108276759332405],[-34.903847131435697,-8.1082362343021988],[-34.903840393443339,-8.1082213468538029],[-34.903821484172212,-8.1081817285353406],[-34.903801603846638,-8.1081397216838997],[-34.903785770086849,-8.1081091839170796],[-34.903829235168033,-8.1081269302123626],[-34.904589927228706,-8.1077411601053733],[-34.904754416874184,-8.1076637091857009],[-34.904760650965578,-8.1076607743738194],[-34.904822808997316,-8.107631506663612],[-34.904986203677943,-8.1073898758172671],[-34.905113386333063,-8.1070208503238668],[-34.905166118114906,-8.1067417406296443],[-34.905133032267102,-8.1064200057189382],[-34.905003815310771,-8.1061833037494555],[-34.90492595903045,-8.1060532812110466],[-34.904925783465117,-8.1060529873055689],[-34.904840842583745,-8.1059111319624328],[-34.904773512973343,-8.1058426805182009],[-34.904566949161577,-8.1056326734330817],[-34.904676715414183,-8.1053181588541889],[-34.904661431582014,-8.1048856004374699],[-34.904487298984137,-8.1044017676776008],[-34.904275568328949,-8.1040226902184411],[-34.904275497876959,-8.104022563073972],[-34.904214801690578,-8.1039138946346512],[-34.904133666663199,-8.1034078743591831],[-34.904229664899809,-8.1027969071088108]]]},"properties":{"NMNOME":"Aritana","BAIRRO":" ","ZEIS_TIPO":"ZEIS Planície","NOME_TIPO":"Aritana - ZEIS Planície"}},{"type":"Feature","geometry":{"type":"Polygon","coordinates":[[[-34.911571578992259,-8.1290502020093953],[-34.911571943616167,-8.1290519071659251],[-34.911572011329476,-8.1290522205574565],[-34.91158626388097,-8.1291188191500812],[-34.911586321396413,-8.1291190864823175],[-34.911595701250441,-8.12916291565225],[-34.911616554456472,-8.1292700195836698],[-34.911618167764892,-8.1292783031595626],[-34.911637177976807,-8.1293759384604325],[-34.91164358941495,-8.1294088668327493],[-34.911643882662638,-8.1294100597209944],[-34.911666844120745,-8.1295035150303576],[-34.911661100732189,-8.1295187312086785],[-34.911690802299368,-8.1296271568360101],[-34.911489276816589,-8.1296692603330101],[-34.911382725184595,-8.1296915222382804],[-34.911375080105813,-8.1296931195086639],[-34.911373347163114,-8.1296934820510671],[-34.911276173530332,-8.1297137832142585],[-34.911239058413855,-8.1297215383189254],[-34.911238375929933,-8.1297216807540273],[-34.911169620955135,-8.1297360450732441],[-34.911063087824715,-8.1297583936056359],[-34.910956571408732,-8.1297808270160736],[-34.910742126437654,-8.1298259915083548],[-34.910628607627579,-8.1298602666405788],[-34.910588573445473,-8.1296301066441465],[-34.910287551192567,-8.1296928442268666],[-34.910298139738934,-8.1297476711347265],[-34.910197156963662,-8.1297364553056148],[-34.910184754694882,-8.1297350779412554],[-34.910076441117702,-8.1297230476182474],[-34.909954485315936,-8.1297095019738421],[-34.909834166142645,-8.1296961375498142],[-34.909625905026282,-8.1296842178261084],[-34.90949167459231,-8.1299420990566045],[-34.909398674294003,-8.1299095249828142],[-34.909329072655346,-8.1298851456969103],[-34.90990670535264,-8.1284926799805337],[-34.909919034826132,-8.1284629578999539],[-34.910050497378577,-8.1284627199103223],[-34.910051096451085,-8.1284658487731374],[-34.910097254272188,-8.1287068054169005],[-34.91010154404325,-8.1287072535641265],[-34.910132577867451,-8.1288753043122473],[-34.910171931187072,-8.1290782426558419],[-34.910172606315221,-8.1290817219373768],[-34.910196059498979,-8.1292026649734694],[-34.910222533465173,-8.1293386717852041],[-34.910222827299123,-8.129340181095003],[-34.910232860470821,-8.129391726155518],[-34.910228346851063,-8.1293911389335705],[-34.910281798024073,-8.1296701629914416],[-34.91058282515413,-8.1296075004309358],[-34.910313141738079,-8.1280409857043221],[-34.910262832067886,-8.1277357298748623],[-34.910257413560622,-8.1277028519289498],[-34.910207074180349,-8.1273974226282437],[-34.910205745000958,-8.1273893555822134],[-34.910090474771238,-8.1266899508956865],[-34.909997356258494,-8.1261700271200965],[-34.909964035508565,-8.1259033310227444],[-34.90996285871627,-8.1258939116814446],[-34.909951611319585,-8.1258038880785541],[-34.909920103932713,-8.1253042630536534],[-34.909920617901413,-8.1251039136823522],[-34.909720648888005,-8.1251154502502718],[-34.909740677993383,-8.125631472935634],[-34.909764036202013,-8.1259317539558413],[-34.909780378943765,-8.1260895521305692],[-34.909780677451771,-8.1260924346934473],[-34.909835646561504,-8.1266231957996045],[-34.909839948551159,-8.1266630556717683],[-34.909440191771637,-8.1266446017413347],[-34.909435442077594,-8.1265712628373183],[-34.909404503332269,-8.126366196356626],[-34.909392279567811,-8.1262851347702725],[-34.909392264564886,-8.1262850317773658],[-34.909388326103468,-8.1262589146733788],[-34.909372130758186,-8.1261516357843302],[-34.909370285650418,-8.1261394043200283],[-34.909357982517676,-8.1260578612350631],[-34.909357929147326,-8.1260575107086588],[-34.909345153958149,-8.1259728345428908],[-34.909152641975972,-8.1259369801098202],[-34.909045628408521,-8.1259170452589853],[-34.908981995605238,-8.1259051915669804],[-34.90898360503796,-8.1259013507769637],[-34.909002203394628,-8.1258514386509635],[-34.909169083038911,-8.1258705979165278],[-34.909176619492868,-8.1258429677687758],[-34.909176879900336,-8.1258420145661301],[-34.909191113636346,-8.1257898302222404],[-34.909251890349104,-8.1258003249246773],[-34.909319897625345,-8.1258119392523387],[-34.909306605135221,-8.1257253018817934],[-34.909300985068747,-8.1257263227413823],[-34.909287200835927,-8.1256508076707803],[-34.90929390700137,-8.1256492392732493],[-34.909289686074978,-8.1256245862673868],[-34.909266655051105,-8.1254899300263776],[-34.909248335179981,-8.1253824847967859],[-34.909236177920761,-8.1253114371992012],[-34.909236121944481,-8.1253111110947103],[-34.909230220591986,-8.1252766234250533],[-34.90920330597578,-8.1251187979542454],[-34.909006048538558,-8.1251090207781331],[-34.908897354892019,-8.1251028834222847],[-34.908902818794331,-8.1250594237922762],[-34.909193947352534,-8.1250655490923958],[-34.909182723127742,-8.1249899722641761],[-34.909143954582355,-8.1247653622190654],[-34.909137814976752,-8.1247297916886048],[-34.909126075850978,-8.1246435474995788],[-34.909122784834352,-8.1246436416025283],[-34.909107913103888,-8.1245503134012171],[-34.909113424093235,-8.1245505949129466],[-34.909102152079662,-8.1244677767406017],[-34.909094518600412,-8.124405791930073],[-34.90903195449912,-8.1242355401357607],[-34.909033003369267,-8.1242060048430869],[-34.909033427718015,-8.1241940547321487],[-34.909046234030761,-8.123995544282467],[-34.909039315131011,-8.1239956707812553],[-34.909033928422495,-8.1239957692946678],[-34.908897605315317,-8.1239902379988767],[-34.908857773593844,-8.1239886222402742],[-34.908794495268147,-8.12398605424195],[-34.908764598789141,-8.1239848411660649],[-34.908770525866416,-8.1238608534023466],[-34.908770615626857,-8.1238589218985737],[-34.908773274931271,-8.1238017571508063],[-34.908773608528286,-8.1237945981038155],[-34.908775364344244,-8.1237568469643779],[-34.90877705511727,-8.1237204983347873],[-34.908785863378377,-8.1235340758922607],[-34.908787859306116,-8.1234918439846968],[-34.908789117805476,-8.1234651943834066],[-34.908790629570483,-8.1234332005702541],[-34.908782300831703,-8.1234327505568888],[-34.908761761207856,-8.1234316409234584],[-34.908772307161087,-8.1232074629036184],[-34.908773493547166,-8.1231822547197918],[-34.90877428742894,-8.1231653711991267],[-34.908776060723632,-8.1231276687967906],[-34.90877157147245,-8.1231276157300432],[-34.908769152439746,-8.123058813279421],[-34.908767745876858,-8.1230188068723308],[-34.908754446154134,-8.1229449646897365],[-34.908841690771901,-8.1229427399210294],[-34.908846716835292,-8.1227609305915323],[-34.908845599562589,-8.1226752069806132],[-34.908872568342488,-8.1226735498444391],[-34.908861577097348,-8.1224959418303513],[-34.908859680593061,-8.1224411436059238],[-34.908859403242865,-8.1224331357968129],[-34.908858937848116,-8.122419699960604],[-34.908852529995386,-8.1222346064747661],[-34.908854212177452,-8.1221877960471094],[-34.908868612559772,-8.122187576592415],[-34.908870127532957,-8.1221875541144968],[-34.909041822639921,-8.1221849366738912],[-34.909092978088346,-8.1221796049157078],[-34.909130684987318,-8.1221756751856944],[-34.90924449020428,-8.1221417196174635],[-34.909415976828271,-8.1220522034097247],[-34.909417540992521,-8.1223207457407423],[-34.90942378121126,-8.1225198366723781],[-34.909434697199167,-8.1226757139682757],[-34.909514210655217,-8.123038396754616],[-34.909564101725692,-8.1232374870594182],[-34.909629587942199,-8.1237467898853257],[-34.909709122354066,-8.1250763023429577],[-34.909972840953401,-8.1250654753123381],[-34.910000763075665,-8.1250643298092573],[-34.910010006045631,-8.1250639500850959],[-34.910020921399948,-8.1251541768568512],[-34.910021373160845,-8.1251541675024619],[-34.910172625471191,-8.125158602089126],[-34.910288098010113,-8.1251559269817815],[-34.91041474047033,-8.1251551702269662],[-34.91041620834195,-8.1251551615230024],[-34.91046157535834,-8.1251548896287797],[-34.910574551656367,-8.1251530877407561],[-34.910595010141677,-8.1251531398878374],[-34.910634300581172,-8.1251525086804826],[-34.910721434248941,-8.1251511075254097],[-34.910817892711911,-8.1251495567607872],[-34.911025249042915,-8.1251462236722087],[-34.911119966368091,-8.1251440707755638],[-34.911210984366967,-8.1251420021438854],[-34.911302891357124,-8.1251399130405435],[-34.911438101186043,-8.1251338730371945],[-34.911448550582008,-8.1251334523511325],[-34.911564900749639,-8.1251287594098098],[-34.911720256522976,-8.1251224935252715],[-34.911720527063324,-8.1251317308762818],[-34.911811954330091,-8.1251296918293949],[-34.91190301527773,-8.1251250146198046],[-34.911992753785789,-8.1251204050843082],[-34.911992830262257,-8.125124294004447],[-34.912084064407793,-8.1251228588150664],[-34.912176054320057,-8.1251187503533302],[-34.912263340284454,-8.1251148520360612],[-34.912316095328549,-8.1251476248594923],[-34.912320144475977,-8.1251675792819178],[-34.912337027622975,-8.1252596094404623],[-34.912345449182197,-8.1253055161252394],[-34.91234559724456,-8.1253063209490488],[-34.912179739525264,-8.125308233682885],[-34.912089114972048,-8.1253092781938232],[-34.911996471445001,-8.1253094796459244],[-34.911906664640568,-8.1253105953086031],[-34.911833373140126,-8.1253115058334604],[-34.911831944322365,-8.1253115233996649],[-34.911816377022312,-8.1253117168282873],[-34.911725826450613,-8.1253122953180874],[-34.911725836216284,-8.1253126333918306],[-34.9116397090717,-8.1253156474072625],[-34.911640194791211,-8.1253205116968523],[-34.911589880558822,-8.1253240299687466],[-34.911588990275256,-8.1253170710578857],[-34.911544899142854,-8.1253239213780883],[-34.911543577002341,-8.1253160016694199],[-34.91139244578887,-8.1253239165481208],[-34.911309126389405,-8.1253228761332892],[-34.911220800715597,-8.1253252594134082],[-34.911129672932368,-8.1253277182240282],[-34.911023246512777,-8.1253305906458628],[-34.910850142100315,-8.1253337537652346],[-34.910729798145439,-8.1253359528894347],[-34.910642603654253,-8.1253375460026227],[-34.910598538313756,-8.1253383515320259],[-34.910596931731213,-8.1253383807779453],[-34.910521307162419,-8.1253397621978891],[-34.910214979677228,-8.1253382522178406],[-34.910038351300656,-8.1253421493738234],[-34.910050818101006,-8.125497403610769],[-34.910051154532887,-8.125501590559594],[-34.910063460396358,-8.1256548466630676],[-34.910067414573895,-8.125700774435737],[-34.910067474084492,-8.1257014639570873],[-34.910069636929165,-8.1257265849718259],[-34.910077735921881,-8.1258610400250308],[-34.910207450500707,-8.1258560568191758],[-34.910209070540027,-8.1258559949648319],[-34.910437640938994,-8.1258472130881252],[-34.910452529681137,-8.1258466413806669],[-34.910458493701562,-8.1258464117534572],[-34.910703474230061,-8.1258372479593355],[-34.91073604936124,-8.1258362378369107],[-34.910782291876075,-8.1258348036698393],[-34.910890704794753,-8.1258314409834131],[-34.910955571117512,-8.1258294283692134],[-34.910956930586636,-8.1258391026939094],[-34.911017925932534,-8.1262732240305073],[-34.911035630125703,-8.1263712326256208],[-34.911068094703857,-8.1265736065530128],[-34.911077444390614,-8.1266829750919012],[-34.911072817986494,-8.1266830872438653],[-34.911051060919917,-8.1266866249502332],[-34.910996396939879,-8.1266956512993254],[-34.910807624475993,-8.1267267387616222],[-34.910718362416993,-8.1267414379434708],[-34.910665784167627,-8.1267502736367625],[-34.910397374286028,-8.1267981330696735],[-34.910370000466031,-8.1268030143549463],[-34.910280621887281,-8.1268189842053147],[-34.910263398771662,-8.1268220485380525],[-34.910303665996281,-8.1270722995221476],[-34.910309529563278,-8.1271087401023738],[-34.910309786621312,-8.1271103390877197],[-34.910341838589659,-8.1273095363859085],[-34.910346776791883,-8.1273402278491425],[-34.910408050790174,-8.1273284583122791],[-34.910472950255084,-8.1273159484790742],[-34.911173068710866,-8.1271814782621394],[-34.911201231619842,-8.1272854035778153],[-34.911207917702434,-8.1273179184316078],[-34.911221845334509,-8.1273852960917043],[-34.911229087740296,-8.1274203397065623],[-34.911237445352434,-8.1274609832716393],[-34.911240788398004,-8.1274772406974467],[-34.911245522239938,-8.1274998200289197],[-34.911248264470466,-8.1275233127866322],[-34.911257086401214,-8.1275662143258849],[-34.911261264783512,-8.1275864457030327],[-34.911273730617189,-8.127647062410059],[-34.911281692392059,-8.1276853446109012],[-34.911289769293148,-8.1277241813648846],[-34.911310596624197,-8.1278308533334496],[-34.911253771863301,-8.1278434157570416],[-34.911209635400134,-8.1278532063315136],[-34.911180724470142,-8.1278595802880105],[-34.911136134817383,-8.1278694633922086],[-34.911080216408898,-8.1278818407203026],[-34.911089221068295,-8.1279250126248623],[-34.911095812162465,-8.127956623862266],[-34.911102123814771,-8.1279866995050813],[-34.911108054227348,-8.1280150085915555],[-34.911113540766877,-8.1280411608608869],[-34.911116419077281,-8.1280550699071394],[-34.911117428073595,-8.1280598901504746],[-34.911126835854212,-8.1281048483944325],[-34.911132477880336,-8.128131839806823],[-34.911136211897968,-8.1281498094990212],[-34.911140277054919,-8.1281695025873937],[-34.911141574135456,-8.1281751920892802],[-34.911158783710277,-8.1282577886885132],[-34.9111590594311,-8.1282591127492569],[-34.911163761462404,-8.1282816768603272],[-34.911173880073953,-8.1283301774953198],[-34.911222819747358,-8.1283192794539101],[-34.911293505224094,-8.1283028321818165],[-34.911385400493721,-8.1282814484318777],[-34.911393648539345,-8.1282797823355448],[-34.911398026065086,-8.1282721323618112],[-34.911399754582668,-8.1282806079646299],[-34.911432496754493,-8.128410247666837],[-34.911434516840259,-8.1284308652765525],[-34.911415873335322,-8.1284213698704004],[-34.911175135847202,-8.1284695130820417],[-34.911186074397826,-8.1285187331106563],[-34.911196457389337,-8.1285692250554131],[-34.911198053706428,-8.1285769888792441],[-34.91120139848244,-8.1285936079201058],[-34.911205112142191,-8.1286114909152776],[-34.911206703504185,-8.128619166164059],[-34.911214211000228,-8.1286553865207996],[-34.91121923073586,-8.1286808575073266],[-34.911226737225633,-8.1287141821528905],[-34.91122775786225,-8.1287189688900447],[-34.911233698525166,-8.1287473285487444],[-34.911238895429079,-8.1287718946379197],[-34.911247805999466,-8.1288143437205935],[-34.911248734201884,-8.1288187692668323],[-34.911250774620612,-8.1288281619321108],[-34.911402756896393,-8.1287935449129627],[-34.911465833074949,-8.1287791449160025],[-34.911508971244267,-8.1287692685806991],[-34.911537900511718,-8.1289008545522883],[-34.911541979655539,-8.1289192791633198],[-34.911539152062304,-8.1289199162643868],[-34.911566978253326,-8.1290457774631832],[-34.911571578992259,-8.1290502020093953]]]},"properties":{"NMNOME":"Beira Rio","BAIRRO":" ","ZEIS_TIPO":"ZEIS Planície","NOME_TIPO":"Beira Rio - ZEIS Planície"}},{"type":"Feature","geometry":{"type":"Polygon","coordinates":[[[-34.937324879372341,-8.0339307190540286],[-34.937225415995037,-8.0339359999934707],[-34.937239084607043,-8.0339091846383717],[-34.937074424786282,-8.0334474482937743],[-34.937065074233736,-8.0334212268676506],[-34.936989379875833,-8.0332091163244446],[-34.936988058009533,-8.033205410505996],[-34.936887198847366,-8.0329227820141664],[-34.93673035382524,-8.0324849207487699],[-34.936640765688139,-8.0322334731896312],[-34.936640134172968,-8.0322317024093834],[-34.936611393890516,-8.0321510361074839],[-34.936259853420495,-8.0322437686022958],[-34.936247079018983,-8.0322458818573192],[-34.936234838967451,-8.0321969207568014],[-34.936229751205254,-8.0321765709425694],[-34.936225535670211,-8.0321685926217317],[-34.936164223784999,-8.0320525656540678],[-34.93616617606822,-8.0320514978147841],[-34.936036264729005,-8.0318166131855691],[-34.936035466969379,-8.0318151695499242],[-34.935931265939729,-8.0316267687329592],[-34.935736710124615,-8.0312764538644057],[-34.935626285035305,-8.0310770473032083],[-34.935625515657073,-8.0310756586798462],[-34.935545158753278,-8.0309305482218498],[-34.935369917129336,-8.0306142069135742],[-34.935302944429019,-8.0304974595849075],[-34.935256843053033,-8.0304170962707939],[-34.935397967711339,-8.0303783236330641],[-34.935332683454796,-8.0302289202215231],[-34.935314799957951,-8.0301856567386967],[-34.935295125368171,-8.0301374673492969],[-34.935285507499174,-8.0301223588315889],[-34.93527558096352,-8.0301167669439391],[-34.935265160667278,-8.0301134004502064],[-34.93525459126468,-8.0301126401440399],[-34.935174425667761,-8.0301287080778536],[-34.934562690578282,-8.030270196264663],[-34.934559318318918,-8.0302519990268895],[-34.934472629376856,-8.029633067332151],[-34.934162382048022,-8.0296104783146074],[-34.934133005745288,-8.0294142320645641],[-34.934131982943931,-8.0294073976931593],[-34.934103031926718,-8.0292139935918456],[-34.93410267507268,-8.0292116094669197],[-34.934088209867625,-8.029114972455984],[-34.934344203946708,-8.0291371875000213],[-34.935055141288203,-8.0292800451149891],[-34.93506005079044,-8.0292491702375397],[-34.935098959262127,-8.0287343086608747],[-34.935099017316531,-8.0287335435572071],[-34.935110673244175,-8.0285793093695261],[-34.935010422586039,-8.0285690244458312],[-34.93501027083439,-8.0282836827542283],[-34.934751688429756,-8.0282648477860512],[-34.93471517504431,-8.0282621879882878],[-34.934691922965939,-8.028145299009946],[-34.934619582720167,-8.0278153154208169],[-34.934420691211777,-8.0278728426142507],[-34.934276270826231,-8.0276635176129556],[-34.933867611371682,-8.027672661029511],[-34.933662957986392,-8.028005245012185],[-34.933198638937775,-8.0280133394499309],[-34.933208110040312,-8.0286709550629407],[-34.933208110215617,-8.0286709921284078],[-34.9332096172569,-8.0287756087427251],[-34.933146345977775,-8.0287675643280352],[-34.933072668801138,-8.0287595724137617],[-34.932941816012054,-8.0287453778891269],[-34.932934623344096,-8.028744597128405],[-34.932756826082958,-8.0287146194978103],[-34.93255290889546,-8.0287004127932597],[-34.932508008891006,-8.028690971998758],[-34.931887199709351,-8.0285604317097068],[-34.931820184104943,-8.0285147326128481],[-34.931793599794474,-8.0285775311770831],[-34.931627410755759,-8.0285205422502433],[-34.931361951050071,-8.0284863847393204],[-34.931213984546375,-8.0286447197631094],[-34.931208776507312,-8.0286502924087042],[-34.9310477649624,-8.0288225858019509],[-34.930574623960659,-8.0284582327866456],[-34.930577851999296,-8.0284547722763016],[-34.930734680648179,-8.0282346885123825],[-34.93091684660736,-8.0279846736246938],[-34.930921282166835,-8.0279785874881817],[-34.931228425409493,-8.0275570459625829],[-34.931546264657918,-8.0273100510470563],[-34.931876172948286,-8.0271467158750784],[-34.932226194961324,-8.0269793968001295],[-34.93296244420857,-8.0267921597053657],[-34.933368787889862,-8.0267602903558739],[-34.933702715043701,-8.0267642740409926],[-34.934296493089413,-8.0268357063433413],[-34.936821690028005,-8.0271066132123465],[-34.937669545919789,-8.0273150751203701],[-34.938047331759307,-8.0274064541290802],[-34.938603916707727,-8.0275806451516569],[-34.93836462632288,-8.0281490407168938],[-34.937645249763989,-8.0277915056559248],[-34.937511929943355,-8.027742000976362],[-34.937425826943105,-8.0277502518011321],[-34.937139744792908,-8.0280830358559037],[-34.937131411975088,-8.0280967877806617],[-34.937419885967103,-8.0282563944726224],[-34.937419980546672,-8.0282564473664042],[-34.937884919913898,-8.028513687651623],[-34.937783113259144,-8.028746248612693],[-34.937971958436144,-8.0288580484535839],[-34.937973201315309,-8.0288561938091423],[-34.938181988979096,-8.0289674150114774],[-34.938248956725815,-8.0290019489554503],[-34.938143248157736,-8.0291092039487602],[-34.93785900564346,-8.0294959736028719],[-34.937856507527222,-8.0294993728599344],[-34.937417841452607,-8.0300962658365176],[-34.937650611820885,-8.0302858632677214],[-34.937652889963736,-8.0302877185028532],[-34.938198089135504,-8.0307317947322918],[-34.938211053281293,-8.0307423544602887],[-34.938338328291351,-8.0308460218592348],[-34.939005957644298,-8.0314676469931729],[-34.938347138838758,-8.032074385367526],[-34.938457710696831,-8.032234051560458],[-34.938338568116961,-8.0323280054779769],[-34.938329633868896,-8.0323350512908291],[-34.938131035347112,-8.0324916608189749],[-34.938126476500102,-8.0324952560285503],[-34.937591350292308,-8.0329172442372521],[-34.937960988731881,-8.0334623741717603],[-34.937324879372341,-8.0339307190540286]]]},"properties":{"NMNOME":"Santa Marta","BAIRRO":" ","ZEIS_TIPO":"ZEIS Planície","NOME_TIPO":"Santa Marta - ZEIS Planície"}},{"type":"Feature","geometry":{"type":"Polygon","coordinates":[[[-34.955516707184039,-8.0098877971089149],[-34.955442652793742,-8.0099029267289303],[-34.955460267884582,-8.0099736453054859],[-34.955425786613255,-8.0099891170250892],[-34.955379933353086,-8.0100352599726179],[-34.955348498319466,-8.0100666465201389],[-34.955591624458869,-8.0106743561824967],[-34.955591915428357,-8.0106750816547088],[-34.955729238966995,-8.0110183290450809],[-34.955798713202881,-8.0111919838519174],[-34.95576295440987,-8.0111976735848174],[-34.955172631835048,-8.0112916022074376],[-34.955172262977598,-8.0112916600075597],[-34.954374832741522,-8.0114185403737839],[-34.95424589757279,-8.0114568340159309],[-34.954327228727429,-8.0117929605349065],[-34.95415576296741,-8.0118485015833638],[-34.953989132754323,-8.0118975114244186],[-34.953989161279253,-8.0118975971735846],[-34.953991603995775,-8.0119079188405653],[-34.953990470559049,-8.0119085452925169],[-34.95386414540161,-8.0119797265302992],[-34.95384500137979,-8.0119928807305474],[-34.95384421309118,-8.0119934223740827],[-34.953759603129505,-8.0120515584761467],[-34.95371300232182,-8.0121291159568599],[-34.953690384845729,-8.0122166633907401],[-34.953675912749709,-8.0123059088939854],[-34.953677818609066,-8.0123962927182095],[-34.953677849208198,-8.012396813303738],[-34.953688522870799,-8.012576784509001],[-34.953692249836791,-8.0127557471744133],[-34.953692373429313,-8.0127616924996321],[-34.953695929964006,-8.0129324915305986],[-34.953696051187052,-8.0129383202450288],[-34.953699185909265,-8.0130796312910419],[-34.953699197229959,-8.013080103149429],[-34.953700061597694,-8.0131190833263481],[-34.953697235423213,-8.0132998688662553],[-34.953690001188704,-8.0133631203844633],[-34.953689843582602,-8.0133644943774858],[-34.953676120377438,-8.0134844784221926],[-34.953655603857946,-8.013545501142989],[-34.953631099073057,-8.013588394947714],[-34.953658853500144,-8.013743780104992],[-34.953649337910903,-8.0137676097578936],[-34.953575413659365,-8.0138674133691925],[-34.953474275551137,-8.0140280047489192],[-34.953473784066489,-8.0140287845581391],[-34.953439783594796,-8.0140827708142819],[-34.95324849515049,-8.0142600433040592],[-34.953275348072673,-8.0143920541436149],[-34.953276340914229,-8.0143969367118313],[-34.953294755239448,-8.0144874628907772],[-34.953294776590916,-8.0144875658508727],[-34.953310061035452,-8.014562704626611],[-34.953310347099212,-8.0145641126787215],[-34.953315187757063,-8.014587911352347],[-34.95331141616866,-8.0145893467733469],[-34.953311211564703,-8.0145894245870721],[-34.953060264298053,-8.0146849620322591],[-34.953058911738744,-8.0146854765163731],[-34.952873412190421,-8.0147560973583545],[-34.952811417517822,-8.0147607414073452],[-34.952724963328237,-8.0147672172290552],[-34.952724446539214,-8.0147672558397325],[-34.952484500684548,-8.0147852306152192],[-34.952242096081342,-8.0148608634443086],[-34.952240503087459,-8.0148613600802001],[-34.952178440692975,-8.0148807240496467],[-34.952164985756689,-8.0149686032764862],[-34.952164873162687,-8.0149693369917916],[-34.952157843578831,-8.0150152542829414],[-34.952157414340263,-8.0150180570532719],[-34.952129635433451,-8.0151994907117583],[-34.952128950216,-8.0152039608530448],[-34.952106816448115,-8.0153485233441639],[-34.952106644047753,-8.0153496487951017],[-34.952095461950982,-8.0154226854661559],[-34.952095349365528,-8.0154234209895439],[-34.952067896765605,-8.0156027222695148],[-34.952067597716749,-8.0156046773313996],[-34.952054883366735,-8.0156877173082997],[-34.95203934095602,-8.0157422000918572],[-34.952009499328355,-8.0158448341546524],[-34.952023174467648,-8.0158948183063519],[-34.95201472607107,-8.0159499934333329],[-34.952014389191312,-8.0159521936711666],[-34.952005515109661,-8.0160101561833237],[-34.952045685808159,-8.0160519877784058],[-34.952051706262196,-8.0160582568460548],[-34.952184924727128,-8.0161969835896549],[-34.952126567864795,-8.0162868746177285],[-34.951945012910656,-8.016248349965398],[-34.951886655210153,-8.0165180233537505],[-34.951957980660794,-8.0165693887891916],[-34.951938528652015,-8.0166785424434046],[-34.951788318937545,-8.0168090082956471],[-34.951947250024901,-8.0169687679575912],[-34.9519482625279,-8.0169697856374427],[-34.952435899741346,-8.0174599642981015],[-34.952181687031761,-8.0176900908094648],[-34.952159196516106,-8.0176653279676682],[-34.9521378959614,-8.0176426577774738],[-34.952137874099591,-8.0176426379920436],[-34.951926927149714,-8.0174181402544935],[-34.95182193957725,-8.0173060133282412],[-34.951559481828696,-8.0170257048212221],[-34.951558802677091,-8.0170249802804694],[-34.951473077780022,-8.0169334239660532],[-34.951396714885583,-8.0168529358289309],[-34.95134144269705,-8.016794679551996],[-34.951477486217676,-8.0167305430595874],[-34.951546608210805,-8.0166419915102516],[-34.951607923782866,-8.0165532373609611],[-34.951613580542642,-8.0165450479256641],[-34.951665503533825,-8.0163851608373466],[-34.951667042431836,-8.0163683699155595],[-34.951675519776238,-8.0162758828193823],[-34.951675935769693,-8.0161683318033177],[-34.951675948735961,-8.0161651540167114],[-34.951676463181364,-8.0160322132780877],[-34.951677532970791,-8.0160014914061524],[-34.951677925478378,-8.0160041103792494],[-34.951682490161794,-8.0158730055600635],[-34.951711311498194,-8.0157300314291859],[-34.951732015846204,-8.0156522124425056],[-34.951806927459174,-8.0154523037133334],[-34.951891400068533,-8.0152129621824848],[-34.951900495668077,-8.0151871908282306],[-34.951919211477396,-8.0151345869959734],[-34.95193538621821,-8.0149916736828981],[-34.951936888687847,-8.0149341393498243],[-34.95193635000966,-8.0149364354683321],[-34.951938484250114,-8.0148546579332223],[-34.951912735122299,-8.0147581544575477],[-34.951905339181309,-8.0147460635068946],[-34.951851750339571,-8.0146584457697454],[-34.951851477939528,-8.0146580004607042],[-34.951832027829205,-8.0146262005168136],[-34.951814232078313,-8.0145468425770137],[-34.951813986042623,-8.0145441270811002],[-34.951776493956025,-8.0143769311931461],[-34.951776322533412,-8.0143761689893207],[-34.951773509167396,-8.0143636223881938],[-34.951761441217883,-8.0143098146117673],[-34.951751761592206,-8.0142027842197248],[-34.951751752959957,-8.0142026857195017],[-34.951745870516689,-8.014137642984462],[-34.951743258137071,-8.0140053299915923],[-34.951742833511126,-8.0140070081056933],[-34.951742013252819,-8.0139654502356663],[-34.951739847790023,-8.0138557326848083],[-34.951744997200777,-8.0137747834324227],[-34.951747346957497,-8.0137378248064319],[-34.951747558818589,-8.0137345122788339],[-34.951748084456874,-8.0137262449916005],[-34.951757491478226,-8.0135783742882474],[-34.951774052021193,-8.0135011580528772],[-34.951775488343529,-8.0134970956962466],[-34.951697844623084,-8.0134974787347559],[-34.951498264293569,-8.0134768920573656],[-34.951487862425637,-8.0131752535259206],[-34.951487243733183,-8.0131573328153287],[-34.951461637098589,-8.0124147566493846],[-34.951252347735355,-8.0122541416859256],[-34.951079685090036,-8.0123525843120031],[-34.950943647946531,-8.0125131993731369],[-34.950739591672324,-8.0124717498888351],[-34.950467517285126,-8.0121971490893884],[-34.950577393794184,-8.0119277310472423],[-34.950368104584371,-8.0116790359166323],[-34.95024776508842,-8.0113992527331028],[-34.950313663256459,-8.011329524582484],[-34.950317666387832,-8.0113252900698022],[-34.950402092065254,-8.0112359576787568],[-34.950998576309161,-8.0112208322149208],[-34.951116008977991,-8.0111189481254588],[-34.951376950520931,-8.0109761700690498],[-34.951497307083571,-8.0106673392613352],[-34.951576970419602,-8.01054994141567],[-34.951579109435265,-8.0105467888228521],[-34.951688080396316,-8.0103861997104016],[-34.951781413598681,-8.0103063572592745],[-34.951796652390058,-8.0102719069233252],[-34.95187821124054,-8.0100875246565391],[-34.951792814173885,-8.0099109652775127],[-34.951817857477621,-8.0096071854311219],[-34.951875354754051,-8.0094431993782802],[-34.951930451934203,-8.0091333277546379],[-34.952219821042668,-8.0088937560664224],[-34.95233698240461,-8.0088978726338347],[-34.952567093773318,-8.008265368864004],[-34.95256903731601,-8.008260025786301],[-34.952634774122501,-8.0080793364306402],[-34.952726801899004,-8.007858907273242],[-34.952728005289629,-8.0078560230909055],[-34.952785282398771,-8.0077188295100008],[-34.952788112448673,-8.007712051129241],[-34.952842521813984,-8.0075817256085369],[-34.953205746678194,-8.0073001906580892],[-34.953574809213755,-8.0071031670363855],[-34.953926446442971,-8.0071482072256792],[-34.954124297149384,-8.0073499905345678],[-34.954238516638121,-8.0075418186267253],[-34.954245007083834,-8.0075527195990333],[-34.954451864913516,-8.0079001298011345],[-34.954747391883181,-8.0078884367176304],[-34.9548477173824,-8.0079932065993908],[-34.954954021056658,-8.0081438745274873],[-34.955226248555086,-8.0084678903479372],[-34.955194632129462,-8.0086764136732089],[-34.95522209020497,-8.0087841831246696],[-34.955187504773598,-8.0089249261621216],[-34.955187470071721,-8.0089250664536902],[-34.955177470943319,-8.0089657552232136],[-34.955053367437387,-8.0090316861912285],[-34.955091765662964,-8.0090583823264954],[-34.9550923371254,-8.0090587792053647],[-34.955109223537271,-8.0090486606266875],[-34.955109042762594,-8.009048029555947],[-34.955149768376437,-8.0090236243297195],[-34.955150952199574,-8.0090229153697816],[-34.955161710590232,-8.0090164682419385],[-34.955170485051021,-8.009008983635324],[-34.955186577002564,-8.0089952616796865],[-34.955219154730138,-8.0089674814033351],[-34.95526616808133,-8.0088544697974609],[-34.955296941138712,-8.0087600165912942],[-34.955298366815477,-8.0087575336515027],[-34.955310025483719,-8.0087217495969405],[-34.955357487812513,-8.0086277596899453],[-34.955359587522956,-8.0086236010703793],[-34.955370850693463,-8.008601299111584],[-34.95537253261756,-8.0085979678662671],[-34.955393332094545,-8.0085567812912668],[-34.955500889492555,-8.0083412115883519],[-34.955550560313419,-8.0082909606698429],[-34.955606135898392,-8.0082404349451153],[-34.955627717567637,-8.0082208142739102],[-34.955631473815885,-8.0082190290542545],[-34.955633180475076,-8.0082182208816217],[-34.955634781251661,-8.0082174611255201],[-34.955635671089915,-8.0082231867447806],[-34.955650468146501,-8.0082093335067448],[-34.955634682990649,-8.0082168260476525],[-34.955605414420617,-8.0080284361383729],[-34.955604956887605,-8.0080254956404886],[-34.955575969065009,-8.0078389106724384],[-34.956118256624578,-8.0073511752226398],[-34.956241965984546,-8.0070403555486784],[-34.955906220903366,-8.0067159906105996],[-34.955337094644648,-8.0064443362822182],[-34.955115996585135,-8.0059334648053309],[-34.955177428246088,-8.0057972015955929],[-34.955180552287217,-8.0057902726494472],[-34.9552183593403,-8.005706412302203],[-34.955697405892757,-8.0056658671092826],[-34.956174845572015,-8.0057839220072253],[-34.956390651343831,-8.0054310425716384],[-34.956359488137124,-8.0051914891512475],[-34.956230123924968,-8.0050231048872931],[-34.956227659865995,-8.0050198981699783],[-34.956038789660333,-8.0047740598177342],[-34.956086391293894,-8.004418903313784],[-34.956125355342671,-8.0042808670830539],[-34.956128019357585,-8.0042714288792922],[-34.956470940356162,-8.0030565900702175],[-34.956992127180193,-8.0026304527897452],[-34.957438872591389,-8.002816982929291],[-34.957963928838261,-8.0032027032919206],[-34.957981375930274,-8.0033962957103046],[-34.957983137137695,-8.0034158427339506],[-34.957984995971387,-8.0034364614906881],[-34.957990115802005,-8.0034932789768902],[-34.957415029353179,-8.0042325901112896],[-34.957285257905042,-8.0047275815390009],[-34.957279926031518,-8.0047479207121857],[-34.957177741974959,-8.005137684309144],[-34.957684402753799,-8.0063911399457321],[-34.957700001577329,-8.0064297291777589],[-34.957826529744132,-8.0067427533572246],[-34.957660483758048,-8.0070167996334032],[-34.957377520356076,-8.0072153941097159],[-34.957307980931432,-8.007270879846164],[-34.957308944169768,-8.0072708915480817],[-34.957302118009181,-8.0072759260177957],[-34.957293405132305,-8.0072822360064997],[-34.957196373209783,-8.0073525248295585],[-34.957170948599838,-8.0073709397137698],[-34.957144268590078,-8.0073902673103241],[-34.95709762722047,-8.007422646385729],[-34.956867021824593,-8.0075827330298228],[-34.95679622788861,-8.0076336483879249],[-34.956711328469765,-8.0076947089457899],[-34.956705316966719,-8.0076990316770758],[-34.95662731414788,-8.0077489180583168],[-34.957033628909457,-8.0083135116411928],[-34.957041692641177,-8.00832471697837],[-34.957247887625719,-8.0086112327318997],[-34.957443370031079,-8.0090348332834989],[-34.957824446313531,-8.0094947367546396],[-34.958014479823028,-8.0094804844497958],[-34.95819435389447,-8.0096856646246426],[-34.958207005076467,-8.0097000963688547],[-34.958453748388798,-8.0099815539187986],[-34.958814711756418,-8.0103355171544575],[-34.95884751042972,-8.010394016581003],[-34.958849968385806,-8.010398400363048],[-34.958999000123406,-8.0106642169597926],[-34.959365105117165,-8.0109954011550961],[-34.959376520660655,-8.0110116359533485],[-34.959743424916773,-8.0115334486907113],[-34.959774724156503,-8.0116174382765273],[-34.959776590159741,-8.0116224477483247],[-34.959939675949904,-8.012060078979891],[-34.95988709202998,-8.0122183122815542],[-34.959886937357105,-8.012218778599026],[-34.959852074209095,-8.0123236849502817],[-34.959739173376441,-8.0124276487388482],[-34.959738436543851,-8.0124283275618975],[-34.959493600710331,-8.0126537836543701],[-34.959492435859403,-8.0126548559624968],[-34.959398555303345,-8.0127413047546465],[-34.959397860914216,-8.0127419454058071],[-34.959389477602933,-8.0127496641979672],[-34.959362670914281,-8.01275486692054],[-34.959112141030104,-8.0128034874459555],[-34.959111751399568,-8.0128035634293688],[-34.958784028892822,-8.0128671654147876],[-34.958783753433082,-8.0128672191583288],[-34.958699825688939,-8.0128835074498657],[-34.958520573865144,-8.0129182951837716],[-34.95847069877837,-8.0128856186469566],[-34.958428198650871,-8.0128577744329288],[-34.958437413542207,-8.0128540114154898],[-34.958451756561473,-8.0128480055097828],[-34.958452709682881,-8.0128476059142155],[-34.958600399469859,-8.012785760094097],[-34.958601957235182,-8.0127851081091794],[-34.958844152758829,-8.0126836870572387],[-34.958844340123996,-8.0126836084191257],[-34.959046043646083,-8.012599143369874],[-34.959046075324196,-8.01259912965868],[-34.959201537405164,-8.0125340292365337],[-34.959177240968522,-8.0125101758167823],[-34.95917656664902,-8.0125095136459379],[-34.959128648103665,-8.0124624689709485],[-34.959128564267203,-8.012462386197404],[-34.958856816766819,-8.0121955935168963],[-34.958854279871176,-8.0121931022756989],[-34.958752955449341,-8.0120936245633416],[-34.958400225369274,-8.0118240665472324],[-34.958341385921017,-8.0117824490627978],[-34.958340682461632,-8.0117819515643145],[-34.958239767406454,-8.011710573021178],[-34.958232787412904,-8.0117056357443523],[-34.958024491585974,-8.0115583049672559],[-34.957635320903528,-8.0111692236986229],[-34.957451711265954,-8.0110017941117917],[-34.957231101428356,-8.0107559587147339],[-34.957227083065959,-8.0107514810739211],[-34.957079189669592,-8.0105866769930625],[-34.957078433770981,-8.0105858334914153],[-34.956936409835329,-8.0104275702572707],[-34.956933059836473,-8.0104238370845806],[-34.956764750308025,-8.0102362809065095],[-34.956538606213783,-8.0104414918592557],[-34.956433751358432,-8.0102725669040797],[-34.956433522858184,-8.0102721982339986],[-34.956387655175199,-8.0101983040869111],[-34.956386878277321,-8.0101970511508629],[-34.956265462075514,-8.0100014440675231],[-34.956263657863929,-8.0099985379867125],[-34.956043275196414,-8.0096434883206342],[-34.95604211535084,-8.0096416206412826],[-34.95584042504138,-8.0093166862514789],[-34.955545909232526,-8.0094286712423184],[-34.955679954614396,-8.0098008610543214],[-34.955516707184039,-8.0098877971089149]]]},"properties":{"NMNOME":"Córrego Da Fortuna","BAIRRO":" ","ZEIS_TIPO":"ZEIS Morro","NOME_TIPO":"Córrego Da Fortuna - ZEIS Morro"}},{"type":"Feature","geometry":{"type":"Polygon","coordinates":[[[-34.957677839631799,-8.0141765167174803],[-34.957677028016818,-8.0141759727221515],[-34.957660059825038,-8.0141636932345364],[-34.957659914208008,-8.0141635881531332],[-34.957646834938018,-8.0141541225616724],[-34.957646770320117,-8.0141540758583254],[-34.957584305463676,-8.0141088702242289],[-34.957584184416319,-8.0141087822028467],[-34.957534562205922,-8.0140728706042275],[-34.957521643206462,-8.0140631592502185],[-34.957520840376084,-8.0140625555458715],[-34.957463315192491,-8.0140193117054466],[-34.957390472551694,-8.0139645534690676],[-34.957387546138463,-8.0139623533636044],[-34.957307841068406,-8.0138936719699547],[-34.957264766188494,-8.0138545126435776],[-34.957240474572487,-8.0138324291982688],[-34.957238664494859,-8.0138341844075338],[-34.957119211082301,-8.0139500191109985],[-34.957037048113769,-8.0140320055925365],[-34.957037012911371,-8.0140320410174226],[-34.957010200243396,-8.0140587960576593],[-34.957008746955758,-8.0140602458132548],[-34.956921182839352,-8.0141442956450426],[-34.956870239282708,-8.01418355337991],[-34.956828656130149,-8.0142176045730302],[-34.956728645569349,-8.0143044888940249],[-34.956727826351191,-8.0143052006503925],[-34.956709816188095,-8.0143208465738454],[-34.956552249097612,-8.0144463871526739],[-34.956381678668457,-8.0146191859757696],[-34.956440559890936,-8.0148198050372166],[-34.956440559597347,-8.0148330303064714],[-34.956399086924513,-8.0149325518630175],[-34.95617546658675,-8.015087290186889],[-34.956016530556134,-8.0150776887988684],[-34.955876301122025,-8.0149884209176285],[-34.955706020909453,-8.0147206174350725],[-34.955455610631631,-8.0146578002405029],[-34.95513553213177,-8.0144220576509788],[-34.954999860000832,-8.0141943719703121],[-34.955046405059157,-8.0140375397876991],[-34.955075056970017,-8.0138773788116673],[-34.955090587986902,-8.0135633853498263],[-34.955091315026905,-8.0135486848364526],[-34.955109371322585,-8.0131836397107943],[-34.955096373985519,-8.0128618892499812],[-34.955188233657935,-8.0128315856886427],[-34.955351326986261,-8.0127343630823447],[-34.955497586770818,-8.0125122984265911],[-34.955722217865812,-8.0123768111854297],[-34.955783524111787,-8.012265139265164],[-34.955752610976717,-8.0119283320775292],[-34.956099896374305,-8.0117050731163779],[-34.956295938075705,-8.0116728068712533],[-34.956594820333748,-8.0115591359522362],[-34.95681312573474,-8.0115264437902418],[-34.95695744682105,-8.0118808610557313],[-34.957154196954292,-8.0120486903916461],[-34.957393577561547,-8.0121883189246166],[-34.957592202702315,-8.012305864274504],[-34.957938116648485,-8.0124372162254751],[-34.958067434069228,-8.0126214165523191],[-34.958428198650871,-8.0128577744329288],[-34.95847069877837,-8.0128856186469566],[-34.958520573865144,-8.0129182951837716],[-34.958699825688939,-8.0128835074498657],[-34.958783753433082,-8.0128672191583288],[-34.958784028892822,-8.0128671654147876],[-34.959111751399568,-8.0128035634293688],[-34.959112141030104,-8.0128034874459555],[-34.959362670914281,-8.01275486692054],[-34.959389477602933,-8.0127496641979672],[-34.959397860914216,-8.0127419454058071],[-34.959398555303345,-8.0127413047546465],[-34.959492435859403,-8.0126548559624968],[-34.959493600710331,-8.0126537836543701],[-34.959738436543851,-8.0124283275618975],[-34.959739173376441,-8.0124276487388482],[-34.959852074209095,-8.0123236849502817],[-34.959852978094233,-8.0123228525496106],[-34.959951684568125,-8.0125713331371795],[-34.959553799011012,-8.0131704193328517],[-34.960510711842211,-8.0137858549367067],[-34.961189941443223,-8.0139102072551527],[-34.961463916028954,-8.014147596742248],[-34.961669396405696,-8.0143680276296418],[-34.961834922428118,-8.0143906372030003],[-34.96243423865932,-8.0140797714476015],[-34.962538557715249,-8.0140782730250582],[-34.962729747032412,-8.0140755282548746],[-34.962697638858984,-8.0155341375293805],[-34.96258137444849,-8.015624319761022],[-34.962546306101849,-8.0158153136397594],[-34.962341694872833,-8.0160881117001708],[-34.961875616952149,-8.0167095111164777],[-34.961565705028249,-8.0164543211374593],[-34.96147572362699,-8.0164062350191383],[-34.961473795007045,-8.0164052045525143],[-34.961338999799665,-8.0163331703140788],[-34.961210347618049,-8.0163506982469297],[-34.961209618890258,-8.016350797544133],[-34.960909614980167,-8.0163916697157926],[-34.960951147201747,-8.0165028636021578],[-34.960951248256691,-8.016503132525763],[-34.960988301586006,-8.0166023357122587],[-34.960865900171832,-8.0166456243246884],[-34.960853725056197,-8.0166518839992538],[-34.960852405940983,-8.0166525619807043],[-34.960714355833765,-8.0167235408105704],[-34.960615270305787,-8.0167610572889547],[-34.960348326485082,-8.0168118907545605],[-34.960347847136944,-8.0168119825355877],[-34.960312181282404,-8.0168187743491881],[-34.96015510489331,-8.0168106557569629],[-34.960055868307975,-8.0169143831075544],[-34.960055790691165,-8.0169144630325384],[-34.960025561171854,-8.0169460612032939],[-34.959915941369573,-8.0170266501431797],[-34.959915792242072,-8.0170267593377318],[-34.959889344624116,-8.0170462027384506],[-34.959887822642472,-8.0170473219513028],[-34.959788063141801,-8.0171206623573283],[-34.959743887577652,-8.0172256763646921],[-34.959878328841647,-8.0173040673198166],[-34.95987925381305,-8.0173046062491018],[-34.960220515469963,-8.0175035914543447],[-34.960224289945238,-8.0175057920146457],[-34.960253798170676,-8.0175229983723035],[-34.960335032421838,-8.0176319557537994],[-34.960339990042009,-8.0176386058034819],[-34.960797743866536,-8.0182525817259123],[-34.960919319757025,-8.0183990237434148],[-34.960949896411719,-8.0186450605886996],[-34.960897005837836,-8.0187066977423775],[-34.960888312046698,-8.0187168282396062],[-34.960752813754503,-8.0188747341128099],[-34.960684777388231,-8.0188910965961444],[-34.960541195017647,-8.0187890573441472],[-34.960170559110146,-8.0191604797609202],[-34.959782746768191,-8.0186922881243294],[-34.959302143051211,-8.0188500807290879],[-34.959331297131939,-8.0192676351743053],[-34.95933159603269,-8.0192719080671573],[-34.959346975545046,-8.0194921845045872],[-34.9593472880834,-8.0194966535096981],[-34.959355870762401,-8.0196195742600072],[-34.959356191119717,-8.0196241607534233],[-34.95936976531631,-8.0198185729673011],[-34.95913876502766,-8.0201560952043742],[-34.959138742509538,-8.0201561278570228],[-34.958843257731878,-8.020587869683526],[-34.958805814517994,-8.0205959427961382],[-34.958805572606472,-8.0205959954772634],[-34.958788837960142,-8.0205835016454898],[-34.958773159910791,-8.0205668324361294],[-34.958745500872695,-8.0205538083600398],[-34.958699924286627,-8.0205576132869325],[-34.958640018416837,-8.0205758380475363],[-34.958620872327096,-8.0205866926479352],[-34.958576627315438,-8.0206179985521882],[-34.958534455790051,-8.0205811234030406],[-34.958567959794657,-8.0205618290797336],[-34.958561885832161,-8.0205463102320511],[-34.958503162685169,-8.0205609412010457],[-34.95837861996344,-8.0206117639440997],[-34.958310430095345,-8.0206539472362532],[-34.958422753675706,-8.0208076943900046],[-34.958284276550494,-8.0209554579678937],[-34.958252931898308,-8.0209245115517049],[-34.95816226396024,-8.0207763758282145],[-34.958140620961409,-8.0207878064075775],[-34.958135073373356,-8.0207907356704204],[-34.958061747889609,-8.0208294600748289],[-34.957895432729153,-8.0206544812835663],[-34.957427676672239,-8.0210507577386867],[-34.957250969008776,-8.0211073690560983],[-34.957152220371484,-8.0209632682209602],[-34.956923539614202,-8.0210456123203429],[-34.956842987602222,-8.0209549298519054],[-34.956708637131285,-8.0209165976368162],[-34.956707202143342,-8.0209161885950859],[-34.95661302867304,-8.0208893194671003],[-34.956603069116468,-8.0208864774638897],[-34.95655147487961,-8.020851273222803],[-34.956510737853861,-8.0208634263755361],[-34.956477153626949,-8.0208659780402591],[-34.956436245025508,-8.0208422522903753],[-34.956373864772097,-8.0208449407550315],[-34.956361969517886,-8.0208665252758014],[-34.956354975931276,-8.0209096136140943],[-34.956333516609448,-8.0209384189721327],[-34.956297749858997,-8.0209864282084098],[-34.956273970769409,-8.0210319883922878],[-34.956235987174949,-8.0211182790707287],[-34.956213369984134,-8.0212114633152289],[-34.956259289297712,-8.0212965598359638],[-34.956237757838643,-8.0213036449666166],[-34.956212130541239,-8.0213120784997738],[-34.95619059908433,-8.0213191645323469],[-34.956151632908103,-8.0213319872833395],[-34.956134379305034,-8.0213376652828927],[-34.956122581692433,-8.0213415481480528],[-34.9561209426316,-8.0213420875125401],[-34.956104474145107,-8.0213475068407991],[-34.956095749088618,-8.0213503779481137],[-34.956073480499811,-8.0213577061449435],[-34.956065507961746,-8.0213603295849385],[-34.956018349185761,-8.0213758482300097],[-34.956016926551527,-8.0213763160506435],[-34.956011591906361,-8.0213780717328689],[-34.955930801580408,-8.0214046583284251],[-34.955849138280897,-8.021431532023044],[-34.955844676593451,-8.0214330005910313],[-34.955809942066388,-8.0214444308750288],[-34.955758551586342,-8.0214613419344172],[-34.955611763145576,-8.0215096470090455],[-34.955551984477829,-8.0215257200576069],[-34.955497155704037,-8.0215468286256222],[-34.95545755953718,-8.0213937087509137],[-34.955359078701434,-8.0210736536358294],[-34.955288273301662,-8.0209199451154465],[-34.955231908528049,-8.0208025892643366],[-34.95522912819245,-8.0207968048251761],[-34.955226517547288,-8.0207923666072443],[-34.955153940123843,-8.0206690468843735],[-34.955152345396556,-8.0206663368965376],[-34.955092679439261,-8.0205649548836959],[-34.95495621716541,-8.020331187442606],[-34.954897151114231,-8.0202310031011681],[-34.954869039978753,-8.0201833224959387],[-34.954866217243101,-8.0201785327028894],[-34.954717874276213,-8.0199942248724945],[-34.954672252629607,-8.019937541699246],[-34.954608268505872,-8.0198805298055511],[-34.954581083952696,-8.0198563065532387],[-34.954572214020125,-8.0198484029945956],[-34.954378586711158,-8.0196758735321811],[-34.954351101605326,-8.0196513831827776],[-34.95434699527511,-8.0196480649323796],[-34.954304194848,-8.0196134984384582],[-34.954303487394185,-8.0196129268224681],[-34.954293327209733,-8.0196047210980961],[-34.954091582193151,-8.0194417812037617],[-34.954064911169475,-8.0194202422899412],[-34.953772820172702,-8.0191822502247394],[-34.953671211428698,-8.0190994614417761],[-34.953669531136299,-8.0190980129940144],[-34.953578771283716,-8.0190240622024991],[-34.953542089124774,-8.0189970244025464],[-34.953502671870716,-8.0189679699869743],[-34.953424761863076,-8.018903268068911],[-34.953364696682208,-8.0188533847020622],[-34.953310264457436,-8.0189166891990045],[-34.95328936923498,-8.0189440036915727],[-34.953253585416142,-8.0189907805763632],[-34.953221650719023,-8.0189643783742053],[-34.953205623733112,-8.0189511287361359],[-34.95320378710484,-8.0189496096076418],[-34.953181298192135,-8.0189765194091329],[-34.953150046663808,-8.0189680240179992],[-34.953104930424907,-8.0189994962525297],[-34.953089910789352,-8.0190386331147518],[-34.953082746502901,-8.0190458434047436],[-34.953055458383304,-8.0190603245315923],[-34.953018064732191,-8.0190691128810148],[-34.952983509580356,-8.0190692767284339],[-34.952944634580177,-8.0190694610554747],[-34.952905794727897,-8.019076820627145],[-34.952856834745212,-8.0190756180414358],[-34.952819344298227,-8.0190643144044689],[-34.952778892983304,-8.0190358027192321],[-34.952738434823218,-8.0190058554355144],[-34.952697887647027,-8.0189572517639007],[-34.952625788189067,-8.0189346307899587],[-34.952661490124541,-8.0188638329160398],[-34.952595340388349,-8.0188083089831039],[-34.952673368154265,-8.0186926144111634],[-34.952651355054357,-8.0186263138470206],[-34.952631364754467,-8.0185944677476311],[-34.952602554219773,-8.0185917339741852],[-34.952523461713909,-8.0186122013274126],[-34.95250483976001,-8.0186323820313472],[-34.952476262923916,-8.0186784430502041],[-34.952448148567733,-8.0187242984658464],[-34.952357897678283,-8.0187678167262835],[-34.951955638618458,-8.0187396790063374],[-34.951861643185538,-8.0186480861378548],[-34.951856045598845,-8.018642632330927],[-34.9514928449845,-8.0182887183203437],[-34.951677974689581,-8.0179668837787617],[-34.952031657067934,-8.0176646928797037],[-34.952099278597409,-8.0176015629030886],[-34.952137874099591,-8.0176426379920436],[-34.9521378959614,-8.0176426577774738],[-34.952159196516106,-8.0176653279676682],[-34.952181687031761,-8.0176900908094648],[-34.952182565973324,-8.0176910584944316],[-34.952182657156236,-8.0176911602196341],[-34.952427701624288,-8.0179609742118085],[-34.953059156030221,-8.0175227341744399],[-34.953637716432574,-8.0174319539919363],[-34.953743152107926,-8.0171590360290335],[-34.95360302313113,-8.0170721102425198],[-34.953638724662497,-8.016926222302768],[-34.953747489074715,-8.0169262218405919],[-34.953748817240978,-8.016796129668025],[-34.953751375567798,-8.0165454301315009],[-34.953961134231236,-8.0164838878419751],[-34.95412427789342,-8.0163415730948842],[-34.954201967141287,-8.0160223242107218],[-34.954485524684436,-8.0158953946796547],[-34.954287422677247,-8.015276126446846],[-34.954671973038757,-8.015295361348473],[-34.954912802131368,-8.0158992431008489],[-34.955003480680247,-8.0163186722826794],[-34.955007178447573,-8.0163357728338749],[-34.955090165846265,-8.016719626290751],[-34.955024417799336,-8.0167893798041696],[-34.955175818628454,-8.0170042670703641],[-34.955180627355766,-8.0170110923913356],[-34.955436313788809,-8.0173739947653591],[-34.955457565915985,-8.0174041576997368],[-34.955528711681545,-8.0175051372105255],[-34.955529498832085,-8.0175062544897191],[-34.955587968949573,-8.0175892421830852],[-34.955628089344302,-8.0175929210395385],[-34.955741326771602,-8.017577305809068],[-34.955749323419333,-8.0176040375164579],[-34.955754474774032,-8.0176212550031547],[-34.955846811020351,-8.0176409569377949],[-34.955867911488475,-8.0176441185517202],[-34.95589779957588,-8.0176485954135597],[-34.955932136015349,-8.0176641944077431],[-34.955997685799922,-8.017799883137501],[-34.956052374506093,-8.0178655247009551],[-34.956278132051807,-8.0180781398606147],[-34.956369293575648,-8.0181552712265045],[-34.956380555913277,-8.0181940645288385],[-34.956856740609524,-8.0183453509888576],[-34.957127252176754,-8.0183957102364367],[-34.957617324535597,-8.0184608547938598],[-34.957771788159363,-8.0184857241008309],[-34.957893999362447,-8.0185054001341847],[-34.957994030549095,-8.0185305904532491],[-34.958067047540062,-8.018056279535271],[-34.958051446987334,-8.0179917010121695],[-34.95802926001992,-8.0178967951051519],[-34.958008678091183,-8.0178431520607525],[-34.957990053727322,-8.0177950713305304],[-34.957930653421684,-8.0176417231873849],[-34.95793044340035,-8.0176408581117382],[-34.957884921524041,-8.0174529718999867],[-34.957875773667112,-8.0174152145960047],[-34.957861969620026,-8.0173500073391839],[-34.95786014332537,-8.01730305637148],[-34.957858759627662,-8.0172674806904816],[-34.957861058085555,-8.0172502649112225],[-34.957872768357625,-8.0171625441399623],[-34.957876387818857,-8.0171433368029401],[-34.957889230176043,-8.0170751850068189],[-34.957919680396969,-8.0169935488923834],[-34.957970714306221,-8.0168567261501043],[-34.958040592524881,-8.0166924466419847],[-34.958118730507088,-8.0167206195571428],[-34.958185799358603,-8.0165477242987784],[-34.958327402095819,-8.0162898807243099],[-34.958207458688541,-8.0162481415533708],[-34.958298467398819,-8.0160906965379901],[-34.958385666561867,-8.0159398429245936],[-34.958437798778789,-8.0158419249972521],[-34.958441050972979,-8.0158358162866463],[-34.958467263584495,-8.0157865804409063],[-34.958551826898002,-8.0156277457963654],[-34.958730295005871,-8.015304361935101],[-34.958784105025252,-8.0153401024454585],[-34.95882307159463,-8.0153659834955509],[-34.958827170901856,-8.0153589296480963],[-34.958837916177238,-8.0153404397019372],[-34.958901714676571,-8.0152499382174955],[-34.958906906211944,-8.015238385178602],[-34.958907555517762,-8.0152283209945701],[-34.958896201176877,-8.0151888908807045],[-34.958877918440344,-8.015147361063006],[-34.958918197098846,-8.0150768865562281],[-34.958951958978048,-8.015019828291857],[-34.958866420065547,-8.01497299232296],[-34.958852436816279,-8.0149651095395509],[-34.958777819761664,-8.0149230410851917],[-34.958766317097151,-8.0149157323272533],[-34.958766112411283,-8.0149156031179132],[-34.958727615239809,-8.0148911418800335],[-34.958624617967082,-8.0148211359283597],[-34.958614618828967,-8.0148141581310135],[-34.958613730664894,-8.0148135385623185],[-34.958528461347008,-8.0147540310528207],[-34.958439695504858,-8.0146916399646386],[-34.958439129468459,-8.0146912421633232],[-34.958419712226146,-8.0146775938819665],[-34.958263931681742,-8.0145720005510892],[-34.958263907112027,-8.0145719834910061],[-34.958199111025728,-8.0145280628572575],[-34.958189231508143,-8.0145216305200773],[-34.95810944732375,-8.0144692640894739],[-34.958109333596603,-8.0144691895942017],[-34.958054833397377,-8.0144334178787826],[-34.958046090912802,-8.0144276798646139],[-34.957973042842958,-8.0143766492124264],[-34.957972246589151,-8.0143760933923396],[-34.957961884341543,-8.0143688542221945],[-34.957947149515839,-8.0143585611725587],[-34.957932775958795,-8.0143485195381388],[-34.95793275867063,-8.0143485078676857],[-34.957918481579092,-8.0143385344816718],[-34.957918410595205,-8.0143384841924483],[-34.957903769502515,-8.0143282566906322],[-34.957903735828793,-8.0143282324414269],[-34.957901579112907,-8.014326725702027],[-34.95789648580444,-8.0143231671735986],[-34.957890698939984,-8.0143192864842092],[-34.957890646164188,-8.0143192505731644],[-34.957875830508421,-8.014309313193376],[-34.95787577227798,-8.0143092745961226],[-34.957862386963008,-8.0143002968433699],[-34.957862356027441,-8.0143002761973126],[-34.957853674813904,-8.0142944529065137],[-34.957853573818689,-8.014294385583014],[-34.957812534380558,-8.0142668598482416],[-34.957812451580473,-8.0142668041908909],[-34.957770790693274,-8.0142388610224362],[-34.957770635104083,-8.0142387568924658],[-34.957752853231291,-8.0142268302362876],[-34.957735674613978,-8.0142153084372492],[-34.957735584536721,-8.0142152482941853],[-34.957720394015759,-8.0142050595553691],[-34.957720255710456,-8.0142049661918211],[-34.957704521081681,-8.0141944129950691],[-34.95770448559842,-8.0141943896584689],[-34.957688699105887,-8.0141838014495512],[-34.957677839631799,-8.0141765167174803]]]},"properties":{"NMNOME":"Sítio Dos Pintos","BAIRRO":" ","ZEIS_TIPO":"ZEIS Morro","NOME_TIPO":"Sítio Dos Pintos - ZEIS Morro"}},{"type":"Feature","geometry":{"type":"Polygon","coordinates":[[[-34.963740583062155,-8.0491134470227887],[-34.963686274249568,-8.0491986187972824],[-34.963619658601161,-8.04928791763448],[-34.963552171330676,-8.0493791146006828],[-34.963469800754282,-8.0494969425520058],[-34.963434957113527,-8.0495450441553391],[-34.963400032353604,-8.0495917475964127],[-34.963316576131881,-8.0496996281586295],[-34.963275760929804,-8.0497485746746289],[-34.963242622132789,-8.0497883156926608],[-34.963178702816855,-8.0498649694548998],[-34.963110538521626,-8.0499438846352422],[-34.963090771783044,-8.0499667691371908],[-34.962998598762411,-8.0500718327982206],[-34.962972035915463,-8.0501264400193513],[-34.96294605888874,-8.0501606791334588],[-34.962492051000687,-8.049792221457917],[-34.962490059517442,-8.0497906055180408],[-34.962237054588776,-8.0495852747860006],[-34.962178340001259,-8.0495376233255556],[-34.962177107050366,-8.0495366230242098],[-34.962132677971432,-8.0495005662704866],[-34.962044050828503,-8.049435928051512],[-34.962001025797456,-8.0494147441645723],[-34.962024860342716,-8.0489321203900897],[-34.962024984318283,-8.0489296101814496],[-34.962035013878435,-8.0487265192959612],[-34.962043392170514,-8.0485568803728658],[-34.962060960397153,-8.0485613527482993],[-34.962183231780337,-8.0486323148384269],[-34.962272790092427,-8.04868429114644],[-34.962389228366568,-8.0487799405500624],[-34.962410620009202,-8.0487367851599441],[-34.962597095638856,-8.0488375500470326],[-34.962801052969439,-8.0488305962249402],[-34.962952311430477,-8.0488442253176249],[-34.963138183416284,-8.0488194153536359],[-34.96321211555766,-8.0487233835568617],[-34.963369944076078,-8.048855382238493],[-34.963558172172299,-8.0489864398314541],[-34.963559309787684,-8.0489872317512638],[-34.963740583062155,-8.0491134470227887]]]},"properties":{"NMNOME":"Sete Mucambos","BAIRRO":" ","ZEIS_TIPO":"ZEIS Planície","NOME_TIPO":"Sete Mucambos - ZEIS Planície"}},{"type":"Feature","geometry":{"type":"Polygon","coordinates":[[[-34.942110419595693,-8.0973677933956605],[-34.942131433161272,-8.0973716006702183],[-34.94232807033864,-8.0974072252597811],[-34.94247694308735,-8.0974368500641454],[-34.942516947105034,-8.0974448114131281],[-34.942264504234814,-8.0986442275921231],[-34.942103898224758,-8.0986124265727142],[-34.942011104323107,-8.0987431634502176],[-34.94200039708273,-8.0987537637673199],[-34.941857637435142,-8.0988738998441825],[-34.941472184652866,-8.0990293704004603],[-34.941468615879977,-8.0989657676449944],[-34.939762635118022,-8.098608893978108],[-34.939723376743935,-8.0983474205555908],[-34.939741223321576,-8.0982378859857054],[-34.939791190406005,-8.0981318836021376],[-34.939844140780309,-8.0980049653984985],[-34.939844984736517,-8.0980029426421467],[-34.939859001034158,-8.0979693465938496],[-34.939991054597137,-8.0977114098208318],[-34.94011953931313,-8.097372204179905],[-34.940141595870799,-8.0973242343814196],[-34.940152372846512,-8.0973433498955423],[-34.940170612086895,-8.0973592350126751],[-34.940184527714869,-8.0973644927900779],[-34.94020377530061,-8.0973675961747738],[-34.940331023004966,-8.0973882868510625],[-34.940442238257674,-8.0974079896670457],[-34.940594105397253,-8.0974381469964758],[-34.940736341554945,-8.0974651551643788],[-34.940876441404214,-8.0974921734406138],[-34.941033306509688,-8.0972273552914018],[-34.941129765388617,-8.0970661103286421],[-34.941318454418131,-8.0967532243293281],[-34.941376769979193,-8.0966592439879363],[-34.941475852021718,-8.0963765980337072],[-34.941484327661662,-8.0963616508413541],[-34.941494395525275,-8.0963473054025421],[-34.941511880477002,-8.0963223897893037],[-34.94153566257355,-8.0962885022644091],[-34.9418438708312,-8.0963537111334585],[-34.941909393952159,-8.0963726420032085],[-34.941995222975521,-8.0963896943428839],[-34.942052594570143,-8.0964010925714458],[-34.942085484807421,-8.0964055114279407],[-34.942114423641421,-8.0964093994263404],[-34.942176728601709,-8.0964204685874641],[-34.942264835155022,-8.0964361223103865],[-34.942313748138289,-8.0964448133560918],[-34.942304573973139,-8.0965002562263386],[-34.942295141511622,-8.0965572643306061],[-34.942284709280692,-8.0966203126232976],[-34.942281210125266,-8.0966414605141797],[-34.942274431348174,-8.0966824317238242],[-34.942261069628216,-8.0967495874941342],[-34.942244307610444,-8.09681971659362],[-34.942230400355122,-8.0968907786439956],[-34.942209048250007,-8.0969940611719231],[-34.942178988758648,-8.0971074680037223],[-34.942110419595693,-8.0973677933956605]]]},"properties":{"NMNOME":"Vilas Boas Nova Conquista","BAIRRO":" ","ZEIS_TIPO":"ZEIS Planície","NOME_TIPO":"Vilas Boas Nova Conquista - ZEIS Planície"}},{"type":"Feature","geometry":{"type":"MultiPolygon","coordinates":[[[[-34.895820815527195,-8.0289250651608182],[-34.895783599749905,-8.0289003637412044],[-34.895703106001172,-8.0288792059134302],[-34.895599703582313,-8.0288342336001897],[-34.895500198491249,-8.0288300948457856],[-34.895505445178692,-8.0287855919759235],[-34.895140396754172,-8.0286505829319061],[-34.895135940708371,-8.0286218683227926],[-34.895142478122729,-8.0285857728297323],[-34.895049551696061,-8.0285737933389392],[-34.89492393138751,-8.0285217149633574],[-34.894777210671549,-8.0284611847787577],[-34.894744696180048,-8.0284476486218406],[-34.89463864740663,-8.028403500064023],[-34.894606977182484,-8.0283903153079734],[-34.894604241978627,-8.0286416609655085],[-34.894605567541682,-8.0288297930254888],[-34.894605598267304,-8.0288364215674317],[-34.894606173464105,-8.0289605096433458],[-34.894606815097816,-8.0290989279170635],[-34.894606909085702,-8.0291996234397889],[-34.894607071613635,-8.0292274447179217],[-34.894607346293832,-8.0292743722160669],[-34.894606995507814,-8.0293100341947312],[-34.894606796422423,-8.029330287312014],[-34.894523013736446,-8.0293296850073688],[-34.894471583502948,-8.0293297582163596],[-34.894452542013418,-8.0293305085922473],[-34.894452480332305,-8.029330507972162],[-34.89445226564284,-8.029308455839681],[-34.894452264371253,-8.0293083771909437],[-34.894451390210236,-8.0292188017688488],[-34.894451346674678,-8.0292143014799535],[-34.894451300294257,-8.0292095788014652],[-34.894450643037757,-8.0291421413887054],[-34.894447358472213,-8.0290988512823525],[-34.894446715736741,-8.0290787711018581],[-34.894442044649011,-8.0289504265017673],[-34.894355460389129,-8.0289060255291425],[-34.894272888411123,-8.0288636818180414],[-34.894272074682426,-8.0288632642653894],[-34.894215986588542,-8.0288345016754885],[-34.894216741025666,-8.0288158624843984],[-34.894216752429202,-8.0288155830724275],[-34.894216846001484,-8.0288132663990108],[-34.894217704511775,-8.0287920320307862],[-34.894220925587661,-8.0287752447832652],[-34.894222510016057,-8.0287671866918746],[-34.894223187652713,-8.0287609418315817],[-34.894223245081292,-8.0287604162990434],[-34.894231832563563,-8.0286812827723573],[-34.894233781944905,-8.0286633134243335],[-34.894235732241619,-8.0286453458802356],[-34.894265312569431,-8.02864774200253],[-34.894272304493725,-8.0285711345788542],[-34.894275511075762,-8.0285584618479362],[-34.89425075308781,-8.0285505096732113],[-34.894224731540817,-8.0285421519597531],[-34.894052598506363,-8.0284880670259362],[-34.894011823785611,-8.0284792492348576],[-34.894017354982481,-8.0284299471059786],[-34.894041785639317,-8.0283159743957544],[-34.894075655866388,-8.0281908679304426],[-34.894161166508788,-8.0281954448795076],[-34.894584655085389,-8.0282286581484765],[-34.89495342487524,-8.0282614051518575],[-34.895305505942822,-8.0283038769818855],[-34.895511947981994,-8.0283449925590915],[-34.89559757735703,-8.028365983945708],[-34.895784979986288,-8.0284168842030486],[-34.895788651974193,-8.0284179331877858],[-34.895825802698326,-8.0284294019692179],[-34.89586518211344,-8.0284420692253757],[-34.895877969446815,-8.0284461807992091],[-34.895886670323002,-8.0284490572512421],[-34.895905712728926,-8.0284559480574114],[-34.89591062619607,-8.0284577263330377],[-34.895950712559276,-8.0284722328270544],[-34.896130168384389,-8.0285424100505498],[-34.896262415580949,-8.0285999732377942],[-34.896306830932687,-8.0286193055796211],[-34.89648044755635,-8.02870281118782],[-34.896522404424786,-8.0287249791638065],[-34.896650770070885,-8.0287928032592362],[-34.896720775506886,-8.0288332452456661],[-34.896721863233125,-8.0288338739872174],[-34.896817554817787,-8.0288891563495302],[-34.896882509878033,-8.0289289995826749],[-34.896927290169707,-8.0289599185874909],[-34.89699577678563,-8.0290145189958402],[-34.897021481590571,-8.0290388502588268],[-34.897059371446836,-8.029074710141531],[-34.897117615006778,-8.029140060188352],[-34.897144522804403,-8.0291759752228931],[-34.897170088957225,-8.0292100991417232],[-34.897175492851197,-8.0292180680470597],[-34.897190290202069,-8.0292385946219671],[-34.897219576336752,-8.0292792179486874],[-34.897221742671746,-8.0292822230461276],[-34.897248347599202,-8.0293191276194928],[-34.897260716618618,-8.0293362859592872],[-34.897304702451862,-8.0293973006848383],[-34.897307879376733,-8.0294017069562553],[-34.897454325776025,-8.0296048487263771],[-34.897515530099128,-8.0296897482893659],[-34.897584793631069,-8.0297858257009072],[-34.89779918481203,-8.0300832154704977],[-34.897801028893902,-8.030085772724826],[-34.89785154131868,-8.0301558395691721],[-34.89790931873852,-8.0302359849504317],[-34.897937707290453,-8.0302748991127153],[-34.898066801292217,-8.0304659960453719],[-34.89813236723711,-8.0305535043745309],[-34.897962161095215,-8.0306623971537796],[-34.897741576067503,-8.0308116568900498],[-34.897705141628563,-8.0308472520421219],[-34.897688591263368,-8.0308559089701959],[-34.89766917076021,-8.0308660681500328],[-34.897646582341693,-8.0308813825105787],[-34.897635251235194,-8.0308568756151129],[-34.897579643910625,-8.0307366100387707],[-34.897533885241955,-8.0306376442038516],[-34.897455116482703,-8.0304672858182489],[-34.897451828180621,-8.0304625319956351],[-34.897446572962934,-8.0304580684134645],[-34.897436444159979,-8.0304508499968801],[-34.897427276570241,-8.0304461187746004],[-34.897419056743026,-8.0304442988195994],[-34.897226473757641,-8.0304478695358625],[-34.897223776572645,-8.0304201992194759],[-34.897216975546783,-8.0303437911008277],[-34.897213013685842,-8.0303252442071642],[-34.89721293024558,-8.0303248549359836],[-34.89720091580422,-8.0302686145431394],[-34.897200760958398,-8.0302678883815588],[-34.89719767251561,-8.0302534320117456],[-34.897193027317762,-8.0302316851336233],[-34.897166776083402,-8.0301811093343183],[-34.897166657105565,-8.0301808802481638],[-34.897160596521182,-8.0301692031492422],[-34.89714747200123,-8.0301501099607826],[-34.897144533383575,-8.0301509281402268],[-34.897143203578636,-8.0301512986153991],[-34.897141998346285,-8.0301478280079266],[-34.89713697884558,-8.0301333742146124],[-34.897123655670256,-8.0301213111197498],[-34.897121292883021,-8.0301211231206349],[-34.897121306466758,-8.0301213138176877],[-34.897117042381858,-8.0301208968157969],[-34.897111631326204,-8.0301160777407983],[-34.897110795527503,-8.030120285541658],[-34.89700701553933,-8.0301101322462589],[-34.897006866717724,-8.0301101175633303],[-34.896970881970532,-8.0301065966983831],[-34.896970935299635,-8.0301094876827328],[-34.89688308789939,-8.0301043381614168],[-34.896851609812309,-8.0301024925473428],[-34.896851573155665,-8.0300992850597961],[-34.89680066363583,-8.0300985994709055],[-34.896737263487928,-8.0300977463565708],[-34.896733825615556,-8.0300976998277225],[-34.89666659210134,-8.0300967947645336],[-34.896666093284459,-8.0300729629443097],[-34.896663195216433,-8.029934378044592],[-34.896663183716946,-8.0299338546384007],[-34.896662110014383,-8.0298825027233516],[-34.896662060998352,-8.0298801496430343],[-34.89666127185486,-8.0298424244373834],[-34.896652070938686,-8.0298424297933888],[-34.896623023544471,-8.0297375473098445],[-34.896528439039336,-8.02973753677764],[-34.896530445775767,-8.0295454830642399],[-34.896530662447823,-8.0295247407824117],[-34.896464681791173,-8.029494549618498],[-34.896454519595288,-8.0294898997983779],[-34.896391984824248,-8.0294612857143477],[-34.896367018362859,-8.0294498611949354],[-34.896357363338907,-8.0294454368608008],[-34.896300932071632,-8.029419575558185],[-34.896259625770888,-8.0293961036111892],[-34.89623792755998,-8.0293919571893255],[-34.896224769895085,-8.0294153610531875],[-34.896206352995122,-8.0293859242821917],[-34.896192618456787,-8.0293639724613186],[-34.896180300223044,-8.0293630311414184],[-34.896145936019927,-8.0293604058887116],[-34.896156527599935,-8.0292529140904509],[-34.896025000013992,-8.0292429833117218],[-34.896050850592104,-8.0290932524123395],[-34.896057677016934,-8.029074114229136],[-34.896093425203325,-8.0289834506586537],[-34.896091920012708,-8.0289827723070939],[-34.896042333711748,-8.0289646291333998],[-34.895999110194808,-8.0289541023915998],[-34.895949057144577,-8.0289450328451952],[-34.895886645565504,-8.0289370870535652],[-34.895886981241567,-8.0289273260159106],[-34.895820815527195,-8.0289250651608182]]],[[[-34.894075761982634,-8.0281904750729129],[-34.894075655866388,-8.0281908679304426],[-34.894074750426313,-8.0281908196622549],[-34.894075761982634,-8.0281904750729129]]]]},"properties":{"NMNOME":"Rosarinho/ De Junho/","BAIRRO":" ","ZEIS_TIPO":"ZEIS Planície","NOME_TIPO":"Rosarinho/ De Junho/ - ZEIS Planície"}},{"type":"Feature","geometry":{"type":"Polygon","coordinates":[[[-34.890688513155666,-8.0723051340899268],[-34.890688684469623,-8.0726155930029595],[-34.890644741203033,-8.0726189051382011],[-34.890644670473563,-8.0726189108894637],[-34.890561521668658,-8.0726288050002051],[-34.890560050208251,-8.0726289799561339],[-34.890556514351701,-8.0726294004128381],[-34.890379621840744,-8.0726504489877673],[-34.890054662256141,-8.0726655418329845],[-34.889745672818933,-8.0726798916622613],[-34.889454978029143,-8.07269339285053],[-34.889303280210328,-8.0726770115977953],[-34.889252344580086,-8.0726715112862237],[-34.889056128684544,-8.0726503232540221],[-34.888831459749589,-8.0725873733318512],[-34.888578880172027,-8.072516603428662],[-34.888321448796646,-8.0723994431244517],[-34.888111807333061,-8.0722848810578949],[-34.888050901482323,-8.0722403261383615],[-34.888047712963228,-8.072237992959364],[-34.887917948662604,-8.0721430631544191],[-34.887717103957513,-8.0719650319778715],[-34.887649339413322,-8.0718827814552228],[-34.887639246774647,-8.0718408010542806],[-34.887720875479125,-8.0715943753381705],[-34.887721373840684,-8.0715917150515981],[-34.88772270198556,-8.0715757185063683],[-34.887721224440554,-8.0715597358056641],[-34.887716982457675,-8.0715442504405637],[-34.88771010886083,-8.0715297355350089],[-34.887700810701567,-8.0715166304195787],[-34.887692394875963,-8.0715079530226301],[-34.887498206114543,-8.0712620959666808],[-34.887492800506159,-8.0712552526165382],[-34.887253212024753,-8.0709369015132282],[-34.887014895684764,-8.0706107204251811],[-34.886763387628186,-8.0702611309471397],[-34.88663021814402,-8.0700719958966047],[-34.886627437618444,-8.0700680470408042],[-34.886552842823619,-8.0699621028664055],[-34.886514478891378,-8.0699076163821406],[-34.886390642430847,-8.06972303271532],[-34.886340523150061,-8.0696359025710329],[-34.886289022358234,-8.069533131896927],[-34.886242754692859,-8.0694303361947952],[-34.886202968632936,-8.0693144720006682],[-34.886180220183412,-8.0692050495163681],[-34.886166949508286,-8.0691646893096713],[-34.886145618892762,-8.0690787301629001],[-34.886138594742135,-8.0690475727207964],[-34.886085450481978,-8.0688118178096317],[-34.886085250433986,-8.0688109318302086],[-34.886079478481243,-8.0687853268907102],[-34.885989102816936,-8.0684119709259239],[-34.885933368177767,-8.0681817183508198],[-34.885906913854896,-8.0680882346121852],[-34.885795244028131,-8.0678641785049177],[-34.885795072811099,-8.0678638366476481],[-34.885782667246254,-8.0678723035203532],[-34.885744749747715,-8.0678981829097278],[-34.885712697008351,-8.0678454545753695],[-34.885638623068843,-8.0677094488691683],[-34.885545729502745,-8.0675520018718618],[-34.88546288912935,-8.0673887667429263],[-34.885405562624968,-8.0672928710538887],[-34.885242199242278,-8.0670001184591893],[-34.885197172244894,-8.0669170826701357],[-34.885137652820092,-8.0668140204279197],[-34.885134769083706,-8.0668106931304759],[-34.885171908157929,-8.0667787284217365],[-34.885311277855386,-8.0666645426557047],[-34.885313946448541,-8.0666623560606467],[-34.885759112358855,-8.0662976316524198],[-34.885841205471728,-8.0662443415375584],[-34.886033288774406,-8.0665581486928239],[-34.886232510616018,-8.0670316011472298],[-34.886349241248048,-8.0674278083270305],[-34.886448443177208,-8.0677955092138518],[-34.886448711769219,-8.0677965051748259],[-34.886507942854102,-8.0680160489864274],[-34.886548033177668,-8.0684541089847315],[-34.88655545688782,-8.0685352221308371],[-34.886574039017908,-8.0685777854969167],[-34.886796027341632,-8.0690862494663982],[-34.88691546106265,-8.0693788662254349],[-34.886918511019054,-8.0693863379342297],[-34.887032626788425,-8.0696659251450367],[-34.887330098212701,-8.0700980826665312],[-34.887590049717929,-8.0704036267959776],[-34.887832081872652,-8.0706565428801991],[-34.887985394723081,-8.0708341198485787],[-34.888062328786482,-8.0708670422678797],[-34.888062763257921,-8.0708672283118919],[-34.888271828315624,-8.0709566924362939],[-34.888272120992653,-8.0709568176569331],[-34.888363661681993,-8.0709959903165025],[-34.888600758143802,-8.071041931024121],[-34.889007368591969,-8.0709603232453091],[-34.889008853990923,-8.0709600252773832],[-34.889361039187087,-8.070889340072954],[-34.889784409264998,-8.0707163976481588],[-34.889787619844071,-8.0707150863798187],[-34.889883731643842,-8.0706758252122786],[-34.890358869838998,-8.0704189529399564],[-34.89060208519971,-8.0702779582655051],[-34.890608741891462,-8.0702740996628712],[-34.890738321146898,-8.0701989808947978],[-34.890685459249802,-8.0710744629231002],[-34.890669718466839,-8.0719505835307199],[-34.890688513155666,-8.0723051340899268]]]},"properties":{"NMNOME":"Vila Brasil","BAIRRO":" ","ZEIS_TIPO":"ZEIS Planície","NOME_TIPO":"Vila Brasil - ZEIS Planície"}},{"type":"Feature","geometry":{"type":"Polygon","coordinates":[[[-34.923736534787771,-8.0512546686763429],[-34.92368980193303,-8.0511726345987285],[-34.923671384013268,-8.0511338273834117],[-34.923651964763991,-8.0510888844848392],[-34.923612034650979,-8.0510212020919578],[-34.92359489000107,-8.0509921400927844],[-34.923540821608093,-8.0508960406518906],[-34.923725019544591,-8.050801113241052],[-34.923676722491145,-8.0507120556059633],[-34.923526891290429,-8.0507706151729455],[-34.923487292372158,-8.0506660392176279],[-34.923460637086954,-8.0506765563441061],[-34.923434703179055,-8.0506000533861997],[-34.923375720730895,-8.0506199344181084],[-34.923347797524961,-8.0505405215641392],[-34.923329623887781,-8.0504952229243845],[-34.923311268420058,-8.0504498347290046],[-34.923296402811189,-8.0504135611833423],[-34.923323201433256,-8.0504028580661373],[-34.923321169676043,-8.0503951830769633],[-34.923331970445332,-8.0503906428873844],[-34.923330367786249,-8.0503837488032204],[-34.923309436189903,-8.0503114316841575],[-34.923302258440174,-8.0502896774740123],[-34.923295201681391,-8.0502743415246538],[-34.923293358159746,-8.0502681121492596],[-34.923301595630228,-8.0502645477039305],[-34.923298011661537,-8.0502547102450244],[-34.923294427693058,-8.0502448727860134],[-34.923117592097441,-8.0503306832744936],[-34.923101421957689,-8.0502678364542088],[-34.923068893460808,-8.0501983762491172],[-34.923088879431205,-8.050189085576978],[-34.923057129044992,-8.0501272818263239],[-34.923051431488332,-8.0500933818511751],[-34.923046956510824,-8.0500667574490912],[-34.923052056144662,-8.0500650519976595],[-34.923084884516449,-8.0500540711210693],[-34.923074491281355,-8.0500390545656213],[-34.923039452452485,-8.0499681388265625],[-34.923029979581258,-8.0499494031714143],[-34.923036047701387,-8.0499462973125144],[-34.923000483153373,-8.0498746888076287],[-34.922982292454016,-8.0498380619635643],[-34.922958006670761,-8.0497957473052182],[-34.922948375221267,-8.049778966064105],[-34.923174981389131,-8.0496637719229565],[-34.923206923858778,-8.0496463248362495],[-34.923407225810735,-8.0500315129174567],[-34.923448143830917,-8.0500075597062235],[-34.923484871701874,-8.0499865941628208],[-34.923542678659317,-8.0499538674314248],[-34.923546161259786,-8.0499614452122401],[-34.923586068892384,-8.049941549628711],[-34.923603825092606,-8.049975278243938],[-34.923628720657618,-8.0500226246982276],[-34.923728717343103,-8.0499730654576993],[-34.923724008826071,-8.0499636581843461],[-34.923733313684792,-8.0499819597507241],[-34.923738349279034,-8.0499918645316928],[-34.923759736813501,-8.0500339305319724],[-34.923766071591494,-8.0500463904238106],[-34.923791205521333,-8.0501006102179957],[-34.923883039039858,-8.0500563291425635],[-34.923901682328662,-8.0500473819460705],[-34.923947290895804,-8.0501399246637888],[-34.923978519361114,-8.0502029720355051],[-34.923999213493467,-8.0502447519666251],[-34.924059396781878,-8.0503522743988398],[-34.924065302267252,-8.0503617953886621],[-34.924118867604605,-8.0504581629028742],[-34.924178056416821,-8.0505713638451351],[-34.924217079644201,-8.0506459972212969],[-34.924194478936172,-8.050657659805676],[-34.924272656279157,-8.0508127381284087],[-34.924306256468064,-8.0508783961000532],[-34.924330489556866,-8.050865892308579],[-34.924339471207205,-8.0508612575610474],[-34.924367962014138,-8.0509221344097703],[-34.924399937391975,-8.050970442041681],[-34.924407613761048,-8.0509838629666728],[-34.924408585085189,-8.0509855616594592],[-34.924419327252153,-8.0510043437438004],[-34.92444244501948,-8.0510501271927755],[-34.924445338397824,-8.0510558562089205],[-34.924454211751296,-8.0510734301925702],[-34.924491710409868,-8.0511452020877439],[-34.924521876394088,-8.0512083366310971],[-34.924508185331632,-8.0512145249510105],[-34.92444758112989,-8.0512419138314701],[-34.924384571975821,-8.0512703898159614],[-34.924372806532432,-8.0512439027103238],[-34.92432419565273,-8.051273427667752],[-34.924267531834197,-8.0513027616629458],[-34.924135534107101,-8.0513501133838012],[-34.924112105534739,-8.0513585785794035],[-34.924350457449748,-8.0518239003735079],[-34.924331950068378,-8.0518307142919205],[-34.924071962077178,-8.05191684932411],[-34.92389580085603,-8.0519667116860294],[-34.92361022827599,-8.0520250716726771],[-34.923604757482842,-8.0520267454261294],[-34.923363519018402,-8.0521005557016423],[-34.923270255670147,-8.0521454564321644],[-34.923210458993353,-8.0520380179787043],[-34.922993147489329,-8.0515957667995099],[-34.923060037692693,-8.0515698792099482],[-34.923068437841422,-8.0515621462820217],[-34.923087706420219,-8.0515557474305677],[-34.923103482814689,-8.0515505076798473],[-34.92311056073715,-8.0515484087249103],[-34.923141072598675,-8.0515393570917304],[-34.923193808260343,-8.0515237146482939],[-34.923247323804972,-8.0515078398158302],[-34.923251962404166,-8.0515064637890497],[-34.923252722150522,-8.0515092673347901],[-34.923312281729089,-8.0514928687370162],[-34.923311244262329,-8.0514888785581977],[-34.923391164754172,-8.0514651719083297],[-34.92339776572026,-8.05146080147364],[-34.923448044680569,-8.0514491239743649],[-34.923470070436565,-8.051444008603676],[-34.923497648315895,-8.0514383093968984],[-34.923499612013984,-8.0514379033081109],[-34.923491134741283,-8.0513906607048167],[-34.923582958441386,-8.0513774829551803],[-34.923588209430321,-8.0514138015531209],[-34.923637355410285,-8.051390969627235],[-34.923648598686633,-8.0513881251743449],[-34.923661998067601,-8.0513847055743657],[-34.923773162572061,-8.0513566105165175],[-34.92378908739078,-8.0513480376819508],[-34.923769072851272,-8.0513143847755426],[-34.923762182514253,-8.0513027999118769],[-34.923736534787771,-8.0512546686763429]]]},"properties":{"NMNOME":"Rua Clotilde De Oliveira","BAIRRO":" ","ZEIS_TIPO":"ZEIS Planície","NOME_TIPO":"Rua Clotilde De Oliveira - ZEIS Planície"}},{"type":"Feature","geometry":{"type":"Polygon","coordinates":[[[-34.932351893854651,-8.0548533238316651],[-34.932319125824066,-8.054892693443179],[-34.932283013428275,-8.054936081064918],[-34.932282750968874,-8.0549363969128738],[-34.932264006145957,-8.0549589184663635],[-34.932245388490486,-8.0549812866349892],[-34.932245332570666,-8.0549813537985653],[-34.932229583954992,-8.0550002748460088],[-34.932193361511111,-8.0550437958787402],[-34.932152385873366,-8.0550930258141644],[-34.932110689368329,-8.0551392513509814],[-34.93211060544995,-8.0551393439600201],[-34.932101855588741,-8.0551490441140761],[-34.932081546051968,-8.0551755825222653],[-34.932043516939899,-8.0552252759119192],[-34.932005023551056,-8.0552656298803313],[-34.931808696736596,-8.0549746351669409],[-34.931740993246642,-8.0549404526018815],[-34.931696858747223,-8.0549599512330605],[-34.931413910788656,-8.055113413918944],[-34.930751904679134,-8.0554982924999869],[-34.930774785932655,-8.0554231562334486],[-34.930782725824947,-8.0553878127403173],[-34.930804374438914,-8.055291450516652],[-34.930804392194332,-8.0552913690680068],[-34.930814598226142,-8.0552459410066692],[-34.93081487360611,-8.0552447147138544],[-34.930820979091862,-8.0552175362537621],[-34.930834804006167,-8.0551680192846042],[-34.930841109096725,-8.0551395118262636],[-34.930867670524293,-8.0550301632112724],[-34.930867962355272,-8.0550289630586622],[-34.93088292550933,-8.0549673625397453],[-34.930940005821455,-8.0547513317280988],[-34.930985895484987,-8.0545578646092135],[-34.931000323286156,-8.0543213118494457],[-34.931004492836529,-8.0540910281983855],[-34.931009167680763,-8.0540081186991248],[-34.9310232779968,-8.0539470564983873],[-34.931045777154154,-8.053883563574086],[-34.931083908821137,-8.0538271716400214],[-34.931123297191412,-8.0537827344508965],[-34.931229292437479,-8.0537308226216453],[-34.931618290123417,-8.0535084211085728],[-34.931657166547943,-8.053489948976349],[-34.931925401562246,-8.0539788565666637],[-34.932392590396908,-8.0548158280338811],[-34.932351893854651,-8.0548533238316651]]]},"properties":{"NMNOME":"Rua Angélica / Currau Das Éguas","BAIRRO":" ","ZEIS_TIPO":"ZEIS Planície","NOME_TIPO":"Rua Angélica / Currau Das Éguas - ZEIS Planície"}},{"type":"Feature","geometry":{"type":"Polygon","coordinates":[[[-34.926563330763315,-8.0479594448832064],[-34.926573899795976,-8.0479546444456584],[-34.926601131989386,-8.0479422729548418],[-34.926635663030389,-8.047926586373304],[-34.926649162717425,-8.0479521060591015],[-34.926683740053775,-8.0479370032783226],[-34.92677621510073,-8.0478966097926037],[-34.926756704972341,-8.0478439667336161],[-34.926755578552367,-8.047840926247666],[-34.926732528976018,-8.0478003518068117],[-34.926756250634391,-8.0477911998676834],[-34.926740654572825,-8.0477539354556189],[-34.926734500032957,-8.0477471839057166],[-34.926758092467864,-8.0477394790675678],[-34.926794511316558,-8.0477046492155235],[-34.926799311403229,-8.0477023330861694],[-34.926800315945925,-8.0477018483154925],[-34.926800282013915,-8.0477017698216926],[-34.92678645562539,-8.0476698807732916],[-34.926798580871917,-8.0476636762565352],[-34.926803818617898,-8.0476587697530153],[-34.926811979524686,-8.0476545709662233],[-34.926821190967864,-8.0476498311410936],[-34.926829122944987,-8.0476457500522418],[-34.926839017555857,-8.0476406589573077],[-34.926856469531025,-8.047631679287834],[-34.926866867240292,-8.0476263290779979],[-34.926874216490134,-8.0476225481593016],[-34.926898961147309,-8.0476091423373735],[-34.926918639426866,-8.0475985176767768],[-34.926923724088603,-8.0475957671664453],[-34.926930923137817,-8.047591873040723],[-34.926934991768988,-8.0475896715432711],[-34.926949039864603,-8.0475821010044744],[-34.926963063260317,-8.047574486282393],[-34.926958411031478,-8.0475650950648454],[-34.927056067928213,-8.0475043467474627],[-34.927085417229421,-8.0475363292531874],[-34.927129919855979,-8.0475848237561802],[-34.927150440000986,-8.0476275797847663],[-34.927155823816669,-8.0476374593718525],[-34.927157468973746,-8.0476404784354081],[-34.92721732592014,-8.0477503080971751],[-34.92722665028613,-8.0477661983460145],[-34.927226904501971,-8.0477666329085267],[-34.927248852476794,-8.0478040365260295],[-34.927249331635529,-8.0478048533531332],[-34.927275936648527,-8.0478492081037079],[-34.927278324856722,-8.0478555252985746],[-34.927298419950148,-8.0478659189231774],[-34.927345038763619,-8.0479226556957162],[-34.927420856505947,-8.0480543825898021],[-34.927314685350801,-8.0481023442114505],[-34.927166403827854,-8.0481840450082647],[-34.927133405903355,-8.0482072534348141],[-34.926979557727087,-8.0482626713117007],[-34.926944384594854,-8.0482739672156907],[-34.927079097866219,-8.0485441083713773],[-34.926716167142139,-8.0487343012985004],[-34.926693380087478,-8.0486909429428426],[-34.926669236874602,-8.0486492887732144],[-34.926632532661003,-8.0485792157184051],[-34.926595336049161,-8.0485147347634918],[-34.926591652238137,-8.0485083486082321],[-34.926556167787332,-8.0484468583722144],[-34.926545549675616,-8.0484270695493727],[-34.926544845947326,-8.0484257574471929],[-34.926535120072472,-8.048407630615916],[-34.926515269453638,-8.048372194285184],[-34.926513250901472,-8.0483673218428695],[-34.926508124069365,-8.0483573108555504],[-34.926490378439894,-8.0483258425004642],[-34.926484986759185,-8.0483173696556509],[-34.926474277443283,-8.0482968977888998],[-34.926462385134229,-8.0482756178214157],[-34.926443724785813,-8.0482425264501334],[-34.926407681641436,-8.048177965012357],[-34.926390113593293,-8.0481456821626747],[-34.926364040472485,-8.0480987030702611],[-34.926361289032499,-8.0480922971661464],[-34.926335312602795,-8.0480465832988415],[-34.92632962703594,-8.0480335011294262],[-34.926408534098016,-8.0479936234206235],[-34.926438465646896,-8.0479741360797412],[-34.926525757303601,-8.0479234607012629],[-34.926543981421986,-8.0479147188003424],[-34.926563330763315,-8.0479594448832064]]]},"properties":{"NMNOME":"Estrada Velha Do Forte/Chamego","BAIRRO":" ","ZEIS_TIPO":"ZEIS Planície","NOME_TIPO":"Estrada Velha Do Forte/Chamego - ZEIS Planície"}},{"type":"Feature","geometry":{"type":"Polygon","coordinates":[[[-34.919875480104061,-8.0496443837117635],[-34.919875198719794,-8.0496445351025088],[-34.919874939049279,-8.0496446746388646],[-34.919825737844207,-8.049671215740215],[-34.919723589401684,-8.0497262600917416],[-34.919724524099784,-8.049727505133033],[-34.919724275271108,-8.0497276355779714],[-34.919638552608539,-8.0497724206193819],[-34.919635740365216,-8.0497738893149791],[-34.919562782715495,-8.0498136450005351],[-34.919541075127611,-8.0498254604776669],[-34.919529663580427,-8.0498316768499389],[-34.919500612222109,-8.0498475027432033],[-34.919500585083121,-8.0498475182392148],[-34.919492788894409,-8.0498517649248935],[-34.919488581590556,-8.0498541984513352],[-34.919484527164457,-8.0498565435685929],[-34.919483669600822,-8.0498570393898099],[-34.919480752261983,-8.0498587273592737],[-34.919463584729904,-8.049868658324419],[-34.919448988074009,-8.0498771018339745],[-34.919433286898432,-8.0498861842572662],[-34.919430551381559,-8.0498877665047672],[-34.919430318936918,-8.0498867532340928],[-34.919430222031998,-8.0498867853295568],[-34.919317635600422,-8.0499485178618304],[-34.919314795730934,-8.0499556786616555],[-34.919185638930664,-8.0500216410284935],[-34.919060511926091,-8.0500896692860593],[-34.919048274793901,-8.0500661847277684],[-34.919047522621533,-8.0500665245566729],[-34.918953971354412,-8.050117379812967],[-34.918925989105517,-8.0501323770744069],[-34.918816987063074,-8.0501907974312861],[-34.918807762551424,-8.0501956908624432],[-34.918669222932515,-8.0502691835208999],[-34.918508357113147,-8.0503545197854951],[-34.918497656858619,-8.0503744591953428],[-34.918448117777046,-8.0503874579864174],[-34.918433520263036,-8.0503454267423962],[-34.918281848636681,-8.0499385381688473],[-34.918157416039257,-8.0496080664429837],[-34.918219388345499,-8.0495767854882505],[-34.918308544799579,-8.049542871391024],[-34.918361939788888,-8.049522560634621],[-34.918427691999078,-8.049493441680621],[-34.918427728204321,-8.0494934252382304],[-34.918427797735397,-8.049493551481989],[-34.918427931868365,-8.0494933347839197],[-34.918427726017583,-8.0494929605601531],[-34.919060867408731,-8.0492125606409548],[-34.919061194175178,-8.0492124153669646],[-34.919152024197096,-8.0491721892665442],[-34.919186830088009,-8.0491602465648242],[-34.919186988943096,-8.0491606571703755],[-34.919188311121232,-8.0491602034762959],[-34.9191923863307,-8.0491588057233709],[-34.919192667970378,-8.0491587085756748],[-34.919316056161385,-8.0491163710826932],[-34.919361507683185,-8.0490998763504198],[-34.919415292416517,-8.0492072651780102],[-34.919490665593301,-8.0493124004439132],[-34.919592647393472,-8.0494109516976948],[-34.919754295031254,-8.0494898497461325],[-34.919819959470601,-8.0495642406925807],[-34.919820392931427,-8.0495644086283811],[-34.919873268517946,-8.0496412678117775],[-34.919875196531372,-8.0496440704248311],[-34.919875480104061,-8.0496443837117635]]]},"properties":{"NMNOME":"Feira Velha Do Cordeiro","BAIRRO":" ","ZEIS_TIPO":"ZEIS Planície","NOME_TIPO":"Feira Velha Do Cordeiro - ZEIS Planície"}},{"type":"Feature","geometry":{"type":"Polygon","coordinates":[[[-34.929635666747522,-8.05718788126444],[-34.929592372659371,-8.0572144473236236],[-34.929542270748222,-8.0572426935149704],[-34.929465192748353,-8.0572861481331373],[-34.929459636805674,-8.0572773208512647],[-34.929457935932284,-8.0572746184932544],[-34.929441044426767,-8.0572834438330805],[-34.929435654138629,-8.0572862238616576],[-34.929398133852253,-8.0573055736728509],[-34.929361429748532,-8.0573245019661748],[-34.929361208961936,-8.0573246160123357],[-34.929303650392242,-8.0573542994641212],[-34.929298202580327,-8.0573560428086601],[-34.92920855051063,-8.0573847309295807],[-34.929198210079925,-8.0573880396168676],[-34.929167472849151,-8.0573999116796582],[-34.929132520882192,-8.0574134118902236],[-34.929068365896477,-8.0574405823379038],[-34.929028295391731,-8.0574575528909254],[-34.929028035580068,-8.0574576626002372],[-34.928993516659943,-8.057469711559909],[-34.928905136502202,-8.0575005588573774],[-34.928879234348642,-8.0575081048415864],[-34.928854690478708,-8.0575168820881959],[-34.928853158297422,-8.0575174299229708],[-34.92879021662592,-8.0575399378279595],[-34.928799059283534,-8.0575568888854843],[-34.928856578688958,-8.0576671519172383],[-34.928864214781917,-8.0576631950941682],[-34.928926331057781,-8.0577774287961859],[-34.928948692293133,-8.0578220346322098],[-34.928951321354383,-8.0578272784500218],[-34.928951540222492,-8.0578277167919765],[-34.928954540153896,-8.0578337001915692],[-34.92899108516167,-8.0579065995564214],[-34.929047836522365,-8.0580348903357919],[-34.929048915515651,-8.0580407354117725],[-34.929075955766073,-8.0581083753831368],[-34.929076010849144,-8.058108514348719],[-34.929097220250313,-8.0581615694808324],[-34.929097707684605,-8.0581627885681524],[-34.929111231029665,-8.0581966162200178],[-34.929113172929043,-8.0582006039178893],[-34.929150803717043,-8.0582778927646768],[-34.929184872219913,-8.0583478637545909],[-34.929189842105593,-8.0583451824383445],[-34.92922415099801,-8.0584203225923439],[-34.929257008728172,-8.0584926226946756],[-34.929277725266346,-8.058538707135023],[-34.929375781126431,-8.0587227862403434],[-34.929391704571493,-8.0587600416080267],[-34.929376569697688,-8.0587663092506698],[-34.928975175994331,-8.0589367959324054],[-34.928953361003003,-8.0589403077903583],[-34.92894092987202,-8.0589053557746304],[-34.928941385137726,-8.0589049540390096],[-34.928941795739007,-8.058904506406698],[-34.928942157166297,-8.0589040183231635],[-34.928942465821315,-8.0589034961338033],[-34.928942717190161,-8.0589029443801703],[-34.928942910391484,-8.0589023684906653],[-34.92894304092853,-8.0589017766230757],[-34.928943109734028,-8.0589011741972474],[-34.928943115023856,-8.0589005675500616],[-34.928943055929516,-8.0588999648220518],[-34.928942934286525,-8.0588993705249194],[-34.928942751036175,-8.0588987918867137],[-34.9289425080269,-8.058898236131089],[-34.92886680902496,-8.0587112699040251],[-34.928774462800511,-8.0584772652255978],[-34.928729778165618,-8.0583671380007083],[-34.928729504663174,-8.058366463956828],[-34.928720191816637,-8.058343513078114],[-34.928655452887526,-8.0581821206975146],[-34.928654549653928,-8.0581798684200248],[-34.92864318694874,-8.0581504333379872],[-34.928642880218774,-8.0581496383065954],[-34.928625992728144,-8.0581058881550902],[-34.928588518670438,-8.0580088068730014],[-34.928561174937862,-8.0579450620514201],[-34.928561390244177,-8.0579449398948455],[-34.92851040129036,-8.0578098559368403],[-34.928468689365289,-8.0576982030790614],[-34.928453587243908,-8.0576657949531239],[-34.928453028248917,-8.0576645960903015],[-34.928441804297087,-8.0576405105542808],[-34.928435475698961,-8.0576269288349778],[-34.928325667494164,-8.0576817159096503],[-34.928312841770889,-8.0576881154874762],[-34.928312277089127,-8.0576883974972393],[-34.928283705390903,-8.0577026523590654],[-34.928124336154376,-8.0577679751385087],[-34.927951931547732,-8.0578385403244734],[-34.927829150680196,-8.0578865418725485],[-34.927827354357341,-8.0578872437320683],[-34.927645603612397,-8.0579519818114989],[-34.927634242546723,-8.0579560284554486],[-34.927604047349192,-8.0578634005422707],[-34.92760334044906,-8.0578612323192189],[-34.927512909616475,-8.05758382606348],[-34.92746648175752,-8.0574220832763981],[-34.927465908098583,-8.0574200852932556],[-34.9274529536779,-8.0573749541497683],[-34.927437404963953,-8.0573232952464942],[-34.927408346989381,-8.0572267546104221],[-34.927402738319991,-8.0572081194133336],[-34.927382073096425,-8.057133906614272],[-34.927353625637728,-8.0570588371863625],[-34.927324277014776,-8.0569984321943355],[-34.927248095868769,-8.0568456067048029],[-34.927225773905299,-8.0568017725994459],[-34.927238560559573,-8.05679765960436],[-34.927595752977332,-8.0566351214680445],[-34.927596878048327,-8.0566346090023373],[-34.927627959220224,-8.0566204662577388],[-34.927886068418474,-8.0564816488142608],[-34.927887094431142,-8.0564810970352152],[-34.928272494223407,-8.0562039323428856],[-34.928572817578541,-8.0559964102066406],[-34.928852452651213,-8.0558008907633738],[-34.928890886558577,-8.0558708639122152],[-34.929027237976591,-8.0561190958717876],[-34.929306892014502,-8.0566066887620167],[-34.9293077837849,-8.0566082449682508],[-34.929433997265448,-8.0568283042362037],[-34.929635666747522,-8.05718788126444]]]},"properties":{"NMNOME":"Sítio Forte/Coreia/Torrões De Fora","BAIRRO":" ","ZEIS_TIPO":"ZEIS Planície","NOME_TIPO":"Sítio Forte/Coreia/Torrões De Fora - ZEIS Planí"}},{"type":"Feature","geometry":{"type":"Polygon","coordinates":[[[-34.902571041757824,-8.0817964483870348],[-34.902474587782194,-8.082082216266997],[-34.902506680369711,-8.0820945123242005],[-34.90260380265569,-8.0821393288539216],[-34.902544801115852,-8.0822957787927372],[-34.902482545809427,-8.0822825002757774],[-34.902256375787665,-8.0822342593772731],[-34.9017749040881,-8.0821256580337515],[-34.90140586356781,-8.0820455673175111],[-34.901464422710205,-8.0819419596991633],[-34.901525269553986,-8.081712042833054],[-34.901578903052744,-8.0814792881984268],[-34.901615283581037,-8.0812523555723192],[-34.901651286794049,-8.0809450519650738],[-34.901735600051992,-8.080498307699246],[-34.901830404084507,-8.0801390638956683],[-34.90198532649412,-8.0797020381480298],[-34.902031860101587,-8.0797167542117077],[-34.902350233287159,-8.0798223330398198],[-34.902609846707314,-8.0799072386215673],[-34.902976186633076,-8.0800260914413613],[-34.903175839063167,-8.0801200912557718],[-34.903175724527671,-8.0801204281027044],[-34.903123310750807,-8.080275081709047],[-34.903123077216087,-8.0802757707929427],[-34.903040583921538,-8.0805191749710552],[-34.903038414818951,-8.080518374117247],[-34.902811655638558,-8.0811384685781729],[-34.902811364551312,-8.0811392655142349],[-34.902571041757824,-8.0817964483870348]]]},"properties":{"NMNOME":"Vila Sul","BAIRRO":" ","ZEIS_TIPO":"ZEIS Planície","NOME_TIPO":"Vila Sul - ZEIS Planície"}},{"type":"Feature","geometry":{"type":"Polygon","coordinates":[[[-34.962913772151268,-8.0879719912873664],[-34.962985226860212,-8.088310796060334],[-34.963084744912372,-8.0884648115777438],[-34.963113901440522,-8.0885863793955455],[-34.963175144608975,-8.0887944649271404],[-34.963170368248221,-8.0887992720555424],[-34.963062872766336,-8.088805529378746],[-34.96297651229316,-8.0888145554174375],[-34.96290313251238,-8.0888278240839515],[-34.96281821251241,-8.0888368431681048],[-34.962739086463657,-8.0888530106487],[-34.962668628392969,-8.088874876201757],[-34.962593899263055,-8.0889068088477192],[-34.962533667691041,-8.0889587640751941],[-34.96248785036277,-8.089013521261796],[-34.96244512832731,-8.0891127522136941],[-34.962403831978015,-8.0892091068968064],[-34.962337812416138,-8.0892553492773889],[-34.962250046020017,-8.0892715582023058],[-34.962246478632125,-8.0891294939174507],[-34.962247037438296,-8.0889472252887789],[-34.962250711463078,-8.0888137371785067],[-34.962234357801137,-8.0887076138058323],[-34.962192061777358,-8.0885973091256389],[-34.96215509645571,-8.0883979988155961],[-34.962134123824967,-8.0882301852198637],[-34.962106289331984,-8.0880332231126104],[-34.962091857093931,-8.0877785505858206],[-34.962047042454998,-8.0874450905477477],[-34.962741245466994,-8.0873149822996382],[-34.962766236570445,-8.0873087436906115],[-34.962772079511815,-8.0873402737901703],[-34.962816200380963,-8.0875302208497306],[-34.96282234605787,-8.0875588854983089],[-34.962837563613483,-8.0876298616577333],[-34.962851598970389,-8.0876981675422943],[-34.962897369449863,-8.0878752476037512],[-34.962896913329153,-8.0878790313880629],[-34.962913772151268,-8.0879719912873664]]]},"properties":{"NMNOME":"Vacaria","BAIRRO":" ","ZEIS_TIPO":"ZEIS Planície","NOME_TIPO":"Vacaria - ZEIS Planície"}},{"type":"Feature","geometry":{"type":"Polygon","coordinates":[[[-34.891495319753233,-8.0056338506322469],[-34.891491421634278,-8.0056275797357497],[-34.891462942410932,-8.0055853180740932],[-34.891424834966713,-8.0055287691008825],[-34.891396510829402,-8.005485912740923],[-34.891366042135438,-8.0054398115269212],[-34.891327714008277,-8.0053818179286615],[-34.891288156513596,-8.0053219639418831],[-34.891274246094191,-8.0053009174778218],[-34.891255887255454,-8.005272863098952],[-34.891214503848346,-8.0052096271758657],[-34.89119541336661,-8.0051804541847069],[-34.891263754876647,-8.00514261986131],[-34.89134396111595,-8.0050982163528879],[-34.891405360162693,-8.0050642263344933],[-34.891426084260281,-8.005052736328846],[-34.89150479384103,-8.0050090972754777],[-34.891609939552879,-8.0049508021476274],[-34.891828114171425,-8.0054788285574965],[-34.891510969794524,-8.0056590261695959],[-34.891495319753233,-8.0056338506322469]]]},"properties":{"NMNOME":"Conjunto Habitacional Engenheiro Henoch Coutinho","BAIRRO":" ","ZEIS_TIPO":"ZEIS II","NOME_TIPO":"Conjunto Habitacional Engenheiro Henoch Coutinho *"}},{"type":"Feature","geometry":{"type":"Polygon","coordinates":[[[-34.888814931452295,-8.0176438348994417],[-34.888819966558628,-8.0176950016769499],[-34.888823084682272,-8.0177466555011083],[-34.888829206138354,-8.0178250870345078],[-34.888830895912591,-8.0178791396001436],[-34.888835031041069,-8.017943227080135],[-34.888839556363571,-8.0179876987749275],[-34.888842724174651,-8.0180501163348978],[-34.88884509236091,-8.018095315758611],[-34.888847541557261,-8.018151975821004],[-34.888851646699656,-8.0182093660186933],[-34.888853138712477,-8.0182207605184885],[-34.888814745791699,-8.0182215350597126],[-34.888757765131025,-8.0182247861129223],[-34.888702593127803,-8.0182298234629936],[-34.888654028671624,-8.0182366242047198],[-34.888607849410107,-8.0182404242157812],[-34.888569464758312,-8.0182429923898564],[-34.888563249773533,-8.0181963758203327],[-34.888557615905341,-8.0181455706993709],[-34.888543403034731,-8.0180559340218256],[-34.888522688878936,-8.0179354691135298],[-34.888507912936852,-8.0178537294318826],[-34.888494583925869,-8.0177734178888471],[-34.888484325743136,-8.0177347133642911],[-34.888472595062005,-8.0176888399118091],[-34.888814931452295,-8.0176438348994417]]]},"properties":{"NMNOME":"Conjunto Habitacional Felicidade","BAIRRO":" ","ZEIS_TIPO":"ZEIS II","NOME_TIPO":"Conjunto Habitacional Felicidade - ZEIS II"}},{"type":"Feature","geometry":{"type":"Polygon","coordinates":[[[-34.880467647235129,-8.0251578119715852],[-34.880675844088621,-8.0250664524265023],[-34.880818532024364,-8.0250296371160807],[-34.880943246041532,-8.0250290672108751],[-34.88102812009155,-8.0250558018225089],[-34.881089155041657,-8.0250841931545569],[-34.88117503290546,-8.0251364978333815],[-34.881283197989504,-8.0252354525393859],[-34.881225691498678,-8.0253833511731667],[-34.880869613616902,-8.0251878731357458],[-34.880440659874253,-8.0253344357804419],[-34.880467647235129,-8.0251578119715852]]]},"properties":{"NMNOME":"Conjunto Habitacional Guilherme Uchoa","BAIRRO":" ","ZEIS_TIPO":"ZEIS II","NOME_TIPO":"Conjunto Habitacional Guilherme Uchoa - ZEIS II"}},{"type":"Feature","geometry":{"type":"Polygon","coordinates":[[[-34.89428101349575,-8.0038168387682163],[-34.893599132272634,-8.0040776366738697],[-34.893562624013072,-8.0040399938875098],[-34.893539237621276,-8.0040162335631475],[-34.893511684074511,-8.0039882395790549],[-34.893492645275174,-8.0039688965123759],[-34.893471705604291,-8.0039476220167245],[-34.893444124728681,-8.0039196001249131],[-34.893422248293412,-8.0038973734100534],[-34.893397505977617,-8.0038722360569565],[-34.89337088921954,-8.0038451942744224],[-34.893333721987197,-8.0038074324309036],[-34.893293553100804,-8.0037666213399348],[-34.893359696475017,-8.0037505778813482],[-34.893424879111869,-8.0037311431070375],[-34.893484310489093,-8.0037136477407866],[-34.893574432172286,-8.0036902706505106],[-34.893643445088173,-8.0036689034347912],[-34.893723976351836,-8.0036474842557848],[-34.893825613583964,-8.0036232595884105],[-34.893855825408657,-8.0036178592097826],[-34.893896577431747,-8.0036085816897433],[-34.89392774439132,-8.0036022195051952],[-34.893967059282581,-8.0035934277353871],[-34.894010215527956,-8.0035850965884894],[-34.894056722301308,-8.0035748370324384],[-34.894101316578606,-8.0035660210199211],[-34.894133922868328,-8.0035596522149213],[-34.894186664163513,-8.0035484066120137],[-34.89419784195816,-8.0035784945181216],[-34.894220131256894,-8.0036243193153709],[-34.894237183161152,-8.0036792586445262],[-34.89428101349575,-8.0038168387682163]]]},"properties":{"NMNOME":"Conjunto Residencial Portão Do Gelo","BAIRRO":" ","ZEIS_TIPO":"ZEIS II","NOME_TIPO":"Conjunto Residencial Portão Do Gelo - ZEIS II"}},{"type":"Feature","geometry":{"type":"Polygon","coordinates":[[[-34.890685459249802,-8.0710744629231002],[-34.891348339127411,-8.0707548618050744],[-34.891452398329115,-8.0706981140136058],[-34.891514894695689,-8.0706770305779454],[-34.891538239194823,-8.0706722649047506],[-34.891606999373458,-8.0706888370958438],[-34.891649987806289,-8.070700863344733],[-34.891658614923692,-8.0707032771369995],[-34.891697980083634,-8.0707226666427143],[-34.891708532428147,-8.0707319696330373],[-34.891732486293627,-8.0707530866237907],[-34.891758407900284,-8.0707847703940647],[-34.891776994072664,-8.0708226041350652],[-34.891790659601824,-8.070858014188083],[-34.891801851589101,-8.0709012631581682],[-34.8918097500447,-8.0709375460784329],[-34.891825524820668,-8.0710051585900526],[-34.891839653904675,-8.0710758534668798],[-34.891947654144332,-8.0715147222761665],[-34.891950427981342,-8.0715259932193533],[-34.892127249682787,-8.0722445196157064],[-34.892164558685394,-8.0724325077883687],[-34.891012311471414,-8.0725120094565774],[-34.890944824914108,-8.0725152043899104],[-34.890903340734134,-8.0725110709713981],[-34.890859910153928,-8.0725031024107423],[-34.890820269558638,-8.0724807008432276],[-34.890783973037514,-8.0724515565912807],[-34.890782026103849,-8.0724495567296923],[-34.890765454360256,-8.0724325299845088],[-34.890748122437294,-8.0724147220124962],[-34.890723365747661,-8.0723787972080476],[-34.89070586380484,-8.0723476431445693],[-34.890688513155666,-8.0723051340899268],[-34.890669718466839,-8.0719505835307199],[-34.890685459249802,-8.0710744629231002]]]},"properties":{"NMNOME":"Vila Brasil","BAIRRO":" ","ZEIS_TIPO":"ZEIS II","NOME_TIPO":"Vila Brasil - ZEIS II"}},{"type":"Feature","geometry":{"type":"Polygon","coordinates":[[[-34.930802254592251,-8.0978080097882774],[-34.931356934061697,-8.0983190861466863],[-34.931911745448723,-8.0988301427097937],[-34.932812532203513,-8.0996601363761531],[-34.932828012573374,-8.0997104188022373],[-34.932893796596396,-8.0996943765475127],[-34.933824955061489,-8.0994745271994315],[-34.934139243037777,-8.099407854881516],[-34.934150634619201,-8.0994187399065041],[-34.93416347604709,-8.0995052872767825],[-34.93417177792832,-8.0995720574141288],[-34.93424889212033,-8.0995540627221914],[-34.934317266097658,-8.0995484949865109],[-34.934336615668201,-8.0996491147015259],[-34.934446401090135,-8.0996148728989752],[-34.934437863219273,-8.0995746830456081],[-34.934542674080255,-8.0995055683839166],[-34.93452787607518,-8.0994462423074687],[-34.934591314723043,-8.099433013489767],[-34.934575318860318,-8.0993698056707419],[-34.934724761174515,-8.0993574346178878],[-34.934725474177661,-8.0994307498959852],[-34.934839072879527,-8.1036697647283926],[-34.934808519116451,-8.1042240937895116],[-34.934828635830982,-8.10461798429772],[-34.934832332778605,-8.1046892060695921],[-34.934559924728873,-8.1047120153506764],[-34.93424190972982,-8.104796878052797],[-34.933953354021952,-8.1048197635708359],[-34.933737256742106,-8.1047803775603047],[-34.933343277712027,-8.1047634419630334],[-34.93306796823807,-8.1047486554247019],[-34.932768790125614,-8.1047128270153141],[-34.932441641675823,-8.1046708929961717],[-34.932195880696241,-8.1046317371360015],[-34.932025634922105,-8.1045814649923873],[-34.931852681622011,-8.1045151134406055],[-34.9316766207005,-8.104386848835146],[-34.931489919646665,-8.104272104942968],[-34.931360043721597,-8.1042028368737764],[-34.931176076807098,-8.1040907016007804],[-34.930796963309426,-8.1038048271709844],[-34.930666818200542,-8.1036790566892414],[-34.930536673171979,-8.1035532861461803],[-34.930371498937795,-8.1034249692295433],[-34.930107841385123,-8.1031900783595994],[-34.929937441595662,-8.1031454110089776],[-34.929791613871735,-8.103021974501182],[-34.929467053037754,-8.1028374559666023],[-34.929263116316903,-8.1027226114840278],[-34.928938496471027,-8.1025256167297961],[-34.929029106325196,-8.1023886757266208],[-34.9293870584033,-8.102593830014893],[-34.929819953180171,-8.102877101180237],[-34.93017782712591,-8.1030657107454402],[-34.930489490116813,-8.103265839401967],[-34.930837194992201,-8.1031861730447403],[-34.932054171140187,-8.1037746426199959],[-34.932389939900673,-8.1028857227107878],[-34.932079139429227,-8.1027903713988607],[-34.931692710057511,-8.1026631937887839],[-34.931027904166051,-8.102448465623965],[-34.930465827037899,-8.1022602811196851],[-34.929790814244264,-8.1020546394977924],[-34.929721300063363,-8.1018020138717493],[-34.929643292891356,-8.1014233127171345],[-34.929588629314047,-8.1011268604820206],[-34.929560729184288,-8.101002142475453],[-34.929539464143829,-8.1009753022420252],[-34.929516688537539,-8.100974144319574],[-34.929240477487824,-8.101074354661602],[-34.92888619821278,-8.1012019653511267],[-34.928499283426227,-8.1013344312012929],[-34.928401251084942,-8.1013795551192285],[-34.92833934709963,-8.101410404918223],[-34.928268775247332,-8.1012783848447185],[-34.928339272565509,-8.1012232657333882],[-34.928285160497488,-8.1011377266993048],[-34.928307955394075,-8.1011238772725171],[-34.928287286919542,-8.1010508368855678],[-34.928275998403038,-8.1010044217920978],[-34.92823698074946,-8.100811951977402],[-34.928260438185092,-8.1008038853816284],[-34.929034459559873,-8.1005032429204],[-34.9289558833946,-8.1002524679464365],[-34.928889567171893,-8.1002711338990938],[-34.928877172672998,-8.1003353804551779],[-34.928671145431871,-8.1003717937241753],[-34.928694896273903,-8.1001014591953631],[-34.928695893711712,-8.1001013640733124],[-34.929125163422604,-8.1001384795966125],[-34.929366175097847,-8.1001524373391636],[-34.929403846048139,-8.1001573218524854],[-34.929574728216359,-8.1002083158392271],[-34.929627735001191,-8.1000237282307612],[-34.929664875531437,-8.0999363112048659],[-34.929686425397364,-8.0998896504166389],[-34.929754448319684,-8.0999245867474983],[-34.929779813379703,-8.0998789927728332],[-34.929838219389431,-8.0997804456603948],[-34.929871166175779,-8.099726769723679],[-34.929902301666537,-8.0996737351944983],[-34.929942210675634,-8.0996152348239328],[-34.929982343529375,-8.0996418049644507],[-34.930052363250482,-8.0995055942047713],[-34.930086057943186,-8.0994375402498431],[-34.930123395011677,-8.0993723620355862],[-34.930149205827078,-8.0993251386464102],[-34.930171959031064,-8.0992835348649734],[-34.930196514901958,-8.0992394816053039],[-34.93021834457997,-8.0991944467848658],[-34.930238166463646,-8.0991468901113173],[-34.930268906969332,-8.0990680918803832],[-34.930309051930919,-8.0989639356136234],[-34.930348541368211,-8.0988745185423312],[-34.930379385651229,-8.0988175075411188],[-34.930424816503944,-8.0987565400792558],[-34.930529559953989,-8.0986160063356163],[-34.930572420594956,-8.0985487226471129],[-34.93061403490838,-8.0984864171560016],[-34.930641987458785,-8.098431770376207],[-34.930673139144986,-8.0983821711623083],[-34.930697448194849,-8.0983434529863061],[-34.930736522889397,-8.0982812499155958],[-34.930815829574925,-8.0982854852609059],[-34.930829389575784,-8.0981612943907226],[-34.930897289199329,-8.0981894507519154],[-34.930917002354398,-8.0981571731091648],[-34.930753072718112,-8.0979849128928549],[-34.930690573829168,-8.0980430681592104],[-34.930619944438639,-8.0979941314141612],[-34.930619306420347,-8.0979935015950417],[-34.930802254592251,-8.0978080097882774]]]},"properties":{"NMNOME":"Caçote","BAIRRO":"CAÇOTE","ZEIS_TIPO":"ZEIS Planície","NOME_TIPO":"Caçote - ZEIS Planície"}}]}