{"type":"FeatureCollection","features":[{"type":"Feature","id":1,"geometry":{"type":"Polygon","coordinates":[[[-34.911064431946166,-8.0283430367008375],[-34.912137365214313,-8.0280430482288345],[-34.912187189787367,-8.0281842226729712],[-34.91308351838812,-8.0294266730519457],[-34.914152168936305,-8.0309555399299644],[-34.914639748177159,-8.0317541938423869],[-34.913618555768572,-8.032082004842767],[-34.913271089781318,-8.0316521360852811],[-34.913061830775575,-8.0314261961397531],[-34.91300414007619,-8.0313595337452313],[-34.912722588073734,-8.0310435819185653],[-34.912692185422316,-8.0310453253109788],[-34.912293450179014,-8.0305207413694646],[-34.912057883390048,-8.0302223553110359],[-34.911890001077502,-8.0299720663332437],[-34.911517612703669,-8.0294785363451435],[-34.911390943434775,-8.029315113565044],[-34.911064431946166,-8.0283430367008375]]]},"properties":{"OBJECTID":1,"NMNOME":"ARRAIAL VELHO DO BOM JESUS-SÍTIO DA TRINDADE","CDTIPO":"ZEPH","CDID":"01","CDSETOR":"SPR","ELINK":" ","NMLEI":" ","DBD2ESRI.ESI2.FCZEPH_PD_2020.AREA":6.6752334700000002,"TIPO":"Rigoroso","DB2GSE.ST_Area(SHAPE)":66752.334736424993,"DB2GSE.SdeLength(SHAPE)":1244.0376182508264}},{"type":"Feature","id":2,"geometry":{"type":"Polygon","coordinates":[[[-34.910165381380487,-8.0274150309710421],[-34.91100783726646,-8.0271466794841828],[-34.911283773763593,-8.0277720069807934],[-34.911965952883996,-8.0275817354951364],[-34.911999691692628,-8.0277439364903458],[-34.913241881061403,-8.0274016977390392],[-34.913326180460494,-8.0276825318580478],[-34.91335801537187,-8.0276713650621581],[-34.913715545814512,-8.02840286195865],[-34.913745122766969,-8.0285014483951791],[-34.913769428431301,-8.028830234557109],[-34.913677337002269,-8.0288628476902417],[-34.913775104237807,-8.0291662485879076],[-34.913916656128222,-8.0291013905327038],[-34.914229773729176,-8.0297084721122172],[-34.914348770738876,-8.0296494253014465],[-34.914423311729237,-8.0298395650385697],[-34.9143590126926,-8.029860838602854],[-34.914580637137412,-8.0303699089579634],[-34.914469096722627,-8.0304189050259343],[-34.914545344128058,-8.0306026612764736],[-34.91468703551454,-8.0305588081854786],[-34.914751454001305,-8.0307254177795127],[-34.914653527712979,-8.0307559654606067],[-34.914752922728198,-8.0310587904983688],[-34.914715256918619,-8.0310729788626354],[-34.914801042402097,-8.0312771432740515],[-34.914869070507464,-8.0312640231765915],[-34.914977637173912,-8.0316466524316823],[-34.915299201267622,-8.0315557528992816],[-34.915400374723383,-8.0318587474327945],[-34.914914963779822,-8.0320146294300478],[-34.914886247948694,-8.0319665882117963],[-34.914703404047955,-8.0320843279723082],[-34.914689144954579,-8.0320623288362309],[-34.91458229538592,-8.0321200536446344],[-34.913530870996986,-8.0324500494901265],[-34.913478236806341,-8.0323669395193562],[-34.913160444353665,-8.0325288645492421],[-34.911823351798134,-8.0306135720352962],[-34.911658390240305,-8.0304829615428499],[-34.911364420022082,-8.0302477034760873],[-34.911198290286684,-8.0301659223107418],[-34.910904290670501,-8.0298443589440591],[-34.910816799899273,-8.0297062396234402],[-34.910728514420192,-8.0294493412381645],[-34.910366720535798,-8.0285454729088794],[-34.910299315929173,-8.028561753533241],[-34.910148657511805,-8.028067574418726],[-34.910380516736211,-8.0279951669832421],[-34.910165381380487,-8.0274150309710421]],[[-34.912187189787367,-8.0281842226729712],[-34.912137365214313,-8.0280430482288345],[-34.911064431946166,-8.0283430367008375],[-34.911390943434775,-8.029315113565044],[-34.911517612703669,-8.0294785363451435],[-34.911890001077502,-8.0299720663332437],[-34.912057883390048,-8.0302223553110359],[-34.912293450179014,-8.0305207413694646],[-34.912692185422316,-8.0310453253109788],[-34.912722588073734,-8.0310435819185653],[-34.91300414007619,-8.0313595337452313],[-34.913061830775575,-8.0314261961397531],[-34.913271089781318,-8.0316521360852811],[-34.913618555768572,-8.032082004842767],[-34.914639748177159,-8.0317541938423869],[-34.914152168936305,-8.0309555399299644],[-34.91308351838812,-8.0294266730519457],[-34.912187189787367,-8.0281842226729712]]]},"properties":{"OBJECTID":2,"NMNOME":"ARRAIAL VELHO DO BOM JESUS-SÍTIO DA TRINDADE","CDTIPO":"ZEPH","CDID":"01","CDSETOR":"SPA","ELINK":" ","NMLEI":" ","DBD2ESRI.ESI2.FCZEPH_PD_2020.AREA":10.858904239999999,"TIPO":"Ambiental","DB2GSE.ST_Area(SHAPE)":108589.042446215,"DB2GSE.SdeLength(SHAPE)":3326.8617876517274}},{"type":"Feature","id":3,"geometry":{"type":"Polygon","coordinates":[[[-34.933768675576424,-8.0201354825986879],[-34.933771171152863,-8.020134808207569],[-34.933824452969851,-8.020116503115144],[-34.933874088740019,-8.0200918795129539],[-34.933874932527935,-8.0200953941369164],[-34.933875457292586,-8.0201010700488435],[-34.933874986202021,-8.0201067506370372],[-34.933874175668763,-8.0201102721251978],[-34.933877340843516,-8.0201165567249042],[-34.933882983633467,-8.0201245076183003],[-34.93388992368682,-8.020131363032359],[-34.933894933256362,-8.0201350624112315],[-34.933897357782385,-8.0201362425719633],[-34.933900374320494,-8.0201383285290451],[-34.933902982303323,-8.0201409036907965],[-34.933905101541356,-8.020143888876861],[-34.933906669958823,-8.0201471993974849],[-34.933906944886466,-8.0201479900595416],[-34.933909566953297,-8.020148363778647],[-34.933917578361985,-8.0201504633466669],[-34.933925103677097,-8.0201539176649614],[-34.933931913846088,-8.0201586229386592],[-34.933937799577492,-8.0201644345975858],[-34.933942582267321,-8.0201711762855066],[-34.933944001342631,-8.0201737850556576],[-34.933962887901416,-8.0202037752122894],[-34.933979005025137,-8.0202244720204323],[-34.933979688459566,-8.0202303279978793],[-34.933981843457907,-8.0202381922055608],[-34.933985335755473,-8.0202455637510255],[-34.933990058193942,-8.0202522225477715],[-34.933995870108213,-8.020257959515332],[-34.934002592928387,-8.0202626055297515],[-34.934008528143188,-8.020265453459178],[-34.934022972914072,-8.0203069025863538],[-34.934031632733593,-8.0203270196537453],[-34.934037385250889,-8.0203320869938057],[-34.934065477485213,-8.0203508814755207],[-34.934076308607764,-8.0203560235060358],[-34.934076524279178,-8.0203559827146993],[-34.934078646617095,-8.0203557856078262],[-34.934080768003248,-8.0203559627845671],[-34.934082828517639,-8.0203565018695517],[-34.934084763705407,-8.0203573905087016],[-34.934086513565333,-8.020358599149942],[-34.934088025330652,-8.0203600936870032],[-34.934089256155708,-8.0203618282142077],[-34.934090167682712,-8.0203637468602782],[-34.934090726097288,-8.0203657955406449],[-34.934090923840238,-8.0203679101028555],[-34.934090746083776,-8.0203700237163851],[-34.934090207065942,-8.0203720784548],[-34.934089313730574,-8.0203740082894051],[-34.934088350933166,-8.0203754421235267],[-34.934086846624481,-8.0203787869628869],[-34.934085788114849,-8.020382805942436],[-34.934085443973729,-8.0203869445186093],[-34.934085827233126,-8.0203910814867463],[-34.934086923690202,-8.0203950903456693],[-34.93408870282515,-8.0203988464790044],[-34.934091109689739,-8.0204022380418589],[-34.934094070332016,-8.0204051623191432],[-34.934097498157975,-8.0204075284079206],[-34.934101281280952,-8.0204092672213019],[-34.934103720904872,-8.020409995281419],[-34.934125282926637,-8.0204019545964389],[-34.934147849196407,-8.0203906961793443],[-34.934193204787647,-8.0203781427985898],[-34.934226918511811,-8.0203733258551431],[-34.934227754555643,-8.0203734747138888],[-34.934238333310319,-8.0203743480690139],[-34.934248901524128,-8.020373375391312],[-34.934259140994911,-8.0203705889132753],[-34.934268741032767,-8.0203660750754402],[-34.934277403850622,-8.020359963652492],[-34.934284873685563,-8.0203524484096658],[-34.934290922133528,-8.0203437546256726],[-34.934295362690712,-8.0203341453527539],[-34.934295641930774,-8.0203333538963903],[-34.934295716230778,-8.0203331465186292],[-34.93430277263446,-8.0203028338336484],[-34.934302625526705,-8.0202717160190016],[-34.934301841386137,-8.0202662384115353],[-34.93430053126923,-8.0202609693992262],[-34.934299845912591,-8.0202535566482869],[-34.934300461149711,-8.0202461368845928],[-34.934302360825029,-8.0202389380060701],[-34.93430548517567,-8.0202321727465797],[-34.934309740893639,-8.0202260567096264],[-34.934314997305613,-8.0202207677038775],[-34.934321095549507,-8.0202164683014718],[-34.934327850315746,-8.020213290460779],[-34.934332002756285,-8.0202119962384675],[-34.934332134160385,-8.0202119730198635],[-34.93433660623112,-8.0202107568531407],[-34.934340799000879,-8.0202087843994594],[-34.934344583961675,-8.0202061159301081],[-34.934347849029386,-8.0202028324325418],[-34.934350488562664,-8.02019903475313],[-34.934352428728367,-8.0201948371497203],[-34.934353606636783,-8.0201903664855365],[-34.934353626064471,-8.0201902551954198],[-34.934384488291315,-8.0201610954694065],[-34.934412050984484,-8.0201402079815836],[-34.934416754589172,-8.0201388533101969],[-34.9344220858151,-8.0201363439237401],[-34.934426898595184,-8.0201329500937142],[-34.934431049208143,-8.0201287755575432],[-34.934434408542586,-8.0201239447773904],[-34.934436875722874,-8.0201186073962525],[-34.93443837530711,-8.0201129210742295],[-34.934438860076355,-8.0201070659402074],[-34.93443833395682,-8.0201012969194601],[-34.934575037998371,-8.0204566556394479],[-34.934687971170248,-8.0204167381131146],[-34.934751187328295,-8.0203919303703248],[-34.935388589334089,-8.0201418190668274],[-34.935416055953588,-8.0201959342076492],[-34.935742778550356,-8.0202396004834728],[-34.935740831956217,-8.0203018673865945],[-34.935879126375895,-8.0203022452366977],[-34.935902167536845,-8.0204272201673756],[-34.936034547958627,-8.0203958771550798],[-34.93601455312718,-8.0203065094926789],[-34.936289652574551,-8.0202547373394832],[-34.936276114939091,-8.0203072768504224],[-34.936552392066872,-8.0203245940819272],[-34.936665203119482,-8.0203509293776971],[-34.936746838557085,-8.0203602929821454],[-34.936894141597996,-8.0195571632417568],[-34.937069316531044,-8.0194111473526579],[-34.937858406197797,-8.0194516436662067],[-34.938041732459723,-8.0197941100086396],[-34.937761131940235,-8.0201942429282944],[-34.937665352435175,-8.0206758266460731],[-34.937184038778824,-8.0206494886081501],[-34.937156421607924,-8.0210848655341263],[-34.937152043437159,-8.0214629616459128],[-34.93715377661325,-8.0219634370485586],[-34.937147949027306,-8.0222648761653428],[-34.937080378842779,-8.0222871056370266],[-34.936907874837061,-8.0223384755319103],[-34.936733410905774,-8.0223827893980104],[-34.936557279666921,-8.0224199735302228],[-34.936379773794755,-8.0224499659762003],[-34.936201186930965,-8.0224727174362691],[-34.936021818202391,-8.0224881876259015],[-34.935841965906285,-8.02249635253796],[-34.935797624337859,-8.0224972417778808],[-34.935884582785825,-8.0214099889024926],[-34.935364073780391,-8.0213905195710087],[-34.935332081165264,-8.0215810513166126],[-34.934602399100108,-8.0213197827228075],[-34.934565914630795,-8.0213077602299236],[-34.93451074450315,-8.0212833206200962],[-34.934458934232005,-8.0212524319569134],[-34.934411235126191,-8.0212155445477809],[-34.934368343574434,-8.0211731948438523],[-34.934332614128948,-8.0211284510001963],[-34.933712906511623,-8.0212923034446817],[-34.933696699589781,-8.0212238331148082],[-34.933757434328896,-8.0211366418971703],[-34.933770607733052,-8.0211222959482349],[-34.933777796968123,-8.0211077963859445],[-34.933785496961228,-8.0210866062183523],[-34.933787957437254,-8.0210698696266185],[-34.933792869303026,-8.0210536630525677],[-34.933811489024372,-8.0210018608941738],[-34.933820210632646,-8.0209857322591969],[-34.933831384502341,-8.0209701264051798],[-34.933843657021086,-8.0209566905504541],[-34.933866823421724,-8.0209267479080744],[-34.933882220297733,-8.0209029007359831],[-34.933910186433131,-8.0208524116724949],[-34.933914735294245,-8.0208353949610505],[-34.933923990319023,-8.0208171790673237],[-34.93395109850907,-8.0207571128471926],[-34.933965670491972,-8.0207316404394771],[-34.933972386419327,-8.0207135277796979],[-34.933976082465215,-8.0206895529384266],[-34.93397500547308,-8.0206722010255653],[-34.933968859905306,-8.0206578563009074],[-34.9339319491339,-8.0205629211428811],[-34.933928428607253,-8.0205476591292104],[-34.933916540000759,-8.0205070333427333],[-34.933904696852473,-8.0204769838932339],[-34.933887106545285,-8.0204395463638587],[-34.933875433695626,-8.020407147375165],[-34.933850613752639,-8.0203562760692311],[-34.933840997816766,-8.0203367023032683],[-34.93382670547664,-8.0203063922288376],[-34.933787292684983,-8.0201810048117235],[-34.933768675576424,-8.0201354825986879]]]},"properties":{"OBJECTID":3,"NMNOME":"APIPUCOS","CDTIPO":"ZEPH","CDID":"02","CDSETOR":"SPR","ELINK":" ","NMLEI":" ","DBD2ESRI.ESI2.FCZEPH_PD_2020.AREA":7.3246991799999996,"TIPO":"Rigoroso","DB2GSE.ST_Area(SHAPE)":73246.991857910005,"DB2GSE.SdeLength(SHAPE)":1719.327636284434}},{"type":"Feature","id":4,"geometry":{"type":"Polygon","coordinates":[[[-34.901201028565367,-8.0589622632414422],[-34.901339286192986,-8.0585710107803994],[-34.901605956068991,-8.0581398835103499],[-34.902593218741288,-8.0587810875935446],[-34.902222088421517,-8.0591610921674217],[-34.902266192758908,-8.0591996332468572],[-34.902565218941398,-8.0594854695152787],[-34.902746503479705,-8.0596682311435259],[-34.902765568130214,-8.059687491554671],[-34.902604456486827,-8.0598879070423735],[-34.902934896354814,-8.0601495080787142],[-34.90269775798194,-8.0605040011343707],[-34.90305542630454,-8.0607410339834242],[-34.902851823372565,-8.0611192190063612],[-34.902667429378269,-8.0614775229102236],[-34.901967133153825,-8.0616081366331311],[-34.901960120131321,-8.0617323315478302],[-34.901949237222269,-8.0618223181147801],[-34.90192735786728,-8.0619057786080219],[-34.901898196245611,-8.061982240136139],[-34.9018966323097,-8.0619851322849634],[-34.90185452036085,-8.0620548797192555],[-34.901806219111329,-8.062120522467394],[-34.901752129671642,-8.0621815153193275],[-34.901703317560369,-8.0622281035236831],[-34.901697198432508,-8.0622329967288309],[-34.901640341300435,-8.0622731961308887],[-34.901579519030918,-8.0623071441976109],[-34.901515421044124,-8.0623344571135505],[-34.901448772479498,-8.062354824127393],[-34.901413263113355,-8.06236260842158],[-34.901155323094649,-8.0624203151897103],[-34.900971666665555,-8.061335026061343],[-34.90096771998688,-8.0606062318304836],[-34.901036357869188,-8.0597245714333354],[-34.901201028565367,-8.0589622632414422]]]},"properties":{"OBJECTID":4,"NMNOME":"BENFICA","CDTIPO":"ZEPH","CDID":"03","CDSETOR":"SPR","ELINK":" ","NMLEI":" ","DBD2ESRI.ESI2.FCZEPH_PD_2020.AREA":6.9019323799999999,"TIPO":"Rigoroso","DB2GSE.ST_Area(SHAPE)":69019.323850639994,"DB2GSE.SdeLength(SHAPE)":1242.380547917086}},{"type":"Feature","id":5,"geometry":{"type":"Polygon","coordinates":[[[-34.90259365184842,-8.0587829253668648],[-34.903585571029062,-8.058791089347773],[-34.903841639503469,-8.0602825710242634],[-34.903204878757684,-8.0604243430233549],[-34.90305542630454,-8.0607410339834242],[-34.90269775798194,-8.0605040011343707],[-34.902934896354814,-8.0601495080787142],[-34.902604456486827,-8.0598879070423735],[-34.902765568130214,-8.059687491554671],[-34.902746503479705,-8.0596682311435259],[-34.902565218941398,-8.0594854695152787],[-34.902222088421517,-8.0591610921674217],[-34.90259365184842,-8.0587829253668648]]]},"properties":{"OBJECTID":5,"NMNOME":"BENFICA","CDTIPO":"ZEPH","CDID":"03","CDSETOR":"SPA","ELINK":" ","NMLEI":" ","DBD2ESRI.ESI2.FCZEPH_PD_2020.AREA":2.3003285999999998,"TIPO":"Ambiental","DB2GSE.ST_Area(SHAPE)":23003.286089339999,"DB2GSE.SdeLength(SHAPE)":698.88033677186115}},{"type":"Feature","id":6,"geometry":{"type":"Polygon","coordinates":[[[-34.903943688845295,-8.0518335243110446],[-34.903973333203155,-8.0518799580997129],[-34.903975049097454,-8.0519173668859185],[-34.903960433227802,-8.0519515136398141],[-34.903926637860373,-8.0519677484630314],[-34.903944174428673,-8.0519865865536016],[-34.903953676349751,-8.0520219820045096],[-34.90394072191225,-8.0520583875519609],[-34.90393223104661,-8.0520922346595611],[-34.903914479976159,-8.0521342713189785],[-34.903923286738312,-8.0521573619857154],[-34.903902867498843,-8.0521930897698741],[-34.903893462546918,-8.0522011678886241],[-34.903848603010069,-8.0523829142657313],[-34.903831245598148,-8.052474850155404],[-34.903816651744108,-8.0526123464930333],[-34.903820344767688,-8.052682307096207],[-34.90376494828665,-8.052823224849659],[-34.903762563263172,-8.0528967440563104],[-34.903734701253761,-8.0529934081684225],[-34.902286824316427,-8.0528279782809378],[-34.902136667710181,-8.0518762764407725],[-34.903943688845295,-8.0518335243110446]]]},"properties":{"OBJECTID":6,"NMNOME":"CAPUNGA","CDTIPO":"ZEPH","CDID":"04","CDSETOR":"SPR","ELINK":" ","NMLEI":" ","DBD2ESRI.ESI2.FCZEPH_PD_2020.AREA":2.1213324099999999,"TIPO":"Rigoroso","DB2GSE.ST_Area(SHAPE)":21213.324160110002,"DB2GSE.SdeLength(SHAPE)":603.79008306150888}},{"type":"Feature","id":7,"geometry":{"type":"Polygon","coordinates":[[[-34.899462280409793,-8.0523489043551262],[-34.899132134946072,-8.0517551318118201],[-34.899669668255413,-8.0514654257619167],[-34.899830278769258,-8.0518291786792542],[-34.899900266269775,-8.0518005580221033],[-34.900056566796415,-8.0521312525390289],[-34.899462280409793,-8.0523489043551262]]]},"properties":{"OBJECTID":7,"NMNOME":"CAPUNGA","CDTIPO":"ZEPH","CDID":"04","CDSETOR":"SPR","ELINK":" ","NMLEI":" ","DBD2ESRI.ESI2.FCZEPH_PD_2020.AREA":0.54176046,"TIPO":"Rigoroso","DB2GSE.ST_Area(SHAPE)":5417.6046941699997,"DB2GSE.SdeLength(SHAPE)":304.99230586836217}},{"type":"Feature","id":8,"geometry":{"type":"MultiPolygon","coordinates":[[[[-34.900056566796415,-8.0521312525390289],[-34.900011398157574,-8.0525455321802379],[-34.899524526137604,-8.0524866779337412],[-34.899742333286646,-8.0529280734675091],[-34.899299327790061,-8.0532063913166478],[-34.899083954963707,-8.052779292963649],[-34.898990562388107,-8.052439962170677],[-34.898937568746163,-8.0524274826559274],[-34.898848755516205,-8.0524329493309388],[-34.898757439659775,-8.052446012740841],[-34.898580348779596,-8.0519204368674924],[-34.899132134946072,-8.0517551318118201],[-34.899462280409793,-8.0523489043551262],[-34.900056566796415,-8.0521312525390289]]],[[[-34.900056566796415,-8.0521312525390289],[-34.899900266269775,-8.0518005580221033],[-34.899830278769258,-8.0518291786792542],[-34.899669668255413,-8.0514654257619167],[-34.90031272081211,-8.051082267458824],[-34.900556092695822,-8.0517500702029583],[-34.900562352077166,-8.0519213519709503],[-34.900056566796415,-8.0521312525390289]]]]},"properties":{"OBJECTID":8,"NMNOME":"CAPUNGA","CDTIPO":"ZEPH","CDID":"04","CDSETOR":"SPA","ELINK":" ","NMLEI":" ","DBD2ESRI.ESI2.FCZEPH_PD_2020.AREA":1.7900385400000001,"TIPO":"Ambiental","DB2GSE.ST_Area(SHAPE)":17900.385488625001,"DB2GSE.SdeLength(SHAPE)":933.09277922948183}},{"type":"Feature","id":9,"geometry":{"type":"Polygon","coordinates":[[[-34.903934512950315,-8.051833741380058],[-34.902136667710181,-8.0518762764407725],[-34.902104010483114,-8.0517086241269489],[-34.902784987046324,-8.0513732872936874],[-34.903950026976723,-8.0515936170661799],[-34.903941413534689,-8.0516099628473636],[-34.903938021030235,-8.0516214114618112],[-34.903947794607667,-8.0516370996381728],[-34.903955321067912,-8.0516490373106873],[-34.903949741032569,-8.0516650245642332],[-34.903943657051109,-8.0516824543401952],[-34.903930473970775,-8.0516953524109027],[-34.903917290893823,-8.051708251385417],[-34.903923627244936,-8.0517448431495637],[-34.9039250761356,-8.0517629621278708],[-34.903930313589804,-8.0517994622556746],[-34.903934138356639,-8.0518180204348297],[-34.903934512950315,-8.051833741380058]]]},"properties":{"OBJECTID":9,"NMNOME":"CAPUNGA","CDTIPO":"ZEPH","CDID":"04","CDSETOR":"SPA","ELINK":" ","NMLEI":" ","DBD2ESRI.ESI2.FCZEPH_PD_2020.AREA":0.78120763999999998,"TIPO":"Ambiental","DB2GSE.ST_Area(SHAPE)":7812.0764078399998,"DB2GSE.SdeLength(SHAPE)":460.60299514827699}},{"type":"Feature","id":10,"geometry":{"type":"Polygon","coordinates":[[[-34.902286824316427,-8.0528279782809378],[-34.903734701253761,-8.0529934081684225],[-34.903723815619223,-8.0530796653968153],[-34.903705191246743,-8.0531209810488296],[-34.903671428448689,-8.0531436264853902],[-34.903611216799163,-8.0531439059159666],[-34.903596251660503,-8.0531627158371251],[-34.903596636872777,-8.0532451724885998],[-34.903612004742811,-8.0533125674112469],[-34.903612214864552,-8.0533575439302716],[-34.903590144069796,-8.0534663418182557],[-34.903579326644639,-8.0535675918352698],[-34.903557063229343,-8.0536351613993524],[-34.902208072493586,-8.0532628589589788],[-34.902289288038169,-8.0529251508638318],[-34.902286824316427,-8.0528279782809378]]]},"properties":{"OBJECTID":10,"NMNOME":"CAPUNGA","CDTIPO":"ZEPH","CDID":"04","CDSETOR":"SPA","ELINK":" ","NMLEI":" ","DBD2ESRI.ESI2.FCZEPH_PD_2020.AREA":0.93701719999999999,"TIPO":"Ambiental","DB2GSE.ST_Area(SHAPE)":9370.1720184999995,"DB2GSE.SdeLength(SHAPE)":445.70084094378296}},{"type":"Feature","id":11,"geometry":{"type":"Polygon","coordinates":[[[-34.918791428217745,-8.0331109571989483],[-34.918928308564119,-8.0333389352264746],[-34.919673647933692,-8.0347045625091678],[-34.920222706889191,-8.035702672529041],[-34.920065081913471,-8.0359074105381101],[-34.919885080577842,-8.0361591006581623],[-34.919022113260617,-8.0345435774445431],[-34.91838890015859,-8.03333954737802],[-34.918791428217745,-8.0331109571989483]]]},"properties":{"OBJECTID":11,"NMNOME":"POÇO DA PANELA","CDTIPO":"ZEPH","CDID":"05","CDSETOR":"SPR-2","ELINK":" ","NMLEI":" ","DBD2ESRI.ESI2.FCZEPH_PD_2020.AREA":1.85433509,"TIPO":"Rigoroso","DB2GSE.ST_Area(SHAPE)":18543.350116515001,"DB2GSE.SdeLength(SHAPE)":793.88906407866398}},{"type":"Feature","id":12,"geometry":{"type":"Polygon","coordinates":[[[-34.925137559285545,-8.0379571961711065],[-34.923667123253104,-8.0390559376663902],[-34.922729403550129,-8.0384512119450946],[-34.922533248118818,-8.0382874694420501],[-34.922431205391398,-8.0379846749731154],[-34.922441599440148,-8.0377112138203941],[-34.92158497205871,-8.0375918365453298],[-34.921356312769113,-8.0376707308981334],[-34.921081398675767,-8.0370816139226839],[-34.921049015751485,-8.0370710304557189],[-34.920757620130871,-8.0371373239378094],[-34.920760491616093,-8.0371748806277381],[-34.920453607106772,-8.0372353554398668],[-34.920430788713695,-8.0369670975005842],[-34.920716387236332,-8.0369400920648459],[-34.92064246330537,-8.0366908575948077],[-34.92076572443812,-8.036545364938732],[-34.920370712817927,-8.0362010199230394],[-34.920062819636506,-8.0364801085508351],[-34.91988287482598,-8.0361710952148702],[-34.920887835783752,-8.0348015663216099],[-34.920980471969543,-8.0346573514306208],[-34.92117718273564,-8.0344358365718289],[-34.92168935227793,-8.0340545750093586],[-34.921888265281098,-8.0339444282575609],[-34.922104784281267,-8.0338633415521699],[-34.92226479704749,-8.0342341998063951],[-34.922325260779907,-8.0341933934518366],[-34.922638097277556,-8.0340529782059118],[-34.922611844376945,-8.0339961631917411],[-34.922840790607125,-8.0338964377472042],[-34.922853538993905,-8.0338006986187533],[-34.922971771316618,-8.0336246601647616],[-34.922985342746223,-8.0336332395165897],[-34.923067266454503,-8.0335245887123552],[-34.923167655078444,-8.0335915738802139],[-34.923351915529068,-8.0337342316592153],[-34.923446384658362,-8.0338167508787404],[-34.923679291209709,-8.033471017901876],[-34.923696009627356,-8.0334538963301139],[-34.923908138432104,-8.0335749610446321],[-34.923974192708414,-8.0336078951740202],[-34.924255580330446,-8.0337593555493765],[-34.92432162737267,-8.0332106252890245],[-34.923973582498718,-8.0331453733792646],[-34.923996099980791,-8.0330347574546188],[-34.923939853048523,-8.0330258055435451],[-34.924012710391224,-8.0325850786286601],[-34.925451375426626,-8.0328098076526278],[-34.926766117491404,-8.0330189003727259],[-34.92672778071239,-8.0330903370536433],[-34.926691545723472,-8.0331000898679896],[-34.926693390459633,-8.0331450581715025],[-34.926672738551623,-8.0331991272768235],[-34.926651315105531,-8.0332626926196085],[-34.926624457051012,-8.0333567050216708],[-34.926590346758061,-8.0334130973365632],[-34.926575330665365,-8.0334409223158527],[-34.926560908969059,-8.0334601559466563],[-34.92652343421237,-8.0335147559055908],[-34.926493344566836,-8.0335774577947809],[-34.926410310744259,-8.0337610996710538],[-34.926354979453691,-8.0338951597036221],[-34.926285655945897,-8.0341010676105924],[-34.926238318416729,-8.0342761344904634],[-34.92618343319667,-8.0344663345282932],[-34.926167583058955,-8.0345288792977332],[-34.926186760717592,-8.0346333891240942],[-34.926180513190602,-8.0348088059277813],[-34.926159072575651,-8.0349745300758073],[-34.926139541215157,-8.0350450478196471],[-34.926084877560392,-8.0353399369212433],[-34.926071279037501,-8.0354108327921203],[-34.924949205459839,-8.0351880404530789],[-34.9250313592255,-8.0347795937944664],[-34.924637042203081,-8.0346980703017472],[-34.924582078360743,-8.0349808925533157],[-34.92451650291305,-8.0349682100075981],[-34.924472212265549,-8.0351740910685745],[-34.924431992083555,-8.0351658715938701],[-34.924419326810465,-8.0352114051186359],[-34.924157864935346,-8.0351418410905051],[-34.92419795756723,-8.0349689778831834],[-34.92399936660351,-8.0348635907534725],[-34.923751300480454,-8.035192344370758],[-34.923761100385825,-8.0352885014135964],[-34.92341420290952,-8.0350666869342628],[-34.923258840343422,-8.0351574094645422],[-34.923025387055112,-8.0347430954940666],[-34.92259026681171,-8.0349747748352769],[-34.922621759549145,-8.0350460031869453],[-34.92208405441005,-8.0353278147589648],[-34.922017640237875,-8.0357812065797614],[-34.922133201734738,-8.0357941267917354],[-34.92231170337876,-8.0364427372071408],[-34.922411803896821,-8.0366468047690862],[-34.922657286632869,-8.0365204657344336],[-34.922795809793243,-8.0364877127117733],[-34.92294911063982,-8.0365542187925012],[-34.923601583574268,-8.0365601285302155],[-34.923955756972404,-8.0367351612996512],[-34.924765881390719,-8.0375874679443324],[-34.924928084440083,-8.0377486127150561],[-34.925137559285545,-8.0379571961711065]]]},"properties":{"OBJECTID":12,"NMNOME":"POÇO DA PANELA","CDTIPO":"ZEPH","CDID":"05","CDSETOR":"SPA-1","ELINK":" ","NMLEI":" ","DBD2ESRI.ESI2.FCZEPH_PD_2020.AREA":21.693839199999999,"TIPO":"Ambiental","DB2GSE.ST_Area(SHAPE)":216938.390501655,"DB2GSE.SdeLength(SHAPE)":3606.8272300812723}},{"type":"Feature","id":13,"geometry":{"type":"Polygon","coordinates":[[[-34.925451375426626,-8.0328098076526278],[-34.925692634418802,-8.0317809725574438],[-34.92574956787427,-8.0318088050455536],[-34.925790121694668,-8.0318182225877592],[-34.925817480106382,-8.0318189705083807],[-34.925932720474336,-8.031810795155554],[-34.926047079355527,-8.0318036138450708],[-34.926199945489827,-8.0317838511632047],[-34.926256259230229,-8.0317758495561531],[-34.926331862097172,-8.0317615846733492],[-34.926418973193954,-8.0317282634454443],[-34.926509933745265,-8.0316863012513746],[-34.926606239885054,-8.0316194460389347],[-34.927493934218923,-8.0310900997746977],[-34.927748576395928,-8.0313486767622102],[-34.926766117491404,-8.0330189003727259],[-34.925451375426626,-8.0328098076526278]]]},"properties":{"OBJECTID":13,"NMNOME":"POÇO DA PANELA","CDTIPO":"ZEPH","CDID":"05","CDSETOR":"SPA-2","ELINK":" ","NMLEI":" ","DBD2ESRI.ESI2.FCZEPH_PD_2020.AREA":2.7979265500000001,"TIPO":"Ambiental","DB2GSE.ST_Area(SHAPE)":27979.268754915,"DB2GSE.SdeLength(SHAPE)":737.9423303212684}},{"type":"Feature","id":14,"geometry":{"type":"Polygon","coordinates":[[[-34.924928084440083,-8.0377486127150561],[-34.924765881390719,-8.0375874679443324],[-34.923955756972404,-8.0367351612996512],[-34.923601583574268,-8.0365601285302155],[-34.923263892165927,-8.0365570700860598],[-34.92294911063982,-8.0365542187925012],[-34.922795809793243,-8.0364877127117733],[-34.922657286632869,-8.0365204657344336],[-34.922411803896821,-8.0366468047690862],[-34.92231170337876,-8.0364427372071408],[-34.922133201734738,-8.0357941267917354],[-34.922017640237875,-8.0357812065797614],[-34.92208405441005,-8.0353278147589648],[-34.922621759549145,-8.0350460031869453],[-34.92259026681171,-8.0349747748352769],[-34.923025387055112,-8.0347430954940666],[-34.923258840343422,-8.0351574094645422],[-34.92341420290952,-8.0350666869342628],[-34.923761100385825,-8.0352885014135964],[-34.923751300480454,-8.035192344370758],[-34.92399936660351,-8.0348635907534725],[-34.92419795756723,-8.0349689778831834],[-34.924157864935346,-8.0351418410905051],[-34.924419326810465,-8.0352114051186359],[-34.924431992083555,-8.0351658715938701],[-34.924472212265549,-8.0351740910685745],[-34.92451650291305,-8.0349682100075981],[-34.924582078360743,-8.0349808925533157],[-34.924637042203081,-8.0346980703017472],[-34.9250313592255,-8.0347795937944664],[-34.924949205459839,-8.0351880404530789],[-34.926071279037501,-8.0354108327921203],[-34.926061019243491,-8.0355315285050484],[-34.926048450641275,-8.0356167497980504],[-34.926039823615916,-8.0356530430052917],[-34.926026076133589,-8.0357767827567663],[-34.926010390740529,-8.0358358009300588],[-34.926035449097235,-8.0358601835286709],[-34.926025355502681,-8.0358932289944054],[-34.926071184059758,-8.0359943593209895],[-34.926067513961478,-8.0360785354125799],[-34.92594630706953,-8.0360521361590003],[-34.925864999558698,-8.0364332518528183],[-34.925613034697413,-8.0367103513770388],[-34.926032867880025,-8.0370043940608529],[-34.925730335558576,-8.0373799196897924],[-34.925579987276585,-8.0372533696246151],[-34.925322645737097,-8.0375425716496096],[-34.925156905183641,-8.0373581405744012],[-34.925132035929181,-8.0373811885486237],[-34.925297910460905,-8.0375634474548541],[-34.925242686638967,-8.0376086750030886],[-34.925115525779347,-8.0374628807969586],[-34.925032351595789,-8.0375352218188176],[-34.925073744394787,-8.0375800935050226],[-34.92503386823855,-8.0376125715058979],[-34.925051772458708,-8.0376382081432318],[-34.924928084440083,-8.0377486127150561]]]},"properties":{"OBJECTID":14,"NMNOME":"POÇO DA PANELA","CDTIPO":"ZEPH","CDID":"05","CDSETOR":"SPR-1","ELINK":" ","NMLEI":" ","DBD2ESRI.ESI2.FCZEPH_PD_2020.AREA":8.6863136599999997,"TIPO":"Rigoroso","DB2GSE.ST_Area(SHAPE)":86863.135421015002,"DB2GSE.SdeLength(SHAPE)":1648.6787176173757}},{"type":"Feature","id":15,"geometry":{"type":"Polygon","coordinates":[[[-34.901125173263956,-8.0450113608338523],[-34.901227651133581,-8.0443488056410395],[-34.901234760756047,-8.0442958827155273],[-34.901304413220757,-8.0439455768627592],[-34.901348061376154,-8.0438465886594717],[-34.902095249207413,-8.0439449441121678],[-34.90191553304917,-8.0450989756694717],[-34.901125173263956,-8.0450113608338523]]]},"properties":{"OBJECTID":15,"NMNOME":"PONTE D'UCHOA","CDTIPO":"ZEPH","CDID":"06","CDSETOR":"SPR-2","ELINK":" ","NMLEI":" ","DBD2ESRI.ESI2.FCZEPH_PD_2020.AREA":1.1338467800000001,"TIPO":"Rigoroso","DB2GSE.ST_Area(SHAPE)":11338.467861345,"DB2GSE.SdeLength(SHAPE)":431.46091320205869}},{"type":"Feature","id":16,"geometry":{"type":"Polygon","coordinates":[[[-34.902117342216293,-8.0436048214427007],[-34.902427911376961,-8.0424484915113101],[-34.900444604668238,-8.040973191822129],[-34.900842424870909,-8.0406503351138792],[-34.90167429610748,-8.0402103248588208],[-34.902150997892051,-8.0395353279222661],[-34.902307366214849,-8.039335616046726],[-34.902545373125342,-8.0394629626955769],[-34.902696246934731,-8.0391958658985203],[-34.903299022776316,-8.0395353220009849],[-34.90384290685104,-8.0385757674337679],[-34.903470898538956,-8.0383490456745559],[-34.904209570072936,-8.0385605453868028],[-34.904334334424647,-8.0382534846134153],[-34.903328721925455,-8.037758088315627],[-34.903499178161219,-8.0374069966641919],[-34.903165880956564,-8.037138582804296],[-34.904837458409233,-8.0352464092495133],[-34.905035765976933,-8.035421684552313],[-34.905483314831805,-8.0357572921406124],[-34.905778614219933,-8.035894954636003],[-34.905987499761231,-8.0359577700458296],[-34.906092326340961,-8.0360865577879625],[-34.906084762155878,-8.0362129827057718],[-34.906335155854507,-8.036393517764596],[-34.906500625079083,-8.036659901901011],[-34.906400112701064,-8.0367892414121034],[-34.906737094128452,-8.0370214280633103],[-34.906384779751185,-8.0371985052201982],[-34.905411249729028,-8.0382168926691069],[-34.904984962784035,-8.0387533299711293],[-34.904825853159011,-8.0392204873238118],[-34.904781157746527,-8.0394530396583033],[-34.904668733674725,-8.0396216247749539],[-34.904494882120389,-8.0402052133739215],[-34.903954328917891,-8.0399565038261471],[-34.903336247495254,-8.0415198210946794],[-34.903731794817048,-8.0417726756642995],[-34.90450344154916,-8.042013475139969],[-34.904492489481768,-8.0422895720111143],[-34.903986965136269,-8.0436812884647022],[-34.903556633560171,-8.0442068081030556],[-34.902117342216293,-8.0436048214427007]]]},"properties":{"OBJECTID":16,"NMNOME":"PONTE D'UCHOA","CDTIPO":"ZEPH","CDID":"06","CDSETOR":"SPR-1","ELINK":" ","NMLEI":" ","DBD2ESRI.ESI2.FCZEPH_PD_2020.AREA":22.392574570000001,"TIPO":"Rigoroso","DB2GSE.ST_Area(SHAPE)":223925.74573105,"DB2GSE.SdeLength(SHAPE)":3203.6830863054952}},{"type":"Feature","id":17,"geometry":{"type":"Polygon","coordinates":[[[-34.900957444622371,-8.0413561770076285],[-34.902423357318,-8.042446605918709],[-34.902112788143803,-8.0436029358494281],[-34.902087989512623,-8.0439306391661365],[-34.901340801707036,-8.0438322836936358],[-34.9013414244654,-8.0437438408945301],[-34.900540705959109,-8.0420100173513127],[-34.900906176335837,-8.041755039520142],[-34.900957444622371,-8.0413561770076285]]]},"properties":{"OBJECTID":17,"NMNOME":"PONTE D'UCHOA","CDTIPO":"ZEPH","CDID":"06","CDSETOR":"SPA-2","ELINK":" ","NMLEI":" ","DBD2ESRI.ESI2.FCZEPH_PD_2020.AREA":3.2672128699999998,"TIPO":"Ambiental","DB2GSE.ST_Area(SHAPE)":32672.128792615,"DB2GSE.SdeLength(SHAPE)":768.07742012456811}},{"type":"Feature","id":18,"geometry":{"type":"Polygon","coordinates":[[[-34.904504196400993,-8.0402057460890575],[-34.904506710327219,-8.0420091457606269],[-34.903741109137002,-8.0417732083885802],[-34.903345561810937,-8.0415203538294122],[-34.903963643194906,-8.0399570365550357],[-34.904504196400993,-8.0402057460890575]]]},"properties":{"OBJECTID":18,"NMNOME":"PONTE D'UCHOA","CDTIPO":"ZEPH","CDID":"06","CDSETOR":"SPA-1","ELINK":" ","NMLEI":" ","DBD2ESRI.ESI2.FCZEPH_PD_2020.AREA":1.94618012,"TIPO":"Ambiental","DB2GSE.ST_Area(SHAPE)":19461.801228305001,"DB2GSE.SdeLength(SHAPE)":591.13517762333004}},{"type":"Feature","id":19,"geometry":{"type":"Polygon","coordinates":[[[-34.958966886211094,-8.0506979499497948],[-34.959131403842392,-8.0510538794368003],[-34.959173401688034,-8.0511632641217545],[-34.959178966148691,-8.051179622402767],[-34.958611859393358,-8.0513715297635482],[-34.958258539869625,-8.0514824508371241],[-34.957661814705091,-8.0517447308038257],[-34.957278589257228,-8.0504155137009779],[-34.958019620111642,-8.0501561695138353],[-34.958390115248228,-8.0500576743469399],[-34.958735444090138,-8.0499670945699684],[-34.958815921892246,-8.0502585676980445],[-34.958966886211094,-8.0506979499497948]]]},"properties":{"OBJECTID":19,"NMNOME":"VÁRZEA","CDTIPO":"ZEPH","CDID":"07","CDSETOR":"SPR","ELINK":" ","NMLEI":" ","DBD2ESRI.ESI2.FCZEPH_PD_2020.AREA":2.5246676899999998,"TIPO":"Rigoroso","DB2GSE.ST_Area(SHAPE)":25246.676931855,"DB2GSE.SdeLength(SHAPE)":643.01107154065596}},{"type":"Feature","id":20,"geometry":{"type":"Polygon","coordinates":[[[-34.957278589257228,-8.0504155137009779],[-34.957244370686681,-8.0502813515394447],[-34.957169278911067,-8.0500174281685197],[-34.957071751527103,-8.0497015569697776],[-34.957594489790601,-8.0495713368487927],[-34.958039272666824,-8.0494626770466855],[-34.958329755959838,-8.0493611727745922],[-34.958346950510808,-8.049409637788477],[-34.958658031845552,-8.0493164688230614],[-34.958419901895397,-8.0486335156671771],[-34.958718368327943,-8.0485301343617035],[-34.958664137015681,-8.0482495335152002],[-34.95854128903953,-8.0477736759667238],[-34.958943794143174,-8.0476857653950002],[-34.958856187496025,-8.047239007239483],[-34.958765884772681,-8.0468959699703557],[-34.95915814353048,-8.0470137579347849],[-34.959460948900606,-8.0471265446206175],[-34.959461432228352,-8.0472271278043568],[-34.960451978866061,-8.0476894023373458],[-34.960513265458829,-8.0484397485360706],[-34.960116552908936,-8.0484524204548276],[-34.960181152733398,-8.0491346567750064],[-34.960256860553059,-8.0491257203234277],[-34.960349130259303,-8.049902237875548],[-34.959556825407816,-8.0500923776922466],[-34.959704873178417,-8.0506937912221073],[-34.959763086135155,-8.0508640569828689],[-34.959349533737992,-8.0511207385716208],[-34.959173401688034,-8.0511632641217545],[-34.958966886211094,-8.0506979499497948],[-34.958815921892246,-8.0502585676980445],[-34.958735444090138,-8.0499670945699684],[-34.958390115248228,-8.0500576743469399],[-34.958019620111642,-8.0501561695138353],[-34.957278589257228,-8.0504155137009779]]]},"properties":{"OBJECTID":20,"NMNOME":"VÁRZEA","CDTIPO":"ZEPH","CDID":"07","CDSETOR":"SPA","ELINK":" ","NMLEI":" ","DBD2ESRI.ESI2.FCZEPH_PD_2020.AREA":7.7985313200000004,"TIPO":"Ambiental","DB2GSE.ST_Area(SHAPE)":77985.313286870005,"DB2GSE.SdeLength(SHAPE)":1674.8471638662245}},{"type":"Feature","id":21,"geometry":{"type":"Polygon","coordinates":[[[-34.890645308469473,-8.0597529504037677],[-34.890642328379023,-8.0597376581344324],[-34.890638280618205,-8.059716893894219],[-34.890630329741327,-8.0596719382960202],[-34.890623532978623,-8.0596327074108594],[-34.890616737125157,-8.0595934765210178],[-34.890603006649812,-8.0595148219075892],[-34.890594606980549,-8.0594630742411297],[-34.891035047561196,-8.0593777327420906],[-34.891315759602463,-8.0593227589530265],[-34.891396622012927,-8.060032887534474],[-34.891438428926392,-8.0604843737440408],[-34.891441522485302,-8.0605043603426036],[-34.891452424613909,-8.0605372798748309],[-34.891469953812553,-8.0605672206286378],[-34.891485175524444,-8.0605850962866015],[-34.892014579776664,-8.061085979614937],[-34.892057538424687,-8.0611298866148875],[-34.892020733251456,-8.061158120863297],[-34.892008605838519,-8.061169174936504],[-34.891752177111975,-8.0615706501271003],[-34.891678392962355,-8.0616861700200158],[-34.891368757687637,-8.0620625521988938],[-34.891098004797492,-8.0623533666223572],[-34.890814787583658,-8.0626423661292108],[-34.89080841375592,-8.0626487059960095],[-34.890780718750172,-8.0626729039306753],[-34.890910254964396,-8.0629082004310746],[-34.891119635549238,-8.0632443079978824],[-34.891154289876262,-8.0632995507261995],[-34.891209197635462,-8.0633870803466579],[-34.891160160733662,-8.0634321000632347],[-34.891073203163565,-8.0635115177156642],[-34.891016398764798,-8.0635659340808026],[-34.890996895912082,-8.0635854617403826],[-34.890976306202887,-8.0636053506221028],[-34.890946866533397,-8.0636337895173753],[-34.890889969710891,-8.0636878446684932],[-34.890840841799516,-8.0637353537044749],[-34.890791577523196,-8.0637829962656689],[-34.890754420473705,-8.0638189294011013],[-34.890703341571225,-8.0638614135348643],[-34.890739186171082,-8.0639000872219668],[-34.890853021287263,-8.063998055505623],[-34.891761647075768,-8.0649242856766588],[-34.892001891274724,-8.0652055243138108],[-34.892009227611979,-8.0652097296368819],[-34.892010399098581,-8.0652104013782662],[-34.892061722546316,-8.0652398225043935],[-34.892100245758776,-8.0652639867876275],[-34.892601313477726,-8.0656237088117457],[-34.8926755482291,-8.0656781364676586],[-34.892670505945858,-8.0656797753507607],[-34.892661718754127,-8.0656821213485426],[-34.892634227989923,-8.0656950455686491],[-34.892604902752758,-8.0657164883251333],[-34.892416884536487,-8.0658113483895235],[-34.89233400598615,-8.065833391159801],[-34.892289221512534,-8.0658415403778161],[-34.892245172988083,-8.0658495551002343],[-34.892160272968177,-8.0658617617959241],[-34.892067452004028,-8.0658700669141066],[-34.89190937765558,-8.0658668589803035],[-34.891893207766046,-8.0658661543599202],[-34.891895834248352,-8.0658258584239171],[-34.891898597177388,-8.0657567742801781],[-34.891899974703634,-8.0657131923738365],[-34.89190057667831,-8.0656906844375076],[-34.891900769126728,-8.0656834970510349],[-34.891903033166756,-8.065598811769588],[-34.89190510677598,-8.0655765619297544],[-34.891871912291677,-8.0655766646289155],[-34.891898714795687,-8.0652553733642645],[-34.891896501956637,-8.0652049596674775],[-34.891861161969224,-8.0652054076807733],[-34.891386173294592,-8.0652114345598847],[-34.890723200097071,-8.0652228626155829],[-34.890469250042152,-8.0652252796882085],[-34.890469518777024,-8.0651819885570077],[-34.890469852210543,-8.065175658483188],[-34.890416228975326,-8.0651338664163728],[-34.890383010365383,-8.0651104224265193],[-34.890353516733583,-8.0650882278532858],[-34.890318469663583,-8.0650617193388587],[-34.890291160022556,-8.0650417929533322],[-34.890230721545954,-8.0649968499555396],[-34.890192495038569,-8.0649693616144589],[-34.890080711949004,-8.0648855270826818],[-34.890019523361111,-8.0648359034828818],[-34.88996175447091,-8.0647880080562029],[-34.889934289230261,-8.0647652363229554],[-34.890040604919463,-8.064687537640312],[-34.890116068025975,-8.0646270683479013],[-34.890101809184614,-8.0646083383879024],[-34.890089956269023,-8.0645927887163591],[-34.89006401043099,-8.06455868551555],[-34.890026234511524,-8.0645090641748478],[-34.889999314042193,-8.0644737024691349],[-34.889979231386683,-8.0644473219530592],[-34.889971780252537,-8.0644375344416019],[-34.889951876487181,-8.0644113890619824],[-34.889933428900072,-8.0643847135021325],[-34.889906041293166,-8.0643452521454435],[-34.889880827170181,-8.0643089233291843],[-34.889876146312687,-8.0643124057298454],[-34.889852750572039,-8.0642826348312706],[-34.889831137859808,-8.0642551303620351],[-34.889821831212224,-8.0642432873989058],[-34.889808041729069,-8.0642234613240511],[-34.889787560221194,-8.0641940096756137],[-34.889759093611183,-8.0641530787309694],[-34.889733897251595,-8.0641223270676541],[-34.889725517926443,-8.0641120999288951],[-34.889703468732719,-8.0640841662175351],[-34.889698143495167,-8.0640774201507615],[-34.889634181618554,-8.0639962551549242],[-34.889570115784295,-8.0639130130537762],[-34.889544827690543,-8.0638783227318349],[-34.889560396943388,-8.0638711991200633],[-34.889597424137015,-8.0638523980204617],[-34.889614877148823,-8.0638436447083262],[-34.889631803679222,-8.0638357915723891],[-34.889670814151465,-8.0638172588711861],[-34.889681484678945,-8.0638100674442494],[-34.88970746449948,-8.063798375422957],[-34.889745141277047,-8.0637766674218305],[-34.889784182326451,-8.0637541738106364],[-34.889818379733818,-8.0637344880009358],[-34.889879263792736,-8.0636988577378812],[-34.88990956573911,-8.0636810577153017],[-34.889918977657508,-8.0636755301668135],[-34.889933682872815,-8.0636669423093608],[-34.889954711648308,-8.0636546619603369],[-34.889968555304115,-8.0636470933547102],[-34.889988726354602,-8.0636347048558115],[-34.89002283177053,-8.0636147482348122],[-34.890071501892926,-8.0635862260966498],[-34.890111295524605,-8.0635605475444745],[-34.890186361237355,-8.0635120139307102],[-34.890251282975072,-8.0634670530090968],[-34.890293806600205,-8.063435432914245],[-34.890140231390347,-8.0632785120970549],[-34.890094702469099,-8.0632265307001578],[-34.890079590078145,-8.06320760034329],[-34.890042624488515,-8.0631570277625109],[-34.890032268980853,-8.0631416113022798],[-34.889926052065817,-8.0629803230758075],[-34.889865785109215,-8.0630064178893281],[-34.889851138937694,-8.0630169727382981],[-34.889848966537805,-8.0630179772433248],[-34.889813771808797,-8.0630377589542004],[-34.88979731713686,-8.0630470067118569],[-34.889791876883905,-8.0630500649830221],[-34.889753603425042,-8.0630712161019318],[-34.889721754843023,-8.0630888116843753],[-34.889694705444732,-8.0631045769758067],[-34.889671543522567,-8.0631175216974285],[-34.889646211716197,-8.0631320133567996],[-34.889629020221108,-8.0631414046397119],[-34.889605044010928,-8.0631548051525996],[-34.889570301537042,-8.0631743126347519],[-34.889544608984792,-8.0631892579916844],[-34.889532301925634,-8.0631956432904808],[-34.889495568879667,-8.0632162448406923],[-34.889480190300148,-8.0632253565347973],[-34.889461729518267,-8.0632350890787379],[-34.889443989356067,-8.0632044584929599],[-34.889425960968133,-8.0631723149059731],[-34.889423899280395,-8.0631686403000291],[-34.889398621132337,-8.0631235720084735],[-34.889379434174103,-8.0630900179759006],[-34.88936386877635,-8.0630627965740338],[-34.889358570713647,-8.0630548651278815],[-34.889354362419596,-8.0630471998793212],[-34.889343384572271,-8.0630272703999726],[-34.889341546467186,-8.0630221256369872],[-34.889317509682591,-8.062981054864883],[-34.889299120011756,-8.062949633482928],[-34.88928714940679,-8.0629307934711623],[-34.889283759595926,-8.0629235764855576],[-34.889226584633057,-8.0629568389431583],[-34.88902474339298,-8.0630723161882614],[-34.88900737269811,-8.0630431041761099],[-34.889004774497707,-8.0630387539827417],[-34.888988631298275,-8.0630117286969583],[-34.888969157095332,-8.0629788196634742],[-34.888950233025128,-8.0629471738001346],[-34.888939174560377,-8.062929414461891],[-34.888930393055517,-8.0629136335955476],[-34.888916316016541,-8.0628904637091967],[-34.888901046334105,-8.0628644062730466],[-34.888882852564038,-8.0628337515222039],[-34.889000481970143,-8.0627506660543773],[-34.888978990429287,-8.0627138607053723],[-34.888957413853667,-8.0626769092858215],[-34.888921296857696,-8.0626150578998459],[-34.888878865911082,-8.0625415712099979],[-34.888866570105584,-8.0625206713813373],[-34.888829510809529,-8.062457680666661],[-34.888807832237596,-8.0624208318635873],[-34.888791181530415,-8.0623925305348436],[-34.88876789824554,-8.0623554766670402],[-34.888763765775742,-8.0623488995676436],[-34.888726401856054,-8.0622892598470042],[-34.888686903125389,-8.0622262116437007],[-34.888657716603461,-8.0621796234520815],[-34.888638034420651,-8.0621482070730082],[-34.888588575377668,-8.062069261355953],[-34.888554894624839,-8.0620849432177621],[-34.888546214203764,-8.0620889846725436],[-34.888519508758932,-8.0621006799481005],[-34.888507750992751,-8.0621081475739516],[-34.888469757285833,-8.0620404237446994],[-34.888379691265428,-8.0618798786595445],[-34.888329022984649,-8.0617895597431044],[-34.888239526680479,-8.0617023272497494],[-34.888137296155897,-8.0615655593155005],[-34.887963244298533,-8.0613356405913201],[-34.887946819855557,-8.0613148320622869],[-34.887933803565794,-8.0612975762260213],[-34.887905291140584,-8.0612597788039917],[-34.887833129025445,-8.0613083040195921],[-34.887771740252198,-8.0613522537832427],[-34.887638876792629,-8.0614364930315823],[-34.887593809712598,-8.06146795460179],[-34.887586847768503,-8.061456632354691],[-34.887546073309068,-8.0613903252311943],[-34.887374323333781,-8.0611177935899967],[-34.887414807841047,-8.0610885148048759],[-34.888197797552401,-8.0606354763879953],[-34.888365209301938,-8.060535537664558],[-34.888956438420038,-8.0601825915720724],[-34.889762944751986,-8.0597143634449928],[-34.889782237866129,-8.0597606681055556],[-34.889801108651426,-8.0598090079804621],[-34.889812108414603,-8.0598504878462034],[-34.889748660536313,-8.0598800751933926],[-34.889772636359083,-8.0599193941572373],[-34.889788029359067,-8.0599622704557881],[-34.889835874173002,-8.0599436292822979],[-34.889843952620417,-8.0599680102471041],[-34.889858909832199,-8.0600131478384256],[-34.889828633335789,-8.0600285636304552],[-34.889796092616443,-8.060045132614075],[-34.889751215304614,-8.0600679595410529],[-34.889722077117192,-8.0600884356218874],[-34.889702109320488,-8.0601023709142066],[-34.889700082162577,-8.0601037861005036],[-34.889658682341711,-8.060041723139598],[-34.889583609849957,-8.0599411371895027],[-34.889578317476406,-8.0599422383446626],[-34.889571260744276,-8.0599327762607142],[-34.889522160709546,-8.0599669073209004],[-34.889609413533336,-8.0600803383076194],[-34.88964358068273,-8.0601317764568225],[-34.889657388871775,-8.0601503973530786],[-34.889612465985735,-8.0601882303499828],[-34.88958761911011,-8.0602067130392729],[-34.889564671504765,-8.0602237838435613],[-34.889558609858334,-8.0602156895617867],[-34.889531711388926,-8.0602338417742914],[-34.889509578576721,-8.0602519367555185],[-34.889499929998799,-8.0602586442863018],[-34.889416755011098,-8.0601394418372045],[-34.889383424787134,-8.0601584888925295],[-34.889368670111203,-8.060168126567012],[-34.88931468780509,-8.0602033894217797],[-34.889258953024083,-8.0602390563356305],[-34.889214667270139,-8.0602673971676602],[-34.889303109368754,-8.060386311393513],[-34.889226634391918,-8.0604293779577283],[-34.889206113419867,-8.0604482421001258],[-34.889188103976323,-8.0604652946468978],[-34.88917594069094,-8.0604518248151038],[-34.889161513798463,-8.0604279124756886],[-34.889138872081979,-8.060443273146749],[-34.889121892843129,-8.0604571413027024],[-34.889106495956845,-8.0604679599444111],[-34.889071539167126,-8.0604948085313968],[-34.889021248407957,-8.0605278565348968],[-34.888970994436711,-8.0605631654618932],[-34.889035524112224,-8.0606482084083986],[-34.889059758237423,-8.0606782910778314],[-34.889019391261563,-8.0607033392706811],[-34.888970112812622,-8.0607397123251356],[-34.888936523918005,-8.0607669542048139],[-34.888883380698253,-8.0606921797102054],[-34.88883265565444,-8.0606193197439584],[-34.888739082050066,-8.0604910076553935],[-34.888683104452625,-8.0605392721414901],[-34.888725800680362,-8.0605955151252324],[-34.888716850088869,-8.0606023188740199],[-34.888673682296606,-8.0606233360050066],[-34.888633844882378,-8.0606479586152862],[-34.888609787982922,-8.0606638926425038],[-34.888541962465531,-8.0607064491265685],[-34.888482747893313,-8.060739773261961],[-34.888769109484251,-8.0612373551642431],[-34.888826859896149,-8.0613228642338104],[-34.889117957902585,-8.0617538774460815],[-34.889128526668848,-8.0617699158722811],[-34.889173539539932,-8.0617336429037714],[-34.889214298582097,-8.0617009986199033],[-34.889289052090689,-8.0616440587423153],[-34.889333882518557,-8.0616091354865684],[-34.889174019664033,-8.0613875599350422],[-34.889130911912638,-8.0613273120596602],[-34.889166080075299,-8.0612990873773605],[-34.889262777290639,-8.0612307996376611],[-34.889321530860393,-8.0613082549904842],[-34.889355370714135,-8.0613528661603571],[-34.889361517297573,-8.061348181824167],[-34.889462406652378,-8.061274124784175],[-34.88951691893844,-8.0612340036407826],[-34.889633072213741,-8.0611503942323317],[-34.889673400134178,-8.0611208438546811],[-34.889734611449136,-8.0610748812985786],[-34.889806011495565,-8.0609773628737873],[-34.889969154624289,-8.0608816652759874],[-34.89000722953498,-8.0609486951359415],[-34.890045303552895,-8.0610157249934336],[-34.890084083163536,-8.0610829179401655],[-34.890124081491287,-8.0611509912542481],[-34.89014543746142,-8.0611869319646878],[-34.890165827420219,-8.0612264003157463],[-34.890178127331858,-8.0612472069614078],[-34.890191518895463,-8.0612698583121016],[-34.890462790323411,-8.0611287372913214],[-34.890480091296681,-8.0612550564243328],[-34.890500073096476,-8.0614167939458117],[-34.890508716591945,-8.0614880142871801],[-34.890512807088442,-8.0615218793005035],[-34.890536129736681,-8.0615045038405242],[-34.890590731358159,-8.0614641109363365],[-34.890652383470467,-8.0614183514470987],[-34.890677243114474,-8.0613998839986607],[-34.890769262453766,-8.0613301167708258],[-34.890794545305049,-8.0610410862268065],[-34.890800285235819,-8.0609724882599689],[-34.890821515750062,-8.0607204965369128],[-34.890830169541005,-8.0605593773164017],[-34.890835678742476,-8.0604825054036446],[-34.890846023540469,-8.0603987600903402],[-34.890846153377282,-8.0603290624324906],[-34.890845445844306,-8.0603200800812829],[-34.890840525115472,-8.0602638981606685],[-34.890839958146564,-8.0601871356474568],[-34.890837942467797,-8.0601390688747436],[-34.890835744698322,-8.0600961308633732],[-34.890831155154942,-8.0600182866460148],[-34.890827195795381,-8.0599511293205328],[-34.890851092082308,-8.0599488881701014],[-34.890838883452993,-8.0598608151222884],[-34.890835520033818,-8.0598428711603383],[-34.890813653417531,-8.0597221621087876],[-34.890769028803156,-8.0597315994924283],[-34.890645308469473,-8.0597529504037677]]]},"properties":{"OBJECTID":21,"NMNOME":"Sítio Histórico do Bairro da Boa Vista (Conjuntos Antigos)","CDTIPO":"ZEPH","CDID":"08.1","CDSETOR":"SPA-1","ELINK":" ","NMLEI":" ","DBD2ESRI.ESI2.FCZEPH_PD_2020.AREA":12.69735429,"TIPO":"Ambiental","DB2GSE.ST_Area(SHAPE)":126973.54290022999,"DB2GSE.SdeLength(SHAPE)":3563.8772118819693}},{"type":"Feature","id":22,"geometry":{"type":"Polygon","coordinates":[[[-34.885399929229628,-8.0616928337293459],[-34.885407941209834,-8.0617019262564469],[-34.885436176447435,-8.0617339652848603],[-34.885569597470919,-8.0618829231068752],[-34.885463213819207,-8.06195859312745],[-34.885366373408033,-8.062027317479318],[-34.885221077836256,-8.062130509463648],[-34.885134099970607,-8.0621922966059891],[-34.885096195871029,-8.0622192217892827],[-34.885030214732566,-8.0622660953639649],[-34.884952887229204,-8.0623530781697532],[-34.884845318165247,-8.0624468631485939],[-34.883766686917376,-8.0627496338008697],[-34.882806855628232,-8.0630518551382799],[-34.882804616315617,-8.0630513428705282],[-34.882783645357662,-8.0629977486208997],[-34.882773442160811,-8.0629716739143209],[-34.882766923998453,-8.0629548879725643],[-34.882750620159854,-8.0629128643906451],[-34.882726882782485,-8.0628516786266751],[-34.882712488823231,-8.0628158193260155],[-34.882707115621592,-8.0628014248379962],[-34.882702752761929,-8.06278973614031],[-34.882731551928615,-8.0627795685126102],[-34.882770121777739,-8.0627637506864698],[-34.882739408432847,-8.0626815228633113],[-34.882712174864231,-8.0626106849237331],[-34.882690396969288,-8.0625503020120117],[-34.882785763351038,-8.0625173169072788],[-34.88280840346291,-8.0625091665572199],[-34.882956739065897,-8.0624597603987613],[-34.882957031613628,-8.0624596632218459],[-34.88300460299461,-8.0626052727518278],[-34.883069828808864,-8.0625866201590703],[-34.883128893073327,-8.062569442404028],[-34.883150541899219,-8.0626411268730482],[-34.883202718182609,-8.0626264380538881],[-34.883271665086788,-8.0626070287898166],[-34.883295935518348,-8.0626001086060235],[-34.883341601907119,-8.0625870887908029],[-34.883398643823099,-8.0625712022806848],[-34.883407096292217,-8.0625688489825791],[-34.883426760729833,-8.062563372082165],[-34.883414670347555,-8.0625191828837846],[-34.883414603919839,-8.0625189417997642],[-34.883414580849262,-8.0625188569222832],[-34.883471613810507,-8.0625010384268627],[-34.883471724321055,-8.0625010044679097],[-34.883472733383421,-8.0625006888259172],[-34.883472877132384,-8.0625011727520359],[-34.883675242195501,-8.0624378916946622],[-34.884641838651788,-8.062042346612202],[-34.88464653790399,-8.0620373435205952],[-34.884644582867807,-8.0620380812006456],[-34.88464658826156,-8.0620372483606513],[-34.884552874602413,-8.061916549899367],[-34.884553111490092,-8.0619163824592626],[-34.884461538915879,-8.0617610569102514],[-34.88450281853445,-8.0617371015324313],[-34.884502830431266,-8.0617371240797215],[-34.884503361424379,-8.0617368043058217],[-34.884538561556248,-8.0617175446468554],[-34.884611242857595,-8.0616777780505551],[-34.884684597268169,-8.0616376304434443],[-34.884712026391099,-8.0616685711705429],[-34.884713169584955,-8.06166803431387],[-34.88479319655071,-8.0616168886132424],[-34.884818325319166,-8.0616008286877818],[-34.884829259915037,-8.061593840487836],[-34.884856936498934,-8.0615763548615487],[-34.885008612841204,-8.0614767337204007],[-34.885042963989164,-8.0614541708115688],[-34.885125613250572,-8.061397918515139],[-34.885199064337868,-8.0613496825007775],[-34.885236939763338,-8.0613248088143798],[-34.885266787529929,-8.0613058666531749],[-34.885315258037274,-8.0612733680352004],[-34.88536167939106,-8.0612428307476023],[-34.885372141854141,-8.0612359486785543],[-34.885383734168357,-8.0612283914885339],[-34.885411088915859,-8.0612103702931748],[-34.885411463311776,-8.0612101226611284],[-34.885414827491132,-8.0612079066545999],[-34.885434542571822,-8.0611949780253589],[-34.88545995304959,-8.0611778644276377],[-34.88550620994932,-8.0611472745443908],[-34.885552467744326,-8.0611166837492689],[-34.885578328143829,-8.0611005508101385],[-34.885599399862741,-8.0610871476201922],[-34.885626271775138,-8.0610700553172627],[-34.885638281915192,-8.0610618371259761],[-34.885647948255759,-8.0610552218021034],[-34.885820864516603,-8.060936893154107],[-34.8858520632214,-8.0609158653644251],[-34.885857776471823,-8.0609120112035129],[-34.885877529602965,-8.0608986873016004],[-34.885896192168538,-8.0608860989133486],[-34.885932550575767,-8.0608615648634849],[-34.885959344404391,-8.0608434847461776],[-34.885968947861521,-8.0608370044141395],[-34.885979155380838,-8.0608301171788312],[-34.885983101657288,-8.0608274536834283],[-34.886019626442028,-8.0608028076607496],[-34.886070085286214,-8.060768761991298],[-34.88608708575935,-8.0607572923590229],[-34.886107515327403,-8.0607435232416922],[-34.886107885178582,-8.0607432738219646],[-34.886107912550372,-8.0607433080509825],[-34.886171117483542,-8.0608230850872218],[-34.886235217951985,-8.0609032955600899],[-34.88624116221866,-8.0609107331785399],[-34.886246814520852,-8.0609178059888063],[-34.885371742752653,-8.0616615285849793],[-34.885368528656748,-8.0616579586991985],[-34.885370898830239,-8.061662244882184],[-34.885371742752653,-8.0616615285849793],[-34.885399929229628,-8.0616928337293459]],[[-34.885893013686662,-8.0608941318157541],[-34.885892904016956,-8.0608941513060888],[-34.8858929721072,-8.0608941636498557],[-34.885893013686662,-8.0608941318157541]]]},"properties":{"OBJECTID":22,"NMNOME":"Sítio Histórico do Bairro da Boa Vista (Conjuntos Antigos)","CDTIPO":"ZEPH","CDID":"08.1","CDSETOR":"SPA-2","ELINK":" ","NMLEI":" ","DBD2ESRI.ESI2.FCZEPH_PD_2020.AREA":2.07190626,"TIPO":"Ambiental","DB2GSE.ST_Area(SHAPE)":20719.062679639999,"DB2GSE.SdeLength(SHAPE)":1094.2461844112886}},{"type":"Feature","id":23,"geometry":{"type":"Polygon","coordinates":[[[-34.885025838627328,-8.0648128460742399],[-34.884752618985743,-8.0647138164995731],[-34.884594727901408,-8.0646565887484503],[-34.884536222211175,-8.0646365459609139],[-34.883930251282941,-8.0644385173315207],[-34.883268738380622,-8.0642223350395597],[-34.883156264219316,-8.0641827597586371],[-34.883027963810633,-8.0641304843442914],[-34.882902584540417,-8.0640715866290904],[-34.882835165983359,-8.0640365207397089],[-34.882802328795336,-8.0640160242748102],[-34.882766143352185,-8.0639855088071712],[-34.882735193008244,-8.0639497274177607],[-34.882711374364128,-8.0639113863448806],[-34.882710241098579,-8.0639095616943823],[-34.882691899957443,-8.0638659987922985],[-34.882690115286159,-8.0638604279140047],[-34.882686026336373,-8.0638477543208911],[-34.882646023415369,-8.063768926954662],[-34.884986901330578,-8.063126935595573],[-34.885016381320298,-8.0632361564819668],[-34.885090756845543,-8.0634888660408812],[-34.88511886901501,-8.0635843864555206],[-34.88521950345968,-8.0639842532280834],[-34.885273508265669,-8.0641672624323668],[-34.885281345912922,-8.0641947103660296],[-34.885295804114193,-8.0642455489021394],[-34.885328329936698,-8.0643597543588648],[-34.885354113500014,-8.0644597344175448],[-34.885043727438081,-8.0648104022971054],[-34.885039377400652,-8.0648177534934664],[-34.885025838627328,-8.0648128460742399]]]},"properties":{"OBJECTID":23,"NMNOME":"Sítio Histórico do Bairro da Boa Vista (Conjuntos Antigos)","CDTIPO":"ZEPH","CDID":"08.1","CDSETOR":"SPA-3","ELINK":" ","NMLEI":" ","DBD2ESRI.ESI2.FCZEPH_PD_2020.AREA":3.0811704600000001,"TIPO":"Ambiental","DB2GSE.ST_Area(SHAPE)":30811.704648445,"DB2GSE.SdeLength(SHAPE)":768.4062962645886}},{"type":"Feature","id":24,"geometry":{"type":"Polygon","coordinates":[[[-34.889457947031687,-8.0663166446326873],[-34.887325679144951,-8.0655982180709707],[-34.886446768069241,-8.0653017315266862],[-34.885748257040106,-8.0650660985241593],[-34.885749647154341,-8.0650624685765777],[-34.885750651876052,-8.0650598457388778],[-34.885776510248903,-8.0649923447962433],[-34.885776713704573,-8.0649918140693906],[-34.885778839333902,-8.0649879547159546],[-34.885780650527138,-8.0649837758621583],[-34.885854658292999,-8.0647876171057042],[-34.885859161233441,-8.0647747033076396],[-34.885895699618246,-8.0646764009573761],[-34.885907061790355,-8.0646814114875642],[-34.885993401775046,-8.0647181580461957],[-34.886020222082358,-8.0647296203278813],[-34.886035397834057,-8.064735426965898],[-34.886035616098255,-8.0647042352470972],[-34.886040684012691,-8.0645842406744261],[-34.886040058263013,-8.0645703804132527],[-34.886037853323813,-8.0645215106479782],[-34.886017720613211,-8.064500529268118],[-34.886024416173825,-8.0644935144331189],[-34.886029952629691,-8.0644877145919995],[-34.88603515652391,-8.0644929496581366],[-34.886183836424713,-8.064485135521462],[-34.886283182166451,-8.0644799144803105],[-34.886386318718174,-8.0644744942391355],[-34.886504974937118,-8.0644682575396196],[-34.886631084908068,-8.06446162936661],[-34.886633099553308,-8.064461812656667],[-34.886682898711605,-8.064459933355538],[-34.886722154128663,-8.0644566108818818],[-34.886741824269798,-8.0644535368258889],[-34.886762317533396,-8.0644503468720909],[-34.886799293885339,-8.0644445929730963],[-34.886803766003737,-8.0644442107431811],[-34.886822944804479,-8.06444257462298],[-34.886843629728759,-8.0644408104180734],[-34.88688674693698,-8.0644371419611076],[-34.886911828663791,-8.0644349904444947],[-34.886927834721952,-8.0644336247881974],[-34.886954168848874,-8.0644314033106035],[-34.886968767215876,-8.0644300703553906],[-34.886997693078314,-8.0644276769146597],[-34.887010387382858,-8.064426533544653],[-34.887044572300987,-8.0644236638357576],[-34.88705327664313,-8.0644228100679971],[-34.887097989735608,-8.0644211575648992],[-34.887124282502441,-8.064418233798559],[-34.887141962056027,-8.0644162537883428],[-34.887166079957872,-8.0644136112621077],[-34.887182852834677,-8.0644117258349866],[-34.887208511051675,-8.0644088953946333],[-34.887225652216721,-8.0644081835706309],[-34.887306959463871,-8.0644032605618374],[-34.887310373097272,-8.0644269597053935],[-34.887311828584785,-8.0644368409010418],[-34.887317667450944,-8.0644764921764143],[-34.887331540607441,-8.0645707009940164],[-34.887339196427973,-8.0646175873695878],[-34.887351136113814,-8.0648644369643119],[-34.887351979630076,-8.0648898376693712],[-34.887354610876962,-8.0649378809072214],[-34.887368430193071,-8.0651902104902273],[-34.888150219264489,-8.0654681887031767],[-34.888248505284636,-8.0654998403025857],[-34.888258735617761,-8.0655031355138984],[-34.888281229077478,-8.0655147956714544],[-34.888308663693209,-8.0655233483349509],[-34.888298674776252,-8.0655572141174385],[-34.888289730730449,-8.065587534715382],[-34.888338129318079,-8.0656042078855492],[-34.888350392953022,-8.065562844949774],[-34.888354590430346,-8.0655486315814802],[-34.888387109409067,-8.0655581552829645],[-34.888389414150041,-8.0655465724656619],[-34.888406783281511,-8.0654581640191196],[-34.888427786319085,-8.0653513851431651],[-34.888440990700424,-8.0652842417191231],[-34.88845143202996,-8.0652860921420686],[-34.888454344178072,-8.0652691552902951],[-34.888476340329539,-8.0651412336031729],[-34.888490558946295,-8.0650580833339749],[-34.8885001865481,-8.0650020765543147],[-34.888487846310028,-8.0650011335387415],[-34.888494072150394,-8.0649693436911782],[-34.888497326859294,-8.0649527271119741],[-34.888599308952614,-8.0649569554080696],[-34.888603298304467,-8.0649571205421182],[-34.888657283089771,-8.0649595838634038],[-34.888765431626197,-8.0649637863970849],[-34.888766524940472,-8.0650429785252626],[-34.888765002485421,-8.0650862908470575],[-34.888757901785269,-8.0651394842374664],[-34.888750165273947,-8.0651924988403749],[-34.888914803224246,-8.0651917396319384],[-34.88897430369061,-8.0651903803436866],[-34.889013949824616,-8.0651913022868928],[-34.889016488324266,-8.0651913864119287],[-34.889016897445572,-8.0651913890455216],[-34.889017030797085,-8.0651913902386809],[-34.889211438013945,-8.0651909311923795],[-34.889364446261631,-8.0651904677354427],[-34.889471125726118,-8.0651889025039551],[-34.88954266157139,-8.0651886710515086],[-34.889541122702319,-8.0652073355850664],[-34.889539358845603,-8.0652287296605643],[-34.889530470908589,-8.0653365429546042],[-34.889495228018454,-8.0657866365759148],[-34.88946597754785,-8.0661763726027935],[-34.889457947031687,-8.0663166446326873]]]},"properties":{"OBJECTID":24,"NMNOME":"Sítio Histórico do Bairro da Boa Vista (Conjuntos Antigos)","CDTIPO":"ZEPH","CDID":"08.1","CDSETOR":"SPA-4","ELINK":" ","NMLEI":" ","DBD2ESRI.ESI2.FCZEPH_PD_2020.AREA":3.47363307,"TIPO":"Ambiental","DB2GSE.ST_Area(SHAPE)":34736.330703665,"DB2GSE.SdeLength(SHAPE)":1223.6507053351554}},{"type":"Feature","id":25,"geometry":{"type":"Polygon","coordinates":[[[-34.885043727438081,-8.0648104022971054],[-34.885354113500014,-8.0644597344175448],[-34.885328329936698,-8.0643597543588648],[-34.885295804114193,-8.0642455489021394],[-34.885281345912922,-8.0641947103660296],[-34.885273508265669,-8.0641672624323668],[-34.88521950345968,-8.0639842532280834],[-34.88511886901501,-8.0635843864555206],[-34.885090756845543,-8.0634888660408812],[-34.885016381320298,-8.0632361564819668],[-34.884986901330578,-8.063126935595573],[-34.882659407250983,-8.0637652563603961],[-34.882621248411681,-8.0636469953751746],[-34.882600076406725,-8.063584655064707],[-34.882572546808881,-8.063514354606788],[-34.882536347089406,-8.0634415200671299],[-34.882530542011082,-8.0634312257589169],[-34.88249365268959,-8.0633722683998066],[-34.882488105651184,-8.0633642213530141],[-34.882303474862475,-8.0630948824675777],[-34.88228630532678,-8.0630688668700419],[-34.882328894681514,-8.0630440341032283],[-34.882707115621592,-8.0628014248379962],[-34.882712488823231,-8.0628158193260155],[-34.882726882782485,-8.0628516786266751],[-34.882750620159854,-8.0629128643906451],[-34.882766923998453,-8.0629548879725643],[-34.882773442160811,-8.0629716739143209],[-34.882783645357662,-8.0629977486208997],[-34.882804616315617,-8.0630513428705282],[-34.882806855628232,-8.0630518551382799],[-34.883766686917376,-8.0627496338008697],[-34.884845318165247,-8.0624468631485939],[-34.884952887229204,-8.0623530781697532],[-34.885030214732566,-8.0622660953639649],[-34.885096195871029,-8.0622192217892827],[-34.885134099970607,-8.0621922966059891],[-34.885221077836256,-8.062130509463648],[-34.885366373408033,-8.062027317479318],[-34.885463213819207,-8.06195859312745],[-34.885569597470919,-8.0618829231068752],[-34.885436176447435,-8.0617339652848603],[-34.885407941209834,-8.0617019262564469],[-34.885399929229628,-8.0616928337293459],[-34.885371742752653,-8.0616615285849793],[-34.886246814520852,-8.0609178059888063],[-34.88624116221866,-8.0609107331785399],[-34.886235217951985,-8.0609032955600899],[-34.886171117483542,-8.0608230850872218],[-34.886108423518522,-8.0607439530197897],[-34.886108514904009,-8.060743902874858],[-34.886108487532205,-8.0607438686458508],[-34.886102644254443,-8.0607351241656868],[-34.88606079318928,-8.0606724986642533],[-34.886039521927323,-8.0606406690126331],[-34.886030080056209,-8.0606226995977703],[-34.886022225098259,-8.0606077497354924],[-34.885965975761252,-8.0605275455707481],[-34.885940964756166,-8.0604742286996718],[-34.88595155422221,-8.0604691171283527],[-34.885984939482569,-8.060454260462981],[-34.885992199507228,-8.0604510293269076],[-34.886008875797508,-8.0604426196907717],[-34.886040968958767,-8.0604276821762433],[-34.886070523153911,-8.0604139253178939],[-34.886076556568575,-8.0604110424713191],[-34.8861425021922,-8.0603804785639905],[-34.886159108301939,-8.0603727816601243],[-34.886236227899033,-8.0603369868488723],[-34.886242798463577,-8.060333939698106],[-34.886262187920579,-8.0603249479973211],[-34.886280216915637,-8.0603165863715613],[-34.886282300593116,-8.0603156193622176],[-34.886259849522773,-8.0602666312166331],[-34.886262494769007,-8.060265092053287],[-34.886270435920792,-8.0602604682097301],[-34.886276712485859,-8.0602568130627983],[-34.88632566573051,-8.0602283099843604],[-34.886395210052832,-8.0601878189737679],[-34.886446212345426,-8.0601581230146362],[-34.886489454414949,-8.0601329451917252],[-34.886499187253577,-8.0601271811915662],[-34.886507551394871,-8.0601222272170929],[-34.886586016542502,-8.0600757526122191],[-34.88663150004615,-8.0600488123565075],[-34.886685845889296,-8.0600175504897003],[-34.886823027033181,-8.0602374716354639],[-34.886939096418111,-8.0604235480868081],[-34.887002413028,-8.060525054882941],[-34.887003470985746,-8.0605241350844974],[-34.887023737392035,-8.0605565867827256],[-34.887148884590623,-8.0607569898475671],[-34.88718441026883,-8.0608138790186583],[-34.887298611965683,-8.0609967553160597],[-34.887335674854924,-8.0610561055179204],[-34.887374680690264,-8.061118566739129],[-34.887374707192819,-8.0611186091087372],[-34.887374802181348,-8.0611185535225012],[-34.887546073309068,-8.0613903252311943],[-34.887586847768503,-8.061456632354691],[-34.887593809712598,-8.06146795460179],[-34.887638876792629,-8.0614364930315823],[-34.887771740252198,-8.0613522537832427],[-34.887833129025445,-8.0613083040195921],[-34.887905291140584,-8.0612597788039917],[-34.887933803565794,-8.0612975762260213],[-34.887946819855557,-8.0613148320622869],[-34.887963244298533,-8.0613356405913201],[-34.888137296155897,-8.0615655593155005],[-34.888239526680479,-8.0617023272497494],[-34.888329022984649,-8.0617895597431044],[-34.888379691265428,-8.0618798786595445],[-34.888469757285833,-8.0620404237446994],[-34.888507750992751,-8.0621081475739516],[-34.888519508758932,-8.0621006799481005],[-34.888546214203764,-8.0620889846725436],[-34.888554894624839,-8.0620849432177621],[-34.888588575377668,-8.062069261355953],[-34.888638034420651,-8.0621482070730082],[-34.888657716603461,-8.0621796234520815],[-34.888686903125389,-8.0622262116437007],[-34.888726401856054,-8.0622892598470042],[-34.888763765775742,-8.0623488995676436],[-34.88876789824554,-8.0623554766670402],[-34.888791181530415,-8.0623925305348436],[-34.888807832237596,-8.0624208318635873],[-34.888829510809529,-8.062457680666661],[-34.888866570105584,-8.0625206713813373],[-34.888878865911082,-8.0625415712099979],[-34.888921296857696,-8.0626150578998459],[-34.888957413853667,-8.0626769092858215],[-34.888978990429287,-8.0627138607053723],[-34.889000481970143,-8.0627506660543773],[-34.888882852564038,-8.0628337515222039],[-34.888901046334105,-8.0628644062730466],[-34.888916316016541,-8.0628904637091967],[-34.888930393055517,-8.0629136335955476],[-34.888939174560377,-8.062929414461891],[-34.888950233025128,-8.0629471738001346],[-34.888969157095332,-8.0629788196634742],[-34.888988631298275,-8.0630117286969583],[-34.889004774497707,-8.0630387539827417],[-34.88900737269811,-8.0630431041761099],[-34.88902474339298,-8.0630723161882614],[-34.889226584633057,-8.0629568389431583],[-34.889283759595926,-8.0629235764855576],[-34.88928714940679,-8.0629307934711623],[-34.889299120011756,-8.062949633482928],[-34.889317509682591,-8.062981054864883],[-34.889341546467186,-8.0630221256369872],[-34.889343384572271,-8.0630272703999726],[-34.889354362419596,-8.0630471998793212],[-34.889358570713647,-8.0630548651278815],[-34.88936386877635,-8.0630627965740338],[-34.889379434174103,-8.0630900179759006],[-34.889398621132337,-8.0631235720084735],[-34.889423899280395,-8.0631686403000291],[-34.889425960968133,-8.0631723149059731],[-34.889443989356067,-8.0632044584929599],[-34.889461729518267,-8.0632350890787379],[-34.889480190300148,-8.0632253565347973],[-34.889495568879667,-8.0632162448406923],[-34.889532301925634,-8.0631956432904808],[-34.889544608984792,-8.0631892579916844],[-34.889570301537042,-8.0631743126347519],[-34.889605044010928,-8.0631548051525996],[-34.889629020221108,-8.0631414046397119],[-34.889646211716197,-8.0631320133567996],[-34.889671543522567,-8.0631175216974285],[-34.889694705444732,-8.0631045769758067],[-34.889721754843023,-8.0630888116843753],[-34.889753603425042,-8.0630712161019318],[-34.889791876883905,-8.0630500649830221],[-34.88979731713686,-8.0630470067118569],[-34.889813771808797,-8.0630377589542004],[-34.889848966537805,-8.0630179772433248],[-34.889851138937694,-8.0630169727382981],[-34.889865785109215,-8.0630064178893281],[-34.889926052065817,-8.0629803230758075],[-34.890032268980853,-8.0631416113022798],[-34.890042624488515,-8.0631570277625109],[-34.890079590078145,-8.06320760034329],[-34.890094702469099,-8.0632265307001578],[-34.890140231390347,-8.0632785120970549],[-34.890293806600205,-8.063435432914245],[-34.890251282975072,-8.0634670530090968],[-34.890186361237355,-8.0635120139307102],[-34.890111295524605,-8.0635605475444745],[-34.890071501892926,-8.0635862260966498],[-34.89002283177053,-8.0636147482348122],[-34.889988726354602,-8.0636347048558115],[-34.889968555304115,-8.0636470933547102],[-34.889954711648308,-8.0636546619603369],[-34.889933682872815,-8.0636669423093608],[-34.889918977657508,-8.0636755301668135],[-34.88990956573911,-8.0636810577153017],[-34.889879263792736,-8.0636988577378812],[-34.889818379733818,-8.0637344880009358],[-34.889784182326451,-8.0637541738106364],[-34.889745141277047,-8.0637766674218305],[-34.88970746449948,-8.063798375422957],[-34.889681484678945,-8.0638100674442494],[-34.889670814151465,-8.0638172588711861],[-34.889631803679222,-8.0638357915723891],[-34.889614877148823,-8.0638436447083262],[-34.889597424137015,-8.0638523980204617],[-34.889560396943388,-8.0638711991200633],[-34.889544827690543,-8.0638783227318349],[-34.889570115784295,-8.0639130130537762],[-34.889634181618554,-8.0639962551549242],[-34.889698143495167,-8.0640774201507615],[-34.889703468732719,-8.0640841662175351],[-34.889725517926443,-8.0641120999288951],[-34.889733897251595,-8.0641223270676541],[-34.889759093611183,-8.0641530787309694],[-34.889787560221194,-8.0641940096756137],[-34.889808041729069,-8.0642234613240511],[-34.889821831212224,-8.0642432873989058],[-34.889831137859808,-8.0642551303620351],[-34.889852750572039,-8.0642826348312706],[-34.889876146312687,-8.0643124057298454],[-34.889880827170181,-8.0643089233291843],[-34.889906041293166,-8.0643452521454435],[-34.889933428900072,-8.0643847135021325],[-34.889951876487181,-8.0644113890619824],[-34.889971780252537,-8.0644375344416019],[-34.889979231386683,-8.0644473219530592],[-34.889999314042193,-8.0644737024691349],[-34.890026234511524,-8.0645090641748478],[-34.89006401043099,-8.06455868551555],[-34.890089956269023,-8.0645927887163591],[-34.890101809184614,-8.0646083383879024],[-34.890116068025975,-8.0646270683479013],[-34.890040604919463,-8.064687537640312],[-34.889934289230261,-8.0647652363229554],[-34.88996175447091,-8.0647880080562029],[-34.890019523361111,-8.0648359034828818],[-34.890080711949004,-8.0648855270826818],[-34.890192495038569,-8.0649693616144589],[-34.890230721545954,-8.0649968499555396],[-34.890291160022556,-8.0650417929533322],[-34.890318469663583,-8.0650617193388587],[-34.890353516733583,-8.0650882278532858],[-34.890383010365383,-8.0651104224265193],[-34.890416228975326,-8.0651338664163728],[-34.890469852210543,-8.065175658483188],[-34.890469518777024,-8.0651819885570077],[-34.890469250042152,-8.0652252796882085],[-34.890723200097071,-8.0652228626155829],[-34.891386173294592,-8.0652114345598847],[-34.891861161969224,-8.0652054076807733],[-34.891896501956637,-8.0652049596674775],[-34.891898714795687,-8.0652553733642645],[-34.891871912291677,-8.0655766646289155],[-34.89190510677598,-8.0655765619297544],[-34.891903033166756,-8.065598811769588],[-34.891900769126728,-8.0656834970510349],[-34.89190057667831,-8.0656906844375076],[-34.891899974703634,-8.0657131923738365],[-34.891898597177388,-8.0657567742801781],[-34.891895834248352,-8.0658258584239171],[-34.891893207766046,-8.0658661543599202],[-34.891297377716157,-8.0658407469516646],[-34.890707541044591,-8.065822601461937],[-34.889836806156602,-8.0657979202072898],[-34.889566026167984,-8.0657902435927831],[-34.889538614903977,-8.0657890681832392],[-34.889496522655527,-8.0657872616489925],[-34.889495830385059,-8.0657872313918073],[-34.889495228018454,-8.0657866365759148],[-34.889530470908589,-8.0653365429546042],[-34.889539358845603,-8.0652287296605643],[-34.889541122702319,-8.0652073355850664],[-34.88954266157139,-8.0651886710515086],[-34.889471125726118,-8.0651889025039551],[-34.889364446261631,-8.0651904677354427],[-34.889211438013945,-8.0651909311923795],[-34.889017030797085,-8.0651913902386809],[-34.889016897445572,-8.0651913890455216],[-34.889016488324266,-8.0651913864119287],[-34.889013949824616,-8.0651913022868928],[-34.88897430369061,-8.0651903803436866],[-34.888914803224246,-8.0651917396319384],[-34.888750165273947,-8.0651924988403749],[-34.888757901785269,-8.0651394842374664],[-34.888765002485421,-8.0650862908470575],[-34.888766524940472,-8.0650429785252626],[-34.888765431626197,-8.0649637863970849],[-34.888657283089771,-8.0649595838634038],[-34.888603298304467,-8.0649571205421182],[-34.888599308952614,-8.0649569554080696],[-34.888497326859294,-8.0649527271119741],[-34.888494072150394,-8.0649693436911782],[-34.888487846310028,-8.0650011335387415],[-34.8885001865481,-8.0650020765543147],[-34.888490558946295,-8.0650580833339749],[-34.888476340329539,-8.0651412336031729],[-34.888454344178072,-8.0652691552902951],[-34.88845143202996,-8.0652860921420686],[-34.888440990700424,-8.0652842417191231],[-34.888427786319085,-8.0653513851431651],[-34.888406783281511,-8.0654581640191196],[-34.888389414150041,-8.0655465724656619],[-34.888387109409067,-8.0655581552829645],[-34.888354590430346,-8.0655486315814802],[-34.888350392953022,-8.065562844949774],[-34.888338129318079,-8.0656042078855492],[-34.888289730730449,-8.065587534715382],[-34.888298674776252,-8.0655572141174385],[-34.888308663693209,-8.0655233483349509],[-34.888281229077478,-8.0655147956714544],[-34.888258735617761,-8.0655031355138984],[-34.888248505284636,-8.0654998403025857],[-34.888150219264489,-8.0654681887031767],[-34.887368430193071,-8.0651902104902273],[-34.887354610876962,-8.0649378809072214],[-34.887351979630076,-8.0648898376693712],[-34.887351136113814,-8.0648644369643119],[-34.887339196427973,-8.0646175873695878],[-34.887331540607441,-8.0645707009940164],[-34.887317667450944,-8.0644764921764143],[-34.887311828584785,-8.0644368409010418],[-34.887310373097272,-8.0644269597053935],[-34.887306959463871,-8.0644032605618374],[-34.887225652216721,-8.0644081835706309],[-34.887208511051675,-8.0644088953946333],[-34.887182852834677,-8.0644117258349866],[-34.887166079957872,-8.0644136112621077],[-34.887141962056027,-8.0644162537883428],[-34.887124282502441,-8.064418233798559],[-34.887097989735608,-8.0644211575648992],[-34.88705327664313,-8.0644228100679971],[-34.887044572300987,-8.0644236638357576],[-34.887010387382858,-8.064426533544653],[-34.886997693078314,-8.0644276769146597],[-34.886968767215876,-8.0644300703553906],[-34.886954168848874,-8.0644314033106035],[-34.886927834721952,-8.0644336247881974],[-34.886911828663791,-8.0644349904444947],[-34.88688674693698,-8.0644371419611076],[-34.886843629728759,-8.0644408104180734],[-34.886822944804479,-8.06444257462298],[-34.886803766003737,-8.0644442107431811],[-34.886799293885339,-8.0644445929730963],[-34.886762317533396,-8.0644503468720909],[-34.886741824269798,-8.0644535368258889],[-34.886722154128663,-8.0644566108818818],[-34.886682898711605,-8.064459933355538],[-34.886633099553308,-8.064461812656667],[-34.886631084908068,-8.06446162936661],[-34.886504974937118,-8.0644682575396196],[-34.886386318718174,-8.0644744942391355],[-34.886283182166451,-8.0644799144803105],[-34.886183836424713,-8.064485135521462],[-34.88603515652391,-8.0644929496581366],[-34.886029952629691,-8.0644877145919995],[-34.886024416173825,-8.0644935144331189],[-34.886017720613211,-8.064500529268118],[-34.886037853323813,-8.0645215106479782],[-34.886040058263013,-8.0645703804132527],[-34.886040684012691,-8.0645842406744261],[-34.886035616098255,-8.0647042352470972],[-34.886035397834057,-8.064735426965898],[-34.886020222082358,-8.0647296203278813],[-34.885993401775046,-8.0647181580461957],[-34.885907061790355,-8.0646814114875642],[-34.885895699618246,-8.0646764009573761],[-34.885859161233441,-8.0647747033076396],[-34.885854658292999,-8.0647876171057042],[-34.885780650527138,-8.0649837758621583],[-34.885778839333902,-8.0649879547159546],[-34.885776713704573,-8.0649918140693906],[-34.885776510248903,-8.0649923447962433],[-34.885750651876052,-8.0650598457388778],[-34.885749647154341,-8.0650624685765777],[-34.885749513614194,-8.0650628181657726],[-34.885542596652819,-8.0649937272006014],[-34.885246375628746,-8.0648948174525366],[-34.885235682017374,-8.06489059399164],[-34.885221341476253,-8.0648849308436397],[-34.885195177716689,-8.064874599200353],[-34.885108421436826,-8.0648431549963711],[-34.885053395934143,-8.0648228340957111],[-34.885039377400652,-8.0648177534934664],[-34.885043727438081,-8.0648104022971054]]]},"properties":{"OBJECTID":25,"NMNOME":"Sítio Histórico do Bairro da Boa Vista (Conjuntos Antigos)","CDTIPO":"ZEPH","CDID":"08.1","CDSETOR":"SPR-1","ELINK":" ","NMLEI":" ","DBD2ESRI.ESI2.FCZEPH_PD_2020.AREA":23.818396929999999,"TIPO":"Rigoroso","DB2GSE.ST_Area(SHAPE)":238183.969364455,"DB2GSE.SdeLength(SHAPE)":3609.0406626473196}},{"type":"Feature","id":26,"geometry":{"type":"Polygon","coordinates":[[[-34.889763261233178,-8.0597151241227021],[-34.889776949721721,-8.0597071774590088],[-34.889865756152098,-8.0596556198427987],[-34.889923021424586,-8.0596223732650021],[-34.889973734200503,-8.0595929305121459],[-34.890058776566363,-8.0595698071645234],[-34.890080168625147,-8.0595646972220099],[-34.890144267320586,-8.0595510457123662],[-34.89059471904185,-8.0594637653428354],[-34.890603006649812,-8.0595148219075892],[-34.890616737125157,-8.0595934765210178],[-34.890623532978623,-8.0596327074108594],[-34.890630329741327,-8.0596719382960202],[-34.890638280618205,-8.059716893894219],[-34.890642328379023,-8.0597376581344324],[-34.890645308469473,-8.0597529504037677],[-34.890769028803156,-8.0597315994924283],[-34.890813653417531,-8.0597221621087876],[-34.890835520033818,-8.0598428711603383],[-34.890838883452993,-8.0598608151222884],[-34.890851092082308,-8.0599488881701014],[-34.890827195795381,-8.0599511293205328],[-34.890831155154942,-8.0600182866460148],[-34.890835744698322,-8.0600961308633732],[-34.890837942467797,-8.0601390688747436],[-34.890839958146564,-8.0601871356474568],[-34.890840525115472,-8.0602638981606685],[-34.890845445844306,-8.0603200800812829],[-34.890846153377282,-8.0603290624324906],[-34.890846023540469,-8.0603987600903402],[-34.890835678742476,-8.0604825054036446],[-34.890830169541005,-8.0605593773164017],[-34.890821515750062,-8.0607204965369128],[-34.890800285235819,-8.0609724882599689],[-34.890794545305049,-8.0610410862268065],[-34.890769262453766,-8.0613301167708258],[-34.890677243114474,-8.0613998839986607],[-34.890652383470467,-8.0614183514470987],[-34.890590731358159,-8.0614641109363365],[-34.890536129736681,-8.0615045038405242],[-34.890512807088442,-8.0615218793005035],[-34.890508716591945,-8.0614880142871801],[-34.890500073096476,-8.0614167939458117],[-34.890480091296681,-8.0612550564243328],[-34.890462790323411,-8.0611287372913214],[-34.890191518895463,-8.0612698583121016],[-34.890178127331858,-8.0612472069614078],[-34.890165827420219,-8.0612264003157463],[-34.89014543746142,-8.0611869319646878],[-34.890124081491287,-8.0611509912542481],[-34.890084083163536,-8.0610829179401655],[-34.890045303552895,-8.0610157249934336],[-34.89000722953498,-8.0609486951359415],[-34.889969154624289,-8.0608816652759874],[-34.889806011495565,-8.0609773628737873],[-34.889734611449136,-8.0610748812985786],[-34.889673400134178,-8.0611208438546811],[-34.889633072213741,-8.0611503942323317],[-34.88951691893844,-8.0612340036407826],[-34.889462406652378,-8.061274124784175],[-34.889361517297573,-8.061348181824167],[-34.889355370714135,-8.0613528661603571],[-34.889321530860393,-8.0613082549904842],[-34.889262777290639,-8.0612307996376611],[-34.889166080075299,-8.0612990873773605],[-34.889130911912638,-8.0613273120596602],[-34.889174019664033,-8.0613875599350422],[-34.889333882518557,-8.0616091354865684],[-34.889289052090689,-8.0616440587423153],[-34.889214298582097,-8.0617009986199033],[-34.889173539539932,-8.0617336429037714],[-34.889128526668848,-8.0617699158722811],[-34.889117957902585,-8.0617538774460815],[-34.888826859896149,-8.0613228642338104],[-34.888769109484251,-8.0612373551642431],[-34.888482747893313,-8.060739773261961],[-34.888541962465531,-8.0607064491265685],[-34.888609787982922,-8.0606638926425038],[-34.888633844882378,-8.0606479586152862],[-34.888673682296606,-8.0606233360050066],[-34.888716850088869,-8.0606023188740199],[-34.888725800680362,-8.0605955151252324],[-34.888683104452625,-8.0605392721414901],[-34.888739082050066,-8.0604910076553935],[-34.88883265565444,-8.0606193197439584],[-34.888883380698253,-8.0606921797102054],[-34.888936523918005,-8.0607669542048139],[-34.888970112812622,-8.0607397123251356],[-34.889019391261563,-8.0607033392706811],[-34.889059758237423,-8.0606782910778314],[-34.889035524112224,-8.0606482084083986],[-34.888970994436711,-8.0605631654618932],[-34.889021248407957,-8.0605278565348968],[-34.889071539167126,-8.0604948085313968],[-34.889106495956845,-8.0604679599444111],[-34.889121892843129,-8.0604571413027024],[-34.889138872081979,-8.060443273146749],[-34.889161513798463,-8.0604279124756886],[-34.88917594069094,-8.0604518248151038],[-34.889188103976323,-8.0604652946468978],[-34.889206113419867,-8.0604482421001258],[-34.889226634391918,-8.0604293779577283],[-34.889303109368754,-8.060386311393513],[-34.889214667270139,-8.0602673971676602],[-34.889258953024083,-8.0602390563356305],[-34.88931468780509,-8.0602033894217797],[-34.889368670111203,-8.060168126567012],[-34.889383424787134,-8.0601584888925295],[-34.889416755011098,-8.0601394418372045],[-34.889499929998799,-8.0602586442863018],[-34.889509578576721,-8.0602519367555185],[-34.889531711388926,-8.0602338417742914],[-34.889558609858334,-8.0602156895617867],[-34.889564671504765,-8.0602237838435613],[-34.88958761911011,-8.0602067130392729],[-34.889612465985735,-8.0601882303499828],[-34.889657388871775,-8.0601503973530786],[-34.88964358068273,-8.0601317764568225],[-34.889609413533336,-8.0600803383076194],[-34.889522160709546,-8.0599669073209004],[-34.889571260744276,-8.0599327762607142],[-34.889578317476406,-8.0599422383446626],[-34.889583609849957,-8.0599411371895027],[-34.889658682341711,-8.060041723139598],[-34.889700082162577,-8.0601037861005036],[-34.889702109320488,-8.0601023709142066],[-34.889722077117192,-8.0600884356218874],[-34.889751215304614,-8.0600679595410529],[-34.889796092616443,-8.060045132614075],[-34.889828633335789,-8.0600285636304552],[-34.889858909832199,-8.0600131478384256],[-34.889843952620417,-8.0599680102471041],[-34.889835874173002,-8.0599436292822979],[-34.889788029359067,-8.0599622704557881],[-34.889772636359083,-8.0599193941572373],[-34.889748660536313,-8.0598800751933926],[-34.889812108414603,-8.0598504878462034],[-34.889801108651426,-8.0598090079804621],[-34.889782237866129,-8.0597606681055556],[-34.889763261233178,-8.0597151241227021]]]},"properties":{"OBJECTID":26,"NMNOME":"Sítio Histórico do Bairro da Boa Vista (Conjuntos Antigos)","CDTIPO":"ZEPH","CDID":"08.1","CDSETOR":"SPR-2","ELINK":" ","NMLEI":" ","DBD2ESRI.ESI2.FCZEPH_PD_2020.AREA":3.40674798,"TIPO":"Rigoroso","DB2GSE.ST_Area(SHAPE)":34067.479867654998,"DB2GSE.SdeLength(SHAPE)":1182.7553123476018}},{"type":"Feature","id":27,"geometry":{"type":"Polygon","coordinates":[[[-34.881443606999156,-8.0615770900198047],[-34.881385968353136,-8.0614905628659361],[-34.881338823128054,-8.0614173679241965],[-34.881275786731251,-8.0613209206317329],[-34.881226816086354,-8.0612452930283922],[-34.881212563099908,-8.0612232084681956],[-34.881418963386828,-8.0610928869140679],[-34.881438863813187,-8.0610807712719907],[-34.881642910936762,-8.0609516357453312],[-34.881673715575694,-8.0610024844740558],[-34.881701212906812,-8.0610443075748304],[-34.881776303191124,-8.0611384392374639],[-34.881852504993077,-8.0612571567742854],[-34.881909787111518,-8.0613450416069519],[-34.881926324582821,-8.0613707319654306],[-34.881963792024891,-8.0614304100499794],[-34.881805397923529,-8.0615061761624318],[-34.881735422673188,-8.0615374170630609],[-34.881684745061989,-8.0615635064880955],[-34.881535238250244,-8.061638779668316],[-34.881496142136577,-8.0616584873304493],[-34.881443606999156,-8.0615770900198047]]]},"properties":{"OBJECTID":27,"NMNOME":"Sítio Histórico do Bairro da Boa Vista (Conjuntos Antigos)","CDTIPO":"ZEPH","CDID":"08.2","CDSETOR":"SPR-1","ELINK":" ","NMLEI":" ","DBD2ESRI.ESI2.FCZEPH_PD_2020.AREA":0.34291202999999998,"TIPO":"Rigoroso","DB2GSE.ST_Area(SHAPE)":3429.1203999999998,"DB2GSE.SdeLength(SHAPE)":234.71022266555232}},{"type":"Feature","id":28,"geometry":{"type":"Polygon","coordinates":[[[-34.882032290409434,-8.061315186794328],[-34.881996005396076,-8.0612595318694815],[-34.881958923935692,-8.0612015191374624],[-34.881906202366075,-8.0611190378512827],[-34.881839230322242,-8.0610150144576647],[-34.881801031007114,-8.0609539835871278],[-34.881840698352121,-8.0609338474686822],[-34.882069952496586,-8.0608175750095903],[-34.882112565134008,-8.0608825770973507],[-34.88217837387451,-8.0609900412856046],[-34.882202954765013,-8.0610288942694375],[-34.882231191193682,-8.0610736069855626],[-34.882267286241515,-8.0611307481635901],[-34.882294261231593,-8.0611733755273001],[-34.882302832556462,-8.0611869208737961],[-34.882323484556011,-8.0612196441424651],[-34.882336279141562,-8.0612401984121593],[-34.882296123131646,-8.0612637253185238],[-34.88228624619731,-8.0612683643193996],[-34.882223465499472,-8.0612980723700822],[-34.882148847428304,-8.0613333659473341],[-34.882064217495575,-8.0613733533750125],[-34.882032290409434,-8.061315186794328]]]},"properties":{"OBJECTID":28,"NMNOME":"Sítio Histórico do Bairro da Boa Vista (Conjuntos Antigos)","CDTIPO":"ZEPH","CDID":"08.2","CDSETOR":"SPR-2","ELINK":" ","NMLEI":" ","DBD2ESRI.ESI2.FCZEPH_PD_2020.AREA":0.18223444,"TIPO":"Rigoroso","DB2GSE.ST_Area(SHAPE)":1822.344468925,"DB2GSE.SdeLength(SHAPE)":176.62887684300674}},{"type":"Feature","id":29,"geometry":{"type":"Polygon","coordinates":[[[-34.881418080471853,-8.0604076245891179],[-34.879265151419617,-8.0570446984455071],[-34.879883734987217,-8.0566329328273998],[-34.882013626702808,-8.0600531512467963],[-34.881418080471853,-8.0604076245891179]]]},"properties":{"OBJECTID":29,"NMNOME":"Sítio Histórico do Bairro da Boa Vista (Conjuntos Antigos)","CDTIPO":"ZEPH","CDID":"08.3","CDSETOR":"SPA","ELINK":" ","NMLEI":" ","DBD2ESRI.ESI2.FCZEPH_PD_2020.AREA":3.5110262300000001,"TIPO":"Ambiental","DB2GSE.ST_Area(SHAPE)":35110.262346540003,"DB2GSE.SdeLength(SHAPE)":1044.9774813648958}},{"type":"Feature","id":30,"geometry":{"type":"Polygon","coordinates":[[[-34.879982086357174,-8.0594205305348883],[-34.879787715640283,-8.0591104114418783],[-34.879715694277074,-8.0589955001880362],[-34.878720321541572,-8.0574073682660767],[-34.879265151419617,-8.0570446984455071],[-34.881418080471853,-8.0604076245891179],[-34.88138525179901,-8.0604271642162821],[-34.880822825266407,-8.0607619232779868],[-34.880039081611905,-8.0595114656657518],[-34.879982086357174,-8.0594205305348883]]]},"properties":{"OBJECTID":30,"NMNOME":"Sítio Histórico do Bairro da Boa Vista (Conjuntos Antigos)","CDTIPO":"ZEPH","CDID":"08.3","CDSETOR":"SPR","ELINK":" ","NMLEI":" ","DBD2ESRI.ESI2.FCZEPH_PD_2020.AREA":3.26477284,"TIPO":"Rigoroso","DB2GSE.ST_Area(SHAPE)":32647.728486399999,"DB2GSE.SdeLength(SHAPE)":1027.4003802267907}},{"type":"Feature","id":31,"geometry":{"type":"Polygon","coordinates":[[[-34.866013183893905,-8.0449780740283199],[-34.86877261402369,-8.0438575880259666],[-34.869393603702996,-8.0452048549340489],[-34.870152030000341,-8.0468993504710014],[-34.870618354885842,-8.0479594638887377],[-34.871553587733153,-8.0493527728447596],[-34.872726529308999,-8.0509931079095818],[-34.87234871746594,-8.0511586190850704],[-34.871901794406668,-8.0516884466972076],[-34.871731206996017,-8.0520030315353353],[-34.871650258579045,-8.0521523101926427],[-34.871745017438528,-8.0528050422496058],[-34.871544482367632,-8.053408882459518],[-34.871294037665287,-8.0537945429978901],[-34.869816570410372,-8.0551809956982616],[-34.869666879364047,-8.0554203355020473],[-34.869672718639357,-8.0577925215013959],[-34.86963580993752,-8.0581372455648275],[-34.869642618929724,-8.0584579574980051],[-34.869683991610039,-8.0586265428770325],[-34.870040034020114,-8.0596527562134437],[-34.870921433055955,-8.0593609044793038],[-34.870832936506531,-8.0586362120487234],[-34.871651677770053,-8.0584383330238794],[-34.872512128140983,-8.0582995483495345],[-34.872794015274977,-8.0603256579554543],[-34.872877205063389,-8.0605660836739741],[-34.87308657261611,-8.0608979712716717],[-34.87389440886092,-8.0623099467463479],[-34.87458302733625,-8.0635193676622734],[-34.874552320762049,-8.0639128888709131],[-34.874393691065599,-8.0647774294726702],[-34.874033800675512,-8.0663184981150202],[-34.873381433118681,-8.0667959826635744],[-34.872859149158323,-8.0671809387841353],[-34.872020025735715,-8.0656599538641203],[-34.871525362970871,-8.0646924231982329],[-34.871142022924268,-8.063960810499827],[-34.870847224481174,-8.0633964465733747],[-34.870624915808484,-8.0627503744630751],[-34.8704120608609,-8.0621443162665702],[-34.869190594068158,-8.0587302668151768],[-34.868365665118525,-8.0565473384430586],[-34.86781006876398,-8.0548477999413617],[-34.867879315416864,-8.053942262689235],[-34.867941357318458,-8.0531675644551566],[-34.868146943557441,-8.049598701361937],[-34.867720639590082,-8.0486825291348474],[-34.866013183893905,-8.0449780740283199]]]},"properties":{"OBJECTID":31,"NMNOME":"BAIRRO DO RECIFE","CDTIPO":"ZEPH","CDID":"09","CDSETOR":"SIC","ELINK":" ","NMLEI":" ","DBD2ESRI.ESI2.FCZEPH_PD_2020.AREA":79.329118660000006,"TIPO":"Rigoroso","DB2GSE.ST_Area(SHAPE)":793291.18879275501,"DB2GSE.SdeLength(SHAPE)":6440.5020489098051}},{"type":"Feature","id":32,"geometry":{"type":"Polygon","coordinates":[[[-34.872726529308999,-8.0509931079095818],[-34.873247371824043,-8.0553730371883852],[-34.873259311847058,-8.0555065495160054],[-34.873471161848663,-8.0560897636856676],[-34.873633991292081,-8.0568844492395311],[-34.873644827139259,-8.0575383941363121],[-34.873594703242603,-8.0584987896648776],[-34.873492023675617,-8.0590022503504599],[-34.873493515595769,-8.0593264954831962],[-34.873506444909161,-8.0595946612719764],[-34.873610809165754,-8.06025308142722],[-34.873715173092819,-8.0609115014626092],[-34.874144761526324,-8.0622201752129179],[-34.87389440886092,-8.0623099467463479],[-34.87308657261611,-8.0608979712716717],[-34.872877205063389,-8.0605660836739741],[-34.872794015274977,-8.0603256579554543],[-34.872721440771478,-8.0597697265571373],[-34.872182848419691,-8.0559421429926932],[-34.87193480330896,-8.0541319922289318],[-34.871852111279999,-8.0534889124987252],[-34.871650258579045,-8.0521523101926427],[-34.871901794406668,-8.0516884466972076],[-34.87234871746594,-8.0511586190850704],[-34.872726529308999,-8.0509931079095818]]]},"properties":{"OBJECTID":32,"NMNOME":"BAIRRO DO RECIFE","CDTIPO":"ZEPH","CDID":"09","CDSETOR":"SCU","ELINK":" ","NMLEI":" ","DBD2ESRI.ESI2.FCZEPH_PD_2020.AREA":13.53434577,"TIPO":"Rigoroso","DB2GSE.ST_Area(SHAPE)":135343.45778396999,"DB2GSE.SdeLength(SHAPE)":2635.6881850004779}},{"type":"Feature","id":33,"geometry":{"type":"Polygon","coordinates":[[[-34.879539648184767,-8.0613756571474973],[-34.878182696989839,-8.0616912928216848],[-34.87829335708507,-8.0627001785070807],[-34.877616412875142,-8.0627852707077388],[-34.877574252159938,-8.0633824570201256],[-34.876945229690037,-8.0633633601002686],[-34.876988079738098,-8.0628814094612675],[-34.876457171340832,-8.0629425262632317],[-34.87649607157099,-8.0617557890885028],[-34.876569787960086,-8.0603556752209364],[-34.876626577792742,-8.0600148659005981],[-34.876683899471928,-8.0598902051595456],[-34.876799791368946,-8.059764560195692],[-34.876965559120151,-8.0596021934932409],[-34.877108406518147,-8.0594763572359298],[-34.877287067968176,-8.0593996394056475],[-34.87742104256381,-8.0593677969424498],[-34.8775417887326,-8.0593672239835517],[-34.877662599309367,-8.0593800293153404],[-34.877864844595678,-8.05945065464301],[-34.878094452601815,-8.0595615389561193],[-34.878188521428569,-8.0596323026312184],[-34.87868201265691,-8.0602135467286775],[-34.879539648184767,-8.0613756571474973]]]},"properties":{"OBJECTID":33,"NMNOME":"SANTO ANTÔNIO / SÃO JOSÉ","CDTIPO":"ZEPH","CDID":"10","CDSETOR":"SPR-1","ELINK":" ","NMLEI":" ","DBD2ESRI.ESI2.FCZEPH_PD_2020.AREA":8.8781066000000006,"TIPO":"Rigoroso","DB2GSE.ST_Area(SHAPE)":88781.066005845001,"DB2GSE.SdeLength(SHAPE)":1366.2995899208702}},{"type":"Feature","id":34,"geometry":{"type":"Polygon","coordinates":[[[-34.87981605125789,-8.0617270165166932],[-34.880068718645802,-8.0621149542460948],[-34.880671886258277,-8.063193290505124],[-34.880753938117252,-8.0634383746548686],[-34.880218778542755,-8.0636309286753729],[-34.878603272405933,-8.0640647864500803],[-34.878510682868104,-8.0637360400313707],[-34.877996167484497,-8.0640446199016669],[-34.878047132415759,-8.0634070549651753],[-34.877971016823693,-8.0627411708162011],[-34.87880427863238,-8.0626321471776876],[-34.878751964002333,-8.0621443091330267],[-34.879405284644072,-8.0620622221843732],[-34.87981605125789,-8.0617270165166932]]]},"properties":{"OBJECTID":34,"NMNOME":"SANTO ANTÔNIO / SÃO JOSÉ","CDTIPO":"ZEPH","CDID":"10","CDSETOR":"SPR-5","ELINK":" ","NMLEI":" ","DBD2ESRI.ESI2.FCZEPH_PD_2020.AREA":4.7437355300000004,"TIPO":"Rigoroso","DB2GSE.ST_Area(SHAPE)":47437.355361324997,"DB2GSE.SdeLength(SHAPE)":990.33906074722017}},{"type":"Feature","id":35,"geometry":{"type":"Polygon","coordinates":[[[-34.88088407393019,-8.063885280283829],[-34.881020675791383,-8.0643648965036849],[-34.880493595241958,-8.064503916812189],[-34.880556527830528,-8.0647348096620135],[-34.879890552195029,-8.0648866223557629],[-34.879782429680319,-8.0644681471588715],[-34.878677939236802,-8.0647595432441594],[-34.878603272405933,-8.0640647864500803],[-34.880218778542755,-8.0636309286753729],[-34.880342943491229,-8.0640396021690925],[-34.88088407393019,-8.063885280283829]]]},"properties":{"OBJECTID":35,"NMNOME":"SANTO ANTÔNIO / SÃO JOSÉ","CDTIPO":"ZEPH","CDID":"10","CDSETOR":"SPR-2","ELINK":" ","NMLEI":" ","DBD2ESRI.ESI2.FCZEPH_PD_2020.AREA":2.1721790200000002,"TIPO":"Rigoroso","DB2GSE.ST_Area(SHAPE)":21721.790230980001,"DB2GSE.SdeLength(SHAPE)":761.79427059502325}},{"type":"Feature","id":36,"geometry":{"type":"Polygon","coordinates":[[[-34.876094914481989,-8.0661958893080907],[-34.876418855996846,-8.0641711921380335],[-34.876445806875587,-8.0633625395765005],[-34.876945229690037,-8.0633633601002686],[-34.876831245058689,-8.06419692815631],[-34.87793966020849,-8.0643639921238641],[-34.877913140386561,-8.0645677755140142],[-34.87818822420995,-8.0645978010213817],[-34.878088128669319,-8.0652606008383998],[-34.878683041126223,-8.0653603639251639],[-34.879674958518699,-8.0672022428687118],[-34.884054325920239,-8.0726014076538615],[-34.88383406516575,-8.0732609485832132],[-34.881201475509577,-8.0724608958511475],[-34.879596773817283,-8.0721976612495965],[-34.878692635137682,-8.071013642708909],[-34.878925485457593,-8.0708460121630612],[-34.878681451478975,-8.070456766800314],[-34.878742804732148,-8.0704234482473751],[-34.878386841757461,-8.0698683931627038],[-34.878460224286989,-8.0698262064763462],[-34.878141333446258,-8.0691074097427844],[-34.878001238717239,-8.0691662662665475],[-34.877961477112237,-8.0690972556028449],[-34.877893080240383,-8.0691245191297707],[-34.87788033525127,-8.0690978429627513],[-34.877771731668922,-8.0691455414356508],[-34.877736611719115,-8.069057634918229],[-34.877424613085182,-8.0691872348604949],[-34.87659964019911,-8.069422654996016],[-34.876010663909781,-8.0674343707193668],[-34.876914486219242,-8.0672002718845324],[-34.877033262154242,-8.0676503324192232],[-34.877430019188793,-8.0675466948109911],[-34.877455198597104,-8.0676218316072532],[-34.877892901526131,-8.06745262439828],[-34.877272745547167,-8.0662085792715938],[-34.877295651374276,-8.0665592720344357],[-34.876788323039641,-8.0665978356565571],[-34.875988681046827,-8.0668133216933811],[-34.876094914481989,-8.0661958893080907]]]},"properties":{"OBJECTID":36,"NMNOME":"SANTO ANTÔNIO / SÃO JOSÉ","CDTIPO":"ZEPH","CDID":"10","CDSETOR":"SPR-4","ELINK":" ","NMLEI":" ","DBD2ESRI.ESI2.FCZEPH_PD_2020.AREA":34.63770409,"TIPO":"Rigoroso","DB2GSE.ST_Area(SHAPE)":346377.04091595998,"DB2GSE.SdeLength(SHAPE)":3855.4753940805263}},{"type":"Feature","id":37,"geometry":{"type":"Polygon","coordinates":[[[-34.878240210114633,-8.0622156430754757],[-34.878751964002333,-8.0621443091330267],[-34.87880427863238,-8.0626321471776876],[-34.878293229244818,-8.0626990128265472],[-34.878240210114633,-8.0622156430754757]]]},"properties":{"OBJECTID":37,"NMNOME":"SANTO ANTÔNIO / SÃO JOSÉ","CDTIPO":"ZEPH","CDID":"10","CDSETOR":"SPR-7","ELINK":" ","NMLEI":" ","DBD2ESRI.ESI2.FCZEPH_PD_2020.AREA":0.30725673999999997,"TIPO":"Rigoroso","DB2GSE.ST_Area(SHAPE)":3072.5674425699999,"DB2GSE.SdeLength(SHAPE)":221.83883885727263}},{"type":"Feature","id":38,"geometry":{"type":"Polygon","coordinates":[[[-34.879539648184767,-8.0613756571474973],[-34.87981605125789,-8.0617270165166932],[-34.879405284644072,-8.0620622221843732],[-34.878751964002333,-8.0621443091330267],[-34.878240210114633,-8.0622156430754757],[-34.878182696989839,-8.0616912928216848],[-34.879539648184767,-8.0613756571474973]]]},"properties":{"OBJECTID":38,"NMNOME":"SANTO ANTÔNIO / SÃO JOSÉ","CDTIPO":"ZEPH","CDID":"10","CDSETOR":"SPA-6","ELINK":" ","NMLEI":" ","DBD2ESRI.ESI2.FCZEPH_PD_2020.AREA":1.06167838,"TIPO":"Ambiental","DB2GSE.ST_Area(SHAPE)":10616.78388368,"DB2GSE.SdeLength(SHAPE)":449.42536177205835}},{"type":"Feature","id":39,"geometry":{"type":"Polygon","coordinates":[[[-34.880753938117252,-8.0634383746548686],[-34.880883074705508,-8.0638855669448599],[-34.880342943491229,-8.0640396021690925],[-34.880218778542755,-8.0636309286753729],[-34.880753938117252,-8.0634383746548686]]]},"properties":{"OBJECTID":39,"NMNOME":"SANTO ANTÔNIO / SÃO JOSÉ","CDTIPO":"ZEPH","CDID":"10","CDSETOR":"SPA-9","ELINK":" ","NMLEI":" ","DBD2ESRI.ESI2.FCZEPH_PD_2020.AREA":0.30731272999999998,"TIPO":"Ambiental","DB2GSE.ST_Area(SHAPE)":3073.127322195,"DB2GSE.SdeLength(SHAPE)":223.35990299547021}},{"type":"Feature","id":40,"geometry":{"type":"Polygon","coordinates":[[[-34.875988681046827,-8.0668133216933811],[-34.876788323039641,-8.0665978356565571],[-34.877295651374276,-8.0665592720344357],[-34.877272745547167,-8.0662085792715938],[-34.877892901526131,-8.06745262439828],[-34.877455198597104,-8.0676218316072532],[-34.877430019188793,-8.0675466948109911],[-34.877033262154242,-8.0676503324192232],[-34.876914486219242,-8.0672002718845324],[-34.876010493573659,-8.0674344148957324],[-34.875904507169849,-8.0670279534044482],[-34.875988681046827,-8.0668133216933811]]]},"properties":{"OBJECTID":40,"NMNOME":"SANTO ANTÔNIO / SÃO JOSÉ","CDTIPO":"ZEPH","CDID":"10","CDSETOR":"SPA-3","ELINK":" ","NMLEI":" ","DBD2ESRI.ESI2.FCZEPH_PD_2020.AREA":1.7023306499999999,"TIPO":"Ambiental","DB2GSE.ST_Area(SHAPE)":17023.306547420001,"DB2GSE.SdeLength(SHAPE)":672.04669630424041}},{"type":"Feature","id":41,"geometry":{"type":"Polygon","coordinates":[[[-34.87793966020849,-8.0643639921238641],[-34.878642953537344,-8.0644340080232464],[-34.878677939236802,-8.0647595432441594],[-34.879190358123253,-8.0646243533053674],[-34.879196608740109,-8.0650897677870947],[-34.879234985415742,-8.0652779264788617],[-34.879318866369445,-8.0652640744204565],[-34.879304424588305,-8.0655355822649639],[-34.879337445569185,-8.0658065694613565],[-34.87892439489854,-8.0658085323521558],[-34.878683041126223,-8.0653603639251639],[-34.878088128669319,-8.0652606008383998],[-34.87818822420995,-8.0645978010213817],[-34.877913140386561,-8.0645677755140142],[-34.87793966020849,-8.0643639921238641]]]},"properties":{"OBJECTID":41,"NMNOME":"SANTO ANTÔNIO / SÃO JOSÉ","CDTIPO":"ZEPH","CDID":"10","CDSETOR":"SPA-8","ELINK":" ","NMLEI":" ","DBD2ESRI.ESI2.FCZEPH_PD_2020.AREA":1.35980721,"TIPO":"Ambiental","DB2GSE.ST_Area(SHAPE)":13598.072180200001,"DB2GSE.SdeLength(SHAPE)":610.60501553455708}},{"type":"Feature","id":42,"geometry":{"type":"Polygon","coordinates":[[[-34.879596773817283,-8.0721976612495965],[-34.877775842309376,-8.0718762750728814],[-34.87659964019911,-8.069422654996016],[-34.877424613085182,-8.0691872348604949],[-34.877895232224184,-8.0706319312843675],[-34.878388589102535,-8.0712225069094057],[-34.878692635137682,-8.071013642708909],[-34.879596773817283,-8.0721976612495965]]]},"properties":{"OBJECTID":42,"NMNOME":"SANTO ANTÔNIO / SÃO JOSÉ","CDTIPO":"ZEPH","CDID":"10","CDSETOR":"SPA-2","ELINK":" ","NMLEI":" ","DBD2ESRI.ESI2.FCZEPH_PD_2020.AREA":3.4628566900000002,"TIPO":"Ambiental","DB2GSE.ST_Area(SHAPE)":34628.56696874,"DB2GSE.SdeLength(SHAPE)":1057.5348994134008}},{"type":"Feature","id":43,"geometry":{"type":"Polygon","coordinates":[[[-34.880102119401776,-8.0677288839318564],[-34.880308706378109,-8.0675740652071966],[-34.880778029556531,-8.0672969172958577],[-34.881278584598562,-8.0671445821558461],[-34.880625073985314,-8.06501500881458],[-34.880560560261443,-8.0647338906843835],[-34.880493595241958,-8.064503916812189],[-34.881021435032942,-8.0643646968317437],[-34.88233570208773,-8.0688049961676143],[-34.881445617523966,-8.069385250832541],[-34.880102119401776,-8.0677288839318564]]]},"properties":{"OBJECTID":43,"NMNOME":"SANTO ANTÔNIO / SÃO JOSÉ","CDTIPO":"ZEPH","CDID":"10","CDSETOR":"SPA-11","ELINK":" ","NMLEI":" ","DBD2ESRI.ESI2.FCZEPH_PD_2020.AREA":5.49841566,"TIPO":"Ambiental","DB2GSE.ST_Area(SHAPE)":54984.156648529999,"DB2GSE.SdeLength(SHAPE)":1376.1370467605896}},{"type":"Feature","id":44,"geometry":{"type":"Polygon","coordinates":[[[-34.878027582459396,-8.0636516293451965],[-34.877560506640201,-8.0636307848108206],[-34.877487437018118,-8.0642958322249356],[-34.876831245058689,-8.06419692815631],[-34.876945546279856,-8.0633633613621161],[-34.877574252159938,-8.0633824570201256],[-34.877616412875142,-8.0627852707077388],[-34.877971449761247,-8.0627449587468529],[-34.878047132415759,-8.0634070549651753],[-34.878027582459396,-8.0636516293451965]]]},"properties":{"OBJECTID":44,"NMNOME":"SANTO ANTÔNIO / SÃO JOSÉ","CDTIPO":"ZEPH","CDID":"10","CDSETOR":"SPA-4","ELINK":" ","NMLEI":" ","DBD2ESRI.ESI2.FCZEPH_PD_2020.AREA":1.15667125,"TIPO":"Ambiental","DB2GSE.ST_Area(SHAPE)":11566.71252669,"DB2GSE.SdeLength(SHAPE)":567.56155153578595}},{"type":"Feature","id":45,"geometry":{"type":"Polygon","coordinates":[[[-34.880625073985314,-8.06501500881458],[-34.881278584598562,-8.0671445821558461],[-34.880778029556531,-8.0672969172958577],[-34.880308706378109,-8.0675740652071966],[-34.879895654272772,-8.0670392418637],[-34.879663915159448,-8.0664591971045141],[-34.879804177565696,-8.0653221831436532],[-34.879957284736577,-8.0651375920376616],[-34.880625073985314,-8.06501500881458]]]},"properties":{"OBJECTID":45,"NMNOME":"SANTO ANTÔNIO / SÃO JOSÉ","CDTIPO":"ZEPH","CDID":"10","CDSETOR":"SPR-3","ELINK":" ","NMLEI":" ","DBD2ESRI.ESI2.FCZEPH_PD_2020.AREA":3.28746144,"TIPO":"Rigoroso","DB2GSE.ST_Area(SHAPE)":32874.614490904998,"DB2GSE.SdeLength(SHAPE)":735.9285406752897}},{"type":"Feature","id":46,"geometry":{"type":"Polygon","coordinates":[[[-34.880625073985314,-8.06501500881458],[-34.879957284736577,-8.0651375920376616],[-34.879804177565696,-8.0653221831436532],[-34.879663915159448,-8.0664591971045141],[-34.879895654272772,-8.0670392418637],[-34.880308706378109,-8.0675740652071966],[-34.880102119401776,-8.0677288839318564],[-34.879674958518699,-8.0672022428687118],[-34.87892439489854,-8.0658085323521558],[-34.879337445569185,-8.0658065694613565],[-34.879304424588305,-8.0655355822649639],[-34.879318866369445,-8.0652640744204565],[-34.879234985415742,-8.0652779264788617],[-34.879196608740109,-8.0650897677870947],[-34.879190358123253,-8.0646243533053674],[-34.879782429680319,-8.0644681471588715],[-34.879890552195029,-8.0648866223557629],[-34.880560560261443,-8.0647338906843835],[-34.880625073985314,-8.06501500881458]]]},"properties":{"OBJECTID":46,"NMNOME":"SANTO ANTÔNIO / SÃO JOSÉ","CDTIPO":"ZEPH","CDID":"10","CDSETOR":"SPA","ELINK":" ","NMLEI":" ","DBD2ESRI.ESI2.FCZEPH_PD_2020.AREA":2.1147257800000001,"TIPO":"Ambiental","DB2GSE.ST_Area(SHAPE)":21147.25783413,"DB2GSE.SdeLength(SHAPE)":1061.011619343753}},{"type":"Feature","id":47,"geometry":{"type":"Polygon","coordinates":[[[-34.878642953537344,-8.0644340080232464],[-34.87793966020849,-8.0643639921238641],[-34.877487437018118,-8.0642958322249356],[-34.877560506640201,-8.0636307848108206],[-34.878027582459396,-8.0636516293451965],[-34.877996167484497,-8.0640446199016669],[-34.878510682868104,-8.0637360400313707],[-34.878603272405933,-8.0640647864500803],[-34.878642953537344,-8.0644340080232464]]]},"properties":{"OBJECTID":47,"NMNOME":"SANTO ANTÔNIO / SÃO JOSÉ","CDTIPO":"ZEPH","CDID":"10","CDSETOR":"SPR","ELINK":" ","NMLEI":" ","DBD2ESRI.ESI2.FCZEPH_PD_2020.AREA":0.79387684000000003,"TIPO":"Rigoroso","DB2GSE.ST_Area(SHAPE)":7938.7684575900003,"DB2GSE.SdeLength(SHAPE)":442.52684993293525}},{"type":"Feature","id":48,"geometry":{"type":"Polygon","coordinates":[[[-34.878925485457593,-8.0708460121630612],[-34.878692635137682,-8.071013642708909],[-34.878388589102535,-8.0712225069094057],[-34.877895232224184,-8.0706319312843675],[-34.877424613085182,-8.0691872348604949],[-34.877736611719115,-8.069057634918229],[-34.877771731668922,-8.0691455414356508],[-34.87788033525127,-8.0690978429627513],[-34.877893080240383,-8.0691245191297707],[-34.877961477112237,-8.0690972556028449],[-34.878001238717239,-8.0691662662665475],[-34.878141333446258,-8.0691074097427844],[-34.878460224286989,-8.0698262064763462],[-34.878386841757461,-8.0698683931627038],[-34.878742804732148,-8.0704234482473751],[-34.878681451478975,-8.070456766800314],[-34.878925485457593,-8.0708460121630612]]]},"properties":{"OBJECTID":48,"NMNOME":"SANTO ANTÔNIO / SÃO JOSÉ","CDTIPO":"ZEPH","CDID":"10","CDSETOR":"SPA","ELINK":" ","NMLEI":" ","DBD2ESRI.ESI2.FCZEPH_PD_2020.AREA":1.9200044000000001,"TIPO":"Ambiental","DB2GSE.ST_Area(SHAPE)":19200.044029875,"DB2GSE.SdeLength(SHAPE)":650.75172419507567}},{"type":"Feature","id":49,"geometry":{"type":"Polygon","coordinates":[[[-34.876457171340832,-8.0629425262632317],[-34.876988079738098,-8.0628814094612675],[-34.876945229690037,-8.0633633601002686],[-34.876445806875587,-8.0633625395765005],[-34.876457171340832,-8.0629425262632317]]]},"properties":{"OBJECTID":49,"NMNOME":"SANTO ANTÔNIO / SÃO JOSÉ","CDTIPO":"ZEPH","CDID":"10","CDSETOR":"SPA-5","ELINK":" ","NMLEI":" ","DBD2ESRI.ESI2.FCZEPH_PD_2020.AREA":0.28230139999999998,"TIPO":"Ambiental","DB2GSE.ST_Area(SHAPE)":2823.014020435,"DB2GSE.SdeLength(SHAPE)":213.96583876094888}},{"type":"Feature","id":50,"geometry":{"type":"Polygon","coordinates":[[[-34.88503859824376,-8.0538857549574807],[-34.885069046221069,-8.0539325295196509],[-34.884735731878123,-8.0541316479009595],[-34.884509997148115,-8.0537701816687477],[-34.884835223232777,-8.0535609487660107],[-34.88503859824376,-8.0538857549574807]]]},"properties":{"OBJECTID":50,"NMNOME":"PURISTA","CDTIPO":"ZEPH","CDID":"11","CDSETOR":"SPR","ELINK":" ","NMLEI":" ","DBD2ESRI.ESI2.FCZEPH_PD_2020.AREA":0.20414454000000001,"TIPO":"Rigoroso","DB2GSE.ST_Area(SHAPE)":2041.445452255,"DB2GSE.SdeLength(SHAPE)":181.12624288515633}},{"type":"Feature","id":51,"geometry":{"type":"Polygon","coordinates":[[[-34.897089213483305,-8.0444052414812823],[-34.897064909943218,-8.0447029549974189],[-34.896642865076714,-8.0446189064054572],[-34.896647826656071,-8.0445742168029426],[-34.896672601867799,-8.0444007045716273],[-34.896688248800025,-8.0443328267426004],[-34.896932170809961,-8.0443571090131094],[-34.896989560556172,-8.0443701229336355],[-34.897089213483305,-8.0444052414812823]]]},"properties":{"OBJECTID":51,"NMNOME":"CAPELA DOS AFLITOS","CDTIPO":"ZEPH","CDID":"12","CDSETOR":"SPR","ELINK":" ","NMLEI":" ","DBD2ESRI.ESI2.FCZEPH_PD_2020.AREA":0.15607429,"TIPO":"Rigoroso","DB2GSE.ST_Area(SHAPE)":1560.7429363799999,"DB2GSE.SdeLength(SHAPE)":157.71816881517597}},{"type":"Feature","id":52,"geometry":{"type":"Polygon","coordinates":[[[-34.977870406500443,-8.0582721227951009],[-34.976935126025339,-8.0592111884114583],[-34.974297003090328,-8.0576443929278962],[-34.974673479502734,-8.0565249051776444],[-34.975771699476788,-8.0566370936599032],[-34.977256112128146,-8.0575416866822938],[-34.977870406500443,-8.0582721227951009]]]},"properties":{"OBJECTID":52,"NMNOME":"CASA DE BRENNAND","CDTIPO":"ZEPH","CDID":"13","CDSETOR":"SPR","ELINK":" ","NMLEI":" ","DBD2ESRI.ESI2.FCZEPH_PD_2020.AREA":6.2612167899999998,"TIPO":"Rigoroso","DB2GSE.ST_Area(SHAPE)":62612.167905260001,"DB2GSE.SdeLength(SHAPE)":1034.5011022148688}},{"type":"Feature","id":53,"geometry":{"type":"Polygon","coordinates":[[[-34.977870406500443,-8.0582721227951009],[-34.979148756405195,-8.0590926702165451],[-34.980424714464569,-8.0594205600115139],[-34.980425685578965,-8.0626110234062107],[-34.979816035459272,-8.0634402210699445],[-34.977647998488692,-8.0627309949990842],[-34.977388925016697,-8.0622462379928805],[-34.975313539454397,-8.0622514563498981],[-34.974348387223564,-8.0634388875229224],[-34.974227282794537,-8.0637088613317118],[-34.974253737504213,-8.0638498425962286],[-34.974216108772602,-8.064061687074636],[-34.974158466231501,-8.0641325201542955],[-34.974016633031567,-8.0641139613067079],[-34.973867454793023,-8.0639094301885308],[-34.973821266578909,-8.0636851613175864],[-34.973781957639972,-8.0635506560360763],[-34.973825749385433,-8.0632810547934355],[-34.973908322931401,-8.0630369231805492],[-34.973881587572777,-8.0628382170408273],[-34.97375180044461,-8.0626464205589059],[-34.973550982904342,-8.0623848420592399],[-34.973367339810956,-8.0620886122357707],[-34.973236680898452,-8.0618637573394363],[-34.973087148629752,-8.0616087270886876],[-34.972958562581582,-8.061393951065515],[-34.972910586329228,-8.0613114538913653],[-34.972791216848677,-8.0611183238886337],[-34.972718722508823,-8.0610496254574571],[-34.972547141925425,-8.0609942954983644],[-34.97233372720023,-8.0609287676947705],[-34.972107450306602,-8.0608531168071167],[-34.971953456159831,-8.0608079374081303],[-34.971772718033939,-8.0607413769224756],[-34.971603825119338,-8.0605807659484316],[-34.971537468552206,-8.0604257909714132],[-34.971482780055119,-8.0601399866693377],[-34.971473688970114,-8.0599561298053874],[-34.971471178961721,-8.0598611269022786],[-34.971491125779409,-8.0597466036351477],[-34.971511260590312,-8.059670903245161],[-34.971545707900738,-8.05958696062992],[-34.971598654758502,-8.0595131464292127],[-34.971645589490791,-8.0594679666180529],[-34.971862171923682,-8.0593084157788386],[-34.971832253402034,-8.0591299097810101],[-34.971861385060848,-8.059024575247328],[-34.972000058980257,-8.0588539649539541],[-34.972113757316997,-8.0587163925100782],[-34.972205827452761,-8.0586049883330411],[-34.972284833917769,-8.0584854944175017],[-34.972327239874026,-8.0583358914414731],[-34.97224076875635,-8.0581767996137792],[-34.972158167531674,-8.0580473640710952],[-34.972453107744641,-8.0574999552240278],[-34.972823197416083,-8.0576851938619036],[-34.973423886058626,-8.0564262026274687],[-34.973636859998344,-8.0564430249732482],[-34.973882431350518,-8.0564624222680425],[-34.974673479502734,-8.0565249051776444],[-34.974297003090328,-8.0576443929278962],[-34.976935126025339,-8.0592111884114583],[-34.977870406500443,-8.0582721227951009]]]},"properties":{"OBJECTID":53,"NMNOME":"CASA DE BRENNAND","CDTIPO":"ZEPH","CDID":"13","CDSETOR":"SPA","ELINK":" ","NMLEI":" ","DBD2ESRI.ESI2.FCZEPH_PD_2020.AREA":44.916069120000003,"TIPO":"Ambiental","DB2GSE.ST_Area(SHAPE)":449160.69126026001,"DB2GSE.SdeLength(SHAPE)":3453.9957510669365}},{"type":"Feature","id":54,"geometry":{"type":"Polygon","coordinates":[[[-34.882373399049641,-8.0653652751597509],[-34.88268995653651,-8.0654613569399274],[-34.883629042917235,-8.0657551560405079],[-34.883975918834196,-8.0658710828361482],[-34.883992696339142,-8.0658764427960445],[-34.884082919501815,-8.0659097734402785],[-34.884170354400325,-8.0659498088852164],[-34.884254501969046,-8.0659963199834905],[-34.884321959815381,-8.0660399704927901],[-34.884342977422179,-8.0660526231223155],[-34.884377349517827,-8.06607190630295],[-34.884576801653786,-8.0661657225317125],[-34.884684132839617,-8.0662269781496665],[-34.88475686665933,-8.0662816123573311],[-34.884855772003355,-8.0663674153758311],[-34.885070385057162,-8.0665978682296764],[-34.885166862977428,-8.0667065491835697],[-34.88523109174978,-8.0667877969205932],[-34.88528648654907,-8.0668779498041854],[-34.885464068251515,-8.0672034133968502],[-34.88573327817025,-8.0676880274989475],[-34.885791880271107,-8.0678019310030802],[-34.88410105659981,-8.0689975166724839],[-34.883033229319487,-8.0674676513359689],[-34.882898277828502,-8.0672041647632096],[-34.882564757597017,-8.0660519777381303],[-34.882480524828111,-8.0657698189902511],[-34.882373399049641,-8.0653652751597509]]]},"properties":{"OBJECTID":54,"NMNOME":"CASA DA CULTURA / ESTAÇÃO CENTRAL","CDTIPO":"ZEPH","CDID":"14","CDSETOR":"SPR","ELINK":" ","NMLEI":" ","DBD2ESRI.ESI2.FCZEPH_PD_2020.AREA":7.7789237499999997,"TIPO":"Rigoroso","DB2GSE.ST_Area(SHAPE)":77789.237533649997,"DB2GSE.SdeLength(SHAPE)":1166.7052947922343}},{"type":"Feature","id":55,"geometry":{"type":"Polygon","coordinates":[[[-34.883451031018865,-8.0680662341675156],[-34.882327250129535,-8.0688055286533871],[-34.88205785479289,-8.0678711866173067],[-34.881160172311915,-8.0648824896937761],[-34.881674030907305,-8.0647729272032365],[-34.882259812330076,-8.0653143016310445],[-34.882373399049641,-8.0653652751597509],[-34.882480524828111,-8.0657698189902511],[-34.882564757597017,-8.0660519777381303],[-34.882898277828502,-8.0672041647632096],[-34.883033229319487,-8.0674676513359689],[-34.883451031018865,-8.0680662341675156]]]},"properties":{"OBJECTID":55,"NMNOME":"CASA DA CULTURA / ESTAÇÃO CENTRAL","CDTIPO":"ZEPH","CDID":"14","CDSETOR":"SPA-1","ELINK":" ","NMLEI":" ","DBD2ESRI.ESI2.FCZEPH_PD_2020.AREA":4.7178542500000002,"TIPO":"Ambiental","DB2GSE.ST_Area(SHAPE)":47178.542591404999,"DB2GSE.SdeLength(SHAPE)":1085.636767343794}},{"type":"Feature","id":56,"geometry":{"type":"Polygon","coordinates":[[[-34.931399168624779,-8.0283597279278585],[-34.931644440877001,-8.0281270990056797],[-34.93223341798506,-8.0276998797354331],[-34.932981763873975,-8.0273711784536967],[-34.933324160388452,-8.0272207839022194],[-34.933888212590091,-8.0272528463706774],[-34.93479364030383,-8.0272994051442872],[-34.935702597941244,-8.0273310464442087],[-34.936610043855417,-8.027423695690592],[-34.937172478835926,-8.0274836141361376],[-34.937489593256672,-8.02754244404675],[-34.937538283289648,-8.0275914531638861],[-34.937517956511599,-8.0276148318842022],[-34.936765398352001,-8.0284594491223267],[-34.936615772498541,-8.0286328504387594],[-34.936500212925516,-8.0287710294371664],[-34.936382571688469,-8.0289116971357988],[-34.936338305030908,-8.0290169909702982],[-34.936229607330922,-8.0290206866554872],[-34.936031607749129,-8.0290725692115323],[-34.935710617964411,-8.0290246080109657],[-34.935380985567775,-8.028989155926352],[-34.935009746716212,-8.0289625094846482],[-34.934803208941005,-8.0289405775580889],[-34.934223012671808,-8.0288673416615932],[-34.934058943553595,-8.0288867401750572],[-34.933774177240871,-8.0288165680067394],[-34.932885701774651,-8.0287006602144633],[-34.932684556117081,-8.0287155430308861],[-34.932302514598966,-8.0286704758195135],[-34.932226654215967,-8.0287827760138644],[-34.931399168624779,-8.0283597279278585]]]},"properties":{"OBJECTID":56,"NMNOME":"CASA GRANDE DO ENGENHO BARBALHO","CDTIPO":"ZEPH","CDID":"15","CDSETOR":"SPR","ELINK":" ","NMLEI":" ","DBD2ESRI.ESI2.FCZEPH_PD_2020.AREA":9.4217877899999998,"TIPO":"Rigoroso","DB2GSE.ST_Area(SHAPE)":94217.877959125006,"DB2GSE.SdeLength(SHAPE)":1491.002596114387}},{"type":"Feature","id":57,"geometry":{"type":"Polygon","coordinates":[[[-34.949653841720654,-8.0915292677623434],[-34.95005978327913,-8.0925153100727325],[-34.949744231386589,-8.092645188919839],[-34.949337905048488,-8.0916584473541704],[-34.949653841720654,-8.0915292677623434]]]},"properties":{"OBJECTID":57,"NMNOME":"COLÉGIO ALBERTO TORRES","CDTIPO":"ZEPH","CDID":"16","CDSETOR":"SPR","ELINK":" ","NMLEI":" ","DBD2ESRI.ESI2.FCZEPH_PD_2020.AREA":0.44392439,"TIPO":"Rigoroso","DB2GSE.ST_Area(SHAPE)":4439.2439852750003,"DB2GSE.SdeLength(SHAPE)":311.15744896926594}},{"type":"Feature","id":58,"geometry":{"type":"Polygon","coordinates":[[[-34.879854516487406,-8.0566264751242365],[-34.882321706159445,-8.0550264521153139],[-34.882849734756554,-8.0563656160381996],[-34.883169601102317,-8.057150706130054],[-34.883281642213134,-8.0571979160934468],[-34.883340362294426,-8.0572294627596079],[-34.883404578602253,-8.0572981029910178],[-34.883458193934842,-8.0573773976726564],[-34.883485161915821,-8.0574515114271428],[-34.883501748718885,-8.0575840032211747],[-34.883491541009072,-8.0576794992897707],[-34.883476081391585,-8.0577909276825572],[-34.883455370766107,-8.0579182874919368],[-34.8834298751053,-8.0581623299907719],[-34.883405524645426,-8.0584829545793522],[-34.883568433589922,-8.0591662566125866],[-34.883101149264427,-8.0594494469216027],[-34.882594284429182,-8.0597775606840862],[-34.881714763277387,-8.0584294061574706],[-34.881188482554386,-8.0587475529968717],[-34.879854516487406,-8.0566264751242365]]]},"properties":{"OBJECTID":58,"NMNOME":"FACULDADE DE DIREITO","CDTIPO":"ZEPH","CDID":"17","CDSETOR":"SPR","ELINK":" ","NMLEI":" ","DBD2ESRI.ESI2.FCZEPH_PD_2020.AREA":11.43424231,"TIPO":"Rigoroso","DB2GSE.ST_Area(SHAPE)":114342.42313759,"DB2GSE.SdeLength(SHAPE)":1469.8581387418926}},{"type":"Feature","id":59,"geometry":{"type":"Polygon","coordinates":[[[-34.881188482554386,-8.0587475529968717],[-34.881714763277387,-8.0584294061574706],[-34.882594284429182,-8.0597775606840862],[-34.882227638980119,-8.0600068948216652],[-34.88201999617413,-8.0601335535526353],[-34.881188482554386,-8.0587475529968717]]]},"properties":{"OBJECTID":59,"NMNOME":"FACULDADE DE DIREITO","CDTIPO":"ZEPH","CDID":"17","CDSETOR":"SPA","ELINK":" ","NMLEI":" ","DBD2ESRI.ESI2.FCZEPH_PD_2020.AREA":1.2696826299999999,"TIPO":"Ambiental","DB2GSE.ST_Area(SHAPE)":12696.826354430001,"DB2GSE.SdeLength(SHAPE)":498.90765194224883}},{"type":"Feature","id":60,"geometry":{"type":"Polygon","coordinates":[[[-34.88998588082287,-8.0670205781630742],[-34.890055130950131,-8.0669762083269188],[-34.890074753140745,-8.0669629978041506],[-34.890206488144983,-8.066930305906828],[-34.890774155490064,-8.0665397453263648],[-34.890647471140916,-8.066332480344931],[-34.891147051994672,-8.066338667543933],[-34.891150007234948,-8.0662482905945669],[-34.891238464370815,-8.0662493856008499],[-34.891238887711417,-8.0662869832620121],[-34.891421019233377,-8.066302139784522],[-34.891436113342436,-8.0663094862092173],[-34.89194704661886,-8.0670995521020235],[-34.890595434002485,-8.0679655618764663],[-34.88998588082287,-8.0670205781630742]]]},"properties":{"OBJECTID":60,"NMNOME":"HOSPITAL DOM PEDRO II","CDTIPO":"ZEPH","CDID":"18","CDSETOR":"SPR","ELINK":" ","NMLEI":" ","DBD2ESRI.ESI2.FCZEPH_PD_2020.AREA":2.1921960600000001,"TIPO":"Rigoroso","DB2GSE.ST_Area(SHAPE)":21921.960657795,"DB2GSE.SdeLength(SHAPE)":635.89966764588291}},{"type":"Feature","id":61,"geometry":{"type":"Polygon","coordinates":[[[-34.890595434002485,-8.0679655618764663],[-34.891900767293237,-8.0671292044226544],[-34.892373465848834,-8.0679799087249702],[-34.891016398891175,-8.0686181753311921],[-34.890595434002485,-8.0679655618764663]]]},"properties":{"OBJECTID":61,"NMNOME":"HOSPITAL DOM PEDRO II","CDTIPO":"ZEPH","CDID":"18","CDSETOR":"SPA","ELINK":" ","NMLEI":" ","DBD2ESRI.ESI2.FCZEPH_PD_2020.AREA":1.62185381,"TIPO":"Ambiental","DB2GSE.ST_Area(SHAPE)":16218.53813479,"DB2GSE.SdeLength(SHAPE)":529.87649961906641}},{"type":"Feature","id":62,"geometry":{"type":"Polygon","coordinates":[[[-34.891433372908402,-8.066305381703943],[-34.891242314814846,-8.0662840599277246],[-34.891238955761253,-8.0662460111282659],[-34.891149843434277,-8.0662464226258006],[-34.891147088050928,-8.066338423276898],[-34.890647392916627,-8.0663343864988466],[-34.890772472101368,-8.0665399881581816],[-34.890210952248211,-8.0669295620406345],[-34.890080628132587,-8.0669650554891543],[-34.889991736654686,-8.0670130454933027],[-34.889578250349317,-8.0663837280983977],[-34.889504609151814,-8.0662889083491098],[-34.889534180625489,-8.0658034580381202],[-34.891434461790595,-8.0658549552166559],[-34.891433372908402,-8.066305381703943]]]},"properties":{"OBJECTID":62,"NMNOME":"HOSPITAL DOM PEDRO II","CDTIPO":"ZEPH","CDID":"18","CDSETOR":"SPA","ELINK":" ","NMLEI":" ","DBD2ESRI.ESI2.FCZEPH_PD_2020.AREA":1.7731620800000001,"TIPO":"Ambiental","DB2GSE.ST_Area(SHAPE)":17731.620826275001,"DB2GSE.SdeLength(SHAPE)":638.22242068558739}},{"type":"Feature","id":63,"geometry":{"type":"Polygon","coordinates":[[[-34.872263451306921,-8.04076037578184],[-34.872903297862187,-8.040327870926717],[-34.873228958772621,-8.0400371256730594],[-34.873292158969591,-8.039974734942291],[-34.873349127153681,-8.0399077021133039],[-34.873390285212018,-8.0398675610798502],[-34.873491827111899,-8.0398010301822875],[-34.873579605399698,-8.0397517459903689],[-34.873663420611273,-8.0397101510253215],[-34.873741158531459,-8.0396916903869258],[-34.873845700534815,-8.0397025345785398],[-34.874049823495085,-8.0397314673425537],[-34.874271811133333,-8.039800105500543],[-34.87433512066896,-8.0398299191219706],[-34.874398160385084,-8.0398835394368788],[-34.874481904714507,-8.0399823671888999],[-34.874601632507456,-8.0401821318855067],[-34.874637916236551,-8.0402566157504296],[-34.874748730642807,-8.0405409376414543],[-34.874760478777269,-8.0407330247494198],[-34.874757138011219,-8.0407938352077952],[-34.874863578274194,-8.0409960950773662],[-34.875053583299291,-8.041313054464565],[-34.875281538855958,-8.0416705233595689],[-34.875305314575762,-8.0416787269730765],[-34.875576262470801,-8.0421077104190033],[-34.875298274347621,-8.0423003545739622],[-34.874842885263703,-8.0426214932606506],[-34.874575472855618,-8.042816901410923],[-34.873959727474265,-8.0432575554467789],[-34.873918340566043,-8.0432883991200068],[-34.873009423274091,-8.0420408300943134],[-34.872176471132484,-8.0408955416462398],[-34.872145991825818,-8.0408536332906912],[-34.872263451306921,-8.04076037578184]]]},"properties":{"OBJECTID":63,"NMNOME":"HOSPITAL SANTO AMARO/VILA NAVAL","CDTIPO":"ZEPH","CDID":"19","CDSETOR":"SPR","ELINK":" ","NMLEI":" ","DBD2ESRI.ESI2.FCZEPH_PD_2020.AREA":8.0708183600000005,"TIPO":"Rigoroso","DB2GSE.ST_Area(SHAPE)":80708.183662124997,"DB2GSE.SdeLength(SHAPE)":1136.4333876723845}},{"type":"Feature","id":64,"geometry":{"type":"Polygon","coordinates":[[[-34.874103807673649,-8.0453598531639798],[-34.87413086656538,-8.0453280315164921],[-34.874855282272136,-8.0447908928110454],[-34.874894637125593,-8.0448008488135283],[-34.874923923603745,-8.0448120279042534],[-34.875044516919374,-8.0449981400428836],[-34.874045755824731,-8.045712111135968],[-34.874028701200544,-8.0456430770753045],[-34.874026021846888,-8.0455803322149979],[-34.874035063450755,-8.0455236373364603],[-34.874039948174058,-8.0454889135298817],[-34.874070678785522,-8.0454098764414201],[-34.874103807673649,-8.0453598531639798]]]},"properties":{"OBJECTID":64,"NMNOME":"HOSPITAL SANTO AMARO/VILA NAVAL","CDTIPO":"ZEPH","CDID":"19","CDSETOR":"SPA","ELINK":" ","NMLEI":" ","DBD2ESRI.ESI2.FCZEPH_PD_2020.AREA":0.37390390000000001,"TIPO":"Ambiental","DB2GSE.ST_Area(SHAPE)":3739.0390578299998,"DB2GSE.SdeLength(SHAPE)":313.13793551507092}},{"type":"Feature","id":65,"geometry":{"type":"Polygon","coordinates":[[[-34.873531613509741,-8.0454594385537259],[-34.873306382994045,-8.0451013633630843],[-34.87315201988892,-8.0447359137122287],[-34.872960214219027,-8.0443709312568679],[-34.872847428932317,-8.0440913100785227],[-34.873881283781806,-8.0433654028208554],[-34.874753774760336,-8.0446420493361934],[-34.873531613509741,-8.0454594385537259]]]},"properties":{"OBJECTID":65,"NMNOME":"HOSPITAL SANTO AMARO/VILA NAVAL","CDTIPO":"ZEPH","CDID":"19","CDSETOR":"SPA","ELINK":" ","NMLEI":" ","DBD2ESRI.ESI2.FCZEPH_PD_2020.AREA":2.5902718,"TIPO":"Ambiental","DB2GSE.ST_Area(SHAPE)":25902.718029445001,"DB2GSE.SdeLength(SHAPE)":642.05170994539344}},{"type":"Feature","id":66,"geometry":{"type":"Polygon","coordinates":[[[-34.872805555452793,-8.0440237126724785],[-34.872780978675827,-8.0440200583325012],[-34.872520456273186,-8.0436502943453956],[-34.871960209996381,-8.0428531983977098],[-34.872974580170741,-8.0421355428193984],[-34.873819445105653,-8.043269860938933],[-34.873816791208519,-8.0433092071008208],[-34.872805555452793,-8.0440237126724785]]]},"properties":{"OBJECTID":66,"NMNOME":"HOSPITAL SANTO AMARO/VILA NAVAL","CDTIPO":"ZEPH","CDID":"19","CDSETOR":"SPA","ELINK":" ","NMLEI":" ","DBD2ESRI.ESI2.FCZEPH_PD_2020.AREA":2.2224394099999998,"TIPO":"Ambiental","DB2GSE.ST_Area(SHAPE)":22224.394138115,"DB2GSE.SdeLength(SHAPE)":594.78305897488258}},{"type":"Feature","id":67,"geometry":{"type":"Polygon","coordinates":[[[-34.871919645724198,-8.042796474646746],[-34.871284092258811,-8.0418955270982906],[-34.871077915947133,-8.0416119229992127],[-34.87210588793274,-8.0409310313715707],[-34.872947311950398,-8.042048629885894],[-34.871919645724198,-8.042796474646746]]]},"properties":{"OBJECTID":67,"NMNOME":"HOSPITAL SANTO AMARO/VILA NAVAL","CDTIPO":"ZEPH","CDID":"19","CDSETOR":"SPA","ELINK":" ","NMLEI":" ","DBD2ESRI.ESI2.FCZEPH_PD_2020.AREA":2.1724633,"TIPO":"Ambiental","DB2GSE.ST_Area(SHAPE)":21724.633006364998,"DB2GSE.SdeLength(SHAPE)":591.46446812458817}},{"type":"Feature","id":68,"geometry":{"type":"Polygon","coordinates":[[[-34.871017139461507,-8.0415419007322804],[-34.87046280813572,-8.04077448453409],[-34.870472515453073,-8.0406940986100164],[-34.871412828455277,-8.039939961133431],[-34.872007830354342,-8.0407875322617706],[-34.872024883616859,-8.0408443631888993],[-34.871017139461507,-8.0415419007322804]]]},"properties":{"OBJECTID":68,"NMNOME":"HOSPITAL SANTO AMARO/VILA NAVAL","CDTIPO":"ZEPH","CDID":"19","CDSETOR":"SPA","ELINK":" ","NMLEI":" ","DBD2ESRI.ESI2.FCZEPH_PD_2020.AREA":1.5960118599999999,"TIPO":"Ambiental","DB2GSE.ST_Area(SHAPE)":15960.118620630001,"DB2GSE.SdeLength(SHAPE)":502.85365794420846}},{"type":"Feature","id":69,"geometry":{"type":"Polygon","coordinates":[[[-34.870169770523376,-8.0405917021187019],[-34.869596127729373,-8.0397252052843751],[-34.869553332636258,-8.0395870610061859],[-34.869511582543751,-8.0394522878257373],[-34.86948494107417,-8.0388175150909191],[-34.869478787241491,-8.0385863036048413],[-34.870104715805262,-8.0381214911134951],[-34.871331809156104,-8.039849945870877],[-34.870169770523376,-8.0405917021187019]]]},"properties":{"OBJECTID":69,"NMNOME":"HOSPITAL SANTO AMARO/VILA NAVAL","CDTIPO":"ZEPH","CDID":"19","CDSETOR":"SPA","ELINK":" ","NMLEI":" ","DBD2ESRI.ESI2.FCZEPH_PD_2020.AREA":3.11767818,"TIPO":"Ambiental","DB2GSE.ST_Area(SHAPE)":31176.781873115,"DB2GSE.SdeLength(SHAPE)":714.66955832829854}},{"type":"Feature","id":70,"geometry":{"type":"Polygon","coordinates":[[[-34.897318989763484,-8.0588310265828706],[-34.896619646548331,-8.0587384645921176],[-34.89658787744191,-8.0586187259988389],[-34.895980860474893,-8.0584988538938074],[-34.894577487997893,-8.0580875919655011],[-34.894284180371962,-8.0588270855292414],[-34.893534957898908,-8.0583613257945164],[-34.893506640334436,-8.0583285997908707],[-34.893371045915387,-8.0582553287750081],[-34.893296898661916,-8.0578203978583414],[-34.893548223763581,-8.0577303385036103],[-34.893612448730856,-8.0577193737736739],[-34.893902347763031,-8.0576222578600092],[-34.89384954199145,-8.0576066361829568],[-34.893765746809215,-8.0574114862897908],[-34.894500158036649,-8.0569710581860061],[-34.894793185939754,-8.056920205118649],[-34.894992188215078,-8.05695888387684],[-34.894709962759833,-8.0576915384092693],[-34.895472156654442,-8.0579118530980374],[-34.895462023127195,-8.0579297056916452],[-34.896243223464936,-8.0581495222272075],[-34.896658448793573,-8.0575966553154466],[-34.897126378968871,-8.057930603054773],[-34.8971810276079,-8.0581636209625511],[-34.897186884542897,-8.0582077795358753],[-34.897240769778115,-8.0585491016934174],[-34.897232152271144,-8.0586135242501022],[-34.897357037383472,-8.058621826945437],[-34.897318989763484,-8.0588310265828706]]]},"properties":{"OBJECTID":70,"NMNOME":"IGREJA DAS FRONTEIRAS","CDTIPO":"ZEPH","CDID":"20","CDSETOR":"SPR","ELINK":" ","NMLEI":" ","DBD2ESRI.ESI2.FCZEPH_PD_2020.AREA":3.90000978,"TIPO":"Rigoroso","DB2GSE.ST_Area(SHAPE)":39000.097848375,"DB2GSE.SdeLength(SHAPE)":1346.3763428379777}},{"type":"Feature","id":71,"geometry":{"type":"Polygon","coordinates":[[[-34.894511043806922,-8.0582556084927752],[-34.894577487997893,-8.0580875919655011],[-34.895980860474893,-8.0584988538938074],[-34.89658787744191,-8.0586187259988389],[-34.896619646548331,-8.0587384645921176],[-34.897318989763484,-8.0588310265828706],[-34.897275651417182,-8.0591974093758942],[-34.897222386398589,-8.0591979443174377],[-34.897238956174803,-8.0594280057920802],[-34.897273686204819,-8.0595911224643011],[-34.897014223962991,-8.0596779047898952],[-34.896983944341265,-8.0595940483813031],[-34.896552169769592,-8.0597517903279083],[-34.896342169051437,-8.059444094965837],[-34.896475546892319,-8.0593383115063517],[-34.89634954687444,-8.0591152239211272],[-34.895931172845557,-8.0594991123900606],[-34.895531744484302,-8.0591038000214574],[-34.895635784475367,-8.0588949976279292],[-34.895300350171581,-8.0587647536656757],[-34.895348760606083,-8.0586426570131895],[-34.894841957426046,-8.0584610868212625],[-34.894867888066976,-8.0583952741985563],[-34.894511043806922,-8.0582556084927752]]]},"properties":{"OBJECTID":71,"NMNOME":"IGREJA DAS FRONTEIRAS","CDTIPO":"ZEPH","CDID":"20","CDSETOR":"SPA-1","ELINK":" ","NMLEI":" ","DBD2ESRI.ESI2.FCZEPH_PD_2020.AREA":2.1869122000000001,"TIPO":"Ambiental","DB2GSE.ST_Area(SHAPE)":21869.122001855001,"DB2GSE.SdeLength(SHAPE)":924.7661847523982}},{"type":"Feature","id":72,"geometry":{"type":"Polygon","coordinates":[[[-34.896484065280973,-8.0578288406923537],[-34.896243223464936,-8.0581495222272075],[-34.895462023127195,-8.0579297056916452],[-34.895472156654442,-8.0579118530980374],[-34.894709962759833,-8.0576915384092693],[-34.894828282093471,-8.0573843819336393],[-34.896484065280973,-8.0578288406923537]]]},"properties":{"OBJECTID":72,"NMNOME":"IGREJA DAS FRONTEIRAS","CDTIPO":"ZEPH","CDID":"20","CDSETOR":"SPA-2","ELINK":" ","NMLEI":" ","DBD2ESRI.ESI2.FCZEPH_PD_2020.AREA":0.71217748999999997,"TIPO":"Ambiental","DB2GSE.ST_Area(SHAPE)":7121.7749685099998,"DB2GSE.SdeLength(SHAPE)":448.99011243834275}},{"type":"Feature","id":73,"geometry":{"type":"Polygon","coordinates":[[[-34.9013893685919,-8.1315427934317146],[-34.901429849245545,-8.1320916048856855],[-34.900195571297154,-8.1324829715662812],[-34.899964052140035,-8.131982870971509],[-34.9013893685919,-8.1315427934317146]]]},"properties":{"OBJECTID":73,"NMNOME":"IGREJA N. S. DA BOA VIAGEM","CDTIPO":"ZEPH","CDID":"21","CDSETOR":"SPR","ELINK":" ","NMLEI":" ","DBD2ESRI.ESI2.FCZEPH_PD_2020.AREA":0.91922939999999997,"TIPO":"Rigoroso","DB2GSE.ST_Area(SHAPE)":9192.2940997400001,"DB2GSE.SdeLength(SHAPE)":429.02793041423729}},{"type":"Feature","id":74,"geometry":{"type":"Polygon","coordinates":[[[-34.889922799598963,-8.0486090460066855],[-34.889912185333586,-8.0485670516704158],[-34.88988931689169,-8.0484486378562003],[-34.889845704025753,-8.0481400926306605],[-34.889857905821778,-8.0481314377689426],[-34.890417272370385,-8.0479881115063012],[-34.890634495966879,-8.0483327260631743],[-34.890452462155771,-8.0484554386529705],[-34.890444990590993,-8.0484296218869851],[-34.890392186553228,-8.0484467641075472],[-34.89028375635737,-8.0484759218501853],[-34.889922799598963,-8.0486090460066855]]]},"properties":{"OBJECTID":74,"NMNOME":"IGREJA N. S. DA CONCEIÇÃO/ JOÃO DE BARROS","CDTIPO":"ZEPH","CDID":"22","CDSETOR":"SPR","ELINK":" ","NMLEI":" ","DBD2ESRI.ESI2.FCZEPH_PD_2020.AREA":0.37165032999999997,"TIPO":"Rigoroso","DB2GSE.ST_Area(SHAPE)":3716.503383105,"DB2GSE.SdeLength(SHAPE)":251.06886453167596}},{"type":"Feature","id":75,"geometry":{"type":"Polygon","coordinates":[[[-34.876986251849473,-8.0475527776122],[-34.875729165007613,-8.0485254224134781],[-34.875140326017153,-8.0470988888377022],[-34.876146300357696,-8.0463791625845555],[-34.876986251849473,-8.0475527776122]]]},"properties":{"OBJECTID":75,"NMNOME":"IGREJA DE SANTO AMARO DAS SALINAS / CEMITÉRIO DOS INGLESES","CDTIPO":"ZEPH","CDID":"23","CDSETOR":"SPR","ELINK":" ","NMLEI":" ","DBD2ESRI.ESI2.FCZEPH_PD_2020.AREA":2.53101083,"TIPO":"Rigoroso","DB2GSE.ST_Area(SHAPE)":25310.108361315,"DB2GSE.SdeLength(SHAPE)":642.04075717562603}},{"type":"Feature","id":76,"geometry":{"type":"Polygon","coordinates":[[[-34.918998408319176,-8.0264558827682748],[-34.918883425941189,-8.0269936423941264],[-34.918377199215797,-8.0267609741741985],[-34.918221874587644,-8.0269983306220833],[-34.917824608266486,-8.0267400496552828],[-34.917822376043375,-8.0259048983439918],[-34.918998408319176,-8.0264558827682748]]]},"properties":{"OBJECTID":76,"NMNOME":"MERCADO DE CASA AMARELA","CDTIPO":"ZEPH","CDID":"24","CDSETOR":"SPR","ELINK":" ","NMLEI":" ","DBD2ESRI.ESI2.FCZEPH_PD_2020.AREA":0.9731419,"TIPO":"Rigoroso","DB2GSE.ST_Area(SHAPE)":9731.4190645750004,"DB2GSE.SdeLength(SHAPE)":441.56886519529922}},{"type":"Feature","id":77,"geometry":{"type":"Polygon","coordinates":[[[-34.917822750764039,-8.0259847878353003],[-34.917824608266486,-8.0267400496552828],[-34.918221874587644,-8.0269983306220833],[-34.918735277567862,-8.0273381802251826],[-34.918545395686664,-8.0276671376451603],[-34.91847337176349,-8.0276220135319996],[-34.918427069896559,-8.0276899437852922],[-34.917993585651381,-8.0274123539766205],[-34.918002480944459,-8.0273969271533279],[-34.917545217593222,-8.027102813689897],[-34.917443179201847,-8.0272604227701656],[-34.917131259686165,-8.027196759107067],[-34.917212889372593,-8.0266966029739155],[-34.917270303842514,-8.0267084861017608],[-34.917298166367722,-8.026542523769832],[-34.917276287010814,-8.0265381957920798],[-34.917194190675033,-8.0259748037292731],[-34.917258939962714,-8.0259613271583525],[-34.917253482587938,-8.0259110621943801],[-34.917822750764039,-8.0259847878353003]]]},"properties":{"OBJECTID":77,"NMNOME":"MERCADO DE CASA AMARELA","CDTIPO":"ZEPH","CDID":"24","CDSETOR":"SPA","ELINK":" ","NMLEI":" ","DBD2ESRI.ESI2.FCZEPH_PD_2020.AREA":1.46236254,"TIPO":"Ambiental","DB2GSE.ST_Area(SHAPE)":14623.62543803,"DB2GSE.SdeLength(SHAPE)":661.59132469158828}},{"type":"Feature","id":78,"geometry":{"type":"Polygon","coordinates":[[[-34.887326265270545,-8.0574200284884565],[-34.887300530456898,-8.0573741347930987],[-34.887682887893121,-8.0571662673009925],[-34.887902050993027,-8.0575603746379105],[-34.887827303191713,-8.0575983113036092],[-34.88776772638839,-8.0576307210877509],[-34.887706386679511,-8.0576650013834161],[-34.887570946271744,-8.0577410251079211],[-34.887546008595763,-8.0577555735322033],[-34.887533912474723,-8.0577626304052608],[-34.887526897792483,-8.0577667229164742],[-34.887326265270545,-8.0574200284884565]]]},"properties":{"OBJECTID":78,"NMNOME":"PALÁCIO DA SOLEDADE","CDTIPO":"ZEPH","CDID":"25","CDSETOR":"SPR-2","ELINK":" ","NMLEI":" ","DBD2ESRI.ESI2.FCZEPH_PD_2020.AREA":0.23706229000000001,"TIPO":"Rigoroso","DB2GSE.ST_Area(SHAPE)":2370.622992305,"DB2GSE.SdeLength(SHAPE)":195.18657797035374}},{"type":"Feature","id":79,"geometry":{"type":"Polygon","coordinates":[[[-34.888568643298967,-8.0554543474477978],[-34.888575310769582,-8.0554465923016139],[-34.888661892619382,-8.0556038357751785],[-34.88867790364062,-8.055594619096329],[-34.888973789112455,-8.0560984014252952],[-34.889093870149843,-8.0563655238716567],[-34.88835725367678,-8.0567800788148709],[-34.887816859282061,-8.0558660137976315],[-34.887821125917313,-8.0558626129031072],[-34.888568643298967,-8.0554543474477978]]]},"properties":{"OBJECTID":79,"NMNOME":"PALÁCIO DA SOLEDADE","CDTIPO":"ZEPH","CDID":"25","CDSETOR":"SPR-1","ELINK":" ","NMLEI":" ","DBD2ESRI.ESI2.FCZEPH_PD_2020.AREA":1.1232347300000001,"TIPO":"Rigoroso","DB2GSE.ST_Area(SHAPE)":11232.34730834,"DB2GSE.SdeLength(SHAPE)":425.13775818988506}},{"type":"Feature","id":80,"geometry":{"type":"Polygon","coordinates":[[[-34.888575310769582,-8.0554465923016139],[-34.889527825529299,-8.0549217272597637],[-34.889519344914312,-8.0555289138971879],[-34.889826681361178,-8.0562010070889087],[-34.889929637028338,-8.0563307061052836],[-34.889937276434736,-8.0569622961649596],[-34.889069311100442,-8.056980346399218],[-34.887949320444008,-8.0575385721039918],[-34.887901407943282,-8.0575592185710683],[-34.887682887893121,-8.0571662673009925],[-34.887300530456898,-8.0573741347930987],[-34.887326265270545,-8.0574200284884565],[-34.887526897792483,-8.0577667229164742],[-34.887533912474723,-8.0577626304052608],[-34.887546008595763,-8.0577555735322033],[-34.887570946271744,-8.0577410251079211],[-34.887706386679511,-8.0576650013834161],[-34.88776772638839,-8.0576307210877509],[-34.887827303191713,-8.0575983113036092],[-34.887887563329627,-8.0575677273160782],[-34.888014785509995,-8.0577987472429378],[-34.887665905246863,-8.0580119017321437],[-34.887503158040438,-8.0581068560226257],[-34.887356999614852,-8.0581941360189369],[-34.887098602779858,-8.057832952866363],[-34.887074913835953,-8.0577965362352835],[-34.887058393067321,-8.0577711398701766],[-34.887055141852272,-8.057776976196207],[-34.887029552392576,-8.0577395485082057],[-34.886983573472499,-8.0577910693037218],[-34.886705504522645,-8.0572707897589328],[-34.887003628774366,-8.0570996471800882],[-34.886685428906745,-8.0564879654062906],[-34.887816859282061,-8.0558660137976315],[-34.88835725367678,-8.0567800788148709],[-34.889093870149843,-8.0563655238716567],[-34.888973789112455,-8.0560984014252952],[-34.88867790364062,-8.055594619096329],[-34.888661892619382,-8.0556038357751785],[-34.888575310769582,-8.0554465923016139]]]},"properties":{"OBJECTID":80,"NMNOME":"PALÁCIO DA SOLEDADE","CDTIPO":"ZEPH","CDID":"25","CDSETOR":"SPA","ELINK":" ","NMLEI":" ","DBD2ESRI.ESI2.FCZEPH_PD_2020.AREA":5.14918107,"TIPO":"Ambiental","DB2GSE.ST_Area(SHAPE)":51491.810772539997,"DB2GSE.SdeLength(SHAPE)":1625.4249375981769}},{"type":"Feature","id":81,"geometry":{"type":"Polygon","coordinates":[[[-34.900385240685424,-8.0592532905000294],[-34.900375808896889,-8.0592747119064327],[-34.900034674937658,-8.0592260450427258],[-34.90003979684689,-8.0589749903906771],[-34.900502172837939,-8.058984359333758],[-34.900493989987133,-8.0590469508903535],[-34.900385240685424,-8.0592532905000294]]]},"properties":{"OBJECTID":81,"NMNOME":"PAVILHÃO DE ÓBITOS","CDTIPO":"ZEPH","CDID":"26","CDSETOR":"SPR","ELINK":" ","NMLEI":" ","DBD2ESRI.ESI2.FCZEPH_PD_2020.AREA":0.13808613,"TIPO":"Rigoroso","DB2GSE.ST_Area(SHAPE)":1380.861378005,"DB2GSE.SdeLength(SHAPE)":152.10090783852834}},{"type":"Feature","id":82,"geometry":{"type":"Polygon","coordinates":[[[-34.908483503425067,-8.0561400195143253],[-34.90909965629681,-8.0560352764605181],[-34.909203036160683,-8.0566487996605733],[-34.90987721736343,-8.0572386798631062],[-34.909753642374916,-8.0573957992110579],[-34.909660750687713,-8.0575423291275019],[-34.909649762499818,-8.057501764195754],[-34.909342914713569,-8.0575629232614663],[-34.909331605958059,-8.0575143416353292],[-34.909058271633043,-8.0577922844098975],[-34.908804255594355,-8.0579905764906048],[-34.908898070720078,-8.0581806700535239],[-34.908334721136626,-8.0582937943593631],[-34.908200651709357,-8.0572759870567161],[-34.908515212260085,-8.0572497857944381],[-34.908663401393554,-8.0569526802321025],[-34.908483503425067,-8.0561400195143253]]]},"properties":{"OBJECTID":82,"NMNOME":"SOBRADO DA MADALENA","CDTIPO":"ZEPH","CDID":"27","CDSETOR":"SPR","ELINK":" ","NMLEI":" ","DBD2ESRI.ESI2.FCZEPH_PD_2020.AREA":2.2585560199999999,"TIPO":"Rigoroso","DB2GSE.ST_Area(SHAPE)":22585.560295949999,"DB2GSE.SdeLength(SHAPE)":765.04663137089904}},{"type":"Feature","id":83,"geometry":{"type":"Polygon","coordinates":[[[-34.908200793006905,-8.0572778786128776],[-34.907999528578763,-8.0556416921071889],[-34.908190982765646,-8.0556193160845453],[-34.908993733418335,-8.0553743141021936],[-34.909074086939775,-8.0558342839121906],[-34.909429248723377,-8.0557917501667617],[-34.909491785099426,-8.0561903957710985],[-34.909570914884114,-8.0561629694483035],[-34.909799876227943,-8.0566985500389201],[-34.909465570304263,-8.0568782371971892],[-34.909203036160683,-8.0566487996605733],[-34.90909965629681,-8.0560352764605181],[-34.908483503425067,-8.0561400195143253],[-34.908663401393554,-8.0569526802321025],[-34.908515212260085,-8.0572497857944381],[-34.908200793006905,-8.0572778786128776]]]},"properties":{"OBJECTID":83,"NMNOME":"SOBRADO DA MADALENA","CDTIPO":"ZEPH","CDID":"27","CDSETOR":"SPA-2","ELINK":" ","NMLEI":" ","DBD2ESRI.ESI2.FCZEPH_PD_2020.AREA":1.91332912,"TIPO":"Ambiental","DB2GSE.ST_Area(SHAPE)":19133.291246100001,"DB2GSE.SdeLength(SHAPE)":887.12976791222025}},{"type":"Feature","id":84,"geometry":{"type":"Polygon","coordinates":[[[-34.908350979029315,-8.0582945929094958],[-34.908898070720078,-8.0581806700535239],[-34.908804255594355,-8.0579905764906048],[-34.909058271633043,-8.0577922844098975],[-34.909331605958059,-8.0575143416353292],[-34.909342148420009,-8.0575546455750633],[-34.90953095297445,-8.0585219849692447],[-34.908430386161207,-8.0587241679557025],[-34.908350979029315,-8.0582945929094958]]]},"properties":{"OBJECTID":84,"NMNOME":"SOBRADO DA MADALENA","CDTIPO":"ZEPH","CDID":"27","CDSETOR":"SPA-1","ELINK":" ","NMLEI":" ","DBD2ESRI.ESI2.FCZEPH_PD_2020.AREA":0.88314572000000002,"TIPO":"Ambiental","DB2GSE.ST_Area(SHAPE)":8831.4572367050005,"DB2GSE.SdeLength(SHAPE)":448.97158455367452}},{"type":"Feature","id":85,"geometry":{"type":"Polygon","coordinates":[[[-34.884904867577276,-8.0325426500813677],[-34.88525141693534,-8.03190896919069],[-34.886612226568701,-8.0299445030189656],[-34.886943303077167,-8.0293986399423751],[-34.888123781748028,-8.0312831924777299],[-34.889218224010506,-8.0330835975465504],[-34.889097792274683,-8.033133636479814],[-34.888913808342515,-8.0332546617474616],[-34.888737379364507,-8.0334746235383552],[-34.888342523313895,-8.0340419889841641],[-34.888442381105726,-8.034147571532996],[-34.888492588295094,-8.0342604511009572],[-34.888493143946235,-8.0343806286232997],[-34.888377014965371,-8.0345764782864091],[-34.888301728520467,-8.034621867096968],[-34.888175577815929,-8.0347779742628713],[-34.887107065666498,-8.0339486900326396],[-34.886138774598258,-8.0333027471623133],[-34.884904867577276,-8.0325426500813677]]]},"properties":{"OBJECTID":85,"NMNOME":"VILA DO HIPÓDROMO","CDTIPO":"ZEPH","CDID":"28","CDSETOR":"SPR","ELINK":" ","NMLEI":" ","DBD2ESRI.ESI2.FCZEPH_PD_2020.AREA":13.34125828,"TIPO":"Rigoroso","DB2GSE.ST_Area(SHAPE)":133412.582835685,"DB2GSE.SdeLength(SHAPE)":1576.9617783655613}},{"type":"Feature","id":86,"geometry":{"type":"Polygon","coordinates":[[[-34.872593768598286,-8.0335925067680716],[-34.874378019783414,-8.0350336832569127],[-34.872871098123305,-8.0365121859307216],[-34.872701826014548,-8.0366782648799227],[-34.871432477202376,-8.0360893912345954],[-34.871294885489036,-8.0360193496691075],[-34.871182055096924,-8.0359541415916773],[-34.871040057443579,-8.0358630212913518],[-34.870863360572876,-8.0357258265370106],[-34.870751969442161,-8.0356254888628964],[-34.870644049879452,-8.0355246010323835],[-34.872593768598286,-8.0335925067680716]]]},"properties":{"OBJECTID":86,"NMNOME":"FÁBRICA DA TACARUNA","CDTIPO":"ZEPH","CDID":"29","CDSETOR":"SPR","ELINK":" ","NMLEI":" ","DBD2ESRI.ESI2.FCZEPH_PD_2020.AREA":7.2444668400000003,"TIPO":"Rigoroso","DB2GSE.ST_Area(SHAPE)":72444.668401914998,"DB2GSE.SdeLength(SHAPE)":1077.5566806812467}},{"type":"Feature","id":87,"geometry":{"type":"Polygon","coordinates":[[[-34.874378019783414,-8.0350336832569127],[-34.874424625843098,-8.0349646490465219],[-34.875989679037474,-8.0354925792877161],[-34.875964145930716,-8.0355533119867992],[-34.875934950521867,-8.0356184751411686],[-34.875900645958708,-8.0357350443709539],[-34.875863853974359,-8.0358333904648216],[-34.8758363135209,-8.0359308517329691],[-34.875839183285805,-8.0359722836969176],[-34.875835855344867,-8.0360252149731384],[-34.875807889670043,-8.0361272609899359],[-34.875799797573052,-8.0361973084455247],[-34.875793800261121,-8.0362149157454432],[-34.875773929484978,-8.0362451567535675],[-34.875720087984391,-8.036354275076123],[-34.875664190893865,-8.0364351175756461],[-34.875632452094322,-8.0364935849309376],[-34.875589255060319,-8.0365620657806058],[-34.874960966146304,-8.0373558839936603],[-34.874822345252802,-8.0372916238400745],[-34.874689444772436,-8.0372337845698496],[-34.874542705791512,-8.037173483254703],[-34.874509002289784,-8.0371616587457968],[-34.874367159236861,-8.0371188507803364],[-34.874259694077004,-8.0370950761105266],[-34.873797243736092,-8.0369839678789852],[-34.873619358331595,-8.0369201195089044],[-34.873479108154321,-8.0368654423258281],[-34.873364997002987,-8.0368086443006597],[-34.873187444716656,-8.0367167449178414],[-34.873055554328047,-8.036632059906081],[-34.872922390821614,-8.0365518007185823],[-34.872871098123305,-8.0365121859307216],[-34.874378019783414,-8.0350336832569127]]]},"properties":{"OBJECTID":87,"NMNOME":"FÁBRICA DA TACARUNA","CDTIPO":"ZEPH","CDID":"29","CDSETOR":"SPA","ELINK":" ","NMLEI":" ","DBD2ESRI.ESI2.FCZEPH_PD_2020.AREA":5.2270991999999996,"TIPO":"Ambiental","DB2GSE.ST_Area(SHAPE)":52270.992001730003,"DB2GSE.SdeLength(SHAPE)":914.74036280224618}},{"type":"Feature","id":88,"geometry":{"type":"Polygon","coordinates":[[[-34.873415630590536,-8.0201308853093511],[-34.873202349214992,-8.0190172392963781],[-34.873169074222879,-8.0189193396835385],[-34.873021643105801,-8.0177869784519924],[-34.872964825643713,-8.0173267056764406],[-34.873537157796378,-8.0172587360612102],[-34.873998535307564,-8.0171832601924322],[-34.874596315566706,-8.0170970157647776],[-34.874800969453993,-8.0186907197772772],[-34.874925248272518,-8.0195233887178166],[-34.874728741075955,-8.0196223340552972],[-34.874430073817258,-8.0197144808424081],[-34.87399543189396,-8.0199000849890627],[-34.873554965899238,-8.0200909273181136],[-34.873415630590536,-8.0201308853093511]]]},"properties":{"OBJECTID":88,"NMNOME":"MATADOURO DE PEIXINHOS","CDTIPO":"ZEPH","CDID":"30","CDSETOR":"SPR","ELINK":" ","NMLEI":" ","DBD2ESRI.ESI2.FCZEPH_PD_2020.AREA":5.2721007699999998,"TIPO":"Rigoroso","DB2GSE.ST_Area(SHAPE)":52721.007730475001,"DB2GSE.SdeLength(SHAPE)":946.7687852982715}},{"type":"Feature","id":89,"geometry":{"type":"Polygon","coordinates":[[[-34.874596315566706,-8.0170970157647776],[-34.875497446817434,-8.0169627199160889],[-34.875824673544841,-8.0191994794586279],[-34.874925248272518,-8.0195233887178166],[-34.874596315566706,-8.0170970157647776]]]},"properties":{"OBJECTID":89,"NMNOME":"MATADOURO DE PEIXINHOS","CDTIPO":"ZEPH","CDID":"30","CDSETOR":"SPA","ELINK":" ","NMLEI":" ","DBD2ESRI.ESI2.FCZEPH_PD_2020.AREA":2.6514751300000001,"TIPO":"Ambiental","DB2GSE.ST_Area(SHAPE)":26514.751386960001,"DB2GSE.SdeLength(SHAPE)":726.73946681328823}},{"type":"Feature","id":90,"geometry":{"type":"Polygon","coordinates":[[[-34.932700683965031,-8.0589534375799481],[-34.931841533764988,-8.0594633301854106],[-34.931565872966239,-8.058945769157507],[-34.93085139898416,-8.0576426928381135],[-34.930435823150397,-8.056889830613116],[-34.930088880190951,-8.0561856001032606],[-34.930069844542274,-8.0558971600358387],[-34.930246068981134,-8.0557978082631774],[-34.930489721702095,-8.0556650026236412],[-34.931120001100886,-8.0552849639965149],[-34.931282056097487,-8.0551786414476023],[-34.931648809101752,-8.055761011005357],[-34.932023307576223,-8.0563310790628204],[-34.931390280053442,-8.0568007503470866],[-34.931895674205308,-8.0575876487733638],[-34.932227734517646,-8.0581618388172522],[-34.932700683965031,-8.0589534375799481]]]},"properties":{"OBJECTID":90,"NMNOME":"ARRAIAL NOVO DO BOM JESUS","CDTIPO":"ZEPH","CDID":"31","CDSETOR":"SPR","ELINK":" ","NMLEI":" ","DBD2ESRI.ESI2.FCZEPH_PD_2020.AREA":5.6583931300000003,"TIPO":"Rigoroso","DB2GSE.ST_Area(SHAPE)":56583.931397015003,"DB2GSE.SdeLength(SHAPE)":1225.6489236603368}},{"type":"Feature","id":91,"geometry":{"type":"Polygon","coordinates":[[[-34.931259769143317,-8.0551879732010878],[-34.930069844542274,-8.0558971600358387],[-34.930088880190951,-8.0561856001032606],[-34.931227474100254,-8.0583285888877807],[-34.93049774580949,-8.0587260345595979],[-34.928862367377945,-8.0558049991732279],[-34.929834029210419,-8.0551466723856748],[-34.929436536900106,-8.0543992386000536],[-34.931019462187635,-8.0540548542363588],[-34.930989539188033,-8.0547155555368501],[-34.931064326666124,-8.0548968608260409],[-34.931162047868504,-8.0550424174859732],[-34.931259769143317,-8.0551879732010878]]]},"properties":{"OBJECTID":91,"NMNOME":"ARRAIAL NOVO DO BOM JESUS","CDTIPO":"ZEPH","CDID":"31","CDSETOR":"SPA-2","ELINK":" ","NMLEI":" ","DBD2ESRI.ESI2.FCZEPH_PD_2020.AREA":6.0895122600000002,"TIPO":"Ambiental","DB2GSE.ST_Area(SHAPE)":60895.122680959998,"DB2GSE.SdeLength(SHAPE)":1450.0431234270025}},{"type":"Feature","id":92,"geometry":{"type":"Polygon","coordinates":[[[-34.932023307576223,-8.0563310790628204],[-34.932325658908795,-8.0567957021218781],[-34.931800593585173,-8.0574075279609296],[-34.931390280053442,-8.0568007503470866],[-34.932023307576223,-8.0563310790628204]]]},"properties":{"OBJECTID":92,"NMNOME":"ARRAIAL NOVO DO BOM JESUS","CDTIPO":"ZEPH","CDID":"31","CDSETOR":"SPA-1","ELINK":" ","NMLEI":" ","DBD2ESRI.ESI2.FCZEPH_PD_2020.AREA":0.61324944000000003,"TIPO":"Ambiental","DB2GSE.ST_Area(SHAPE)":6132.4944385449999,"DB2GSE.SdeLength(SHAPE)":318.25389912050133}},{"type":"Feature","id":93,"geometry":{"type":"Polygon","coordinates":[[[-34.927580053466052,-8.0271186534219225],[-34.928391778064061,-8.0270311343295244],[-34.928607265867605,-8.0269888993539222],[-34.928865024398917,-8.0271013313333697],[-34.92883326494821,-8.0277042611213503],[-34.928919893836856,-8.0280998777517443],[-34.92871609525406,-8.0288125983253931],[-34.928486408998907,-8.0288926897775355],[-34.92873884988736,-8.0296366312335667],[-34.928241138109264,-8.0300527521523186],[-34.928158332403648,-8.0302348886384785],[-34.928135215696081,-8.0302568987238168],[-34.927656880483788,-8.0298311031516594],[-34.927689782549827,-8.0294801741261494],[-34.927190588064249,-8.0286588247796136],[-34.927171126044023,-8.0286670524787134],[-34.926716309948155,-8.0280861539069175],[-34.926947726540064,-8.0279134281578752],[-34.927163170680672,-8.0278063603013567],[-34.926778774198972,-8.0275596807348499],[-34.92725393892065,-8.0268845813189227],[-34.927529184004342,-8.026929220124245],[-34.927567954456173,-8.0269764112073716],[-34.927580053466052,-8.0271186534219225]]]},"properties":{"OBJECTID":93,"NMNOME":"MONTEIRO","CDTIPO":"ZEPH","CDID":"32","CDSETOR":"SPR","ELINK":" ","NMLEI":" ","DBD2ESRI.ESI2.FCZEPH_PD_2020.AREA":5.5969441900000003,"TIPO":"Rigoroso","DB2GSE.ST_Area(SHAPE)":55969.441943550002,"DB2GSE.SdeLength(SHAPE)":1102.8447416322997}},{"type":"Feature","id":94,"geometry":{"type":"Polygon","coordinates":[[[-34.898143909176376,-8.0483756527326538],[-34.898209431257648,-8.0483999296468642],[-34.898581503006525,-8.0486726969901881],[-34.898978485186618,-8.0480624392854363],[-34.898913842553462,-8.047730129057804],[-34.899089713030634,-8.047626561204277],[-34.8994489584299,-8.047998258322643],[-34.899591495822285,-8.0478497285824524],[-34.899654704019341,-8.0477979030183899],[-34.899687814770374,-8.0477772499350131],[-34.89974083180158,-8.047734337766931],[-34.899809063301902,-8.0476877651045609],[-34.899909853051149,-8.0476142983720713],[-34.900131254021197,-8.0480083630368782],[-34.89999429306615,-8.0481365544218608],[-34.899993877005748,-8.0481393408904456],[-34.899983031274701,-8.0481853071190859],[-34.899965104401289,-8.0482290170161797],[-34.899940537644099,-8.0482693935966978],[-34.899909935919382,-8.0483054422922837],[-34.899874052499271,-8.0483362763362667],[-34.899833772773512,-8.0483611358244271],[-34.899790086227647,-8.0483794086385458],[-34.899744069276394,-8.0483906449912581],[-34.899728828371039,-8.0483927280007439],[-34.900109160021046,-8.04891604803022],[-34.899909828597195,-8.0490631584344996],[-34.89989533493101,-8.0490474928655793],[-34.899733974529795,-8.0491652394525577],[-34.899593406115038,-8.0490431758540613],[-34.899086490587479,-8.0494053979465292],[-34.898920052460788,-8.0492198540937316],[-34.898721557800513,-8.0490209208608832],[-34.898421727265273,-8.049432955061512],[-34.897964659420722,-8.049114661119674],[-34.898072441732779,-8.0489617241483735],[-34.897928915777371,-8.0488766772458931],[-34.898143909176376,-8.0483756527326538]]]},"properties":{"OBJECTID":94,"NMNOME":"MANGUINHOS","CDTIPO":"ZEPH","CDID":"33","CDSETOR":"SPR","ELINK":" ","NMLEI":" ","DBD2ESRI.ESI2.FCZEPH_PD_2020.AREA":2.6525083899999999,"TIPO":"Rigoroso","DB2GSE.ST_Area(SHAPE)":26525.08392913,"DB2GSE.SdeLength(SHAPE)":925.29832482310906}},{"type":"Feature","id":95,"geometry":{"type":"Polygon","coordinates":[[[-34.872512128140983,-8.0582995483495345],[-34.871651677770053,-8.0584383330238794],[-34.870832936506531,-8.0586362120487234],[-34.870921433055955,-8.0593609044793038],[-34.870040034020114,-8.0596527562134437],[-34.869683991610039,-8.0586265428770325],[-34.869642618929724,-8.0584579574980051],[-34.86963580993752,-8.0581372455648275],[-34.869675457663035,-8.0577667389107948],[-34.869670710590249,-8.0569767231094094],[-34.869666879364047,-8.0554203355020473],[-34.869816570410372,-8.0551809956982616],[-34.870913673669094,-8.0541514766050852],[-34.871294037665287,-8.0537945429978901],[-34.871544482367632,-8.053408882459518],[-34.871745017438528,-8.0528050422496058],[-34.871977994415836,-8.054447185541882],[-34.872512128140983,-8.0582995483495345]]]},"properties":{"OBJECTID":95,"NMNOME":"BAIRRO DO RECIFE","CDTIPO":"ZEPH","CDID":"09","CDSETOR":"SR","ELINK":" ","NMLEI":" ","DBD2ESRI.ESI2.FCZEPH_PD_2020.AREA":14.612159800000001,"TIPO":"Rigoroso","DB2GSE.ST_Area(SHAPE)":146121.61420483,"DB2GSE.SdeLength(SHAPE)":1837.3206807984575}}]}