{"type":"FeatureCollection","features":[{"type":"Feature","id":1,"geometry":{"type":"Polygon","coordinates":[[[-34.918582574739993,-7.9774451124488417],[-34.918602064792076,-7.9774320288926193],[-34.919300187110736,-7.9769633828087763],[-34.919326542411817,-7.9769398091758275],[-34.919440111680792,-7.9768382289678419],[-34.920368901099415,-7.9760074792958164],[-34.920375488541666,-7.9760015876920676],[-34.920441885189199,-7.9759865561440542],[-34.922079879254333,-7.9755760117288377],[-34.922292832013042,-7.9755142872743905],[-34.922407048790475,-7.9755011001355971],[-34.922415147180963,-7.9754993059422583],[-34.92253976216135,-7.9754716931702259],[-34.92266968786172,-7.9754429039288528],[-34.922689550754953,-7.9754580415553109],[-34.922845742124288,-7.9755752188204738],[-34.922870677123619,-7.9755934202583774],[-34.922966680379837,-7.975657809335944],[-34.92306654921812,-7.9757160635385738],[-34.923169890767966,-7.9757679505365218],[-34.923203182557259,-7.9757829805549267],[-34.923535941187282,-7.9759292591228919],[-34.924128642569428,-7.9761802006478],[-34.924249026899993,-7.9762321120825455],[-34.924390463857812,-7.9762931000540096],[-34.924629350075527,-7.9763849354424936],[-34.924863715508621,-7.9764750332838501],[-34.9251588394918,-7.9765955151489489],[-34.925165596109672,-7.976598273667511],[-34.925420028765927,-7.9767021434251175],[-34.925812533564901,-7.9768926353394578],[-34.925846783256155,-7.9769101983462045],[-34.925894721255005,-7.9769418073668836],[-34.925938110062106,-7.9769793826533872],[-34.925968071372587,-7.9770121294249048],[-34.926066885284811,-7.9770481223982559],[-34.926112081412334,-7.9770777217558662],[-34.926212153563142,-7.9771562087724375],[-34.926349805153471,-7.9772753998487484],[-34.926357751978919,-7.9772832661773618],[-34.926334572233365,-7.9773087772623219],[-34.925948418094471,-7.9777337751655413],[-34.924240894388461,-7.9779901241545126],[-34.923421649661016,-7.9778874708957881],[-34.92196363785898,-7.9782136250723692],[-34.921181647518729,-7.9784656639770297],[-34.92072053285866,-7.97882267359154],[-34.920259584835236,-7.9792151684443038],[-34.920249384497517,-7.9795159872228316],[-34.920153981421272,-7.9794423968968298],[-34.920133221691017,-7.9794817070144273],[-34.92007801050454,-7.9796360664094346],[-34.920004526120437,-7.979872633108128],[-34.919995985327894,-7.9798972144724871],[-34.919989728605529,-7.97991606883914],[-34.919934923828841,-7.9801029112079425],[-34.919893305133023,-7.9802447983577149],[-34.919868498219863,-7.9803510235258024],[-34.919807343523637,-7.9804802431465536],[-34.91976290117838,-7.980545313257827],[-34.919729280996819,-7.9806097997650793],[-34.919707685842802,-7.980636659360572],[-34.919654184851069,-7.9807032026251061],[-34.919604971001696,-7.9807559914452879],[-34.919584857193421,-7.9807790452854022],[-34.919714818568501,-7.9808794662275879],[-34.91993638696718,-7.9810530547693519],[-34.920004921700482,-7.9811440066292176],[-34.919985569780913,-7.9815230939005524],[-34.919772810099992,-7.9817015155507214],[-34.919205724888641,-7.9822364516629456],[-34.918780038258447,-7.9825578088164981],[-34.918212619354847,-7.9830217720040055],[-34.9178226941997,-7.9833784490934825],[-34.917610098085554,-7.9835923565943316],[-34.917570540692729,-7.9837260551186375],[-34.917405030429428,-7.9835457957738347],[-34.9173747628966,-7.9835938226290688],[-34.917355195546904,-7.9836648680352464],[-34.91734216671118,-7.9837373884056237],[-34.917342951142707,-7.9839506720075875],[-34.917344152406862,-7.9840715210701205],[-34.917343672428885,-7.9841193040836558],[-34.917343435656775,-7.9842977732203053],[-34.917354332129854,-7.9844802943033031],[-34.917359525603132,-7.9845672929014739],[-34.917358864272423,-7.9845806680059415],[-34.917342363074411,-7.984914333969594],[-34.917342915965229,-7.9849858050486926],[-34.917342906186896,-7.9850025664758206],[-34.917342732216689,-7.9850090159843612],[-34.91733274878122,-7.9853126692913943],[-34.917330444654993,-7.9854840131164115],[-34.917333354800824,-7.9855945867721836],[-34.917333292514357,-7.9856339166389931],[-34.917333337395185,-7.9857936061072508],[-34.917333340968312,-7.9858046745691915],[-34.917333362607884,-7.9858816249397044],[-34.917334334910365,-7.9859971067100295],[-34.917340942662477,-7.986263384946267],[-34.917349893039585,-7.9865761140670415],[-34.917342278349764,-7.9869753089034399],[-34.917339167812337,-7.987075062580403],[-34.917336751462948,-7.9871525477053584],[-34.917649118141767,-7.9871807190688751],[-34.917521846600508,-7.9875673137154219],[-34.917349599564211,-7.9881168026773084],[-34.916866702902752,-7.9885022410602042],[-34.915883880577837,-7.9892065533093843],[-34.914634806452703,-7.99016201040188],[-34.912468658990264,-7.9915882151792417],[-34.911434630251676,-7.9921713941018231],[-34.91136807039917,-7.992208933323214],[-34.91136463304079,-7.9922108712721123],[-34.912139271750711,-7.9932305554410172],[-34.912206260972638,-7.9933132379814715],[-34.9125328344861,-7.9937163086703311],[-34.912796291433324,-7.9940414774371531],[-34.91345320453857,-7.9948291429224154],[-34.913499464639521,-7.9948595765372108],[-34.913730351303549,-7.9950114715895486],[-34.914155262501289,-7.9952910113379678],[-34.914514309216642,-7.9954364418279624],[-34.914552625769254,-7.9954519624557019],[-34.914806377011089,-7.9956774927725212],[-34.915255444504702,-7.9960766174757225],[-34.915606847657983,-7.996264253282015],[-34.915683318987668,-7.9963050869666477],[-34.915816768102196,-7.996376343069727],[-34.915911063665149,-7.9965852096522365],[-34.915959243387093,-7.9969105711128892],[-34.915893603376794,-7.9970763839176309],[-34.91586701049853,-7.9971435591590065],[-34.915826808211946,-7.9973279401038715],[-34.915821327857643,-7.9973530750619535],[-34.915796102977453,-7.9973700077115026],[-34.915542239295824,-7.9975404183813783],[-34.915473745137071,-7.9976231290750102],[-34.915397197271503,-7.9977155659977468],[-34.915310244510735,-7.9978205670681781],[-34.915298648265868,-7.9978322353935969],[-34.91525912658183,-7.9978719978201509],[-34.915078032340915,-7.9980542042867002],[-34.914869148967909,-7.9982877332527336],[-34.914566512266425,-7.9984286729236898],[-34.914101434212839,-7.9987564134086169],[-34.914066214683579,-7.9987918497520223],[-34.913892442328212,-7.9989666872686618],[-34.913855564136014,-7.9990286068966192],[-34.913848121901005,-7.9990411021502448],[-34.913837906152388,-7.9990582544524909],[-34.913684101090283,-7.999316493597231],[-34.913508519886079,-7.9995152465769008],[-34.913503834794739,-7.999520549851729],[-34.913498437869961,-7.9995266583333136],[-34.913490908101778,-7.9995283630431473],[-34.913482103592436,-7.9995303566338274],[-34.91335683000721,-7.9995587164835626],[-34.913288686078936,-7.9995741428595428],[-34.913230999405947,-7.9995744101834525],[-34.913125376540961,-7.9995748996260057],[-34.912938303164822,-7.9994827423989676],[-34.912635231892317,-7.9995306580616372],[-34.912044032511311,-7.9998743068817308],[-34.912030279467672,-7.9998823010606408],[-34.911935820008885,-7.9999228357438055],[-34.911098924397315,-8.0002819670347964],[-34.910840645914931,-8.0002831625839761],[-34.910748974185282,-8.0002835868857876],[-34.91068026137718,-8.0002879352473979],[-34.91053189830879,-8.0002973235391455],[-34.910528403008399,-8.000297544938519],[-34.910352472825458,-8.0003086781223072],[-34.909980644175064,-8.0006266988798682],[-34.909887713347111,-8.00070618244348],[-34.909855309541292,-8.0006841953231227],[-34.909541042406971,-8.0004709607143347],[-34.90951324240023,-8.0004520975202364],[-34.909320448614395,-8.0002616926747567],[-34.909207619224034,-8.0001502617550617],[-34.909044478122034,-7.9999891425272898],[-34.908995098289459,-7.9998647168429908],[-34.908944474068896,-7.9997371561610331],[-34.908724194976124,-7.9991821057216299],[-34.908666762421241,-7.9990373873575384],[-34.908643760327607,-7.9985609449330504],[-34.908640944065674,-7.9985026156133401],[-34.908546181898046,-7.9984005221510781],[-34.908389494459193,-7.998231713322431],[-34.908383017163594,-7.9982247340028625],[-34.908382431286356,-7.9982247376145557],[-34.908332417326207,-7.9982249687503231],[-34.908149718433336,-7.9982258121239944],[-34.908149080928936,-7.9980887273074464],[-34.908148853247312,-7.9980397675401154],[-34.908158394211817,-7.9980124169202771],[-34.908173587255718,-7.9979688636573183],[-34.908177963944212,-7.9979563211587577],[-34.908286994016144,-7.9976437748533309],[-34.90846816399111,-7.9975470917616773],[-34.90868262807269,-7.9974326416445782],[-34.908702321130107,-7.997418482396812],[-34.908711836819599,-7.9974116407160452],[-34.90879965918564,-7.9973484950765847],[-34.909160483005543,-7.9970890552490896],[-34.909170932437682,-7.9970815420413297],[-34.909170821309353,-7.9970576552280361],[-34.909168552291952,-7.9965699183529395],[-34.909185998832889,-7.9964253438761865],[-34.909194006006999,-7.9963589906450379],[-34.909258409256772,-7.995825307250465],[-34.909383098218981,-7.9955103470302964],[-34.909396764993424,-7.9954758261502699],[-34.90907868255551,-7.9951013181452941],[-34.909007623045454,-7.9950176530293042],[-34.908786840017754,-7.9947577044398725],[-34.908500988914234,-7.9945267659115045],[-34.908496369705489,-7.9945230335519932],[-34.908525816313997,-7.9944947059013467],[-34.908584917011602,-7.994406406283769],[-34.908650733988608,-7.9943175973815226],[-34.908693166430169,-7.9942571224800325],[-34.908724594000375,-7.9942038740231984],[-34.90875318655614,-7.9941602073398821],[-34.908795672353726,-7.9941112138760113],[-34.908804261904656,-7.9941006490089004],[-34.908826158166079,-7.9940617966956751],[-34.908853783595568,-7.9940166997193209],[-34.90887471142068,-7.9939759379639845],[-34.908900366619655,-7.9939198466555785],[-34.908935140055775,-7.9938637123134821],[-34.908953692612222,-7.993828225026685],[-34.908977117122895,-7.9938085020965675],[-34.909000472672503,-7.9937739491229864],[-34.909015209757655,-7.9937437411510475],[-34.909047208227392,-7.9937101047476418],[-34.909067200968906,-7.9936746108049279],[-34.909093944679974,-7.9936462612701176],[-34.909116851590795,-7.993618407715914],[-34.909154629050299,-7.9935890506896223],[-34.909186194452673,-7.9935654632086344],[-34.909195866768691,-7.9935589706893078],[-34.909198628188662,-7.9935534602812481],[-34.909203875526131,-7.9935491154849334],[-34.909225862944666,-7.99352987834442],[-34.909256844007345,-7.9934838075386407],[-34.909281059841838,-7.9934277228757304],[-34.909309217024386,-7.9933936259597758],[-34.909320701611641,-7.9933863963841638],[-34.909340804647684,-7.9933748218021723],[-34.909361309577648,-7.9933465010882854],[-34.909373651351899,-7.993317261591371],[-34.909392701413076,-7.9932855989262066],[-34.90941847220126,-7.993254383455886],[-34.909438943750246,-7.9932188872943364],[-34.909457525164306,-7.9931896189621776],[-34.909492949555897,-7.9931703188144647],[-34.909518804875475,-7.9931572819815591],[-34.909541249771273,-7.993133258381838],[-34.909552174484915,-7.9931088088646325],[-34.9095616968294,-7.993092499742172],[-34.909573654494011,-7.9930838332177192],[-34.909590789019028,-7.9930531359073314],[-34.909603673738594,-7.9930372885940164],[-34.909605982241324,-7.9930176641366062],[-34.909610652637966,-7.9929898948500711],[-34.909616826849579,-7.9929759924647712],[-34.909622481247752,-7.9929534812195131],[-34.909633414855172,-7.9929309455762407],[-34.909662569330884,-7.9929049770504141],[-34.909692199117274,-7.9928780498211074],[-34.909716519444594,-7.992844448878424],[-34.90973326319331,-7.9928328898112717],[-34.909753357287713,-7.9928194013441134],[-34.909764808475934,-7.9928049963165035],[-34.909769544713036,-7.9927915797334546],[-34.909778590407427,-7.9927757501611154],[-34.909791018919414,-7.9927651675422577],[-34.909811603897914,-7.9927540689723875],[-34.909830289851882,-7.9927472852615615],[-34.90985849590237,-7.9927237132787798],[-34.909904902776034,-7.9926924024142192],[-34.909966095586469,-7.9926414085138875],[-34.909993346544809,-7.9926187974452141],[-34.910022985190466,-7.9925937840754493],[-34.910052084885059,-7.9925558549489502],[-34.910094607300941,-7.9925149942603433],[-34.910121358453985,-7.9924880803190144],[-34.910146716141533,-7.9924712188359202],[-34.910177343218258,-7.9924524190789015],[-34.91020463421092,-7.9924384190762998],[-34.910223286760036,-7.9924244599092171],[-34.910253889346961,-7.9924003976743325],[-34.91027633193449,-7.9923758958114055],[-34.910289797185101,-7.9923594925132333],[-34.910294466875506,-7.9923538051243792],[-34.910315029558802,-7.9923379223059614],[-34.910345697589236,-7.9923277345141814],[-34.910354765354327,-7.9923275723533136],[-34.910381688422625,-7.9923270898772039],[-34.910416235513921,-7.9923254945024151],[-34.910437774205221,-7.992312956743266],[-34.910464073585736,-7.9922922639678475],[-34.910507583066433,-7.9922571386234074],[-34.910551599922975,-7.9922277526730259],[-34.910553192923807,-7.9922266712739356],[-34.910583165068637,-7.9922142870850275],[-34.91062924118124,-7.9921930020112493],[-34.910633131586785,-7.9921901922585921],[-34.910685183640616,-7.9921601589000124],[-34.910724458912981,-7.9921432330410633],[-34.910780511255432,-7.9921219235240608],[-34.910826011884907,-7.9921020993571581],[-34.910880099736453,-7.9920712311513666],[-34.910924108952344,-7.9920404095456812],[-34.910967171995203,-7.9920124627308438],[-34.911027480728706,-7.9919777388205135],[-34.911084423534753,-7.9919415957121451],[-34.911116460448333,-7.9919160920425396],[-34.911142397711053,-7.9918947752963527],[-34.911144496447079,-7.9918936219434862],[-34.911155667971023,-7.9918848143731074],[-34.911189659547006,-7.9918669564105738],[-34.91121930786619,-7.9918438559481961],[-34.911266658453748,-7.9918091919412326],[-34.911302547702377,-7.9917865408637514],[-34.911333180020947,-7.9917686975249014],[-34.911360445519279,-7.9917494359031487],[-34.9113881961309,-7.9917311276370739],[-34.911411169585541,-7.9917176267002814],[-34.911436551656131,-7.9917060276314746],[-34.911464822103945,-7.9916963282111375],[-34.911488772888944,-7.9916866496731167],[-34.911512716989947,-7.9916755355039202],[-34.911513119500839,-7.9916756936623177],[-34.911545780180475,-7.9916643791538053],[-34.91156495471197,-7.9916595070355072],[-34.911594189130767,-7.9916507605575022],[-34.911621990943054,-7.9916434554612357],[-34.911658354554085,-7.9916198456618082],[-34.911733454333145,-7.9915663950896949],[-34.911754445453361,-7.9915395077254452],[-34.911774347819076,-7.9915166204759078],[-34.911899780190971,-7.9914575596457711],[-34.912133070192084,-7.9913065324684363],[-34.912264179270387,-7.9912169583000514],[-34.912265020215955,-7.9912166144793906],[-34.912284643282646,-7.9912050420174152],[-34.9122961455694,-7.9912016401275929],[-34.912301707738465,-7.9912027896800293],[-34.912305743499708,-7.9912015957177509],[-34.912321596629624,-7.9912048710331742],[-34.912338395011943,-7.9912052724616096],[-34.912348458480501,-7.9912054826520329],[-34.912363815788602,-7.9912018052632705],[-34.912378175269509,-7.9911936067257763],[-34.912393927242704,-7.9911753539306716],[-34.912401545983798,-7.9911624022547576],[-34.912408193153261,-7.9911470620060383],[-34.912415352180602,-7.9911384176299629],[-34.912440217867704,-7.991119167062295],[-34.912458419463256,-7.9911114280923146],[-34.912476120342752,-7.9910993862661828],[-34.912495234671013,-7.9910815961621235],[-34.912528283502382,-7.9910675703044429],[-34.912563259863042,-7.9910549693768651],[-34.912588150040364,-7.9910409803659714],[-34.912618251233361,-7.9910121369062486],[-34.912646492631573,-7.9909962193764326],[-34.912674742936424,-7.990982214811968],[-34.912723120547376,-7.9909618980151214],[-34.912736183048885,-7.9909552487150757],[-34.912773392682901,-7.9909363098659272],[-34.912810279151223,-7.9909217870738072],[-34.912865364057041,-7.990899047057594],[-34.912893600975686,-7.9908821721275949],[-34.912930503029855,-7.9908709979222694],[-34.912952043774986,-7.9908589383089028],[-34.912975479046189,-7.9908416073467254],[-34.913024318553404,-7.9908174614645029],[-34.913083221034562,-7.9907899194281828],[-34.913110493052393,-7.990772092449502],[-34.913132491259255,-7.9907552463846923],[-34.913156383989033,-7.9907331289709278],[-34.913189806453929,-7.9906961371160863],[-34.913217032570053,-7.9906682643440261],[-34.913238103766744,-7.9906585981528311],[-34.91326973330446,-7.9906488839898246],[-34.913294785068231,-7.990643505444659],[-34.913297365165569,-7.9906417233364229],[-34.913306666555712,-7.9906418836943223],[-34.913306963077154,-7.990641678906437],[-34.91334409064234,-7.9906423206969119],[-34.91337752150762,-7.9906484085238123],[-34.913403604324444,-7.9906430016935488],[-34.913424189069644,-7.9906319029906996],[-34.913444780502012,-7.9906222399155897],[-34.913459122101692,-7.9906102136102257],[-34.913489705181519,-7.9905818461287774],[-34.913524627055956,-7.9905577637291332],[-34.913543263780596,-7.9905404549594241],[-34.913569011782599,-7.9905044560227836],[-34.913603438284234,-7.9904770272460199],[-34.913634074838718,-7.9904601411690548],[-34.913662802592192,-7.9904456560907082],[-34.913681903462447,-7.9904249965020098],[-34.913698157395181,-7.9904115256782218],[-34.913738378473099,-7.9903917257091548],[-34.913778586167624,-7.9903690544806016],[-34.913803425886464,-7.9903440622432766],[-34.91383596676021,-7.9903238186721248],[-34.913874305770626,-7.9903121594945423],[-34.913912589047939,-7.9902885406636921],[-34.913948942137594,-7.990262538605573],[-34.913976197144379,-7.990240883843434],[-34.913998654978606,-7.990219730449561],[-34.914007619292441,-7.9901866787264186],[-34.914043427049172,-7.9901468053704514],[-34.914060672596086,-7.9901400281809147],[-34.914074061327703,-7.990129441029362],[-34.914076400837203,-7.9901165137852335],[-34.914076856439465,-7.9901119117806969],[-34.914108292667088,-7.9900829183222628],[-34.914116066298256,-7.9900804494790734],[-34.91413906183913,-7.9900717317495955],[-34.914186425308515,-7.9900399378633731],[-34.914235698469483,-7.9900057429674796],[-34.914293582332995,-7.9899657673629969],[-34.914332859415417,-7.9899493194851745],[-34.914367432622981,-7.9899440495790603],[-34.914394847640807,-7.989923850510201],[-34.914410627349518,-7.9898938717890147],[-34.91453297286354,-7.9898292646402647],[-34.914699407518427,-7.9896785451754795],[-34.915049379253702,-7.9894603330461411],[-34.915249162000457,-7.9892927988027775],[-34.915278534670179,-7.9892698070031791],[-34.915301857546325,-7.9892688726273011],[-34.915317630029158,-7.9892597317602458],[-34.915345131027443,-7.9892437949255024],[-34.915415735462922,-7.9891807083809621],[-34.915451307037017,-7.989146054320476],[-34.915487208604027,-7.9891212928350877],[-34.915497313709047,-7.9890985494182178],[-34.915548914848785,-7.9890581571006347],[-34.915698868383245,-7.9889574977867079],[-34.915834787408144,-7.9888207417178121],[-34.915854691223664,-7.9888046619661388],[-34.915859202263221,-7.9887978470008969],[-34.915862514626234,-7.9887928439155278],[-34.915923859146318,-7.9887311228811759],[-34.915961249710605,-7.9886935022596921],[-34.915962784979875,-7.988692494342958],[-34.915974182806998,-7.988685972020332],[-34.915984452098499,-7.9886768548325557],[-34.916011597995428,-7.9886534384639587],[-34.916037628467102,-7.9886257663987861],[-34.916086075306239,-7.9885964842652042],[-34.916104945688083,-7.9885882873303409],[-34.916139325636657,-7.9885692302866982],[-34.916194776410521,-7.9885410548051281],[-34.916202338368699,-7.988534047596108],[-34.916331876407156,-7.988504720465758],[-34.916448093511278,-7.9883375731964072],[-34.916547906144821,-7.9882371451985454],[-34.9166775017395,-7.9881645870863869],[-34.916678357458416,-7.9881641075805723],[-34.916697936819865,-7.9881531454170833],[-34.916784663782678,-7.9881815161529079],[-34.916785743769637,-7.9881818691560564],[-34.916793463026842,-7.9881916687027932],[-34.916819882952893,-7.9882272712876663],[-34.916820779195518,-7.9882284794849863],[-34.916821538777356,-7.9882291657657438],[-34.916825216476603,-7.9882324910470004],[-34.916851500453056,-7.988256254610163],[-34.916869508733342,-7.9882679755065658],[-34.916885028211162,-7.9882646895966909],[-34.91692929475137,-7.9882404316785758],[-34.916960220340904,-7.9882196719687792],[-34.916986809138905,-7.9881929194229588],[-34.917003908887153,-7.9881640637175222],[-34.917020131034334,-7.9881317757264405],[-34.917020306422181,-7.9881310733580362],[-34.917081876145794,-7.9880514000361309],[-34.917015198409281,-7.9877640652504853],[-34.917012017337598,-7.9877503580863145],[-34.91700579864716,-7.9877235605696457],[-34.916995938873988,-7.9876810690757614],[-34.917010021832652,-7.9876422292959885],[-34.91702109531311,-7.9876326789335295],[-34.917021192867018,-7.9876325944030819],[-34.917038576751963,-7.9876176003314825],[-34.917068501062488,-7.9875917906348883],[-34.9171057824488,-7.9875786308700967],[-34.917143643783533,-7.9875754746148502],[-34.91715364331592,-7.9875746408085],[-34.917240572175089,-7.9875429073321325],[-34.917244269338632,-7.9875420475993062],[-34.917279450819279,-7.9875338654000005],[-34.917296499752531,-7.987518617023162],[-34.917305475348634,-7.9875105897894914],[-34.917313328310001,-7.9875035649460271],[-34.917313960242524,-7.9875009962769159],[-34.91732074763673,-7.9874733862755409],[-34.917316188989055,-7.9874414215655909],[-34.917313773928896,-7.9874330837164687],[-34.91730146174514,-7.9873905791971875],[-34.917291801491182,-7.987374521674881],[-34.917274437893113,-7.9873456585205478],[-34.917271332062832,-7.9873404962408845],[-34.917249927873499,-7.9873333521132359],[-34.917223034568124,-7.9873243755806493],[-34.917214904242954,-7.9873217155462877],[-34.917177606121086,-7.9873095136319012],[-34.917168497672534,-7.9873081165914073],[-34.917098170360532,-7.9872973226546247],[-34.917024187146311,-7.9872826247205513],[-34.917003488423184,-7.9872871162531967],[-34.916989529510509,-7.9872901444975568],[-34.916980428628321,-7.9872921186796919],[-34.916932195875262,-7.9873415813426325],[-34.916896666695187,-7.9873846801524682],[-34.916875681239105,-7.9874101373970534],[-34.916859741795562,-7.9874141819494486],[-34.916844015226289,-7.9874181721745243],[-34.916833318034932,-7.9874166233765438],[-34.916815220746493,-7.9874140023069096],[-34.916806710732267,-7.9874127706407547],[-34.916783497854119,-7.9873983752219022],[-34.916773996592461,-7.9873924831690566],[-34.916740907948629,-7.9873578209706677],[-34.91672717505574,-7.9873076230744324],[-34.916712205046373,-7.9872624647517352],[-34.916706932269548,-7.9872156323496277],[-34.91670873272767,-7.9872154820653343],[-34.916708597572196,-7.9872162547643262],[-34.916708665569239,-7.9872162499287844],[-34.916708800745802,-7.9872154817500425],[-34.916712614567501,-7.9871937474985701],[-34.916723544179483,-7.9871541339968148],[-34.916738405695455,-7.9871202385686209],[-34.916769942292106,-7.9870834930723236],[-34.916796476247228,-7.9870473258615355],[-34.916811319645511,-7.9870095484570243],[-34.916812773647287,-7.9869635148079396],[-34.916813560488535,-7.9868936404122222],[-34.916822153052259,-7.9868276109887812],[-34.916831974796025,-7.9867865299000886],[-34.916825172296512,-7.9867593888224109],[-34.916803902176497,-7.9867312064228067],[-34.916771544918078,-7.9867113928221887],[-34.916741458866177,-7.9867015504850176],[-34.91670693808171,-7.9866940711363696],[-34.916703739530007,-7.9866935263451584],[-34.916678086005916,-7.9866474049792524],[-34.916576916224898,-7.9866420960064328],[-34.916493998734296,-7.9866193696580483],[-34.916460808639393,-7.9866051316478419],[-34.91642847367045,-7.9865912594345465],[-34.916395524390126,-7.9865771233655369],[-34.916350017282767,-7.9865276766054611],[-34.916346005954793,-7.9865230112269137],[-34.916329749049005,-7.9864949547310182],[-34.916315532281203,-7.9864722471811413],[-34.916289159443352,-7.9864362004101634],[-34.916271574125169,-7.9864114987279056],[-34.916249913882119,-7.9863774389502957],[-34.916227550395199,-7.9863366851053064],[-34.916209255590779,-7.9863039495554702],[-34.916197030812356,-7.9862758743661928],[-34.916188811343318,-7.9862424222151889],[-34.916182570453337,-7.9862009237450113],[-34.916182458016856,-7.9861768110056985],[-34.916174911477377,-7.9861433557354813],[-34.916174098915839,-7.9861132179249354],[-34.916179961904859,-7.9860736731098729],[-34.916196362073045,-7.9859885316989683],[-34.916206210314321,-7.9859389206241094],[-34.916216116988451,-7.9859020358220283],[-34.916240061465253,-7.9858496797794425],[-34.916271407495657,-7.9857992991807532],[-34.916299452776869,-7.9857616604185893],[-34.916328831808912,-7.9857220057359006],[-34.916338829047213,-7.9857045452850368],[-34.91634811768958,-7.9856790491592919],[-34.916354027513115,-7.9856495510190157],[-34.916361155529081,-7.9855932543228709],[-34.916375607017123,-7.9855221883144782],[-34.916385354410323,-7.9854966602292698],[-34.916390210634844,-7.9854839419229853],[-34.916394302461427,-7.9854784497449147],[-34.916394340417078,-7.9854782262646555],[-34.916396226642689,-7.985477215818908],[-34.916404229682982,-7.9854644521929199],[-34.916430390971108,-7.9854549539919102],[-34.916463917637394,-7.9854400632583582],[-34.916492080661442,-7.9854278761258133],[-34.916524279812151,-7.9854163402015557],[-34.916536332777554,-7.9854075763815882],[-34.916545021231094,-7.9853974892304622],[-34.916553033637072,-7.9853867352989294],[-34.916559024652891,-7.985374650908323],[-34.916571091019243,-7.9853685666781535],[-34.916588551352078,-7.9853664769301789],[-34.916612049551148,-7.9853623494618082],[-34.916631506280098,-7.9853562309819566],[-34.916652257062836,-7.9853393897031371],[-34.916675339857427,-7.9853150311545233],[-34.916679670871268,-7.9853104609180132],[-34.916692913679462,-7.9852941055612083],[-34.916694369070669,-7.9852923078612648],[-34.916700829698563,-7.9852796038162719],[-34.916707684848014,-7.9852661240622584],[-34.916713622754926,-7.9852426532029801],[-34.91671152952194,-7.9852259177893208],[-34.916706056562077,-7.9852051794639323],[-34.916693203517433,-7.9851864841747657],[-34.916690868145054,-7.9851835576863159],[-34.916709426206864,-7.985143429686306],[-34.916702819837006,-7.9850865719348816],[-34.916675541656666,-7.9850208958859863],[-34.916632385965336,-7.9849532710132367],[-34.916608068788449,-7.9849377451593533],[-34.916589419526659,-7.9849258382346013],[-34.916454588510703,-7.9848854545508132],[-34.91634836900726,-7.9848899788426895],[-34.916347116466042,-7.9848880164934632],[-34.916341606961879,-7.9848592402724252],[-34.916341485169141,-7.9848331187416282],[-34.916341341517132,-7.9848023088236237],[-34.916341241580696,-7.9847808747758897],[-34.91634519469752,-7.9847641122462223],[-34.916342423224094,-7.9847460401422401],[-34.916333576414573,-7.9847219678711188],[-34.91632924566418,-7.9847160907106858],[-34.916322757283325,-7.9847072826185785],[-34.91632011040052,-7.9847034833377455],[-34.916331051807305,-7.9846947924822755],[-34.916409137064662,-7.9846327697535751],[-34.916453262260887,-7.9846010197199089],[-34.916466808455546,-7.9845709573212957],[-34.916457877560134,-7.9845471349653669],[-34.916427562576295,-7.9845309479846049],[-34.916413547215299,-7.9845278821390568],[-34.916292608227238,-7.9845014289514609],[-34.916292443837598,-7.9845013781812808],[-34.916248445672487,-7.9844878176060146],[-34.916239321734651,-7.9844708290707231],[-34.91623147581798,-7.9844404535262496],[-34.916228186711166,-7.984424760608432],[-34.916224603571258,-7.9844076650374376],[-34.91622245950262,-7.9843802130463102],[-34.916223022231726,-7.9843567679951146],[-34.91622962281275,-7.9843312843287588],[-34.916231134126704,-7.9843179432506304],[-34.916234100569731,-7.9843105297238601],[-34.916235663280446,-7.9842877870201869],[-34.916230464972195,-7.9842467755237374],[-34.916229779784125,-7.9842190518824863],[-34.916213789285898,-7.9842191259596182],[-34.916204191540672,-7.9842191704215697],[-34.91617875551681,-7.9842173128685703],[-34.91617794942298,-7.984206258061028],[-34.91617656403271,-7.9841872754654304],[-34.916170002556804,-7.9841478044820615],[-34.916154756045714,-7.9841074787045319],[-34.91613594417295,-7.9840704050956441],[-34.9161028287606,-7.9840766130280167],[-34.916026046957704,-7.9840910070361515],[-34.915918313324894,-7.9841041476113093],[-34.915689812214538,-7.9840546378421271],[-34.915638732981201,-7.9839790240954764],[-34.915600068965404,-7.9838464644389981],[-34.915560699894961,-7.9835622065215466],[-34.915496468324484,-7.9833855183860125],[-34.915445389229376,-7.983309903680988],[-34.915197041831078,-7.9830835016271058],[-34.915015838799718,-7.9829587998832734],[-34.914906604569836,-7.982912979295115],[-34.914897611215089,-7.9829092066624749],[-34.914875629886879,-7.9828999865679791],[-34.914882973398747,-7.9828955479623476],[-34.915013413854389,-7.9828167062137538],[-34.915179001789802,-7.982716620695129],[-34.915234280646125,-7.9826832081348282],[-34.915296338390156,-7.9826415507376893],[-34.915967907489986,-7.9821907410425164],[-34.91633065495644,-7.9819472359279908],[-34.91671514478837,-7.9816376764262351],[-34.916737841333422,-7.9816194040751585],[-34.91786410200681,-7.9806447483350462],[-34.917720078971975,-7.9800539550910496],[-34.91784376366919,-7.9792488013002556],[-34.917869977348808,-7.9790032295691962],[-34.91792342018303,-7.9787302596227612],[-34.91796686908615,-7.9784474183878764],[-34.917984150561438,-7.9784200671676171],[-34.917987163215585,-7.978404681377059],[-34.918582574739993,-7.9774451124488417]]]},"properties":{"TIPO_ZAN":"ORLA","SHAPE_LENG":9136.2541600900004,"COEF_MIN":0.10000000000000001,"COEF_BASIC":1,"COEF_MAXIM":1,"OBJECTID":1,"DB2GSE.ST_Area(SHAPE)":903932.36740639003,"DB2GSE.SdeLength(SHAPE)":9136.2540383059932}},{"type":"Feature","id":2,"geometry":{"type":"Polygon","coordinates":[[[-34.908035136323669,-7.9951241612242852],[-34.908056666343164,-7.9951097087595242],[-34.90806951691755,-7.9950866860191718],[-34.908094542232007,-7.9950499727605964],[-34.908151222971412,-7.9950088071961467],[-34.908175531508604,-7.9949728150778991],[-34.908212804927992,-7.9949381978310088],[-34.908226962449284,-7.9949108927998971],[-34.908231885470968,-7.9949079878835443],[-34.908269288815788,-7.9948546937526874],[-34.908312857845225,-7.9947805793341207],[-34.908369880340274,-7.9946648679779901],[-34.908373840980914,-7.9946594044677566],[-34.908402561108524,-7.9946423846701808],[-34.908433352948094,-7.9946070795241768],[-34.908465853148151,-7.9945523913596475],[-34.908488423192203,-7.9945306780116985],[-34.908490270328194,-7.9945321702348231],[-34.908776121431913,-7.9947631087710853],[-34.908199788068927,-7.9953583612853345],[-34.907741214048471,-7.996166993334775],[-34.907245001604657,-7.997167827288032],[-34.906246862827366,-7.9979405452512751],[-34.904057579565119,-7.9994100557121897],[-34.90352193785489,-8.000219041292489],[-34.902908881023002,-8.0009515725949907],[-34.901986888805247,-8.001531905228326],[-34.900680505928115,-8.0023060346507826],[-34.900065485176725,-8.0026161114626397],[-34.899478373171888,-8.0026496239332623],[-34.89933363345542,-8.0026578851845134],[-34.89860160438262,-8.0026612533610137],[-34.89798373687767,-8.0023568498613802],[-34.897578721273746,-8.0025367146427566],[-34.897445117692705,-8.0025960467773416],[-34.897022493446485,-8.002783730960914],[-34.896391014578072,-8.0029847558731912],[-34.895675967730661,-8.0032123811386366],[-34.894329261746584,-8.0036026222902699],[-34.893060494910358,-8.0041845299435526],[-34.892058054594031,-8.0040355039546451],[-34.891365078168853,-8.0041538992409276],[-34.890326942126244,-8.0046195249485077],[-34.888981814386966,-8.0053553957823809],[-34.887789380461044,-8.005783318420173],[-34.885330714339418,-8.007350000736686],[-34.884527087766266,-8.008544257291712],[-34.883605398389015,-8.009201368781067],[-34.882606648187377,-8.0098588306873619],[-34.881608247241751,-8.0105931010830069],[-34.881033486400206,-8.0112870317622331],[-34.880882367441295,-8.0119406230632375],[-34.880834730734826,-8.0121821700767306],[-34.880833585544735,-8.0121879749961682],[-34.880830402590163,-8.0122041093240437],[-34.880317566116382,-8.0148044485672809],[-34.880208856147647,-8.0163027785874839],[-34.879982970675371,-8.0174559896701396],[-34.879603139503637,-8.0186483097276646],[-34.878566184351193,-8.0193827544894596],[-34.877219223196789,-8.0197345499408357],[-34.876142496981245,-8.0202003298989588],[-34.87358372255062,-8.0207563742302348],[-34.873569665870953,-8.0207594289007726],[-34.873567516548945,-8.0207598961470676],[-34.873526316055695,-8.0207688487091122],[-34.873523172360585,-8.0207593520196507],[-34.873466484097634,-8.0204564389112694],[-34.873463526490958,-8.0204406344650501],[-34.87344600774756,-8.0203470254626286],[-34.873449612781577,-8.0203463472717207],[-34.874717568247171,-8.0198084042417488],[-34.875146882615674,-8.0196485250357359],[-34.876103898902024,-8.0193959981050043],[-34.876571314380072,-8.0193186660679956],[-34.876820076375871,-8.0192724106369386],[-34.877264857213177,-8.0191951819140428],[-34.877927979213204,-8.0190191932515908],[-34.878206677674747,-8.0189201584493706],[-34.878394772154302,-8.0188064972298125],[-34.878650421919296,-8.0186173252237261],[-34.878995949212495,-8.0182848580948285],[-34.879152553532627,-8.0178855710953307],[-34.879441702976465,-8.0170551954113503],[-34.879487932091052,-8.0157134832224948],[-34.879688797414232,-8.0147246204005089],[-34.879743358147458,-8.0137435464001321],[-34.879777588949977,-8.0127012691396793],[-34.879879413345392,-8.0118735771499008],[-34.879953476497732,-8.0115724299470141],[-34.879990508502644,-8.0114218558943904],[-34.880240153301195,-8.0110452704807891],[-34.880265640957667,-8.0110267100356403],[-34.880321745430393,-8.0109858535829606],[-34.880722608802067,-8.010712359909272],[-34.881068495748046,-8.010279650043362],[-34.881362228130193,-8.009903478874886],[-34.881656450916388,-8.0096344003376281],[-34.881778578580274,-8.0095575384441098],[-34.881788598299053,-8.009553619629644],[-34.882008589660586,-8.0094380322202081],[-34.882182657658483,-8.0093204112951142],[-34.882264846771875,-8.0092515021728126],[-34.882322608590052,-8.0092151484488152],[-34.882345870980103,-8.0092012848423995],[-34.882537816738648,-8.0091198386332731],[-34.882698656153863,-8.0090612919259687],[-34.88278748346287,-8.009025755560371],[-34.882915910254717,-8.0089914397076143],[-34.882919248089131,-8.0089898821033092],[-34.882925159961353,-8.0089885197814112],[-34.883005296409316,-8.0089817981904403],[-34.883088065407016,-8.0089532698512738],[-34.883147124629332,-8.0089194017639898],[-34.883222493383862,-8.0088663893873164],[-34.883228319431758,-8.008863523060743],[-34.883299821214955,-8.008833701768177],[-34.883376895181819,-8.0087763709203053],[-34.883410724216603,-8.0087605884660054],[-34.883478153071493,-8.0087024418706001],[-34.883487729969914,-8.0086980928941554],[-34.883543199158161,-8.0086760466652205],[-34.883662094442577,-8.0085792478349411],[-34.883740910178531,-8.0084835406489621],[-34.883903971202869,-8.0082839285541194],[-34.883981976422085,-8.0082100188471266],[-34.884072643603282,-8.0081160728899423],[-34.884137039507166,-8.0080540308352628],[-34.884201355154701,-8.007974734740225],[-34.884265637379123,-8.0078881744961645],[-34.88433994487513,-8.0078024761452653],[-34.884403336417229,-8.0077204602593088],[-34.884434150810698,-8.0076858133919391],[-34.884475880213387,-8.0076474840550276],[-34.884524805251452,-8.0075891434432336],[-34.884555540289185,-8.0075372434396836],[-34.884582644546406,-8.0074880840223113],[-34.884626090717887,-8.0074270444404743],[-34.884707451726882,-8.0072904628581103],[-34.884783334760215,-8.0071511813997542],[-34.884825661483696,-8.0070447439517114],[-34.88483827747735,-8.0070147196192387],[-34.884871637082469,-8.0069562711079794],[-34.884885616287214,-8.0069301940947337],[-34.884894873279919,-8.0069211814993366],[-34.884919134315851,-8.0069132964436509],[-34.885025537862766,-8.0067642642202177],[-34.885089453129147,-8.006677857488425],[-34.885110845500094,-8.0066548213772393],[-34.885155051699037,-8.0066072183760575],[-34.885156620555129,-8.0066067736312299],[-34.885358670659862,-8.0063647643114439],[-34.885590146349884,-8.006107478900125],[-34.885777082218723,-8.005957002639434],[-34.885887454106125,-8.0058854274004361],[-34.885969647475889,-8.0058064996860523],[-34.886020137742392,-8.0057625900084481],[-34.886054301018547,-8.0057428514366826],[-34.886515758192793,-8.0056282920413757],[-34.887261944892664,-8.005517785603633],[-34.887583759719149,-8.0054092187536927],[-34.88778707368833,-8.0052315833578263],[-34.88783715802797,-8.0051706913257625],[-34.887841119815327,-8.0051695286329831],[-34.887880304803225,-8.0051225921247653],[-34.887888266048876,-8.0051085551130985],[-34.887983796021892,-8.0049924111177884],[-34.887999634861742,-8.0049816252937482],[-34.888040886540765,-8.0049535330054322],[-34.88808015852559,-8.004925298792001],[-34.888171422279278,-8.0048255688818468],[-34.888343297857539,-8.0046989217411024],[-34.888594834296079,-8.0044942919901274],[-34.888889467433422,-8.0043162373717767],[-34.889109907569676,-8.0043580662159375],[-34.889194103537875,-8.0043594662987161],[-34.889241349807108,-8.0043621927621995],[-34.889250536532245,-8.0043604049231849],[-34.889362405666439,-8.0043622650153061],[-34.889600547482978,-8.0043080888165186],[-34.889773548007149,-8.0042401126198026],[-34.890102881685046,-8.0039698676521915],[-34.890403743071822,-8.0037893317933424],[-34.890471565575439,-8.0037339645003183],[-34.890480042676771,-8.0037322992275879],[-34.890543653445576,-8.0036927319166686],[-34.890561580732161,-8.0036710856991498],[-34.890588701665862,-8.0036383404785205],[-34.890742673783066,-8.0035126443589633],[-34.890966862464452,-8.0034092410869633],[-34.891461690965485,-8.0035317434439541],[-34.891721625487044,-8.0035241538071684],[-34.89241355683577,-8.0034710292610232],[-34.892425836820514,-8.0034719086689261],[-34.892478122858918,-8.0034694973004239],[-34.892817637721755,-8.0034679401906175],[-34.892842701601559,-8.003468244721633],[-34.892844724900158,-8.0034678159492536],[-34.892928135013776,-8.003467433359015],[-34.893041969877252,-8.0034227036046257],[-34.893094324178598,-8.0034060092306518],[-34.893117315360946,-8.0033930975042722],[-34.893158800457272,-8.0033767965339546],[-34.893394898360327,-8.0032715817454534],[-34.893421177825267,-8.0032644780815563],[-34.893528435260158,-8.0032480516039701],[-34.893549281612977,-8.0032457879770078],[-34.893576220688722,-8.0032416837182634],[-34.893777510791452,-8.0032203948268066],[-34.894046703763188,-8.0031954644900249],[-34.894053447300919,-8.0031955031543092],[-34.894094585991624,-8.0032004377492107],[-34.894125440324871,-8.003217705948483],[-34.894139708556878,-8.0032123398576633],[-34.894158662152819,-8.0031943928242733],[-34.894297393394844,-8.0032084102363363],[-34.894428846942056,-8.0031790137869478],[-34.894611310496884,-8.0030758012206089],[-34.894762049990931,-8.0030527142917958],[-34.894963340828788,-8.0030469550800891],[-34.894995175358169,-8.0030486640706755],[-34.895047423563653,-8.0030590967808486],[-34.895106150565589,-8.0030546746866023],[-34.895149576945151,-8.0030488862692],[-34.895198099079643,-8.0030337597469572],[-34.895287217444455,-8.0030072687858027],[-34.895348618619948,-8.0029903816302763],[-34.895355512525391,-8.002989203600702],[-34.895359707681422,-8.0029873282652897],[-34.895427668669804,-8.0029670360558693],[-34.895490131506705,-8.0029355449817174],[-34.895496413889305,-8.0029278441359146],[-34.895498522447255,-8.002925259642236],[-34.895608539512892,-8.0028760680171054],[-34.895746085912506,-8.0027762599724586],[-34.895751720964292,-8.0027725382248978],[-34.895799497188108,-8.0027459658499573],[-34.895844688477617,-8.002711142089165],[-34.896043659429964,-8.0025797400391117],[-34.896061192191503,-8.0025687708011493],[-34.896072455049236,-8.0025644708055435],[-34.89612231461787,-8.0025353655561027],[-34.896212230025675,-8.0024790642905987],[-34.896288197358331,-8.0024377298835407],[-34.896384623505462,-8.002374877577342],[-34.896437700902013,-8.0023345804250301],[-34.896518693730222,-8.0022685389133006],[-34.8966462561608,-8.0021692168235141],[-34.896754724347687,-8.0020834875380622],[-34.896782236577671,-8.0020594030998513],[-34.897051310657609,-8.0018584815004825],[-34.897297650518951,-8.0016877898856293],[-34.897704639014961,-8.001554750277851],[-34.898016039385574,-8.0015725138285863],[-34.89826383053154,-8.0017153392487188],[-34.898482642619072,-8.0019320928790485],[-34.898767913490751,-8.0020499847138318],[-34.899209395742929,-8.0020439376168184],[-34.899394021934825,-8.0018909467857746],[-34.899904819388929,-8.0015462781821753],[-34.900361360076523,-8.0012561955740669],[-34.900638574559409,-8.0010864776549155],[-34.900801546880736,-8.0009661879091318],[-34.900869834279518,-8.0009317582441462],[-34.900870777755948,-8.0009318081440384],[-34.900872921623815,-8.000931373357334],[-34.900874867540828,-8.0009314755978398],[-34.900904707850529,-8.000920756005792],[-34.900923045376167,-8.0009110739176208],[-34.900926770325768,-8.0009089294792552],[-34.901024705814208,-8.0008945232025432],[-34.901185935028636,-8.0007786017210094],[-34.901217332964691,-8.0007581823650984],[-34.901245003440337,-8.0007475839475752],[-34.901264784045296,-8.0007344045738193],[-34.901286014931195,-8.0007194736580782],[-34.901305500797783,-8.0007057134171085],[-34.901315669873192,-8.0006963591448628],[-34.901327869259767,-8.0006843782286836],[-34.90133044859089,-8.0006741864818949],[-34.901330727611274,-8.0006737250234021],[-34.901448463851423,-8.0005882893457709],[-34.90145896489085,-8.0005828527004237],[-34.901462780900488,-8.0005813750452521],[-34.90146678763972,-8.0005791723487487],[-34.901478339245074,-8.0005728222703372],[-34.901627759610911,-8.0004954658747351],[-34.901635111056159,-8.0004936157278088],[-34.901669784933304,-8.0004829850277126],[-34.901693948261638,-8.0004712392001469],[-34.901698866812573,-8.0004667567492245],[-34.901718645772462,-8.0004487297267683],[-34.90175181793721,-8.0004219112749126],[-34.901883399801406,-8.0003417737854026],[-34.901920509909139,-8.0003086791881568],[-34.901923407630967,-8.0003073034001027],[-34.901940568415483,-8.000295589822672],[-34.901956825681772,-8.0002777733932255],[-34.901982697143985,-8.0002567122509571],[-34.902006231431564,-8.0002350805563989],[-34.902012424372998,-8.0002267101418489],[-34.902060426500867,-8.0001839017180032],[-34.90206492022709,-8.0001807113339378],[-34.902101278819934,-8.0001561112436281],[-34.902123668344672,-8.0001391389874517],[-34.902127341371397,-8.000136166649531],[-34.90213572332997,-8.0001310371950556],[-34.90215435778812,-8.0001171443343519],[-34.902174881105942,-8.0001086536473203],[-34.902206029381055,-8.0000930947814339],[-34.902233383022576,-8.000076972079027],[-34.902259276038052,-8.0000605649938787],[-34.9022603023108,-8.0000596941632196],[-34.902285142516646,-8.0000386314317016],[-34.902305963733404,-8.0000229953823538],[-34.902502807050922,-7.9999096650567587],[-34.902905061401803,-7.9996687327960032],[-34.903034652359111,-7.9995759716130257],[-34.903063771514248,-7.9995572496607492],[-34.903079852204613,-7.9995436171622378],[-34.903149543947031,-7.9994937310466199],[-34.90343203006767,-7.9992859513402896],[-34.903474406969906,-7.9992494032253942],[-34.903488995744105,-7.9992408666181607],[-34.903537785085412,-7.9992051505173833],[-34.90356218882917,-7.9991889554648452],[-34.903609900461262,-7.9991610094043004],[-34.903645421934996,-7.9991430995972417],[-34.903698700970764,-7.9991162362529664],[-34.903709786629982,-7.9991097589949911],[-34.903718439928547,-7.9991056507721794],[-34.903741143385098,-7.9990936204757839],[-34.90377955725387,-7.9990716299026241],[-34.903811275940278,-7.9990531590123135],[-34.90383132275894,-7.9990344526351791],[-34.90386795021486,-7.9990049068248936],[-34.903876005540347,-7.998998783467683],[-34.903942921985539,-7.9989630135832543],[-34.904078241583719,-7.9988700286716661],[-34.904080905848083,-7.998868968566053],[-34.904109445886426,-7.9988572024509788],[-34.904129228987856,-7.9988446042876555],[-34.904146372089585,-7.9988291098982884],[-34.904176617975203,-7.9988077382839062],[-34.904204814231733,-7.9987846303570702],[-34.904220789212559,-7.9987720777788045],[-34.904285239930942,-7.9987277902096023],[-34.90455478169104,-7.9986204487783805],[-34.904977156494226,-7.9983112561476899],[-34.905013458062768,-7.9982674220151981],[-34.905034801692217,-7.9982520275607163],[-34.905072317238556,-7.9982250957728507],[-34.905089763113772,-7.9982119270415666],[-34.905090999719476,-7.998209869093877],[-34.905091413199962,-7.9982096538253726],[-34.905107065115587,-7.9981900401068007],[-34.905141750820277,-7.9981800763293682],[-34.905160191896513,-7.9981771235339814],[-34.905163703423874,-7.998178053895959],[-34.905169790029966,-7.9981770792514464],[-34.905170391174835,-7.9981772383067655],[-34.905176840879619,-7.9981763316004484],[-34.905193170835744,-7.9981742202895667],[-34.905212388257041,-7.9981654055263602],[-34.905226648777543,-7.998157486965753],[-34.905254039049076,-7.9981495078261267],[-34.90527386258718,-7.9981456346313227],[-34.905282679630766,-7.9981457431220164],[-34.905283460719261,-7.9981455903463257],[-34.905300676673981,-7.9981458020237888],[-34.905301793417728,-7.9981458619643027],[-34.905313510110645,-7.9981381802521883],[-34.905332995699077,-7.9981244207839755],[-34.90535393244383,-7.9981089088573096],[-34.905366112712748,-7.9980928551112553],[-34.905389060818159,-7.9980706446779202],[-34.905413175239644,-7.9980484279581816],[-34.905416543851288,-7.9980439725197474],[-34.905417722191643,-7.9980430395053359],[-34.905428141728898,-7.9980316037431827],[-34.905429143828869,-7.9980311940952618],[-34.905450087760507,-7.9980174269903364],[-34.90546606039824,-7.9980010655368634],[-34.905476219847515,-7.9979896752736659],[-34.905483740649231,-7.9979756798990813],[-34.905490975722344,-7.9979628484787932],[-34.905501133822433,-7.9979511680146436],[-34.905501687672277,-7.9979505172397536],[-34.905668685400592,-7.9978856045659423],[-34.90589913673368,-7.9977309194410031],[-34.906015672756915,-7.9976304121095607],[-34.906036809491169,-7.9976327790522248],[-34.90604733020524,-7.997632197092079],[-34.906057242174711,-7.9976304055819183],[-34.906070627461538,-7.9976224910396327],[-34.906093307780061,-7.9976055163894051],[-34.906113940273947,-7.9975873885548889],[-34.906129643799645,-7.9975759726924815],[-34.906148565524568,-7.9975665779436023],[-34.906167785593922,-7.9975583453564845],[-34.906187573053479,-7.9975469106420842],[-34.906207080194868,-7.9975378042998431],[-34.906219326174828,-7.9975357118062647],[-34.90623011739126,-7.9975347895668296],[-34.906249916560171,-7.9975256809708855],[-34.906280471816657,-7.9975080886454428],[-34.906311578710529,-7.9974835134394304],[-34.906322322634573,-7.9974724115764158],[-34.906342655873715,-7.9974525393544393],[-34.906367051429093,-7.9974279951261487],[-34.90638680330153,-7.9974087078083587],[-34.906407991904338,-7.9973847597002887],[-34.906432094065906,-7.9973599257134111],[-34.90646430600885,-7.9973219660529624],[-34.906495069492728,-7.9972863392525246],[-34.906515647899575,-7.9972565771661417],[-34.906519965319738,-7.9972437601109085],[-34.906531260865172,-7.9972256744627712],[-34.906545488891304,-7.9972107756879582],[-34.906557682598979,-7.9971976302571139],[-34.906573605604088,-7.9971707980574438],[-34.906588110795525,-7.9971526984954329],[-34.906596200747778,-7.997135500977901],[-34.906606046486971,-7.9971194579898404],[-34.906618509256305,-7.9971013678564109],[-34.906634150587429,-7.997076572924084],[-34.906636097584148,-7.9970735940626776],[-34.906649215957032,-7.9970535255073756],[-34.906654995332126,-7.9970412830203443],[-34.906659630898254,-7.9970342812883413],[-34.906662203329077,-7.9970226349242131],[-34.906666234116209,-7.997010982731438],[-34.906668230177416,-7.9970045094095532],[-34.906822467185357,-7.9968665666081495],[-34.906855044746706,-7.9968374307846339],[-34.906863914673032,-7.9968381926469094],[-34.906877615498246,-7.9968431524068446],[-34.906895609384215,-7.9968423523994527],[-34.906912843146721,-7.9968329437228407],[-34.906932923080298,-7.996816345390779],[-34.906951553708552,-7.9967976020615072],[-34.906966573797554,-7.996776721906012],[-34.906977981830345,-7.9967529880035775],[-34.906988623982365,-7.996719211603442],[-34.90699711915304,-7.9966883155411574],[-34.907003497350011,-7.9966667574552384],[-34.907006986934249,-7.9966430601144731],[-34.907007590334871,-7.996617941339756],[-34.907012532561765,-7.9965971077163909],[-34.907018191562891,-7.9965755538554486],[-34.907018771619406,-7.9965454112676495],[-34.907017081333741,-7.9965257573421109],[-34.907017949478558,-7.996523456090018],[-34.907017938144605,-7.996521016959548],[-34.907011342298944,-7.9964959305211671],[-34.907006880100376,-7.9964650942860436],[-34.907000987693927,-7.996436417246545],[-34.906996547930319,-7.9964106039243115],[-34.906996421222942,-7.996383335023789],[-34.906994056570802,-7.9963705994482872],[-34.907009645356247,-7.9962663848537163],[-34.907311890935979,-7.9958861800661616],[-34.907318496722752,-7.9958847166114877],[-34.907337468115777,-7.9958694442394629],[-34.907342055695466,-7.9958324095021052],[-34.907349580401068,-7.9958124436158782],[-34.907349913966293,-7.9958120117380087],[-34.907359319222678,-7.9957788693801977],[-34.907377079622421,-7.9957278375680714],[-34.907396285987716,-7.9956782338390902],[-34.907416225792595,-7.995631497147393],[-34.907444098262303,-7.9955875942488284],[-34.907472013173511,-7.9955530202574288],[-34.907502111734551,-7.9955234591972157],[-34.907544437515938,-7.9954916890798096],[-34.907577454687406,-7.9954707258096773],[-34.907603990311628,-7.9954490755418561],[-34.907630499248334,-7.9954216836447856],[-34.907652005959939,-7.9954022091908072],[-34.907670618915233,-7.9953798776763758],[-34.907692315623549,-7.9953421563945302],[-34.907814072046378,-7.9952641288132291],[-34.90796539614675,-7.9951287894280707],[-34.907984022008492,-7.9951236794812042],[-34.907991537630934,-7.9951242061958139],[-34.907993620054711,-7.9951236351498745],[-34.908017985952227,-7.9951253434054896],[-34.908035136323669,-7.9951241612242852]]]},"properties":{"TIPO_ZAN":"ORLA","SHAPE_LENG":10730.910118,"COEF_MIN":0.10000000000000001,"COEF_BASIC":1,"COEF_MAXIM":1,"OBJECTID":2,"DB2GSE.ST_Area(SHAPE)":386637.09525362001,"DB2GSE.SdeLength(SHAPE)":10730.910118680937}},{"type":"Feature","id":3,"geometry":{"type":"Polygon","coordinates":[[[-34.933542969083,-8.0144925891706666],[-34.933568751669092,-8.0142152112733882],[-34.933584708394726,-8.0140435474025811],[-34.93363172194443,-8.0140259409231458],[-34.933849737715249,-8.0139442888387773],[-34.933963278329635,-8.01390176537104],[-34.934077621985288,-8.0138589415785582],[-34.934151650097462,-8.013831215745709],[-34.9341306561548,-8.0128779092718592],[-34.934130564848971,-8.0128737474255196],[-34.934126171789138,-8.0126742744755717],[-34.934125438379091,-8.0126409272830958],[-34.934125064634991,-8.0126240114328091],[-34.934124871770301,-8.0126152448005605],[-34.933951065244635,-8.0124947910686739],[-34.93387730628482,-8.0124436737010143],[-34.933838056384211,-8.0124164721597246],[-34.93381474612859,-8.0124003175394094],[-34.933738523958951,-8.0123474930827925],[-34.933655617298356,-8.0122900359353775],[-34.933641934348699,-8.012280553282098],[-34.933566804158886,-8.0122284848764398],[-34.933492175374326,-8.0121767648746918],[-34.93348548449891,-8.0121721277087143],[-34.933343835083846,-8.0120739596831925],[-34.933350820914178,-8.0120721043423107],[-34.93331174578941,-8.0120450239618677],[-34.933311714850547,-8.012045002409609],[-34.933310261656551,-8.0120439948731992],[-34.9338929621548,-8.0117995188645974],[-34.934405270605708,-8.0114689763646023],[-34.934373394183432,-8.0114538121240706],[-34.934378304858036,-8.0114506158460497],[-34.934396563161307,-8.0114421730823757],[-34.934405067663505,-8.011435604989364],[-34.934424926863514,-8.0114202676137509],[-34.934438364077621,-8.0114115211056056],[-34.934443549833794,-8.0114058852970143],[-34.934503928987674,-8.0113592555495394],[-34.934654228280401,-8.0111989834885069],[-34.934775475250305,-8.0110649993616949],[-34.934912726465264,-8.0109133300044686],[-34.935016029340979,-8.0108034508181944],[-34.935104180057621,-8.0107121424267262],[-34.935148266231337,-8.0106664768757661],[-34.935208041250227,-8.0106010527763587],[-34.935267652026816,-8.0105358075424054],[-34.935272769738035,-8.010530363707602],[-34.935520369167605,-8.0102773930728119],[-34.935786627602624,-8.0100006711094114],[-34.936036550546568,-8.0097282278004034],[-34.936172200127515,-8.0095830966432668],[-34.93632103103981,-8.0094238635916639],[-34.936388517717297,-8.0093467499217628],[-34.936543356919685,-8.0091444899465269],[-34.936733907663744,-8.0088955811515472],[-34.936750718784182,-8.0088736222620849],[-34.936789915266488,-8.008822420550171],[-34.936791432025217,-8.0088201840272824],[-34.936888652509452,-8.0086768804222448],[-34.936926272145541,-8.0086223094658386],[-34.936951653481543,-8.0085766267955787],[-34.936967132466449,-8.0085487661605157],[-34.936981543969978,-8.0085228280393839],[-34.93704400939145,-8.0084104020171107],[-34.937147425886003,-8.0082242704316595],[-34.937195987862225,-8.0081368679492595],[-34.937218202768982,-8.0081022775316217],[-34.937234081611358,-8.0080667251262554],[-34.937263243263416,-8.0079874996323923],[-34.937269261351211,-8.0079783720537794],[-34.937278196181062,-8.007964820795813],[-34.937677028240465,-8.0073598940380268],[-34.937674456248175,-8.0073894678013851],[-34.937650802525575,-8.0076614471202419],[-34.937610482880281,-8.0080399761503269],[-34.937584405246973,-8.008303596222758],[-34.937547414259207,-8.0086775387265234],[-34.937517683740431,-8.0090154630398018],[-34.937510732698691,-8.0090944748119526],[-34.937480987599791,-8.0094325718736332],[-34.93747618141694,-8.0094871993533303],[-34.937432984576517,-8.0098990256098421],[-34.937425787541834,-8.0099875817412407],[-34.937422653167332,-8.0101059390253173],[-34.937426906807893,-8.0102242634031082],[-34.937438531782568,-8.0103420947874469],[-34.937457483311725,-8.0104589768391037],[-34.93746279108462,-8.0104852906241852],[-34.937474947096057,-8.0105420361558846],[-34.937522672650047,-8.0107426105389088],[-34.937577430598488,-8.0109413916608876],[-34.937639152676397,-8.0111381348389568],[-34.937649276338853,-8.0111682510368194],[-34.937861760335394,-8.0116369736663913],[-34.937866671951319,-8.0116468282763691],[-34.938199010172539,-8.0123135310159022],[-34.938578665858429,-8.0130852886594219],[-34.938645275104051,-8.0132135001973364],[-34.938848464178271,-8.0136046045529863],[-34.939128495144018,-8.0142247137041043],[-34.939431335618167,-8.01474387246774],[-34.939734707980065,-8.0152143052692519],[-34.940146139667007,-8.0158286920430122],[-34.940223328908722,-8.0159498016608079],[-34.940225472625215,-8.0159531654920535],[-34.940251801637871,-8.0159373453463676],[-34.940462828607679,-8.0162427432304426],[-34.94093673871064,-8.0169285818339944],[-34.940924219006831,-8.0169529308987038],[-34.940942284386068,-8.016978205368499],[-34.940978868018227,-8.0170293877193686],[-34.941227373738229,-8.0173711474425033],[-34.941584344255503,-8.01790201614204],[-34.941815004224019,-8.0182615209289558],[-34.942014886379773,-8.0186046427174347],[-34.942028918031383,-8.0186290429192564],[-34.942071905733982,-8.0187097528853002],[-34.942092504593091,-8.0187484287403148],[-34.942149569877571,-8.0188710429223171],[-34.942154380998197,-8.0188822268635818],[-34.9422039482982,-8.0190027428210602],[-34.942236534881971,-8.0190874877608262],[-34.942269315670956,-8.0191779851641094],[-34.942327774247453,-8.0193556368152112],[-34.942352634037405,-8.0194391832359937],[-34.942479065044722,-8.0200713697696138],[-34.942485479784736,-8.0201037678447165],[-34.942529971071885,-8.0203496236543668],[-34.942530804467303,-8.0203551371500659],[-34.942536524049565,-8.0203929872197932],[-34.94256730374606,-8.0205966595497102],[-34.942571835669632,-8.0206304090172509],[-34.942627882940151,-8.0216492502333843],[-34.942653663035557,-8.0220611771749439],[-34.94270009294663,-8.0229824495633224],[-34.942702484517319,-8.0230339728227911],[-34.942638770883121,-8.0230580301371273],[-34.942597781137607,-8.0230735074480233],[-34.9425188404431,-8.0231265038650434],[-34.942349006053014,-8.0232421197370485],[-34.942301171619157,-8.0232758333018293],[-34.942246068550503,-8.0232952284324277],[-34.942212541455092,-8.0233097384283525],[-34.942169538972145,-8.0233506055476731],[-34.942035371939824,-8.0233966860764827],[-34.943034460705306,-8.0274302432831739],[-34.943086159461949,-8.0274326290328162],[-34.943124140406397,-8.0274343816298614],[-34.943698137405278,-8.0274608659916371],[-34.944164300216748,-8.0274700881418717],[-34.944749098700065,-8.0275206391241305],[-34.945486720028065,-8.0275704675893493],[-34.945895464279339,-8.0275571102722818],[-34.946269298934979,-8.0274334790132773],[-34.946742883866776,-8.0273969652484727],[-34.947117351876727,-8.0274066178637611],[-34.94746543941929,-8.0274925592902235],[-34.94782502484842,-8.0275860616619195],[-34.948601558054101,-8.0277842199481331],[-34.949293803846842,-8.0279332684635296],[-34.95002369237222,-8.0279640831597963],[-34.950795605635165,-8.0279946981832051],[-34.95137290617788,-8.0280991994908142],[-34.951533625933216,-8.0281282924232755],[-34.951996493825035,-8.0282479593940383],[-34.952352786424981,-8.0284519103964307],[-34.952896160046379,-8.0286283162983878],[-34.953404801823488,-8.0287325309954038],[-34.953894323590326,-8.0288330270671366],[-34.954482870203059,-8.0288683133876795],[-34.954535454717451,-8.0288645685243143],[-34.954826609810844,-8.0288438313534698],[-34.955128669594835,-8.0288919014363298],[-34.955381226245301,-8.0289744816176949],[-34.955638477802701,-8.0292398316587601],[-34.955857452039005,-8.0294901303048256],[-34.956192719717791,-8.0300902280958191],[-34.956424158533288,-8.0307324188376441],[-34.956438051562273,-8.0307709680859372],[-34.956440090381939,-8.0307766249352674],[-34.956539525261114,-8.030959044536969],[-34.956554858731906,-8.030988332227107],[-34.957109830358561,-8.0320483606363453],[-34.958062629753485,-8.0343355089921022],[-34.958159582952312,-8.0345483516214742],[-34.958409425354283,-8.0350968294651661],[-34.958679989795712,-8.0356907954971994],[-34.959191507971546,-8.0365313953124495],[-34.95947033342236,-8.0378414569592387],[-34.95956732347139,-8.0384685885911082],[-34.959785718825721,-8.0389359013230592],[-34.96010843569757,-8.0395994247676743],[-34.960468788612154,-8.0402721339637697],[-34.960710639188278,-8.0408700698883067],[-34.960782649742221,-8.0410481034682313],[-34.96087080938711,-8.0414025097926078],[-34.960945562910567,-8.0417030205530189],[-34.961088780552203,-8.0421706906579136],[-34.961080570002551,-8.0423584359083407],[-34.961109572696863,-8.0424796911563678],[-34.961112859486306,-8.0431634893897375],[-34.961311097995633,-8.0434529170273947],[-34.961670467550235,-8.0439195542136872],[-34.962342850625085,-8.0449841859553484],[-34.962550864987385,-8.0452454700716096],[-34.962524203810823,-8.0455640773113348],[-34.962478476175825,-8.0458265733244545],[-34.963228077246683,-8.047312351605358],[-34.96342683004837,-8.0476919311353878],[-34.963692860390502,-8.0481999979527394],[-34.964049737789786,-8.0490045767457818],[-34.964082450869171,-8.0490783272025226],[-34.964148924299998,-8.0492281916693553],[-34.964687314430648,-8.0497876374001009],[-34.96527242608861,-8.0502906560184879],[-34.965941216338329,-8.050605931391539],[-34.966731955563056,-8.0508737863048498],[-34.967522152886467,-8.0510292367479916],[-34.969077024520502,-8.0518929107335868],[-34.969934548710157,-8.0523665119181871],[-34.970220285210772,-8.0525702672364883],[-34.970887050850216,-8.053045728489943],[-34.971547312631621,-8.0535390073373012],[-34.972037821518164,-8.0539113292809201],[-34.972697404671123,-8.054264103811235],[-34.973471907784024,-8.0546096811775776],[-34.973507402926217,-8.0546255190078515],[-34.974157135548481,-8.0548846683570119],[-34.973796255238625,-8.0551478493222248],[-34.973807631499326,-8.055151228991372],[-34.973819205497904,-8.0551538600723909],[-34.973828828848852,-8.0551554536707091],[-34.973837574122754,-8.0551566618565644],[-34.973839608126276,-8.0551569314128795],[-34.973839880992507,-8.0551570864973758],[-34.973841511774992,-8.0551580034746699],[-34.973844949675758,-8.0551599134233776],[-34.973019780394388,-8.0556775159596619],[-34.972654809676968,-8.0559064503129019],[-34.972350946042425,-8.0560970541509143],[-34.971760371413673,-8.0560689222465207],[-34.971040194012474,-8.0559142147118674],[-34.96966646597631,-8.0556191090566092],[-34.969092694532591,-8.0551455215768044],[-34.967953140535712,-8.0542222546445696],[-34.966734426076293,-8.0532300249687339],[-34.966570318051261,-8.0530948508456017],[-34.960695328777163,-8.0595346084555537],[-34.960629471031197,-8.0593524166726311],[-34.959622934034975,-8.0566836457405611],[-34.959337197405809,-8.0559260233085919],[-34.959101768938268,-8.0557446854758226],[-34.958821908387762,-8.0566874734059084],[-34.958741031759942,-8.0569599275272221],[-34.95868728653727,-8.0571409817898161],[-34.958579887050405,-8.0575027843226632],[-34.958465035115267,-8.0578896933572874],[-34.958375702569327,-8.0581906344837417],[-34.958313594338755,-8.0583998606927274],[-34.958276501201965,-8.0584717980281493],[-34.958248883298722,-8.0583994547297255],[-34.958351497226488,-8.0581394511655979],[-34.958407549968669,-8.057993052254492],[-34.958437850310062,-8.0579009863351363],[-34.958451686889262,-8.0578278546685169],[-34.958460715715411,-8.0577382481104767],[-34.958481318466632,-8.0575967322303779],[-34.958517436180365,-8.0574127083191485],[-34.958602624224746,-8.0572460589183112],[-34.958629472823468,-8.0571935360094642],[-34.958659291065835,-8.0571608019481449],[-34.958675451987737,-8.0571213428745256],[-34.958692851197426,-8.0570560765336783],[-34.958714096783204,-8.0569405442736368],[-34.958728737673958,-8.0568685008539394],[-34.958747492713037,-8.0568018692626477],[-34.958752915852671,-8.0567661861405178],[-34.959072771155206,-8.0556211456996554],[-34.959308288355082,-8.054697541028025],[-34.959679525259538,-8.0534828764680384],[-34.959712306682263,-8.0531305062360516],[-34.959718693246792,-8.0530618589839129],[-34.95973816428674,-8.0528525689801196],[-34.959809904284334,-8.0520814514358232],[-34.959822032558847,-8.0510393330326764],[-34.959767489419598,-8.0509067898780522],[-34.959725882288964,-8.0508056808214885],[-34.959520616986062,-8.0500129253318438],[-34.959675858275041,-8.0498162384005791],[-34.959769324739653,-8.049658705786138],[-34.959795163863049,-8.0496151540408984],[-34.960566593521122,-8.0494336261871933],[-34.96156419202886,-8.0491988746016201],[-34.961495947930679,-8.0490165692238751],[-34.961282465909697,-8.0484462782773392],[-34.960100749889413,-8.0452894186742245],[-34.960044744437688,-8.045139803192896],[-34.958766854092509,-8.0412413919463983],[-34.958400754798191,-8.0401245286078726],[-34.958039724537024,-8.0392157943041749],[-34.95780414985353,-8.0386228883470405],[-34.957394258214833,-8.0375911897940924],[-34.956841771278462,-8.0362005678356336],[-34.956069690609965,-8.0342572006646105],[-34.955910886987859,-8.0338574791277519],[-34.955641007366658,-8.032587890035078],[-34.955542621800269,-8.0321250550886312],[-34.95511951736276,-8.0314692758882789],[-34.955107861258725,-8.0314478222708772],[-34.954794174572299,-8.0308704598307461],[-34.954771418799908,-8.0308285760059377],[-34.954736622650032,-8.0307645315960912],[-34.954498015325889,-8.0305177004588533],[-34.954093047115435,-8.0300987716875571],[-34.951688969467796,-8.0298369284607745],[-34.951260402775766,-8.0297902488795909],[-34.951229701029028,-8.0297869048937063],[-34.944581170083438,-8.0290626865051813],[-34.944579737178188,-8.0290625305493268],[-34.944579130077607,-8.0290624647112061],[-34.944571314885316,-8.0290616129713381],[-34.943005684065028,-8.0288910535062303],[-34.940888629142371,-8.0289010450169584],[-34.940681304655861,-8.0291053136839938],[-34.940511211753773,-8.0292728992296603],[-34.939222663432901,-8.0290821278523765],[-34.939056699514651,-8.0290671624508025],[-34.937618583611467,-8.0289873246542918],[-34.933999573665666,-8.0287838837073711],[-34.933716740397237,-8.0287656928336286],[-34.932226355199433,-8.028669831823013],[-34.932174193404251,-8.0286664768500096],[-34.931853633724316,-8.0290959762564729],[-34.931012394791246,-8.0302230974924722],[-34.930144236518863,-8.0317284338812378],[-34.929468790663854,-8.0328996090608538],[-34.928826971493358,-8.0341624513966359],[-34.928286841351273,-8.0352122209378187],[-34.928196033812206,-8.0360698696079655],[-34.928173403139404,-8.0362836101838653],[-34.928128643269446,-8.0366611243962023],[-34.92805944353767,-8.0372447673830649],[-34.927757080303344,-8.0384587741322111],[-34.92755559223108,-8.0392864845083665],[-34.927132246696452,-8.0405651341785305],[-34.927096050413674,-8.0406744555053145],[-34.925462467273668,-8.0414897686783],[-34.924870908843836,-8.0417850108311733],[-34.92402230698319,-8.0422085384062107],[-34.923560875704368,-8.0424362600243402],[-34.92203044491572,-8.0431915417131883],[-34.921996453344278,-8.0432083165353827],[-34.921830470872571,-8.0432902300866242],[-34.921074563088972,-8.0436632739416911],[-34.920591229689776,-8.0438915311811847],[-34.91959265188644,-8.04436311414206],[-34.919397499528145,-8.0443997838671653],[-34.918267357472587,-8.0446121405939639],[-34.918058165044776,-8.0446514482904394],[-34.918021234280815,-8.0446583877123246],[-34.917658849401882,-8.0447264792239963],[-34.917204125395642,-8.0448094801806107],[-34.916655473438887,-8.0449096235209687],[-34.91664898629363,-8.0449108073878701],[-34.91664136992415,-8.044912197227962],[-34.91664061589865,-8.0449123345491262],[-34.916633406672688,-8.0449115744326551],[-34.916630774903879,-8.0449112965128418],[-34.916624013076195,-8.044910583127276],[-34.916151665131267,-8.044860726255795],[-34.914783180980116,-8.0447162769327694],[-34.913168537441628,-8.0440702595327522],[-34.912518973777246,-8.0436953323346589],[-34.912498682041559,-8.0437206801137684],[-34.912482692906259,-8.0437124543456822],[-34.912430727259107,-8.0436748250195365],[-34.912398620232331,-8.0436415475962804],[-34.912284262124899,-8.0435583012139222],[-34.911999108193477,-8.0433451708309232],[-34.91183931996008,-8.0432262163248573],[-34.911740339128244,-8.0431558886836125],[-34.911710019698134,-8.0431388073504824],[-34.911679768423745,-8.043136077753438],[-34.911662478241617,-8.0431382276433876],[-34.9112526385059,-8.0415122480804513],[-34.911023479215274,-8.0414622751560874],[-34.908848579305037,-8.0409879915101676],[-34.908737650762269,-8.0409176406606626],[-34.908826659817997,-8.040665944073158],[-34.909080714064807,-8.0399475402122018],[-34.908667629825246,-8.0398426962430456],[-34.907435561101501,-8.039529983342149],[-34.907434207082346,-8.0395329387005994],[-34.906465840229757,-8.0416447273049805],[-34.906213567875341,-8.0434490553324522],[-34.90606673351121,-8.0438775759327683],[-34.905723871867458,-8.0448781766571749],[-34.90567579368625,-8.0450184871764865],[-34.905566775236252,-8.0453575762304954],[-34.905462282484919,-8.0466651541344181],[-34.90566268745664,-8.0470457285332451],[-34.906038616466525,-8.0477596263057567],[-34.906058662840223,-8.047797695786798],[-34.906227489423351,-8.0481183002064149],[-34.906369835645286,-8.0481491350413492],[-34.906455012043033,-8.0492788672196269],[-34.906588824513925,-8.0510536397013333],[-34.906606061007061,-8.0513606473668506],[-34.906600242937245,-8.0515708170574083],[-34.9065993033213,-8.0516047737272149],[-34.906038181727702,-8.0532397273378322],[-34.905641839179751,-8.0531915882721119],[-34.905640857161011,-8.0531914689768147],[-34.905604715332032,-8.0538846285350907],[-34.905601707392535,-8.0539412480908954],[-34.905601674888111,-8.0539418621049013],[-34.905571787534036,-8.0545044992601103],[-34.905569110123082,-8.0545631306426255],[-34.9055670768198,-8.0546444683464209],[-34.905555053259263,-8.0546805034536835],[-34.905421991043561,-8.0556636740836058],[-34.905318325533727,-8.0564296420526631],[-34.905165772728047,-8.0575957097896982],[-34.905167466272772,-8.0579579082327761],[-34.903560059264954,-8.0588708907451831],[-34.903037773557557,-8.0603772602295756],[-34.902747516347446,-8.0612050656512526],[-34.902698239221003,-8.06134560074881],[-34.902615261713663,-8.0615822485450526],[-34.902390663078052,-8.0622227937204407],[-34.903405117575929,-8.0642215747572177],[-34.903459171317444,-8.064328077072096],[-34.903908053928845,-8.0649948127133353],[-34.903941846337432,-8.0650450050860396],[-34.904668168850698,-8.0661238199888619],[-34.90467258452874,-8.066130379268909],[-34.904923042339881,-8.0665023842853731],[-34.90507804617598,-8.0667426618362423],[-34.905257290068285,-8.0670205162344022],[-34.905799674765994,-8.0674557930447985],[-34.906477863647275,-8.0680000521372062],[-34.906575571691391,-8.0680784644796102],[-34.906973714949117,-8.0683979803269956],[-34.907157308068861,-8.0685453163843395],[-34.907362553982942,-8.0687100288935927],[-34.907461936836782,-8.0687897847224974],[-34.907476824460126,-8.0690197454341952],[-34.907577209468101,-8.0705703439711858],[-34.907581185014486,-8.0706317523135986],[-34.907366142791012,-8.0719477180568742],[-34.90708479837204,-8.072418577525756],[-34.906856601752757,-8.072800488482109],[-34.906550736056651,-8.0732822286481323],[-34.906413965412213,-8.0733948229417223],[-34.906375185881757,-8.0734267472487886],[-34.906088565106053,-8.0733795349186064],[-34.906070261389431,-8.0734815267470257],[-34.906067757072634,-8.0734964754273069],[-34.906008373502964,-8.0738509442727775],[-34.905992239251042,-8.0739472484506916],[-34.90566340771953,-8.0744438461242645],[-34.905712287433303,-8.074758580493743],[-34.905673500850703,-8.0751927338529921],[-34.905599687262146,-8.0760189504506652],[-34.905003898361151,-8.0770138539759433],[-34.904733115210995,-8.0774760526996747],[-34.904721730161249,-8.0774954853383161],[-34.904711390819358,-8.0775288014107343],[-34.904246955399408,-8.0790252607383426],[-34.904133598799397,-8.0797656117292309],[-34.904110346007798,-8.0799174779324279],[-34.903964646207974,-8.0801670140777873],[-34.904099122158399,-8.0802537760419355],[-34.904363265596707,-8.0804664041841008],[-34.904372074541868,-8.0804734953515176],[-34.904595405137869,-8.0806532696723217],[-34.90468670027731,-8.0807436625705371],[-34.904692331661352,-8.0807492379438948],[-34.904758749943213,-8.0808149996448986],[-34.904769364731791,-8.0808255097107402],[-34.904853292796133,-8.0809299662128922],[-34.904866488783064,-8.0809513844917991],[-34.904885839696483,-8.0809704741410862],[-34.905028605788758,-8.0811481626195647],[-34.905038541684888,-8.0811605282744612],[-34.905047003030475,-8.0811710592129575],[-34.905108288731768,-8.0812646421354053],[-34.905151647428603,-8.0814270376723787],[-34.905189741118562,-8.0815697155934387],[-34.905242650373872,-8.0817678857778628],[-34.905526624764214,-8.0819722186553999],[-34.905578887123681,-8.0820649792255193],[-34.905591200780023,-8.0820868346246577],[-34.905591616172977,-8.0820872042601533],[-34.905651143978723,-8.0821401709335063],[-34.905682241741388,-8.0821772618059669],[-34.905719580231079,-8.0822217966056229],[-34.905791297989964,-8.0823179868644655],[-34.90583050411152,-8.0823761978171653],[-34.905862120076151,-8.082429366908201],[-34.905914842887363,-8.0825059767943515],[-34.905973507652497,-8.0825781697118408],[-34.905989505847145,-8.0825955110752865],[-34.906009890649557,-8.0826176081730434],[-34.906033838788154,-8.0826408784059858],[-34.906075445999704,-8.0826729641230219],[-34.906121129493535,-8.0826989672419032],[-34.906170000602955,-8.0827183802036018],[-34.906221105963169,-8.0827308268410967],[-34.906273452008051,-8.0827360631693548],[-34.906326020442577,-8.0827339881619142],[-34.90634262453068,-8.0827317970102666],[-34.90637127440467,-8.0827278238104618],[-34.906418652799523,-8.0827212517557729],[-34.906561440703065,-8.0827014484379038],[-34.906640357236689,-8.0826905027313813],[-34.907273639980893,-8.0825981928629158],[-34.907363390419107,-8.0825851107890134],[-34.907612099642044,-8.0825490097457457],[-34.908212449012389,-8.0824621834995156],[-34.908677369872592,-8.082411709410378],[-34.908848615647486,-8.0823931186106162],[-34.908851009864399,-8.0823806340251014],[-34.908867005861389,-8.0823176146030526],[-34.908900626423993,-8.0821933663427128],[-34.908915345782241,-8.0821389695405319],[-34.909701426552878,-8.0820258660381992],[-34.90972567529866,-8.0820223769687836],[-34.90993546154882,-8.0820942102827935],[-34.90985433776342,-8.0823119602224658],[-34.909851832549869,-8.0823247545159322],[-34.909868520226404,-8.0823725495472143],[-34.909882314188344,-8.0824124529453787],[-34.9098868330816,-8.0824547701413731],[-34.909890019332785,-8.0825443192544384],[-34.909934390879819,-8.0825667777575347],[-34.910013737179,-8.0826069371628808],[-34.910150684098816,-8.0826757592814911],[-34.910212462109392,-8.0827088559087379],[-34.910409837141771,-8.0828145978090777],[-34.910527094763509,-8.0828662965812779],[-34.910684288421535,-8.0829536304105325],[-34.910842347205097,-8.0830229674092635],[-34.911000912567921,-8.0830989305724916],[-34.911197186358059,-8.08321212303],[-34.911254780978908,-8.0832350547285152],[-34.911295127483754,-8.0832524682019145],[-34.911407973346932,-8.0832747753467604],[-34.911557170378721,-8.0833157829904199],[-34.911577151777756,-8.0833180364875403],[-34.911660097395526,-8.0834114506942445],[-34.911687186786168,-8.0834613901980248],[-34.911686216180605,-8.0835161033244738],[-34.911683629433576,-8.0835992143620317],[-34.9116787149418,-8.083749546283995],[-34.911676199724326,-8.0838264632378234],[-34.911675969770101,-8.0838334952265356],[-34.911672786222461,-8.0839308788165098],[-34.911941913734879,-8.0839634327476659],[-34.911960822732929,-8.0839658395019178],[-34.912139665758531,-8.0842955360372315],[-34.912207169972149,-8.0844684064143042],[-34.912359105213774,-8.0848574928086645],[-34.912806793395241,-8.0848486422408641],[-34.912818700403491,-8.0848484056907228],[-34.913225505330047,-8.0848403644224884],[-34.913790019493035,-8.0848377209476805],[-34.91412813010286,-8.0848361372892494],[-34.914210122552689,-8.0848357532070008],[-34.914398935704789,-8.0848293367108237],[-34.914561226318376,-8.0848238236985761],[-34.914656418793562,-8.0848205895493113],[-34.915023947314658,-8.0848057936544713],[-34.915391352335874,-8.0847648507030172],[-34.915404555129619,-8.0847652761071149],[-34.915745875218917,-8.0847762633457734],[-34.915911379767813,-8.0847796072096028],[-34.916020676743585,-8.0847818159742992],[-34.91627106552383,-8.0847868744657116],[-34.916374935971596,-8.0848213664365236],[-34.917086309365374,-8.0850575916527418],[-34.917657585202747,-8.084804950594016],[-34.919140832228457,-8.0843126148658513],[-34.919777940190613,-8.0840091658878901],[-34.921276448616496,-8.0834245278763959],[-34.921623290666552,-8.0832648802249061],[-34.922059498520099,-8.0830640968575853],[-34.922192411820831,-8.082994992888219],[-34.922242149320816,-8.0829691324984339],[-34.922539520866721,-8.0828145210694284],[-34.923006456110393,-8.0826097455987043],[-34.923279440525441,-8.0825164243568217],[-34.923736949451502,-8.0823600208385304],[-34.923232860647531,-8.0820391791802031],[-34.922761578198553,-8.0817392171526183],[-34.922529913443746,-8.0816141967874966],[-34.92176898660729,-8.0809711793431021],[-34.921791601775269,-8.0808696619231721],[-34.922079185215814,-8.0795787247416602],[-34.922081349896558,-8.0795690058678655],[-34.922620741237488,-8.0797979164331206],[-34.922653622693296,-8.0795721501522646],[-34.922655657466741,-8.0795581791935227],[-34.922852376937101,-8.0786800715039195],[-34.922926531802695,-8.0783709693469135],[-34.923003082226842,-8.0780518814467914],[-34.923074941878063,-8.0777523469107404],[-34.923193233475978,-8.0772144205269161],[-34.92319689383897,-8.0771977740482441],[-34.923257955023615,-8.0769201034532809],[-34.923315809647846,-8.0766275210199652],[-34.923539716779274,-8.076654540967473],[-34.923546993808159,-8.0766558999010787],[-34.923588758655754,-8.0766593432337501],[-34.923630489036675,-8.0766555072400763],[-34.923643398236294,-8.0766528093888112],[-34.923873005774439,-8.0765982345179541],[-34.923902870825991,-8.0765891962993557],[-34.924225404187041,-8.0764915812920837],[-34.924499060253908,-8.0764040267638499],[-34.924619753210045,-8.0763654124971733],[-34.924889761608732,-8.0762790266789235],[-34.925043991371204,-8.0762325003778166],[-34.925100724224549,-8.076215386254562],[-34.925401773923987,-8.0761245715322545],[-34.925697020507108,-8.0760375674204958],[-34.925753576704068,-8.0760209006553172],[-34.926132196128329,-8.0759133360391058],[-34.926158273433984,-8.0759082355082192],[-34.926216156640926,-8.0758969144612696],[-34.92638719887038,-8.0758634625941497],[-34.926542824328109,-8.0758330250718906],[-34.926555322003786,-8.0758300235055351],[-34.926899356426368,-8.0757474085923313],[-34.926962005155424,-8.0757308350298782],[-34.927282401431647,-8.0756460764594049],[-34.927361411780815,-8.0756256684968903],[-34.927710972662226,-8.0755353777126579],[-34.927745435737137,-8.0755273084297787],[-34.928152808251902,-8.0754319217345998],[-34.928166448855052,-8.0754287275977994],[-34.928478181483506,-8.0753735997139593],[-34.928556895996039,-8.0753631402757513],[-34.928866457925423,-8.0753220053938684],[-34.928964444115763,-8.0753071508036793],[-34.929129356529629,-8.075268796076271],[-34.929369923251727,-8.0752260180559148],[-34.929617686707147,-8.0751843333185853],[-34.929645060909657,-8.0751790122073679],[-34.929904567057385,-8.0751304851734513],[-34.930080511533212,-8.0750988051360562],[-34.93018068705387,-8.0750932481064375],[-34.930247515770546,-8.07508954078342],[-34.930246916860341,-8.0750768922525911],[-34.930246171721848,-8.0750611498287164],[-34.930355788896115,-8.0750591156152307],[-34.930595882494366,-8.0750617580126445],[-34.930694491776045,-8.0750476929525874],[-34.930752001160911,-8.0750394902673115],[-34.930752567726408,-8.0750394098446829],[-34.93078010996912,-8.0750354810195351],[-34.93099728790672,-8.0749827593974572],[-34.931019827847344,-8.0750109951453872],[-34.931089816657177,-8.0750986682491774],[-34.931219932461204,-8.0752616627393916],[-34.931233886243554,-8.0752791400603616],[-34.93124314405744,-8.0752907369722706],[-34.931389880265606,-8.0754745501514158],[-34.931719256840971,-8.0757111013535425],[-34.934312596226242,-8.0775735576914354],[-34.9346867576186,-8.0778422662133984],[-34.934452375886991,-8.0782980921317709],[-34.933970135544982,-8.0795026749359291],[-34.932074607000501,-8.0790970528460839],[-34.931655972718708,-8.0786108934407466],[-34.930029426372762,-8.0792467158869581],[-34.929657622151716,-8.0799461360127509],[-34.92880972244366,-8.0815411538479207],[-34.928557439992851,-8.0818772653767521],[-34.928028839973393,-8.0825815075819811],[-34.92730033099815,-8.0831512825974219],[-34.925957405841551,-8.0838813690542572],[-34.925654970795641,-8.0839871930109375],[-34.925358333899155,-8.0840555171646216],[-34.925101468886758,-8.0841558490886296],[-34.924373551175613,-8.0843719029826957],[-34.922990941522272,-8.0848776953101336],[-34.920840591844247,-8.0853073084868434],[-34.920217967670922,-8.0854317009036976],[-34.919521941757502,-8.0858720702577767],[-34.91914307755129,-8.0862660515782121],[-34.918424116393183,-8.0869230979953297],[-34.918010923830572,-8.0878171977247106],[-34.917891295951193,-8.0880760579532751],[-34.918187473387434,-8.0881803447532423],[-34.918738997651516,-8.0882717261064254],[-34.919305487791249,-8.0884843947518164],[-34.919845951097422,-8.0887058457108019],[-34.920016690778063,-8.0887758030321883],[-34.920124236361787,-8.0888198703476206],[-34.920392067332848,-8.0908664477482475],[-34.92049195491122,-8.0916297144193745],[-34.92089874201033,-8.092667031243197],[-34.921003161348722,-8.0929332990343088],[-34.92102589645912,-8.0929912769884123],[-34.921119853393215,-8.0932308672241611],[-34.922360599851977,-8.0937867958929406],[-34.922380882322997,-8.0938354155961605],[-34.92240171674122,-8.093885073269643],[-34.922463120343807,-8.0940192728022406],[-34.922299487959435,-8.0940928970612163],[-34.922292953089702,-8.0940958370994789],[-34.922224738432654,-8.0941265293138756],[-34.922124562733387,-8.0941649064582339],[-34.922075705108952,-8.0941703448172255],[-34.922046661427011,-8.0942047978638492],[-34.922025562319298,-8.09425142010714],[-34.922019440068574,-8.0942992944641468],[-34.922028502193989,-8.0943301968349424],[-34.922051223695476,-8.0943634387761154],[-34.922066886594514,-8.0943873135471538],[-34.922105235629786,-8.0944258727964318],[-34.922227090260428,-8.0945423411453881],[-34.922244055171682,-8.0945588001049131],[-34.922294482375207,-8.0946077208212657],[-34.922424222857714,-8.0947358070729418],[-34.9225243395748,-8.0948364617212345],[-34.922605318464889,-8.094920025751005],[-34.922635945483755,-8.0949516302150073],[-34.922871538224534,-8.095171394528867],[-34.922918144302926,-8.0952179581729187],[-34.923071556510536,-8.095371230863039],[-34.923085916135939,-8.0953844447241714],[-34.923128875757001,-8.0954299243718069],[-34.923167774474656,-8.0954711053653359],[-34.923290724484836,-8.0955869605593129],[-34.92334092000317,-8.0956351788199257],[-34.923409228080992,-8.0957086443277841],[-34.923552702234112,-8.0958461552231569],[-34.923659134375249,-8.0959481647090819],[-34.923676021850873,-8.0959652947574003],[-34.923686124619778,-8.0959755425496276],[-34.923784491511121,-8.0960753226283604],[-34.923944061051863,-8.0962224245391727],[-34.92397317329457,-8.0961479709868112],[-34.924014862615856,-8.0961585788276675],[-34.924359831675638,-8.0962324771942047],[-34.924497512750051,-8.0962613987276413],[-34.924540584053666,-8.0962667320458959],[-34.924544413668421,-8.0962706502525101],[-34.924555653048465,-8.0962722815044277],[-34.924990898733668,-8.0963354463463855],[-34.924990879427504,-8.0963313817942666],[-34.925096707392143,-8.0963443050927602],[-34.925083966135347,-8.0964277410093821],[-34.925074737922188,-8.0964881728804841],[-34.925046981099911,-8.0966699335215182],[-34.925045140298238,-8.096683841187545],[-34.92494743362542,-8.0971753781059448],[-34.924947112881782,-8.0971769888417402],[-34.924379428945883,-8.1000328633440652],[-34.924376236679691,-8.1000489218151372],[-34.924543875578294,-8.100244475025173],[-34.924546208924234,-8.1002538499425611],[-34.924560460672708,-8.1003033060728153],[-34.924590823333986,-8.1003705964667567],[-34.924621428309706,-8.100421485202169],[-34.924700245303249,-8.1005096295565711],[-34.92474392483976,-8.1005464554367705],[-34.924804577367269,-8.1006265561946655],[-34.924823156715995,-8.1006669151430692],[-34.924927308863985,-8.100800752072189],[-34.924962417263337,-8.100845747655228],[-34.925031696649334,-8.1009171558101176],[-34.925071988493627,-8.1009571491718706],[-34.925095662309033,-8.100977788255781],[-34.92513554359968,-8.1010008758648837],[-34.925192989713373,-8.1010340900737727],[-34.925237589233156,-8.1010636646104182],[-34.925264377275802,-8.1010863764481407],[-34.925286739502937,-8.1011135408657982],[-34.925306080461525,-8.1011526503887339],[-34.925310963323454,-8.1011723981662627],[-34.925319241327195,-8.1012023620357727],[-34.925418776014887,-8.1012237504213793],[-34.925560770038594,-8.1013843891250765],[-34.92573166688809,-8.1013603424840106],[-34.925692607961913,-8.1013699914940531],[-34.925697649752379,-8.1013710724446444],[-34.925753546984502,-8.1013572639127158],[-34.925957016889697,-8.1013286343930897],[-34.926071760024541,-8.1013440219752439],[-34.926115139886846,-8.1013498390180967],[-34.92616366210045,-8.101353656403969],[-34.926219148492891,-8.1013305316390571],[-34.926432356374661,-8.1012617501337623],[-34.926439833766167,-8.1012606977488204],[-34.926709628732127,-8.1012177055299297],[-34.92673530857661,-8.1012191220082634],[-34.926860737972717,-8.1012014725722281],[-34.927358428713447,-8.1013406408737545],[-34.927597654809702,-8.1014117280241322],[-34.927896337400327,-8.1015401928229274],[-34.927970919438209,-8.1015722705259563],[-34.92797237674327,-8.1015729217890247],[-34.928553041643461,-8.1018323975138209],[-34.929801609944015,-8.1023903272944029],[-34.929846351982178,-8.1024103202681363],[-34.930205433915027,-8.102528527254254],[-34.930907906602592,-8.1027597727289322],[-34.931399969229474,-8.1032223665299661],[-34.932132051781259,-8.1039106003166559],[-34.932806974960201,-8.1043543922441188],[-34.933807868321878,-8.1044531886387539],[-34.934320620439792,-8.1044319571413901],[-34.93482879108457,-8.1044109131001072],[-34.934858938868516,-8.1044096643583092],[-34.934938847410791,-8.1044063550564331],[-34.935209749320087,-8.1043951354387396],[-34.936530122201184,-8.1043404525832727],[-34.937257186939753,-8.1042852937101806],[-34.937603792473261,-8.1042227270259399],[-34.937819062498129,-8.1039096734265961],[-34.938075561420831,-8.1034044061584805],[-34.93837326014016,-8.1027009224940763],[-34.93863033237276,-8.1023156633439708],[-34.939065424545184,-8.1013835050268508],[-34.939389934093583,-8.1012499498252417],[-34.939491460872048,-8.1010754500336812],[-34.939597259518571,-8.1008560700567607],[-34.939598779357702,-8.1008529185429872],[-34.939862444957114,-8.1005876385766662],[-34.940174250997785,-8.1003161302464246],[-34.940757437943674,-8.1001333377413687],[-34.941373447253383,-8.0998945090271377],[-34.941546162759586,-8.0998545958561934],[-34.94179632945572,-8.0997916213834547],[-34.941944811384872,-8.0997266592295869],[-34.942085818214395,-8.0996543176154656],[-34.942411393193076,-8.0994205932226091],[-34.942415873680446,-8.0994173769794759],[-34.942418050851757,-8.0994147231740783],[-34.942870831366207,-8.0988631585828177],[-34.943247915383857,-8.09839331866708],[-34.943606850160499,-8.0979055636541979],[-34.944013865023727,-8.0973995771288667],[-34.944133309657985,-8.0972675721141023],[-34.944379221863223,-8.0969957989577015],[-34.944648587435459,-8.0966644845815559],[-34.944742058850061,-8.096519247769109],[-34.944857769337595,-8.0963394571336611],[-34.945025264393934,-8.0961106381741867],[-34.945102760815764,-8.0959482535687517],[-34.94530053346125,-8.0957552930228989],[-34.945552525072898,-8.0955680741054437],[-34.945738889746629,-8.0955071803785827],[-34.945961524063762,-8.0954761162397642],[-34.946112165372853,-8.0954994003480465],[-34.94627493440845,-8.0955406270322126],[-34.946389911114927,-8.0956600908696004],[-34.946540811842958,-8.0957373776857651],[-34.946751346277452,-8.0956943695984958],[-34.946925610853569,-8.0956215318633511],[-34.947076020676583,-8.0955968127400642],[-34.947268002913738,-8.0954518830692379],[-34.947717850627541,-8.0950897027722082],[-34.947969868356473,-8.0949084836413867],[-34.948107775100837,-8.0947878151302604],[-34.948257752748205,-8.0946730882181583],[-34.948500207774877,-8.0944707544275634],[-34.948503633948349,-8.0944678957517411],[-34.948610655107707,-8.094414508101579],[-34.948518732515346,-8.0945035542649038],[-34.9481591675667,-8.0949998849667022],[-34.948015072531199,-8.0951066562191372],[-34.947305472403634,-8.0956766589944547],[-34.94701223910436,-8.0958539050732075],[-34.946601279956269,-8.0960121734356196],[-34.946398598565068,-8.0959936019600818],[-34.94608522787852,-8.0960602249556093],[-34.945882037222297,-8.0961305831281667],[-34.945589373651323,-8.0962319227982906],[-34.945022102663302,-8.0965016537130357],[-34.944729711309037,-8.0968547407710378],[-34.944338489365521,-8.0973788029941289],[-34.94402381445034,-8.0977326830881413],[-34.943839011634225,-8.0980035159189594],[-34.943592393963286,-8.0983199794163294],[-34.943261461712773,-8.098733696977316],[-34.943070366015171,-8.0989860130997009],[-34.942963919608907,-8.0992111372399673],[-34.94288983610975,-8.0992856754017239],[-34.942844533351114,-8.0993250446042886],[-34.942793244036253,-8.0994097776295728],[-34.94262637788281,-8.0995403973187603],[-34.942354174615488,-8.0996962461162525],[-34.942170834641701,-8.0998413691251976],[-34.942008054359484,-8.0999616648433594],[-34.941696482999831,-8.1001012154280438],[-34.941456968382468,-8.1001744805999465],[-34.941192758063742,-8.1002725916436518],[-34.940794251471161,-8.1003940088385953],[-34.940467888832096,-8.1004676867629577],[-34.940265592983231,-8.1005407742552862],[-34.939965396291278,-8.1008966440079302],[-34.939870909760977,-8.1010289789408265],[-34.939710797577263,-8.1012749649276987],[-34.939604359568584,-8.1015021490289723],[-34.939421293949607,-8.1017049690848637],[-34.939240118848112,-8.1018706878371685],[-34.939089742948859,-8.1019909237781924],[-34.938974638398761,-8.1021357213606784],[-34.938829256347553,-8.1024352157126973],[-34.93873733073363,-8.1026705738859093],[-34.938604158224692,-8.102928795427399],[-34.938425967099178,-8.103286145867413],[-34.93831566761029,-8.1035710483798606],[-34.938159945891734,-8.1038705918644585],[-34.93805365454233,-8.1041286864954163],[-34.937949182998473,-8.1043352542446936],[-34.937749721345831,-8.1045690623552744],[-34.937555792901222,-8.1046627162365965],[-34.937231336349932,-8.104703411779429],[-34.936931446717551,-8.10469247299398],[-34.93663956236994,-8.1046258561137154],[-34.9363725990926,-8.104581787910309],[-34.936190623141641,-8.1045805919219376],[-34.935973938186969,-8.1046722919798775],[-34.93555009895411,-8.1046866693207527],[-34.93500221066045,-8.104705755739932],[-34.934832319019996,-8.1046891744930836],[-34.93457517994792,-8.104710700786848],[-34.934438451905557,-8.1047443936504919],[-34.934281576298723,-8.1047862615912134],[-34.934189592299361,-8.1048009929229092],[-34.933937619647651,-8.1048168684043009],[-34.933876496895309,-8.104805747421775],[-34.933737275071003,-8.1047804163476336],[-34.93318872782551,-8.1047551398055937],[-34.933005210651189,-8.1047411239145308],[-34.932768787395503,-8.1047128252201475],[-34.932385225810741,-8.1046619499287864],[-34.932195877214298,-8.1046317678903428],[-34.932055271763019,-8.1045902348858405],[-34.931954492315135,-8.104554173367692],[-34.931838969957433,-8.104505118107296],[-34.931734789901327,-8.1044292101929241],[-34.931610776665707,-8.1043463699090932],[-34.931464430090095,-8.1042585021676103],[-34.931293596885155,-8.1041780406520214],[-34.93124746354772,-8.1041467556226987],[-34.931032065319556,-8.1039833989932148],[-34.930948572052444,-8.1039143567566398],[-34.930796948799184,-8.1038048281437742],[-34.930536719510407,-8.1035533012957011],[-34.930352790676686,-8.1034083309869072],[-34.930107853251464,-8.1031900936723655],[-34.9299374796705,-8.1031454054044314],[-34.929650829566192,-8.1030145413743746],[-34.929304525878216,-8.1028101080016963],[-34.929138669909413,-8.1027202214199203],[-34.928939553243346,-8.1025933978029752],[-34.928752970581584,-8.1024933055524269],[-34.928384736046752,-8.1024600150182557],[-34.928130416557941,-8.1024653392533725],[-34.928013286881331,-8.102458444575543],[-34.928000408317835,-8.1025353719144331],[-34.92799572703646,-8.1025633320871933],[-34.928082498379986,-8.1025581140291028],[-34.928140511132213,-8.1025890757432659],[-34.928536261861147,-8.1026616893204331],[-34.928542485317429,-8.1026672568935734],[-34.928547439663951,-8.1026716886468968],[-34.92858402785933,-8.102704418695847],[-34.928613745733564,-8.1027309993043648],[-34.928575342948669,-8.103137653360232],[-34.928551773790055,-8.103387232643275],[-34.928507384805492,-8.1036853768289152],[-34.928507069374042,-8.1036875281650644],[-34.928470021720898,-8.1039402413846044],[-34.928583404850194,-8.1039541202050174],[-34.928529498692072,-8.1042787412886739],[-34.928494156859045,-8.1044519031174467],[-34.927994675622578,-8.1043677692081673],[-34.927966462482409,-8.1045192732195481],[-34.928429702460903,-8.1045867586089049],[-34.928418346206797,-8.1047333796256904],[-34.928297763452989,-8.1047267419961955],[-34.928231479546213,-8.1049841454529261],[-34.928667988314857,-8.1050671113596415],[-34.928675509336578,-8.1050685412487287],[-34.928669293393092,-8.1051037863293853],[-34.928640296212706,-8.105268131633105],[-34.928399029213566,-8.1052332338237338],[-34.928354536307801,-8.105509752619751],[-34.928685383181886,-8.1055565741536295],[-34.928699544830877,-8.1055585792399043],[-34.92872050566708,-8.1055616912632846],[-34.928791614915703,-8.1055722495552587],[-34.928825005737806,-8.1055772085032451],[-34.92870622872708,-8.1061432336710073],[-34.928652909432031,-8.1063973456328284],[-34.928715737886279,-8.1064107302922892],[-34.928805728808044,-8.1064299025342823],[-34.928884603564498,-8.1064467063038048],[-34.928813831378797,-8.1067738075018099],[-34.928728105734741,-8.1067587728447208],[-34.928689905678262,-8.1067520737623813],[-34.928106808490803,-8.1066498113462337],[-34.928100331036354,-8.1068084169668211],[-34.927867912182066,-8.106868070347554],[-34.927751794266399,-8.106902261342583],[-34.927693492494477,-8.1069400906906122],[-34.927668298776865,-8.1069850076328454],[-34.927474371053776,-8.106982983969969],[-34.927614428178792,-8.1067998866809408],[-34.927319175888016,-8.1065193739601273],[-34.927410719553244,-8.1059217650391382],[-34.927493726227993,-8.1053703901584875],[-34.927557454753149,-8.1048741806441296],[-34.927536534102423,-8.1046123682119191],[-34.92751687434189,-8.1043663373383854],[-34.927498642341256,-8.1041381756058275],[-34.927594659115954,-8.1038126357449762],[-34.927708014293842,-8.1034283099441691],[-34.927736998100798,-8.1033300430549708],[-34.927722565239939,-8.1033278384978562],[-34.927658642312764,-8.1033180731561583],[-34.927327686946256,-8.103267516191778],[-34.92727901576211,-8.1032600816714506],[-34.9271396049323,-8.1032387847215528],[-34.925925725085861,-8.1030533485323097],[-34.924322974398436,-8.1028145602227255],[-34.924070132130154,-8.1024376999150487],[-34.923591782729517,-8.10172471749644],[-34.923498190339757,-8.1016671229451234],[-34.923003477677192,-8.1013626828231118],[-34.922919839049889,-8.101311212267607],[-34.922913407412139,-8.10130725479139],[-34.922913071679083,-8.1013070475368938],[-34.922896768303147,-8.1012970143221583],[-34.922745652101653,-8.1014162299133563],[-34.922564891327312,-8.1015588321901681],[-34.922505856893764,-8.1017918558926834],[-34.922502949419027,-8.1018033303518671],[-34.922502601238165,-8.1018047052585143],[-34.92249910693954,-8.1018184986826238],[-34.922448304209958,-8.1020190314909044],[-34.922446903467133,-8.1020245618933568],[-34.922429562846965,-8.1020930085646867],[-34.922399957440682,-8.1022098702551784],[-34.922394422118799,-8.1022317194247524],[-34.922420673660937,-8.1023864130104535],[-34.922532880555849,-8.1030476223866401],[-34.922535078457429,-8.1030605726079177],[-34.922546079215316,-8.1031253996013461],[-34.922547397954489,-8.1031331691914943],[-34.922544408846868,-8.1031366214208376],[-34.922543875623674,-8.1031372368868677],[-34.921830362101339,-8.1039613867577298],[-34.921736721390012,-8.1039766547323708],[-34.921012794659653,-8.104094692172545],[-34.920068316434978,-8.1042486883467699],[-34.919466871348774,-8.104217140076722],[-34.918954848086621,-8.1041902815537004],[-34.918169931976905,-8.10414910777871],[-34.91757212162932,-8.1041177474727668],[-34.917498961488313,-8.1041618137877141],[-34.917189088863928,-8.1043484599609581],[-34.917168108281167,-8.1043729764200041],[-34.916798367025841,-8.1048050465218449],[-34.916406685284578,-8.1052039184982068],[-34.916360016644006,-8.1052514438338257],[-34.916143324671872,-8.105714429950357],[-34.916133021562992,-8.105736443470672],[-34.916132939836224,-8.1057366183387973],[-34.916128679205464,-8.105745721476886],[-34.916089756866334,-8.1057224991905699],[-34.916089008132481,-8.1057220524874705],[-34.915994880555964,-8.105665893449725],[-34.915763220769954,-8.105527678118472],[-34.914686181048111,-8.1057133487179769],[-34.914647182761598,-8.1055340420355186],[-34.914642829726226,-8.1055140257436378],[-34.914629816097396,-8.1054541927243644],[-34.9145939245413,-8.10528917098938],[-34.914563929161858,-8.1051512578944767],[-34.914584102231622,-8.1047058074275249],[-34.91460648252815,-8.1042116221386387],[-34.914602119009487,-8.1042122112866615],[-34.914581781006206,-8.1042149575122071],[-34.914273119779857,-8.104256629619524],[-34.913641818830584,-8.1043418604784652],[-34.913640783478556,-8.1043420000438875],[-34.913478116400846,-8.1043639611507938],[-34.913439914476584,-8.1043691182285471],[-34.913374590337185,-8.1043779374872997],[-34.913297641351896,-8.1039599831126772],[-34.913129426884204,-8.103046303308588],[-34.912899531270554,-8.1031162788073345],[-34.912337876393309,-8.1032872338674711],[-34.912265562269731,-8.1030288010200504],[-34.9122222332443,-8.102840940852948],[-34.912147559715244,-8.1025171795940256],[-34.912168097807076,-8.1025034056992169],[-34.911924624185282,-8.1014424872191455],[-34.912003594354779,-8.1014295522997344],[-34.912302495232836,-8.1013628385321308],[-34.912303062434873,-8.1013626912222296],[-34.912520208102904,-8.1013062420816375],[-34.912635667247066,-8.1012743476766325],[-34.91263506139547,-8.1012718815198443],[-34.91261482501853,-8.1011895050147924],[-34.912625462655754,-8.1011870069219167],[-34.912657622953056,-8.1011794545255711],[-34.912563005631988,-8.1005739160300454],[-34.912531585309026,-8.1003345036236531],[-34.912658829224462,-8.1003312001798751],[-34.912654880825905,-8.1003067276071761],[-34.912669477785876,-8.1003062360545677],[-34.913049475025865,-8.0997290951805212],[-34.913186143961504,-8.0997224511969925],[-34.91338735227648,-8.0996781322555638],[-34.913399479970799,-8.0996893797759526],[-34.913416696860104,-8.099693310343266],[-34.913437188608349,-8.0996935785557422],[-34.913468637234075,-8.0996894197015585],[-34.913515442003494,-8.099682636636782],[-34.913747154966515,-8.0996246632031159],[-34.913862776715526,-8.0996015887611179],[-34.913967956672153,-8.0995805983303075],[-34.914026225678334,-8.0995654178205978],[-34.914231501771063,-8.0995221109491879],[-34.91455172089703,-8.0994549713293882],[-34.91467196656464,-8.099425598972454],[-34.914989942779151,-8.0993482581819851],[-34.915314911748389,-8.0992796365665001],[-34.915399694008997,-8.0992566305888865],[-34.915579209848133,-8.0992258857688757],[-34.916271863622306,-8.0990683841794304],[-34.916412219516289,-8.0990360003902193],[-34.916550312308601,-8.0989981268778166],[-34.916643539870314,-8.0989725577563583],[-34.917101712008446,-8.0988712726619738],[-34.917137762686913,-8.0988633029981862],[-34.917606269831985,-8.0987516507707173],[-34.917587630003069,-8.0986594400545311],[-34.917680423827072,-8.0986381055819017],[-34.917632187866133,-8.0981143447034079],[-34.919689237158742,-8.0976832031963308],[-34.919642670951553,-8.0975125576027054],[-34.91948059714116,-8.0971112889632195],[-34.919433607963548,-8.0970208011052875],[-34.919121110808504,-8.0960588931437698],[-34.918989508059248,-8.0952574871926917],[-34.918491370628736,-8.0943148684013693],[-34.918416642449294,-8.0941119713359075],[-34.918333217848257,-8.0939235520608683],[-34.918294530222383,-8.0939423891812758],[-34.918263354855938,-8.0938833965295629],[-34.918177170761226,-8.0939283003404636],[-34.917937206611661,-8.0940533277367699],[-34.917588351632119,-8.0941896864181473],[-34.917374836694449,-8.0943366357440176],[-34.917379883400002,-8.0943683111493208],[-34.917325403222378,-8.0943908793136519],[-34.917327627800084,-8.0944321591671962],[-34.917339142656296,-8.0944935740346953],[-34.917407960304011,-8.0948157674941825],[-34.917426171376469,-8.0948908781652698],[-34.917453065662635,-8.0950018067367129],[-34.91746487608907,-8.0950505181376506],[-34.917499289664875,-8.0951924577496808],[-34.917556838375958,-8.095383973158004],[-34.917556990825283,-8.0954161968094542],[-34.917554712156665,-8.0954773943976512],[-34.917541035347242,-8.0954813506448691],[-34.917531894527215,-8.0954839954830948],[-34.917483663774355,-8.0954979475598137],[-34.917416846981546,-8.0955172775238147],[-34.917060241911102,-8.0956015469986049],[-34.916908169895343,-8.0956328972742551],[-34.916677814666222,-8.0956803856285706],[-34.916409080335001,-8.0957483412474218],[-34.916349393032903,-8.0957638703502877],[-34.916261719478833,-8.0957866801837781],[-34.916256373953516,-8.0957881138133523],[-34.916249407271231,-8.0957901137656361],[-34.916200583322947,-8.0958085228084133],[-34.916164398156084,-8.095827718703978],[-34.916004074521219,-8.0959391377258996],[-34.915845245434632,-8.096049518152638],[-34.915702735981775,-8.0961439095219951],[-34.915697341997543,-8.0961479515932915],[-34.915690217392957,-8.0961551199001569],[-34.915684448877627,-8.0961634119188393],[-34.915680213976721,-8.096172576390769],[-34.915677639282492,-8.0961823342704236],[-34.915676803227022,-8.0961923895612156],[-34.915677734302079,-8.0962024365562915],[-34.915679432470682,-8.0962093338130252],[-34.915722351361325,-8.0964111649595782],[-34.915729380667074,-8.0964429441061814],[-34.915748030252992,-8.0965294829032661],[-34.915473483640852,-8.0965985674068364],[-34.914819456346656,-8.0967541930954567],[-34.914741510379173,-8.09677515341534],[-34.914730469043008,-8.0967244366715665],[-34.914720006332139,-8.0966763751564965],[-34.914704299770037,-8.096604228697009],[-34.914700731952671,-8.096592151788867],[-34.914693766136061,-8.0965774437288029],[-34.91468434228819,-8.0965641656768668],[-34.914672748067098,-8.0965527194951648],[-34.914659336197985,-8.0965434543049053],[-34.91464451351041,-8.0965366502646372],[-34.91463228936194,-8.0965331944330838],[-34.91454345397208,-8.0965144595769356],[-34.914233561288633,-8.0964309613318655],[-34.914100293717212,-8.096358488444519],[-34.914044746013062,-8.0963222447319865],[-34.913985184415004,-8.0962833826836071],[-34.913958998025088,-8.096266296661712],[-34.913912757068246,-8.0962365935671396],[-34.913868908320829,-8.0962084251945026],[-34.913681608027737,-8.0960374239597712],[-34.913631321677897,-8.0959630709210764],[-34.913561734794882,-8.0958601802992387],[-34.913525295520671,-8.0957733296253576],[-34.913513865364052,-8.0957460877342502],[-34.913479969406545,-8.0956652977208545],[-34.913467426326676,-8.0956354012901492],[-34.913422654735172,-8.0954328677161218],[-34.913389718893654,-8.0951801410752662],[-34.913392743837171,-8.0950018943657795],[-34.913395777121771,-8.094823105178218],[-34.913390560758607,-8.0947823328572195],[-34.91336713208041,-8.0943293115199673],[-34.913359480289444,-8.0941813548779482],[-34.913315922952293,-8.0938917668600769],[-34.913283268501502,-8.0936766632515411],[-34.913254572221675,-8.0935238717545097],[-34.913240024952508,-8.093446414661388],[-34.913205860370262,-8.0932169290234377],[-34.913191238103174,-8.0930191829684563],[-34.9131977070017,-8.0929395724346769],[-34.913205364028521,-8.092895088252499],[-34.913231177389669,-8.0927451313586847],[-34.913228364036598,-8.0926568392074039],[-34.913228071035853,-8.0926522280469921],[-34.913217165678731,-8.0925548780313097],[-34.913205345560392,-8.0924066976956794],[-34.913196022432658,-8.0923270590080811],[-34.913404866744031,-8.0922672239117386],[-34.913478473580113,-8.0922523325488012],[-34.913546863579199,-8.092243649420606],[-34.913582705428482,-8.0922463021064175],[-34.913639719054103,-8.0922501917582856],[-34.9137787656691,-8.0922571594368371],[-34.914069900870189,-8.0922852526127524],[-34.914816146761616,-8.0923572606358452],[-34.914934101558686,-8.0923672505707973],[-34.915228084643367,-8.092392148127777],[-34.915379605826772,-8.0924439072729903],[-34.915435353605631,-8.0924717286212111],[-34.91553178611408,-8.0924871261968736],[-34.916036345073572,-8.0925511329388087],[-34.916044086614512,-8.0925526289911733],[-34.916076120378669,-8.0925603132499937],[-34.916111227765555,-8.0925760925192343],[-34.916115657915157,-8.0925786880827637],[-34.916142703789717,-8.0925982082244996],[-34.916169411624224,-8.0926258601827943],[-34.916181005256973,-8.0926400836220118],[-34.916257492578843,-8.0927339170455888],[-34.916356843694523,-8.0928871665744619],[-34.916407821429246,-8.0930686582298446],[-34.916412043668018,-8.0930836910436188],[-34.916430711221054,-8.0931084343793493],[-34.916566409791393,-8.0930530690080165],[-34.916568334944593,-8.0930605853824744],[-34.916706603709862,-8.0929958689449837],[-34.916861100452429,-8.092932833768371],[-34.917033067144658,-8.0928626702489659],[-34.917322308514201,-8.0927651513720527],[-34.917952373409712,-8.0924927534257325],[-34.918351081186245,-8.0920650166655381],[-34.918247936723503,-8.0917533388829561],[-34.918259467333641,-8.0917490564144394],[-34.918223323761204,-8.091653639824953],[-34.918181308654475,-8.0915147925846416],[-34.918108402572095,-8.0913087279338303],[-34.918065599610387,-8.0912234698903056],[-34.918028092666091,-8.0911487617668918],[-34.918019849341043,-8.0911349575003548],[-34.917779872057139,-8.0906313462180623],[-34.917587275115338,-8.090499903304762],[-34.917507230509727,-8.0904452742584123],[-34.917234343193655,-8.0902071626987766],[-34.916909737155017,-8.090083786777825],[-34.916532772751161,-8.0899398393390367],[-34.915769274658608,-8.0898393370163575],[-34.915045922824632,-8.0897885898817599],[-34.913832787042836,-8.0896485598672552],[-34.912844414002606,-8.0892786222022632],[-34.912345252388263,-8.0889407097211681],[-34.912338727737115,-8.0889015662561174],[-34.912333658528468,-8.0888807802364102],[-34.912320633732989,-8.088860031465428],[-34.912310766965383,-8.0888441390067403],[-34.912298637561861,-8.0888335947377534],[-34.912282826249104,-8.088828296815624],[-34.912267801375201,-8.088826448736901],[-34.912126169123418,-8.0888344003959105],[-34.911685696913061,-8.0886984025503281],[-34.911474334729235,-8.0885495529612079],[-34.911123837847853,-8.0882515145075455],[-34.910873615295635,-8.087919687233045],[-34.910772550186877,-8.0877856613151895],[-34.910607504039646,-8.0872470127876728],[-34.910526090205181,-8.0868421579881158],[-34.910512162504048,-8.0867854767435592],[-34.91031131535626,-8.0859681019391871],[-34.910066304267446,-8.0850981837463891],[-34.910022216721593,-8.0849416483362901],[-34.909824298279958,-8.0849672245748199],[-34.909446205190285,-8.0850160825207062],[-34.909291811997264,-8.0846095944942622],[-34.909267678688096,-8.0845460573789047],[-34.909240481589258,-8.0844323037547632],[-34.909225698459544,-8.0844355307253277],[-34.909216937574442,-8.0844124637250179],[-34.909049998751733,-8.0844132436282337],[-34.908908179205952,-8.0844139061258993],[-34.908219341799594,-8.0845708570959136],[-34.907294174263953,-8.0848109036184876],[-34.907160256612705,-8.0848233402964933],[-34.906478151240947,-8.084886687129039],[-34.90620609260872,-8.0849400812689804],[-34.905940204056542,-8.0849922630398492],[-34.90591445305369,-8.0850023712906847],[-34.905888838312137,-8.0850051794608895],[-34.905388551524958,-8.0850735646998206],[-34.905365677619479,-8.0850770263566947],[-34.905347162810557,-8.08507802579844],[-34.905345856606296,-8.0850848087837033],[-34.905342306596438,-8.0851262831884299],[-34.905346245872934,-8.0851677235752799],[-34.905355042340609,-8.0852009188134399],[-34.905397835576196,-8.0853707898416918],[-34.905399181767947,-8.0853719443875658],[-34.905560448274514,-8.0860162846221364],[-34.905560488944054,-8.0860164453565524],[-34.905664958999978,-8.0864084736472126],[-34.905692477180637,-8.0865117390132983],[-34.905693678858086,-8.0867674110353054],[-34.905694310085607,-8.0869020039065695],[-34.905755028486482,-8.0870952852033469],[-34.905905193867788,-8.0875732975594907],[-34.906027359065156,-8.087853518319065],[-34.906064001086996,-8.088003570836074],[-34.906212522121628,-8.0886117699707398],[-34.90621419259444,-8.0886186104861952],[-34.906260399799891,-8.0888078286190588],[-34.90627805457644,-8.0888807216436991],[-34.906387365538656,-8.089332022753192],[-34.906728389184835,-8.0907399691991362],[-34.906729583284701,-8.0907394483050492],[-34.906729584423793,-8.0907396905897286],[-34.906788765450806,-8.0907258821649908],[-34.907376885479287,-8.0905886591305123],[-34.907550804557019,-8.0905498099232442],[-34.907798596948702,-8.0913840252598774],[-34.907882470627449,-8.0915228478560692],[-34.908044521944397,-8.0921079627468089],[-34.908047503156766,-8.0927414896532106],[-34.908140862944151,-8.0934451383832506],[-34.908161806946097,-8.0938834647429072],[-34.90818161501489,-8.094298020353488],[-34.908182258543256,-8.0943487788600645],[-34.908187297472644,-8.0947464549708936],[-34.90817513204108,-8.0951967531313578],[-34.908137577691669,-8.0958143219093426],[-34.908083974066905,-8.096316553542751],[-34.908034375872433,-8.0967812630769966],[-34.90796316336295,-8.0972442574245775],[-34.907960257627387,-8.0972585055361641],[-34.907762611178434,-8.0982275763226639],[-34.907602030630045,-8.0990149147185821],[-34.907583317093668,-8.0991198784529939],[-34.907574190567644,-8.0991710695931047],[-34.907478505110006,-8.0997077595356046],[-34.907406237034564,-8.1002882504995686],[-34.907387327433803,-8.1005604222547216],[-34.90591424841837,-8.1026115915989081],[-34.905879781176743,-8.1034536308669534],[-34.905757507632174,-8.1034420002227794],[-34.905593217695341,-8.1034263719503343],[-34.90561093535382,-8.103689724393611],[-34.905801245209858,-8.1037093354709349],[-34.905847768682456,-8.1037141292402008],[-34.905869028179687,-8.1037163198624782],[-34.905810457659975,-8.1051472084431211],[-34.905353494498989,-8.10653949906321],[-34.905265696625094,-8.1068070026283454],[-34.904759246225893,-8.1073160446218484],[-34.903679310931693,-8.1076060945741588],[-34.90288753037661,-8.1083064713289001],[-34.902588875645911,-8.1088779679365004],[-34.902572335500174,-8.1089096197651305],[-34.902649814272792,-8.10950416490207],[-34.902558028192097,-8.1096532495238787],[-34.902547231417842,-8.1102497447057651],[-34.902542477108419,-8.1105123780259678],[-34.902535164189452,-8.1109163427656057],[-34.902523503591169,-8.1114837933390138],[-34.902471466616966,-8.1116629506460285],[-34.902663894436657,-8.1117481643371878],[-34.902685825696949,-8.1118683816423722],[-34.902728551278443,-8.1121025889024292],[-34.903376549408947,-8.1117924013516927],[-34.903425675653288,-8.1118746743164429],[-34.903952236121242,-8.1127565235021688],[-34.904297522335654,-8.1134708393269221],[-34.90451591670567,-8.1139253260381548],[-34.904609651959461,-8.114050485180762],[-34.904615043891397,-8.114057684362999],[-34.904917682678729,-8.1144617753797785],[-34.905074847121995,-8.1142073697041432],[-34.905107536155839,-8.1141544545056323],[-34.905455137412481,-8.1146972110454936],[-34.905463839064957,-8.1147107982278719],[-34.905478538004267,-8.1147337478862482],[-34.905547911375521,-8.1148579584304468],[-34.905783749912388,-8.1152802182073778],[-34.905791392822742,-8.1152766665161256],[-34.905793350801346,-8.1152801732663598],[-34.905795552581218,-8.1152849762110435],[-34.905905982721436,-8.1152347012591317],[-34.905960859656332,-8.1152097172403366],[-34.906315840999994,-8.1150454372625358],[-34.906903963459911,-8.114773260636337],[-34.907162038745135,-8.114653827175907],[-34.907230604413833,-8.1146220951433286],[-34.907262275355777,-8.1146059384960338],[-34.907481655391919,-8.1154681300750386],[-34.907581396550476,-8.1158601231336807],[-34.907590941966049,-8.1158598569109142],[-34.907590997443101,-8.1158600781470902],[-34.908221063751363,-8.1158425229062647],[-34.908238331304027,-8.115842041468122],[-34.908242230926419,-8.1158419327830202],[-34.908679891905258,-8.1158450794878103],[-34.908902875746925,-8.1158466829118439],[-34.90913945536483,-8.1168478497900836],[-34.909152483988919,-8.116902984561186],[-34.909252674028387,-8.1174218104104163],[-34.909338416421285,-8.1178658193501221],[-34.909347576541116,-8.117863490903158],[-34.909348017351647,-8.1178657743110598],[-34.909362386844926,-8.1178621222848371],[-34.909368338302407,-8.1179038115307183],[-34.909890537867518,-8.1177874872966829],[-34.909899783340535,-8.1177853681808507],[-34.909917358589283,-8.1177837524163365],[-34.909934948328136,-8.1177852031698468],[-34.909952017988751,-8.1177896750344001],[-34.909968048909505,-8.1177970330260401],[-34.909976104126422,-8.1178025977134993],[-34.909982553762113,-8.117807053415552],[-34.909995092919729,-8.1178194317882735],[-34.910005284478807,-8.1178337920375672],[-34.910012818825635,-8.1178496971453136],[-34.910017466873754,-8.1178666645123023],[-34.910019031919347,-8.1178812731778542],[-34.910285209872846,-8.1190374459541186],[-34.910438541444243,-8.1197034545178237],[-34.910462836924012,-8.1198089830616578],[-34.910800986043277,-8.1212777468446724],[-34.910905550595956,-8.1217319266212016],[-34.910939430153569,-8.1219041408122905],[-34.91095299649249,-8.1219731005507825],[-34.910980128742835,-8.1221024865664777],[-34.91101160706387,-8.1220965617276093],[-34.911381079841476,-8.1220135189668436],[-34.911559172291334,-8.121973489206896],[-34.911791980881453,-8.1227598985853842],[-34.911867434283508,-8.1230147736852043],[-34.911877375328686,-8.123020243554242],[-34.911941381342317,-8.1230554642550299],[-34.911940285721293,-8.1230936724063287],[-34.911961455552749,-8.1231702383661357],[-34.911997265666002,-8.1232997506757396],[-34.911568393059987,-8.1232874126351593],[-34.911338939769131,-8.1232768420584591],[-34.91100297660271,-8.1232613654704249],[-34.910944465966757,-8.1232603303742579],[-34.910682496381106,-8.1232556945749401],[-34.910581733086708,-8.1232669325813323],[-34.910477402985322,-8.1232853628730677],[-34.910362339444191,-8.1233181946647175],[-34.910200655690112,-8.1233907150056517],[-34.910107313465296,-8.1234485614365255],[-34.91001921113115,-8.1235142160581031],[-34.909974968743427,-8.1235471852960668],[-34.909903582248667,-8.1236003829576759],[-34.909907424577618,-8.1237431618677114],[-34.909919362394355,-8.1239640654443761],[-34.909935680516362,-8.1241562190916454],[-34.909939658328334,-8.1242031303861157],[-34.909941020744121,-8.1242191910176622],[-34.909919039577233,-8.1242221284854885],[-34.909686199562422,-8.1242218748038439],[-34.909681891068331,-8.1242218697206745],[-34.909054878760408,-8.1242211835667248],[-34.908946236485306,-8.1242210642875019],[-34.908443186073612,-8.1242024969483086],[-34.908451067621762,-8.1240378478092534],[-34.908419766841213,-8.1239322118435062],[-34.908419069446332,-8.123900973340815],[-34.908430391112667,-8.1236197451454348],[-34.908432598811288,-8.1235772030473505],[-34.908434786539942,-8.1235350425584407],[-34.908456717850306,-8.1231123841808905],[-34.908457416627179,-8.1230500230163525],[-34.908483805561133,-8.1230504452578867],[-34.90875781902249,-8.1230581875100061],[-34.909070395931266,-8.1230754510069012],[-34.909105387889625,-8.1216873277183161],[-34.909099787189071,-8.1216450157434785],[-34.909087478173767,-8.1215546552746751],[-34.909084140972098,-8.1215342191812461],[-34.909084041154735,-8.1215340225635178],[-34.909071588471377,-8.121509059196919],[-34.909072341330798,-8.1214754307824908],[-34.909075200753541,-8.1214421803268682],[-34.908536179701294,-8.1204837496029558],[-34.908507148405739,-8.1204363183900821],[-34.908201880076476,-8.1199375796369111],[-34.9078874798575,-8.1194239210030155],[-34.907688248399069,-8.119204116573659],[-34.907547856276885,-8.1191002140618185],[-34.907183752144434,-8.1189390386711047],[-34.906833216941358,-8.1187838701140347],[-34.905963658286431,-8.1183989462606529],[-34.90560036765828,-8.1181845836269648],[-34.90534637364614,-8.1180347122467591],[-34.905148968179944,-8.1178708321623141],[-34.904992905385974,-8.1177412730154312],[-34.904728827189778,-8.1176147117842863],[-34.90485989133127,-8.1172237376329051],[-34.904400412371992,-8.1167336817104854],[-34.903858166625284,-8.1161553501770118],[-34.902505369328274,-8.1168002288158245],[-34.902472589743084,-8.116815316321178],[-34.902351730174836,-8.116775594061119],[-34.90221288171319,-8.1165022939033182],[-34.902172266450933,-8.1164337057748526],[-34.901824621739031,-8.1158466285635225],[-34.901495188818366,-8.1152904147458127],[-34.901001038771355,-8.1141540182895788],[-34.90055088583572,-8.1131187930517203],[-34.900532956246067,-8.113098853395682],[-34.900268317154541,-8.1128045416460104],[-34.899995095810553,-8.1125006847230967],[-34.89962173304049,-8.1120458158675106],[-34.899248781321404,-8.1116779179105407],[-34.899236218823127,-8.1116519627723367],[-34.899243892184693,-8.1116479355232602],[-34.899187524495083,-8.1115314765609341],[-34.899037875016283,-8.1112222915460368],[-34.898864966149851,-8.1108186743956878],[-34.898959403214022,-8.110770326583669],[-34.89895125238273,-8.1107536130602806],[-34.898837336319531,-8.1105289952845148],[-34.898716943352944,-8.1103077572144908],[-34.898590174157235,-8.1100900855162319],[-34.898442973446123,-8.1098831607139275],[-34.89842965629402,-8.1098900774332368],[-34.898422300708226,-8.1098473654406877],[-34.898408609433851,-8.1098236585091108],[-34.898365431884734,-8.109572929461093],[-34.898209127024785,-8.109208069593226],[-34.898188803431324,-8.1091606291402663],[-34.898165029437394,-8.1087476157009011],[-34.898284499604266,-8.1084722098626596],[-34.898288619492092,-8.108476519360245],[-34.898319520695694,-8.1085103395300653],[-34.898446090113531,-8.1086488637276979],[-34.898694547876318,-8.1089301349728125],[-34.898687738278412,-8.1089361091607461],[-34.898854215663526,-8.1091180414744919],[-34.89922060705954,-8.1095184452344924],[-34.899250718490833,-8.1095513513466688],[-34.899275953386471,-8.1095782048366605],[-34.899501077869509,-8.109795491852676],[-34.899610834650119,-8.1098843293503009],[-34.899609657819525,-8.1099184915078038],[-34.899647552093697,-8.1099131028513654],[-34.899649530890933,-8.1099156512386532],[-34.899744349991437,-8.1099923985962779],[-34.900003918335265,-8.1101674274921614],[-34.900534396093107,-8.1104924477584373],[-34.90079920809098,-8.1106710117542118],[-34.900829058133233,-8.1106949677279641],[-34.900869865676469,-8.1106427011070501],[-34.900925577684632,-8.1105900277173166],[-34.90096693583537,-8.1105423846450968],[-34.900998117109992,-8.1105079179555943],[-34.901015888723769,-8.110485963779686],[-34.901029879610327,-8.1104697210747911],[-34.901037906839342,-8.1104616609044395],[-34.90104386089039,-8.1104556816313647],[-34.901055844041956,-8.1104440563364104],[-34.901060967757708,-8.1104341654139276],[-34.901066093033151,-8.11042383420242],[-34.901073195129129,-8.1104165938194299],[-34.901080298914117,-8.1104091337396582],[-34.901090957255121,-8.1103970625919271],[-34.901101161829551,-8.1103878531327354],[-34.901115790441764,-8.1103777804352379],[-34.901129527366059,-8.1103694666970512],[-34.901143933831719,-8.1103596129162234],[-34.901156580941347,-8.1103477702566042],[-34.901166371480691,-8.1103317306773448],[-34.901171952855485,-8.1103178768912549],[-34.901175102209201,-8.1103044539430247],[-34.901185578137103,-8.1102829108079337],[-34.901197343036273,-8.1102704041577827],[-34.901208885914954,-8.1102583361130751],[-34.901222206337671,-8.1102436334515549],[-34.901233756356838,-8.1102298033422588],[-34.901245083456821,-8.1102164136507966],[-34.901254413861118,-8.1102047772271106],[-34.901259097310891,-8.1101944444605429],[-34.90126288439501,-8.1101871915206498],[-34.901279096305451,-8.1101680942445036],[-34.901292855547233,-8.1101544934023835],[-34.901307942589618,-8.1101402381455063],[-34.901317038251463,-8.110132125070189],[-34.901322365792801,-8.1101264199396823],[-34.901323268521715,-8.1101217986453555],[-34.901325065273895,-8.1101147575057695],[-34.901335925097989,-8.1101075330333856],[-34.901349214603471,-8.1101005386076803],[-34.901359416045302,-8.1100922097228718],[-34.901368069757048,-8.1100838745003578],[-34.9013809484753,-8.1100693899701533],[-34.901385198799161,-8.1100568523918817],[-34.901388355286869,-8.1100416673798694],[-34.901396824123402,-8.1100243013693074],[-34.901408812834291,-8.1100113542939223],[-34.901419901028667,-8.1100021479389266],[-34.901425238175101,-8.1099942404505558],[-34.901429465513587,-8.1099874293533247],[-34.901439004422294,-8.1099786578536435],[-34.901448087354979,-8.1099736286158954],[-34.901451616583181,-8.1099754049130173],[-34.901451162819583,-8.1099782666014413],[-34.90144315710306,-8.1099901282863041],[-34.901438253204056,-8.1100004602742359],[-34.901436022221432,-8.1100104651708911],[-34.9014344256139,-8.1100176247134623],[-34.901431935557859,-8.1100321520689356],[-34.901430122058336,-8.1100431576297609],[-34.901432281295236,-8.110055721345244],[-34.901432345926509,-8.1100561540926837],[-34.90143421760996,-8.1100687245746261],[-34.90143261988748,-8.1100810517814796],[-34.901431901013225,-8.1100863791996929],[-34.901430569312723,-8.1100962415766169],[-34.901427866590417,-8.1101085649001767],[-34.901430505041709,-8.1101121001529002],[-34.901431846930599,-8.1101123199071576],[-34.901436026938526,-8.1101130037634714],[-34.901442902855429,-8.1101068637803468],[-34.901450019354975,-8.1100963207618104],[-34.901452498242755,-8.1100844360524178],[-34.901456083045829,-8.1100725570301755],[-34.901462730587433,-8.1100683989282345],[-34.901468243005318,-8.1100717254878987],[-34.901472833610157,-8.1100842986482693],[-34.901477011613352,-8.1100893817137543],[-34.901479911807094,-8.1100827856502953],[-34.90148928517678,-8.1100607974318333],[-34.901497980952954,-8.1100421104199985],[-34.901509114457852,-8.1100218913859514],[-34.901518695562586,-8.1100029886896543],[-34.901525623450837,-8.1099887977281586],[-34.901661206611799,-8.1094747513150143],[-34.901660102540511,-8.1094718562148689],[-34.901652225503248,-8.1094522213431119],[-34.901650715947532,-8.1094429643936223],[-34.901655605680574,-8.109436376221586],[-34.901664919313916,-8.1094287051198339],[-34.901669197541608,-8.1094095604751146],[-34.901672351552072,-8.1093948157572147],[-34.901677915501757,-8.1093853666760456],[-34.901676224314237,-8.1093664180505254],[-34.901673187802601,-8.1093523088572415],[-34.901669275449393,-8.109335994207127],[-34.901668664718578,-8.109323216233923],[-34.90167117541688,-8.1093036241884473],[-34.901669465270373,-8.1092895205570805],[-34.901665546555108,-8.1092747473741067],[-34.90165744660181,-8.1092555520153873],[-34.901650881652898,-8.1092394468324063],[-34.9016474215057,-8.1092207107821963],[-34.901647450956908,-8.1092188699601842],[-34.901644832744857,-8.1092121116072562],[-34.901753851314787,-8.1085999006423375],[-34.901758990215463,-8.1085710486092921],[-34.901782414339678,-8.1084834244991413],[-34.901780831472436,-8.1084825034079557],[-34.90178514215264,-8.1084552084312502],[-34.901786122653697,-8.1084314250322134],[-34.901787523672674,-8.1084131490669868],[-34.90179069274393,-8.1083946605302462],[-34.901797184074638,-8.1083746430762602],[-34.901801878662255,-8.1083616667608283],[-34.90180745208275,-8.1083497956363342],[-34.901812801929168,-8.1083388043103639],[-34.90181172549552,-8.1083317512677624],[-34.90180778056466,-8.1083233654544014],[-34.901804753547886,-8.1083068342155489],[-34.901808117877437,-8.1082949535119919],[-34.901815018435528,-8.1082828673536156],[-34.901817055626495,-8.1082712016840812],[-34.901815575425317,-8.1082546767869825],[-34.901814597416553,-8.1082233960440995],[-34.90181711213107,-8.108202921609843],[-34.901819380944531,-8.1081886140738124],[-34.901829180904492,-8.1081701524500946],[-34.901835423082503,-8.1081569618802423],[-34.901836594820359,-8.1081406678005941],[-34.901834675136975,-8.1081234795599126],[-34.901828142020996,-8.1080996652315704],[-34.901822244952186,-8.1080822415103526],[-34.901815702229698,-8.1080606295383877],[-34.901811136322145,-8.1080421092968251],[-34.901806565610933,-8.1080246902335826],[-34.901800256198499,-8.1080002157936146],[-34.901800088855452,-8.1079869999897749],[-34.901801051958003,-8.1079676212960692],[-34.901796013980828,-8.1079563674515658],[-34.901786959790435,-8.1079545690229207],[-34.901778141897928,-8.107948806956756],[-34.901782377135838,-8.1079400132012118],[-34.901791057812829,-8.1079250709190998],[-34.901795549343234,-8.1079076882158621],[-34.901794287264622,-8.1078918249825218],[-34.901795634267458,-8.1078867640462331],[-34.901806037930101,-8.1078830621496802],[-34.901813124914518,-8.1078795664904177],[-34.901803188524326,-8.1078771040719868],[-34.901791279339598,-8.1078706675321346],[-34.901793073744784,-8.1078642872793125],[-34.901799306446627,-8.1078535205638609],[-34.901797582682491,-8.1078425007747441],[-34.901793941053242,-8.1078322457378462],[-34.901793430806499,-8.1078308097453231],[-34.901793462618812,-8.1078231006003278],[-34.90179569806206,-8.1078169424983528],[-34.901802136151957,-8.1078099203824348],[-34.901800438618352,-8.1077925132232629],[-34.901798961668817,-8.1077753274355544],[-34.901796387641937,-8.107756154199647],[-34.90179799639531,-8.107740962852569],[-34.901800672876362,-8.1077350269015138],[-34.901802496626928,-8.1077213777969099],[-34.901799663973826,-8.1077114552980447],[-34.901795058337733,-8.1077026259562466],[-34.901794648987419,-8.1076944749721722],[-34.901804207839376,-8.1076810781669195],[-34.901809560796558,-8.1076692053608443],[-34.901808945275917,-8.1076575294698419],[-34.901811200584831,-8.107646525465352],[-34.901823400076417,-8.1076357824359988],[-34.901826116289001,-8.1076201546797737],[-34.901826373360315,-8.1076113451356733],[-34.901834803324249,-8.1076036709311232],[-34.901843463346694,-8.1075937942447762],[-34.901846158910551,-8.1075832320836145],[-34.90184912012608,-8.1075614392416178],[-34.901849370832942,-8.1075541711649386],[-34.901847660702018,-8.1075400675329252],[-34.901858315715067,-8.107528657275866],[-34.901871393380603,-8.107519459721992],[-34.90188028112609,-8.1075080423431842],[-34.901879462549552,-8.1074919600639408],[-34.901883943688929,-8.1074770003147272],[-34.901881326034243,-8.107468620058766],[-34.901882905440445,-8.1074606975637789],[-34.901891113253001,-8.1074532413722906],[-34.901901329692052,-8.1074411686709684],[-34.901904012530288,-8.1074336903485733],[-34.901908909258417,-8.1074251204275143],[-34.901921781526767,-8.1074121773697847],[-34.901931114981451,-8.1073996603708025],[-34.90193557871995,-8.1073891062308974],[-34.901943566076056,-8.1073816492595974],[-34.901947138130275,-8.1073728531749829],[-34.901947614880633,-8.1073642659111442],[-34.901956057557037,-8.1073535069630633],[-34.901973116620169,-8.1073436643064287],[-34.901977782631015,-8.107337736247251],[-34.901980015603399,-8.1073320184384787],[-34.901995749867282,-8.1073217299297209],[-34.902008598367914,-8.1073147339469109],[-34.902018357012949,-8.1073064035138991],[-34.902022606524447,-8.1072940856310236],[-34.902024854690374,-8.1072848445946946],[-34.902031980489063,-8.1072716580384387],[-34.902040618294386,-8.1072672872338369],[-34.902046589888819,-8.1072662106431093],[-34.902050339671305,-8.1072682074074987],[-34.902048971248071,-8.1072785545344743],[-34.902048956183464,-8.1072822983541446],[-34.902056499257569,-8.1072752810244708],[-34.90206515693108,-8.1072660652214257],[-34.902070272673832,-8.1072581560558206],[-34.902085587322546,-8.1072423601073567],[-34.902098438151725,-8.1072347023333116],[-34.902113929623823,-8.1072296992372692],[-34.902128552524864,-8.1072209483088979],[-34.902139636739889,-8.1072128431286803],[-34.902150515564273,-8.1072009933495988],[-34.902159844985384,-8.107189357833926],[-34.902171834381321,-8.1071761901630293],[-34.902182471979579,-8.1071691855103225],[-34.902196863255817,-8.107163076446497],[-34.90221722690093,-8.1071556701930589],[-34.902232732774401,-8.1071473626547341],[-34.902252898163169,-8.1071344488339498],[-34.902267308521282,-8.1071237144630661],[-34.902279060584689,-8.1071142907428246],[-34.902290360577567,-8.1071075090133924],[-34.902304313148811,-8.1071005169110215],[-34.902317382089592,-8.107093521700369],[-34.90233619657662,-8.1070867690825743],[-34.90235125024509,-8.1070808829397105],[-34.902367651564248,-8.1070694964798147],[-34.902376306107222,-8.1070611612502415],[-34.902384078449671,-8.1070521620318132],[-34.902389614582397,-8.1070495415121009],[-34.902392259247335,-8.1070513147026837],[-34.902392008544268,-8.1070585818734671],[-34.902397977015056,-8.1070583858560035],[-34.902405730273635,-8.1070540119420489],[-34.902413739037954,-8.1070412696791134],[-34.902431028911771,-8.1070290048351765],[-34.902447416849398,-8.1070211415912805],[-34.902455826924353,-8.1070183123762192],[-34.902470449808561,-8.1070095614389572],[-34.902486379183749,-8.1070056610594499],[-34.902489890987709,-8.1070118420566608],[-34.902496959649319,-8.1070127520024631],[-34.902510483899405,-8.1070024548107629],[-34.902521564078135,-8.1069952311089608],[-34.902526014296043,-8.1069879804969478],[-34.902527815046071,-8.1069800578733631],[-34.902536012582466,-8.106975245218381],[-34.902548839512008,-8.1069733148204719],[-34.902556781548924,-8.1069768714174781],[-34.902560052910836,-8.1069876769435201],[-34.902563999395213,-8.1069956224607953],[-34.902581904672964,-8.1069948138091288],[-34.902591402343937,-8.1069963940814667],[-34.902605103427341,-8.1069968897372533],[-34.902632955459218,-8.1069961214378381],[-34.902647766339712,-8.1069955207002486],[-34.902667452635576,-8.1069918559139609],[-34.902683826157507,-8.1069872961958946],[-34.902698668058541,-8.1069792069115625],[-34.902702456656009,-8.1069715136814473],[-34.902704898258747,-8.1069688804834712],[-34.902710195630966,-8.1069706638888288],[-34.90271371133273,-8.1069757437096737],[-34.902723438284283,-8.1069753429982647],[-34.902731408095065,-8.1069720710318851],[-34.902742471654228,-8.1069690323361474],[-34.90275264275639,-8.1069679722925994],[-34.902757057272304,-8.1069695310898453],[-34.902754383149706,-8.1069748070620129],[-34.902751487791697,-8.1069803019476012],[-34.902761875452697,-8.1069803438563355],[-34.902775372693824,-8.1069766537167052],[-34.902783100634871,-8.1069786671593338],[-34.902795239852999,-8.106982901191861],[-34.902799682801231,-8.1069771929528827],[-34.902803226280135,-8.1069754451173743],[-34.902814500036143,-8.1069750498388551],[-34.902823550307886,-8.1069779494224044],[-34.902830157297728,-8.1069837037089201],[-34.902834811350459,-8.106980638884453],[-34.90283572041934,-8.1069744752211577],[-34.902843482492486,-8.1069681186368392],[-34.90286073341256,-8.1069653249818714],[-34.902893684421869,-8.1069606128167084],[-34.902922214678895,-8.1069561030082564],[-34.902939907537501,-8.1069535305915821],[-34.902955830545565,-8.106951172565747],[-34.902968878830201,-8.1069492429297583],[-34.902975733266537,-8.1069483900299595],[-34.902981471672021,-8.1069503946771633],[-34.902985446713522,-8.1069512919376105],[-34.902991856995058,-8.1069510974651511],[-34.902996508709975,-8.106948693524151],[-34.902996084287736,-8.1069442872682007],[-34.902996314344833,-8.106942085691383],[-34.903002737342582,-8.1069388073819528],[-34.903005385251468,-8.1069399196789451],[-34.903007577717986,-8.1069441133596616],[-34.90301906647651,-8.106945261220643],[-34.903035203702338,-8.1069446651250345],[-34.903049147558143,-8.1069398762566927],[-34.903057582279231,-8.1069310999534068],[-34.903063557882824,-8.1069291418640272],[-34.9030677429934,-8.1069324619501462],[-34.903069057409866,-8.1069353307499448],[-34.903073253812096,-8.1069362287839777],[-34.903076813121906,-8.1069305165325733],[-34.903077260519382,-8.1069291972157487],[-34.903084311786991,-8.1069345118538152],[-34.903093605611978,-8.1069319063254497],[-34.90309782407688,-8.1069270778870202],[-34.903099816720342,-8.106926204292721],[-34.903107766802833,-8.1069279988112406],[-34.903117234234692,-8.106936847018126],[-34.903126072747924,-8.1069375434647846],[-34.903134725584998,-8.1069294288238485],[-34.903154605332603,-8.1069323727561553],[-34.903158564415911,-8.1069370147405397],[-34.903164978716376,-8.1069359387799906],[-34.903167864595524,-8.1069328668402605],[-34.903166353470773,-8.1069240501897415],[-34.903167695657999,-8.1069200913351285],[-34.903174781051725,-8.1069170359472142],[-34.903184937875466,-8.1069195000185275],[-34.903192020807595,-8.1069168858271823],[-34.903197345168088,-8.1069120612643264],[-34.903200454747449,-8.1069083301180509],[-34.903200898120424,-8.1069078913825461],[-34.903205096076512,-8.1069083482226283],[-34.903200415039969,-8.1069180210120404],[-34.903193945200584,-8.106932752280688],[-34.903190375639063,-8.1069411071724016],[-34.903191024415278,-8.1069444139369207],[-34.903186375944806,-8.1069461569907535],[-34.903177080566401,-8.1069492037137909],[-34.903169984137143,-8.106955121433824],[-34.903167092679574,-8.1069595151475902],[-34.903169053663213,-8.1069665712843424],[-34.903177670038929,-8.1069674875516107],[-34.903189178519021,-8.1069635689164272],[-34.903200478482859,-8.1069567862621525],[-34.903211331053541,-8.1069513238285698],[-34.903231028366278,-8.1069447957808123],[-34.903277525771351,-8.1069242795913059],[-34.903324255687245,-8.1069011206241726],[-34.903357906444214,-8.1068876013391122],[-34.903380257232442,-8.1068808629020292],[-34.903405694504904,-8.1068759001040203],[-34.903429353355087,-8.1068735728328107],[-34.903449483001992,-8.1068694692760133],[-34.903459443889801,-8.1068657648939837],[-34.903468056239056,-8.1068675617366779],[-34.903479975783569,-8.1068715752771947],[-34.90349966114956,-8.1068679104580372],[-34.903517572894692,-8.1068657799890005],[-34.903522886095317,-8.1068635989703974],[-34.903522035677902,-8.1068552258466244],[-34.903523842765814,-8.1068457617572776],[-34.903536238112281,-8.1068411862343623],[-34.903545550223797,-8.1068341759912581],[-34.903553320066592,-8.1068256170501609],[-34.903563729254778,-8.1068205933448638],[-34.903583210768304,-8.1068127427349026],[-34.903607343207923,-8.1068027078696172],[-34.903618425694617,-8.1067948241630337],[-34.903625084313624,-8.1067880224954489],[-34.903643241157866,-8.1067799466291142],[-34.903649650657101,-8.1067799727432366],[-34.903658483583961,-8.106781990048523],[-34.903671323986686,-8.1067767560900013],[-34.903679084355886,-8.1067706200941103],[-34.90368753488498,-8.1067578793691162],[-34.903696167077804,-8.1067548303096011],[-34.9037098793033,-8.1067526832866701],[-34.90371847893865,-8.106757563959988],[-34.903718663068574,-8.1067668153326977],[-34.903723908813532,-8.1067811537590533],[-34.90372563339384,-8.1067919529332482],[-34.903726266346787,-8.1067992241084212],[-34.903732476014873,-8.1067941829489918],[-34.903736471550936,-8.1067897940202975],[-34.903735629171379,-8.1067796588316767],[-34.903734780434235,-8.1067710651088234],[-34.903739002911678,-8.1067653560847734],[-34.903748935255081,-8.1067686999448174],[-34.90375863118804,-8.1067757868466188],[-34.903767438697379,-8.1067839727245339],[-34.903777354438134,-8.1067915015923244],[-34.90379478298356,-8.1067992810510052],[-34.903804705859265,-8.1068050478559801],[-34.903806263819753,-8.1068024106443666],[-34.903803410376284,-8.1067973331664938],[-34.903794367367283,-8.106792891231386],[-34.90377892342557,-8.1067860011457249],[-34.903773422981025,-8.1067798113715916],[-34.903773456317985,-8.1067716619464054],[-34.903774579602967,-8.1067672620244995],[-34.903765978278749,-8.1067626010490024],[-34.90376026205486,-8.1067550896309317],[-34.903755441519912,-8.1067449377663579],[-34.903754810905689,-8.1067370066106967],[-34.903757260410302,-8.1067323907500466],[-34.903765215934868,-8.1067326428903943],[-34.903777596358601,-8.1067320326737189],[-34.903781130230009,-8.1067324871857753],[-34.903783321274496,-8.1067373417411694],[-34.90378949358545,-8.1067413314914685],[-34.903795693652505,-8.1067384926860449],[-34.903805449905015,-8.1067308231063748],[-34.903807259324971,-8.1067206990367762],[-34.903811028048594,-8.1067178507950715],[-34.903820109968478,-8.1067128215316586],[-34.903821244405648,-8.1067057780627287],[-34.903813097611632,-8.1066980357090515],[-34.903804320203072,-8.1066823621997344],[-34.903803683226542,-8.1066759716059842],[-34.903826056955459,-8.1066635075786326],[-34.903840246791518,-8.106652772387072],[-34.903853123634157,-8.1066385075185519],[-34.903864673475937,-8.1066246782809994],[-34.90388816243793,-8.1066095754915555],[-34.903902138820378,-8.1065968568664726],[-34.903911234223102,-8.1065885231703767],[-34.903946027140705,-8.106565757128438],[-34.903960008318997,-8.1065519373249142],[-34.903971941210919,-8.1065524258287347],[-34.903979460497347,-8.106551355544001],[-34.90398148245179,-8.1065432140069706],[-34.903979090019988,-8.1065337333738903],[-34.903989284962513,-8.1065269459207325],[-34.904016316604242,-8.1065103158786957],[-34.904034035499244,-8.1065011363702677],[-34.904042665352655,-8.1064987490938396],[-34.904055036945444,-8.1065001206285849],[-34.904064770229276,-8.1064981775185387],[-34.90407163891394,-8.1064937995751443],[-34.904064568711149,-8.1064933308477922],[-34.904056841555885,-8.1064910968325634],[-34.9040555406254,-8.1064849245099744],[-34.904060214503239,-8.1064770137781448],[-34.904089693433761,-8.106456649347896],[-34.904123381335857,-8.10643387851316],[-34.904139122629374,-8.1064218278802436],[-34.904153949293338,-8.1064172617776418],[-34.904168112913197,-8.1064129139404404],[-34.904176760140004,-8.106406121057887],[-34.904180995315876,-8.1063973281966284],[-34.904206492841688,-8.1063776079764995],[-34.904226650198396,-8.1063666758346784],[-34.904233066821718,-8.1063649398796027],[-34.904241245255015,-8.1063647524978713],[-34.904253890470059,-8.1063531303901559],[-34.904260082617682,-8.1063522742374339],[-34.904273372068431,-8.106345499443222],[-34.904292214227546,-8.1063319200047221],[-34.904325913905801,-8.1063060653277699],[-34.904364271631543,-8.1062762652307132],[-34.904397979343543,-8.1062486493883075],[-34.904441003793451,-8.1062127006143658],[-34.904484938060072,-8.1061703684845163],[-34.904498681116884,-8.1061605123109359],[-34.904502474466,-8.1061517169925565],[-34.904515119666421,-8.1061400948799136],[-34.904521991710816,-8.1061352766346548],[-34.904527112060748,-8.1061260465874891],[-34.904537766303918,-8.1061150765696937],[-34.904544403374089,-8.1061133413889408],[-34.904553908928584,-8.1061129389611981],[-34.904556142765728,-8.1061072211437271],[-34.904560852291887,-8.1060905010071469],[-34.904570184072682,-8.1060784242611259],[-34.904577044966594,-8.106076249561319],[-34.904581694194697,-8.1060742858990853],[-34.904585922227483,-8.1060672550975283],[-34.904599240061309,-8.1060532123633564],[-34.904613424274416,-8.106043798023169],[-34.904622507724071,-8.1060383284593005],[-34.904625879874125,-8.1060244660014682],[-34.90463676402981,-8.1060110738147344],[-34.904649408441273,-8.1059996713918405],[-34.904659373313038,-8.1059950864071482],[-34.90466577009083,-8.105998196342231],[-34.904664254145231,-8.1059904808804397],[-34.904667646906745,-8.1059715519313027],[-34.904677419722844,-8.1059596982360187],[-34.904696691859932,-8.1059492032633038],[-34.904709993090556,-8.1059393455337592],[-34.904723530719046,-8.1059257438593129],[-34.904724362159712,-8.1059241036115708],[-34.904730437509215,-8.1059121162147765],[-34.904739792231148,-8.1058943129954564],[-34.904748023033271,-8.1058813508858627],[-34.904761882077736,-8.1058606733799436],[-34.904775704237146,-8.1058392908735009],[-34.90478044036437,-8.1058239845743305],[-34.9047865300208,-8.1058059769244846],[-34.904789685052464,-8.105789546121434],[-34.904793293085085,-8.1057762656851065],[-34.904805033090092,-8.1057668085194265],[-34.90481699913402,-8.1057575754100242],[-34.904828965791189,-8.1057505934257463],[-34.90484162466278,-8.1057499782663243],[-34.904869461489035,-8.1057030138619659],[-34.904869371875108,-8.1057028633014809],[-34.90487297990483,-8.1056895828651889],[-34.904879296968971,-8.1056738261847396],[-34.904882678650367,-8.1056598705637359],[-34.904887415375676,-8.1056441140361848],[-34.904890571621536,-8.1056308339031293],[-34.90489575937454,-8.105615302188772],[-34.904905466038755,-8.1056040454850073],[-34.904913817044587,-8.1055923385624951],[-34.904912907079684,-8.1055774844652788],[-34.904921936366705,-8.1055653277635624],[-34.904928706885755,-8.1055533967858544],[-34.904936605498534,-8.1055407897180345],[-34.904940440482157,-8.1055290849149859],[-34.904938856952604,-8.1055230088451022],[-34.904933657468774,-8.1055104069371815],[-34.904933881691164,-8.1055079314565059],[-34.904942234820254,-8.1054993751993596],[-34.904950813241847,-8.105491269923002],[-34.904952844291842,-8.1054883430052733],[-34.904947870395539,-8.1054752907217029],[-34.904946283667641,-8.1054604379793318],[-34.90494607263706,-8.1054570414798253],[-34.904945373855092,-8.1054458089944053],[-34.904945142015819,-8.1054302791020252],[-34.904943329246279,-8.1054165511718423],[-34.904945580249795,-8.1053994456395237],[-34.904945800045972,-8.1053836912358701],[-34.904945116277801,-8.1053692872113654],[-34.904947819820592,-8.1053533060323684],[-34.904947361491999,-8.1053382274239958],[-34.904948258359873,-8.1053229227940164],[-34.90495028788154,-8.1053150443058328],[-34.904951415054434,-8.1053089673208021],[-34.904950876307879,-8.1052976201749001],[-34.90495073128681,-8.1052945632962583],[-34.904951176372094,-8.1052792589694658],[-34.904951848409318,-8.1052655293717226],[-34.904951164190066,-8.105250450914907],[-34.904950479199677,-8.1052315455438322],[-34.904951375916042,-8.1052160158017426],[-34.904950466562205,-8.1052020621528875],[-34.904950008534925,-8.1051874328645628],[-34.90494909933242,-8.1051723545549397],[-34.904947510625767,-8.1051532246779168],[-34.904944791550498,-8.1051327448859869],[-34.904942300953422,-8.1051174416209886],[-34.904944327583515,-8.1051025864573649],[-34.90494657964863,-8.1050870558059067],[-34.904948604153851,-8.105069049976894],[-34.90494882441422,-8.1050553215862404],[-34.904949721127586,-8.1050397909400669],[-34.904952199696481,-8.1050251614895554],[-34.904952871583198,-8.1050112067796629],[-34.904952187970572,-8.1049970278669363],[-34.904951278167012,-8.1049823997855643],[-34.90495217442362,-8.1049648440302633],[-34.90495081206732,-8.1049463893376608],[-34.904948999151536,-8.1049324362946304],[-34.904947637099944,-8.1049144318261455],[-34.904941306498841,-8.1048980046678682],[-34.904934072637829,-8.1048820283396577],[-34.904933068627038,-8.1048791906430253],[-34.90492842001558,-8.1048660509505623],[-34.904922542719788,-8.1048532243825129],[-34.904915535963767,-8.1048390478949131],[-34.904911464894354,-8.1048248712498907],[-34.904908521304677,-8.1048077673898504],[-34.904905803605878,-8.1047893136053464],[-34.904904893497893,-8.1047742343949629],[-34.904911211923505,-8.1047618534988199],[-34.904914593902568,-8.1047469974263073],[-34.904913684554813,-8.104733043776541],[-34.904912548859492,-8.104717065169023],[-34.904908477023255,-8.1047004113820726],[-34.904904179153533,-8.1046848842153345],[-34.904899204670862,-8.104670932383609],[-34.904892649707051,-8.1046581062685608],[-34.904887450241439,-8.1046441545837471],[-34.904881571740077,-8.1046295280210376],[-34.904875017233678,-8.1046173772417376],[-34.904867558247211,-8.1046025257183612],[-34.904862584223274,-8.1045892492219753],[-34.904859641399426,-8.104573270921108],[-34.90485715172133,-8.1045593174223249],[-34.90485398407089,-8.1045449150575983],[-34.904851267747176,-8.1045311868264704],[-34.904846518556738,-8.1045163352972924],[-34.904843803292799,-8.1045028321738677],[-34.904841311949127,-8.1044864033454065],[-34.904835885838089,-8.1044713262496888],[-34.904829104837901,-8.1044582751715595],[-34.904821420730286,-8.104445900035202],[-34.904812156141951,-8.1044333008419702],[-34.904811478464858,-8.1044319506191496],[-34.904807408009717,-8.1044200232884691],[-34.904807859188153,-8.1044191234412271],[-34.904813951566979,-8.1044065166822037],[-34.904819140993823,-8.104394811881301],[-34.904820044097349,-8.1043927852623376],[-34.904820037868539,-8.1043781565732811],[-34.904820030880281,-8.1043624023235772],[-34.904814378729931,-8.1043471002661693],[-34.904806920967921,-8.1043340496368632],[-34.904799688797759,-8.1043218993086938],[-34.904790197711066,-8.1043083989128828],[-34.904778221365945,-8.1042928741681646],[-34.904778274729026,-8.1042912972248633],[-34.904704770521512,-8.104220796098387],[-34.904646926368954,-8.1040851198746644],[-34.904555623940368,-8.1039717966079934],[-34.904545070274807,-8.1038564073033985],[-34.904530734513536,-8.1038374472613999],[-34.90452192188264,-8.1038264226389689],[-34.904519433442573,-8.1038156207085326],[-34.904519431017178,-8.1038106691405556],[-34.904518975441171,-8.1037996407375417],[-34.904513779643878,-8.1037964917309999],[-34.904510617627537,-8.1037958185062617],[-34.904507225019074,-8.1037841167314983],[-34.904508573391958,-8.1037683615717082],[-34.904508567782067,-8.1037546324242555],[-34.904506076463207,-8.1037382035889483],[-34.90450110246735,-8.1037249270824248],[-34.90449793514145,-8.103710974030216],[-34.904492509061981,-8.1036972476013087],[-34.904489341736806,-8.1036832945488886],[-34.904485722031232,-8.103669792931278],[-34.90448300557798,-8.1036544889033753],[-34.904480515323101,-8.1036396358527139],[-34.904476218698271,-8.1036259086676701],[-34.904474632008665,-8.1036124056897645],[-34.904473947063529,-8.1035948509879923],[-34.904472133723253,-8.1035788719228758],[-34.904468288276071,-8.1035628942133062],[-34.904465571222936,-8.1035466906402291],[-34.904463306557517,-8.1035313872136285],[-34.904461491858328,-8.1035133830426656],[-34.904460583142637,-8.1034989791582053],[-34.90445899645502,-8.1034854761799426],[-34.904457183723181,-8.1034703975631697],[-34.90445627425251,-8.1034562187950403],[-34.904454912695627,-8.1034402394273055],[-34.904453097695004,-8.1034217850316796],[-34.904451058619074,-8.1034060312292269],[-34.90444969842725,-8.103392077871014],[-34.904448111438072,-8.1033781246680725],[-34.904446639685474,-8.1033680340087457],[-34.904445846624157,-8.1033625961287221],[-34.904444259483903,-8.1033484178135016],[-34.904442672343642,-8.103331539047554],[-34.904440181033991,-8.1033151102103051],[-34.904437915463461,-8.1032984561097567],[-34.904438134541806,-8.1032829268169522],[-34.904438129091787,-8.1032680730075164],[-34.904439929400489,-8.1032538924307733],[-34.90444195696557,-8.1032403879394046],[-34.904443982411017,-8.1032250825547685],[-34.904442396179661,-8.103210904235068],[-34.904442394819938,-8.1032088791294079],[-34.904440356656714,-8.1031944759995316],[-34.904438995560504,-8.1031805226451503],[-34.904438990107082,-8.1031656679316058],[-34.904438078977492,-8.1031490138328834],[-34.904436948915887,-8.1031454127844658],[-34.904435362384717,-8.1031321349175567],[-34.904436489870193,-8.1031292086080651],[-34.904446650557702,-8.1031226780789289],[-34.90444822588357,-8.1031084976490586],[-34.904449806058658,-8.1031069217106335],[-34.904458835778783,-8.103098140814593],[-34.904461771295125,-8.1030965639699861],[-34.904469451118764,-8.1030999364345622],[-34.904471706240606,-8.103091608477019],[-34.904476668262461,-8.1030763020331928],[-34.904479823612846,-8.1030616712301704],[-34.904481176687085,-8.1030569447719429],[-34.904483431958049,-8.1030474912492583],[-34.904484102663453,-8.1030330863157491],[-34.904482741721274,-8.1030180083005163],[-34.904474155004671,-8.1030069835211709],[-34.904469411908813,-8.1030051848825817],[-34.904469857634069,-8.1029921307731012],[-34.904463079102534,-8.1029840312478481],[-34.904464432025392,-8.1029790796774854],[-34.904469846883941,-8.1029653478131678],[-34.904471196172231,-8.1029509433263165],[-34.904473222829914,-8.1029374388394224],[-34.904473216625938,-8.1029228101464685],[-34.904472989372231,-8.1029180838370998],[-34.904471630392983,-8.1029086309226042],[-34.904466656111659,-8.102894904188144],[-34.904465521059592,-8.1028811757948045],[-34.904470257796966,-8.1028667699512162],[-34.904473187861775,-8.102851689070798],[-34.9044770210404,-8.1028386345086112],[-34.904482210613757,-8.1028258032443308],[-34.904486495873236,-8.1028118479271836],[-34.904492135864452,-8.1027983410285813],[-34.904494388565674,-8.1027837117296926],[-34.904499349827908,-8.102767279725521],[-34.904505216619846,-8.1027537735757527],[-34.904510856765818,-8.1027404926934192],[-34.904511979858668,-8.1027242874560947],[-34.904512650868249,-8.10271033274703],[-34.904516710385849,-8.1026952520158613],[-34.904521446969099,-8.1026806210602853],[-34.904527086962496,-8.1026671150658469],[-34.904530017178921,-8.1026536099752473],[-34.90453001157713,-8.1026398808272617],[-34.904523908148448,-8.1026266041683499],[-34.904521644403282,-8.1026126514138657],[-34.904523445319789,-8.1025980215131277],[-34.904525471976648,-8.1025845170265516],[-34.904533597516043,-8.1025721349322968],[-34.904538786031544,-8.1025590794644504],[-34.904546458578139,-8.1025448967746669],[-34.904553906749648,-8.1025329653576534],[-34.904565193996461,-8.10252215784692],[-34.904574222790103,-8.1025093249239717],[-34.904585736077152,-8.1024987423740864],[-34.904596346256653,-8.1024874850873285],[-34.904604696924423,-8.1024739772806491],[-34.904607400191786,-8.102458897460119],[-34.904608297091734,-8.1024435928273366],[-34.904612582795956,-8.1024303119430439],[-34.90461664245862,-8.1024168060975974],[-34.904622509243907,-8.1024032999480031],[-34.904625438246867,-8.1023866441871064],[-34.904632435541465,-8.1023774135181164],[-34.904633788308168,-8.1023735866090529],[-34.904638298996026,-8.1023589558047906],[-34.904645526570619,-8.1023589527841242],[-34.904652074962399,-8.1023580497719916],[-34.904654783827446,-8.1023539977443306],[-34.904658166576901,-8.1023416179128951],[-34.904658842431772,-8.1023389170177893],[-34.904660418968035,-8.1023278881636287],[-34.90466576659707,-8.1023205031696524],[-34.904669221413023,-8.10231573073197],[-34.90468050925535,-8.1023044729914506],[-34.904681863082445,-8.1023022218675536],[-34.904689312305578,-8.1022932160082632],[-34.90469834139666,-8.1022821839860999],[-34.904703981985151,-8.1022682277630587],[-34.904711428636624,-8.1022540461277064],[-34.904713455285666,-8.1022391909646156],[-34.904722708601668,-8.1022256834615298],[-34.90473105986991,-8.102214426780197],[-34.904737154811194,-8.1022056469349071],[-34.904739861857898,-8.1022002442383574],[-34.904746634013087,-8.1021907886033411],[-34.904747310317823,-8.1021887621407025],[-34.904755209352501,-8.1021754806516828],[-34.904757241605843,-8.1021743546353076],[-34.904765818764311,-8.1021644484797939],[-34.904772365787331,-8.1021588190067817],[-34.904775073892111,-8.1021536414180968],[-34.904780262845001,-8.1021399097052225],[-34.904780713567341,-8.1021383345220102],[-34.904785001233613,-8.102129329868923],[-34.904789968239427,-8.1021268521237353],[-34.904791776118827,-8.1021279773798796],[-34.904798779010868,-8.1021338256291653],[-34.904801941927467,-8.1021358504315639],[-34.904807814003668,-8.1021356222992864],[-34.904815490931178,-8.1021320180839584],[-34.904827231152893,-8.1021230111649647],[-34.904836485671538,-8.1021113036538566],[-34.904845966235165,-8.1020998220077587],[-34.904849348219926,-8.1020863166156829],[-34.904849566837726,-8.1020701119891552],[-34.904854529897868,-8.1020563804272072],[-34.904857239062522,-8.1020527786233867],[-34.90486423968234,-8.1020525506433181],[-34.9048698852652,-8.1020514231170182],[-34.904882076654445,-8.1020428652194667],[-34.904890201723575,-8.1020298086904479],[-34.904900134817161,-8.1020194513982489],[-34.904913681546383,-8.1020108934973791],[-34.904924969222122,-8.101999410641346],[-34.90493512729644,-8.1019890532017502],[-34.904935573014512,-8.1019746493218712],[-34.904943019649622,-8.1019604667811738],[-34.90495069384221,-8.1019487603227862],[-34.904961078865988,-8.1019399785167661],[-34.904973044665063,-8.1019305212201136],[-34.90498546315137,-8.1019237640666759],[-34.904994944005942,-8.1019127317392243],[-34.904996748245274,-8.1019071045304489],[-34.905001488293692,-8.1019003506998608],[-34.905006004877116,-8.1018998983604273],[-34.905014811096741,-8.1018974189517667],[-34.905026777953921,-8.1018908872119511],[-34.90503964700428,-8.1018809790850277],[-34.905047997953893,-8.1018692721764456],[-34.905048447005356,-8.1018611705370081],[-34.905051380239073,-8.1018562179128519],[-34.905052509382934,-8.1018557669326352],[-34.905066057619194,-8.1018508099228193],[-34.905077120761277,-8.1018427029977254],[-34.905083665652491,-8.1018312224063376],[-34.905084116520996,-8.101829871431196],[-34.905086820828899,-8.1018163664929741],[-34.905093138768024,-8.1018033102679663],[-34.905101490925382,-8.1017920535789667],[-34.905109615375316,-8.1017794463726567],[-34.905115030514423,-8.1017675163130161],[-34.905116611285976,-8.1017654901452616],[-34.905123606739053,-8.1017535581272551],[-34.905123832174183,-8.1017515328668068],[-34.905132187668691,-8.1017506286397083],[-34.905137607660038,-8.1017499514862816],[-34.90514957284217,-8.1017395937381629],[-34.905163346204354,-8.1017321612416211],[-34.905173505024905,-8.1017229293594557],[-34.905182308353595,-8.101712122595643],[-34.905184792381931,-8.1017109962754272],[-34.905193824788633,-8.1017089669370428],[-34.905195856734643,-8.1017073906950596],[-34.905206015702035,-8.1016970332476337],[-34.905216400106433,-8.1016873509893639],[-34.905227689130179,-8.1016792439105991],[-34.905239429329164,-8.1016702369847113],[-34.905247102904752,-8.1016589807522976],[-34.905253425233582,-8.1016551514189175],[-34.905256809939175,-8.1016483984946195],[-34.905263580408466,-8.1016364675266797],[-34.905269445650354,-8.101622060930751],[-34.905278248670811,-8.1016108039417372],[-34.905285921481642,-8.1015970714717671],[-34.90529043563329,-8.1015889680182127],[-34.905285689670272,-8.101581542483375],[-34.905285010484931,-8.1015779420435123],[-34.905294493145021,-8.1015709608305748],[-34.905296299204423,-8.1015707354164306],[-34.905305781408657,-8.1015630788670361],[-34.905313907362803,-8.101551372103204],[-34.905322034989901,-8.1015448420218625],[-34.905325647100767,-8.1015416898398094],[-34.905329935665122,-8.1015353865343442],[-34.905331287361378,-8.1015286340676091],[-34.905332641785826,-8.1015272824872326],[-34.905345739442652,-8.101524126670709],[-34.905354090528832,-8.1015126448715051],[-34.905359505801947,-8.1014995883422518],[-34.905367404653731,-8.1014860817366312],[-34.905376207061536,-8.1014739242983893],[-34.905385686533272,-8.1014608668617907],[-34.905392908926622,-8.1014491607026287],[-34.905401937070287,-8.1014367780007763],[-34.905409836071598,-8.1014234965069765],[-34.90541683181528,-8.1014106649386211],[-34.905425785968525,-8.1014004885067976],[-34.905426538536169,-8.1013996324550366],[-34.905434663425254,-8.1013863508097597],[-34.905440980892799,-8.1013726192470195],[-34.9054488811026,-8.1013611377455863],[-34.9054570065977,-8.1013501063211475],[-34.905466036104492,-8.1013397496274706],[-34.905475064092002,-8.1013271418129182],[-34.905483768168963,-8.1013145246629179],[-34.905493244440471,-8.1012926896499238],[-34.905502273033861,-8.1012809822834928],[-34.905511300563553,-8.1012663493598538],[-34.905518296453998,-8.101252393130487],[-34.905524613765472,-8.1012384364554269],[-34.905530706702329,-8.1012253803757837],[-34.905536121060358,-8.1012123238504365],[-34.905541986744709,-8.1011985925901993],[-34.905548304358682,-8.101183736366659],[-34.905553719471101,-8.1011704547250343],[-34.90556026251771,-8.1011562727865059],[-34.905567032060546,-8.1011416413722657],[-34.90557493044458,-8.1011288092019988],[-34.905582828823803,-8.1011132765825167],[-34.905591630762707,-8.1010990940340317],[-34.905603823626905,-8.1010927872453227],[-34.905615111411166,-8.1010828792647676],[-34.905623914112439,-8.1010711729528602],[-34.90563249152779,-8.1010603663364869],[-34.905642197171623,-8.1010464082939606],[-34.90564715974682,-8.1010333520712727],[-34.905654832688853,-8.101018494938959],[-34.905662279133743,-8.1010027375098481],[-34.905671082587688,-8.1009921558538256],[-34.905685533580915,-8.1009860726657141],[-34.905692079964311,-8.100978192964309],[-34.905693884196666,-8.1009739164319789],[-34.90569613624605,-8.1009583857853897],[-34.905695453098971,-8.1009435315353144],[-34.90569341401568,-8.1009291284221447],[-34.905692730569619,-8.1009151746244505],[-34.90569227741959,-8.1009104484697954],[-34.905702436973058,-8.100903692818477],[-34.905713499317109,-8.1008944603244686],[-34.905722077026304,-8.1008827532550995],[-34.905725683352898,-8.1008669974962757],[-34.905728838961217,-8.1008528169206269],[-34.90573131644679,-8.1008366116907187],[-34.905733568951035,-8.1008217563804674],[-34.905735370285512,-8.1008078018213006],[-34.905737396905501,-8.1007942973390499],[-34.905738520113516,-8.1007796669940415],[-34.905736706919377,-8.1007639139572269],[-34.905736925361225,-8.1007474842255771],[-34.905738500347006,-8.1007328535776999],[-34.905744366628177,-8.1007186729931604],[-34.905750908747507,-8.1007017897057221],[-34.905757225589774,-8.1006858079219626],[-34.90575882067111,-8.1006862461738702],[-34.905760993026824,-8.1006682387556843],[-34.905781544410495,-8.1006271658762046],[-34.905780458879946,-8.1006176041085727],[-34.905781129706476,-8.1006020745225431],[-34.905784962978814,-8.1005878934929125],[-34.905793766113909,-8.1005755109363022],[-34.905796927043816,-8.1005732595038236],[-34.905807313383967,-8.1005678534689185],[-34.905813536682487,-8.1005632263030627],[-34.905825056672185,-8.1005402037403318],[-34.905825829706671,-8.1005329006890801],[-34.905824581677457,-8.100518494784561],[-34.905823101101873,-8.1005049877054187],[-34.905821632167317,-8.1004899056866844],[-34.905819932348805,-8.100475497372809],[-34.905819516388561,-8.1004707701405891],[-34.905822717806785,-8.1004651698537931],[-34.905826117604235,-8.1004631704439749],[-34.9058279438349,-8.1004604849673854],[-34.905837490631562,-8.1004513318803113],[-34.905840442111341,-8.1004491040281295],[-34.905846564166453,-8.1004453253504316],[-34.905850865885263,-8.1004435567835333],[-34.905852682892473,-8.1004419960096357],[-34.905854353833952,-8.1004296359308903],[-34.905855579639223,-8.1004163738649115],[-34.905855584626295,-8.1004156985033706],[-34.905859663021481,-8.1004137040591129],[-34.905866035013808,-8.1004065529466178],[-34.905866038338509,-8.1004061027055823],[-34.905869503908114,-8.1003953308237726],[-34.905870878344167,-8.1003926420338441],[-34.905872938631084,-8.1003886074992177],[-34.905879945974576,-8.1003873090612988],[-34.905882443090078,-8.1003853030204684],[-34.905882448081371,-8.1003846285629937],[-34.905881801236681,-8.1003805750358655],[-34.905881831171683,-8.1003765255788114],[-34.905885706047727,-8.1003713805070241],[-34.905888899148479,-8.1003669049185643],[-34.90588441976724,-8.1003621487585082],[-34.905882197537707,-8.1003574082691614],[-34.905882215836307,-8.1003549346556873],[-34.905883428333681,-8.1003434717458429],[-34.905883443299089,-8.1003414465652845],[-34.90588804576614,-8.1003295591764886],[-34.905888725874682,-8.1003291139096234],[-34.905893034245722,-8.1003264457646118],[-34.905898876421617,-8.1003300880742106],[-34.905900688436923,-8.1003292017577238],[-34.905900951677658,-8.100324029263108],[-34.90590075330234,-8.100320429290278],[-34.905907587064995,-8.1003119316718699],[-34.905910332226419,-8.1003073081013692],[-34.905914900893848,-8.1002996130301845],[-34.905919519080172,-8.1002854753445632],[-34.905924074970628,-8.1002798850015481],[-34.905924803316552,-8.1002729175683168],[-34.905929177311251,-8.1002612527435449],[-34.90593437173014,-8.1002608406259835],[-34.905938440145135,-8.100260196000356],[-34.905949049892754,-8.1002600487830811],[-34.905951528708869,-8.1002605163554531],[-34.90596029484054,-8.1002655291278298],[-34.905961978857299,-8.1002665527992299],[-34.905970311025499,-8.100249901628791],[-34.905968574553945,-8.1002446706737814],[-34.905968235857138,-8.1002293718231879],[-34.905971279568256,-8.1002145480753676],[-34.905977648227029,-8.1002078462991935],[-34.905980833009906,-8.1002044954089758],[-34.905986983332106,-8.1001968923939405],[-34.905987468389178,-8.1001923969133518],[-34.905993814669422,-8.1001888441076453],[-34.905997468636826,-8.1001830229214633],[-34.90600455822657,-8.1001704775021608],[-34.906015681304318,-8.1001620113709354],[-34.906023628670312,-8.1001555463152268],[-34.90602634668948,-8.1001542163880025],[-34.906027372201578,-8.100156035099257],[-34.906048239409017,-8.1001217457656924],[-34.906041260112723,-8.1001214845584144],[-34.906037014034638,-8.1001156044581251],[-34.906041851463456,-8.1001023689110099],[-34.906047834096292,-8.1000868913501822],[-34.906052897417176,-8.1000736565556117],[-34.906059311887077,-8.1000608819457547],[-34.906068421090218,-8.1000499263832708],[-34.906082466460418,-8.1000430567387554],[-34.906086364611639,-8.1000347617875654],[-34.906090915510525,-8.1000298468052847],[-34.906096341568826,-8.1000285367692886],[-34.906105378499383,-8.10002747836708],[-34.906105571997749,-8.1000275353231199],[-34.90611306546505,-8.1000152221692669],[-34.906115342941042,-8.1000162801336231],[-34.906113216382629,-8.1000052658767103],[-34.906114197231631,-8.0999947008848334],[-34.906116936871619,-8.0999904471031581],[-34.90612170444372,-8.0999866584798852],[-34.906126276959576,-8.0999788187392472],[-34.906128634659034,-8.0999651147205611],[-34.906128677899112,-8.0999592661082325],[-34.90613236844974,-8.0999484958872721],[-34.906136232586313,-8.099944925749762],[-34.906136064898433,-8.0999370512046642],[-34.906139007150259,-8.0999359480541351],[-34.906144007267358,-8.0999312606054126],[-34.90614788712756,-8.0999254410753778],[-34.9061519515569,-8.0999170097369824],[-34.906155451787164,-8.099909749993957],[-34.906162539710564,-8.0998974305985456],[-34.906162154441219,-8.0998884296986358],[-34.906163547167438,-8.0998832663913198],[-34.906165354189099,-8.0998830545316522],[-34.906174621096497,-8.0998813233320597],[-34.906179148704361,-8.0998795564199071],[-34.906182532771339,-8.09987980640107],[-34.906191104598165,-8.0998805438404435],[-34.906193377474665,-8.0998783110217243],[-34.906193606695865,-8.0998778624372996],[-34.906194614156,-8.0998636991343105],[-34.906195843276976,-8.0998499868289944],[-34.90620203682996,-8.0998365352006534],[-34.906205070554854,-8.0998230612722963],[-34.906207605913892,-8.0998158810758625],[-34.906205186068128,-8.0998073164039806],[-34.906203183083264,-8.0998034771508109],[-34.906202131012726,-8.0997931223625201],[-34.906202358571633,-8.0997928988985795],[-34.906209640789307,-8.0997848548324356],[-34.906211019301239,-8.0997814906851069],[-34.90621563006647,-8.0997684776936332],[-34.906221306963609,-8.0997637952184345],[-34.906228103366175,-8.0997604708445667],[-34.906237443446585,-8.0997488424799524],[-34.906246783526491,-8.0997372141152173],[-34.906253579021175,-8.0997338897453268],[-34.906254749173925,-8.0997282745405972],[-34.906254325651204,-8.0997244468917398],[-34.906254583147053,-8.0997201748755145],[-34.906258016197548,-8.0997136766707776],[-34.906261634474973,-8.0997128036098154],[-34.906265454458016,-8.0997150811839784],[-34.906268620942186,-8.0997142048099278],[-34.906275460582215,-8.099705031823639],[-34.906276374905474,-8.0997034644187007],[-34.906277325814386,-8.0996969479796999],[-34.906273970023754,-8.0996928745672054],[-34.90627172950277,-8.0996906085970828],[-34.906270388336594,-8.0996887994981659],[-34.90627386387051,-8.0996766777977189],[-34.906278931265085,-8.0996627685498943],[-34.906284903907924,-8.0996486408076258],[-34.906293788107725,-8.099637683582726],[-34.906302450494202,-8.0996260502481192],[-34.906312262317932,-8.0996117255584625],[-34.906316870509613,-8.0995989376916526],[-34.906321930494158,-8.0995861531378335],[-34.906323163843659,-8.0995719905879913],[-34.906328674713713,-8.0995592093514261],[-34.906331874457507,-8.0995538341841478],[-34.906335533402327,-8.0995473376358404],[-34.906345092719064,-8.0995366105047637],[-34.906347830692077,-8.0995325818431994],[-34.906352625772001,-8.0995251939994404],[-34.906354206895323,-8.099524980482828],[-34.906359200352348,-8.0995211926109256],[-34.906359034328688,-8.0995130938503035],[-34.906357922383854,-8.0995108361671697],[-34.906357303808036,-8.0995029583057434],[-34.906358685646865,-8.0994991448215075],[-34.906362784744282,-8.0994942265252607],[-34.906362151200248,-8.0994883729398914],[-34.906361731005973,-8.0994840959543932],[-34.906361065867571,-8.0994825169456028],[-34.906355476211701,-8.0994752779859205],[-34.906354372582264,-8.0994718956044878],[-34.906354473124509,-8.0994581750132912],[-34.906354733944177,-8.0994534527563093],[-34.906361340126494,-8.0994451785995309],[-34.906364951748174,-8.0994452051160319],[-34.906371951512284,-8.0994448062557733],[-34.906375576435707,-8.0994430327125748],[-34.906372922379049,-8.099435591083596],[-34.906370235960246,-8.0994326464352202],[-34.906366227432329,-8.0994251948630112],[-34.906368066957612,-8.099420709326159],[-34.906371692640157,-8.0994187115708538],[-34.906375324216398,-8.0994160384499203],[-34.906385041993005,-8.099414309661384],[-34.906393831390403,-8.0994161734533989],[-34.906398317420496,-8.0994200309353772],[-34.906401254676936,-8.0994196022412819],[-34.906409635519388,-8.0994156141084339],[-34.906410772409487,-8.0994144976967721],[-34.906416026687964,-8.0994059884717782],[-34.906417863643263,-8.099401728059533],[-34.906423573042893,-8.0993927728105781],[-34.90642585090221,-8.0993898646301137],[-34.906429942589931,-8.0993860710275776],[-34.906433387275094,-8.0993779978834759],[-34.906434306583698,-8.0993757551171228],[-34.906433450471432,-8.0993694505387275],[-34.906433480407443,-8.0993654019868018],[-34.906435292417214,-8.0993645156691763],[-34.906441610411086,-8.0993647871958032],[-34.906448821101911,-8.0993664142669637],[-34.906451068270066,-8.0993677797545285],[-34.906460755358331,-8.0993703255366292],[-34.90646460693624,-8.0993683294371568],[-34.906463970067094,-8.0993629260931019],[-34.906464693414826,-8.0993566331184272],[-34.906462452895326,-8.0993543671491501],[-34.90646456064573,-8.099344034661474],[-34.906465727471229,-8.0993388696978599],[-34.906465979071903,-8.0993352730475898],[-34.906469197104713,-8.0993274233631904],[-34.906470578182962,-8.0993238340910843],[-34.90647261442664,-8.099323174550241],[-34.906478497257027,-8.0993211933671923],[-34.906479217276058,-8.0993153497293964],[-34.906479015569694,-8.0993121990946157],[-34.906479486413787,-8.0993095036785245],[-34.906482242676383,-8.0993030004998854],[-34.906490144360767,-8.0993028333843959],[-34.906500078052908,-8.0993024560688767],[-34.906504148114273,-8.0993015854155193],[-34.906505747532783,-8.0992988982858201],[-34.906503727923429,-8.0992973093345011],[-34.906504422997322,-8.0992948397912397],[-34.906506041614982,-8.0992896781405275],[-34.906510339086743,-8.0992883598152083],[-34.906513952368854,-8.0992881612102678],[-34.906516309301139,-8.099274682309094],[-34.90652271119734,-8.099263481737017],[-34.906523846424598,-8.0992625904456528],[-34.906528645577986,-8.0992545272441436],[-34.906530483438829,-8.0992502668275712],[-34.906533889875341,-8.0992473678372185],[-34.906534139054173,-8.0992442205196209],[-34.906534869053779,-8.0992370279673729],[-34.906537623648809,-8.0992307490050397],[-34.906540389132189,-8.0992231211239254],[-34.906540630755337,-8.0992208742923442],[-34.906545005629376,-8.0992092085588698],[-34.906548421287525,-8.0992051848661166],[-34.906557475581337,-8.0992016519458936],[-34.906558605817715,-8.099201435111743],[-34.906570630629254,-8.0991929756079735],[-34.906578389567002,-8.0991815607576765],[-34.90658593999261,-8.0991676697384793],[-34.90659708630978,-8.0991560537222345],[-34.906601398747107,-8.0991527111205546],[-34.906605507815321,-8.0991464430047611],[-34.90660509185534,-8.0991417166789113],[-34.90660266535216,-8.0991340506837535],[-34.906602261786176,-8.0991275243027339],[-34.906602278415725,-8.0991252749065001],[-34.906605038004045,-8.0991183223908951],[-34.906609127113995,-8.0991147530081786],[-34.906613686307935,-8.0991087124215539],[-34.906618247923014,-8.0991022225023546],[-34.906618945569619,-8.0990995287384884],[-34.906620094856429,-8.0990966131754707],[-34.906622375286418,-8.0990934807739574],[-34.906623736404953,-8.0990925902348021],[-34.906626439451806,-8.0990932854854414],[-34.90662687793899,-8.0990950879535504],[-34.906628678303882,-8.0990957756703441],[-34.906630041088761,-8.0990946609148029],[-34.90663097370112,-8.0990906189930367],[-34.906634632638081,-8.0990841224439833],[-34.906637575789198,-8.0990830192873329],[-34.90663848179107,-8.0990825756762401],[-34.906645694142902,-8.0990839785285225],[-34.906648404745205,-8.0990837732930974],[-34.906651581954897,-8.0990813219826876],[-34.906653404846715,-8.0990790858417547],[-34.90665455171623,-8.0990766205152998],[-34.906653915600906,-8.0990709920557595],[-34.906650780719566,-8.0990675947595463],[-34.906648085084669,-8.0990657757192235],[-34.906643377396946,-8.0990614672421444],[-34.906644782514327,-8.0990545047839966],[-34.906648268012056,-8.0990410332653386],[-34.90665265110416,-8.0990297652827987],[-34.906653328737228,-8.0990280235949346],[-34.906661311904294,-8.0990168355210557],[-34.906671985562731,-8.0990079158326349],[-34.906677193267974,-8.0990057045542017],[-34.906683566129438,-8.0989985525286663],[-34.906687510829769,-8.0989839605330207],[-34.906692133218343,-8.0989693735064687],[-34.906698315862585,-8.0989572716997156],[-34.906704501075765,-8.0989449447682915],[-34.906710692945403,-8.0989317191632733],[-34.906719812085896,-8.0989194137771641],[-34.90672824779648,-8.0989080038993606],[-34.906737127734914,-8.0988974960120252],[-34.906746456145235,-8.0988874425821447],[-34.9067568998192,-8.0988791956892943],[-34.906757590812333,-8.0988774015030778],[-34.90675921350509,-8.0988715644953917],[-34.906766701635839,-8.0988662208145534],[-34.906768299385021,-8.0988637579009328],[-34.906776678554067,-8.0988599957883878],[-34.906778947338964,-8.098858437421347],[-34.906784880047184,-8.0988497080476662],[-34.906787389694877,-8.098846127061325],[-34.906791698048515,-8.0988434598157077],[-34.906795778839779,-8.098841015130116],[-34.906796689831239,-8.098839897061632],[-34.906795597844088,-8.0988349406469808],[-34.906795385248557,-8.0988331389314148],[-34.906794348138369,-8.098820759871515],[-34.906796707478769,-8.0988068307346541],[-34.906801318978971,-8.0987935935307842],[-34.906802492448129,-8.0987875280858255],[-34.906806579891189,-8.0987841838226569],[-34.906809096190763,-8.0987797032587103],[-34.906814829610951,-8.0987673739183137],[-34.906817560922782,-8.0987642448333279],[-34.90682506734165,-8.0987564266356209],[-34.906827126862808,-8.0987526181202298],[-34.90683170766917,-8.0987436536796409],[-34.906837620417946,-8.0987376230385291],[-34.906842172049707,-8.0987324829369047],[-34.906846736226882,-8.0987257678922244],[-34.906850385181627,-8.0987206211610605],[-34.906852427314661,-8.0987192862537132],[-34.906856052988338,-8.0987172884960437],[-34.906855440152988,-8.0987085110637267],[-34.906855682677623,-8.0987062633240789],[-34.906857772131588,-8.0986984062575775],[-34.906860067524541,-8.0986932495800765],[-34.906868507306143,-8.0986811643443026],[-34.906876490457428,-8.0986699753649329],[-34.906884953518968,-8.098654741155551],[-34.906896985867263,-8.0986453820654933],[-34.906899511234286,-8.0986395516872829],[-34.906902200588078,-8.098635796279904],[-34.906905440613407,-8.0986312725539236],[-34.906909504018579,-8.0986313023798573],[-34.906919914426048,-8.0986275542767849],[-34.906920597858864,-8.0986266596723286],[-34.906931506618967,-8.0986166169347822],[-34.906936737597988,-8.0986112566811013],[-34.906937704218628,-8.0986024908516434],[-34.906944957377242,-8.0985984953269572],[-34.906950173389582,-8.098595159348644],[-34.906950204076992,-8.0985908856815971],[-34.906950039708292,-8.0985825618031253],[-34.906950514780533,-8.0985794161423001],[-34.906953721158132,-8.0985731404920553],[-34.906958737882832,-8.098566204547339],[-34.906958739544798,-8.098565979426958],[-34.906958321009569,-8.0985614773227361],[-34.906959519423083,-8.098552038688263],[-34.906959985273964,-8.0985500177295933],[-34.90696706650332,-8.098538597908135],[-34.906971629014706,-8.0985321079833756],[-34.906976850011915,-8.0985280966437969],[-34.906985507368944,-8.0985171377612719],[-34.906991389429486,-8.0985153816901949],[-34.906994311711813,-8.0985169772688881],[-34.90699859012831,-8.098518358572985],[-34.907001084806296,-8.0985168018615727],[-34.907001331413205,-8.0985138796691629],[-34.906997087919208,-8.0985077753571648],[-34.906995083275078,-8.0985041612283002],[-34.906998994706562,-8.098494068024598],[-34.907007226120015,-8.0984797317314943],[-34.907009132907106,-8.0984660243989719],[-34.907012164937903,-8.0984527746887185],[-34.90701947614329,-8.0984406820704322],[-34.907026794903281,-8.0984276889663018],[-34.90703478545295,-8.0984153752922587],[-34.907043692889417,-8.0984012690881393],[-34.907051452556544,-8.0983896291188966],[-34.90706124104986,-8.0983784533966841],[-34.907069414261791,-8.098371989988296],[-34.907074416012307,-8.098367077414407],[-34.907082378293929,-8.0983585880743139],[-34.907084419517204,-8.0983572531706063],[-34.907088726201785,-8.0983548110438424],[-34.907091683404772,-8.0983516836143181],[-34.907091721646147,-8.098346509461809],[-34.90709195585579,-8.0983453864201884],[-34.907093347661544,-8.0983402231175372],[-34.907090895461643,-8.0983361563357263],[-34.907092959964572,-8.098331672458869],[-34.9070950128297,-8.0983287635205876],[-34.907098248232543,-8.0983184402277733],[-34.907101963692256,-8.0983042959131417],[-34.907109955144897,-8.0982919822344162],[-34.907115397806756,-8.0982884236992927],[-34.907122210804253,-8.0982828499220947],[-34.907122668336172,-8.0982819527572705],[-34.907124517830056,-8.0982761183057601],[-34.907125443785333,-8.0982729759617627],[-34.907127494983804,-8.0982702912397713],[-34.907128639275662,-8.0982680501336635],[-34.907130951291336,-8.0982606440602591],[-34.907132329037914,-8.0982575050286751],[-34.907137163091789,-8.0982447188176181],[-34.907143351612312,-8.0982319425480451],[-34.90714976345911,-8.0982193930592921],[-34.907156862968264,-8.0982054987209651],[-34.907166458814309,-8.0981898225504096],[-34.907174896161656,-8.0981781875490721],[-34.907179021840811,-8.0981696700359578],[-34.907184226204016,-8.098167908090792],[-34.907192804642598,-8.0981677459397101],[-34.907198421649248,-8.098171161463247],[-34.907201115616985,-8.0981732056211833],[-34.90720579261091,-8.0981817877595468],[-34.907208271413388,-8.0981822553269396],[-34.907209194951314,-8.098179563219416],[-34.907214657557539,-8.0981733041431863],[-34.907217619748245,-8.0981695022562192],[-34.907211109138828,-8.0981647311941583],[-34.907210443996568,-8.0981631512828542],[-34.907206887260124,-8.0981557021274657],[-34.907202382956179,-8.098154320072668],[-34.907201031058662,-8.0981540850066942],[-34.907197905255337,-8.098149338804097],[-34.907198641893018,-8.098141245772041],[-34.907198661848518,-8.0981385470397615],[-34.907203036701794,-8.0981268822098205],[-34.907208775089771,-8.09811387750735],[-34.907210822963265,-8.098111643025959],[-34.907217004828325,-8.0980997663336254],[-34.907223419240488,-8.098086991720038],[-34.907232528374131,-8.0980760361481607],[-34.907238655366299,-8.0980715820994007],[-34.907243660439413,-8.0980662201880289],[-34.907246168417274,-8.0980628643211645],[-34.907246221627176,-8.0980556667979222],[-34.907244231042576,-8.0980500283992676],[-34.907244028426113,-8.0980468777701606],[-34.907250868020874,-8.0980377047784717],[-34.907254141663358,-8.0980222082376851],[-34.90725718033756,-8.0980080589505707],[-34.907258405348124,-8.0979950211033227],[-34.907259777200395,-8.0979925574370419],[-34.907269336460494,-8.097981830297746],[-34.907276447600161,-8.0979663610206174],[-34.907285558392005,-8.0979551803281122],[-34.907298470107229,-8.0979489768346351],[-34.907305712363758,-8.0979463302252519],[-34.907310050630734,-8.0979396135228043],[-34.907317294553096,-8.0979367426969535],[-34.90732229131018,-8.0979325054829481],[-34.907326377074639,-8.0979293854337389],[-34.907335635614665,-8.0979287789168541],[-34.907339930651737,-8.0979279108231648],[-34.907347393813183,-8.0979259403263022],[-34.907350553628362,-8.0979259635249328],[-34.907352569908284,-8.0979280027136866],[-34.907353678527976,-8.0979307106346798],[-34.907354771423726,-8.0979356670427975],[-34.90735656180825,-8.0979377045753758],[-34.907358368819608,-8.0979374927125498],[-34.907359731598739,-8.0979363779558557],[-34.907360444959586,-8.0979314348010583],[-34.907361174942984,-8.0979242413467993],[-34.907361184922486,-8.097922892432809],[-34.907360756409958,-8.0979197401478107],[-34.907359657769781,-8.0979156833128183],[-34.907361703975432,-8.0979136730474046],[-34.907363317594452,-8.0979091867578212],[-34.907361984741172,-8.097906252060346],[-34.907357495405115,-8.0979028457316797],[-34.907352521927301,-8.0979039339732068],[-34.907350944889899,-8.0979034721352878],[-34.907347129912388,-8.0979005201115655],[-34.907346022958968,-8.0978975879742059],[-34.907345817014139,-8.0978948866819476],[-34.907343131365806,-8.0978917187310202],[-34.907340444954336,-8.0978887740880943],[-34.907335970583794,-8.0978833434840283],[-34.907334860302555,-8.097880860683258],[-34.907336544508397,-8.0978667014552048],[-34.907340034067637,-8.0978525563888937],[-34.907344876426038,-8.0978386454800582],[-34.907350835712698,-8.0978263168905702],[-34.90735995073495,-8.0978146868566352],[-34.907370185101705,-8.0978041889054513],[-34.907379334787677,-8.0977968394645128],[-34.907382673283905,-8.0977941577646408],[-34.907395399756844,-8.0977823291293056],[-34.90740674697625,-8.0977740897576247],[-34.907418333236848,-8.097763826871299],[-34.907430129672733,-8.0977558150319773],[-34.907433977906571,-8.0977542691685382],[-34.907441914471157,-8.097749378130743],[-34.907443741436033,-8.097746467535794],[-34.907444443154844,-8.0977430984153909],[-34.907442262501363,-8.0977327353506645],[-34.907438752323081,-8.0977189882520033],[-34.907438124517022,-8.0977122350977151],[-34.907435697259473,-8.0977047942247857],[-34.907435980445328,-8.097696923905561],[-34.90743195786289,-8.0976914957105084],[-34.907433553942624,-8.0976892579164996],[-34.907441770364059,-8.0976769458964242],[-34.907448599978402,-8.0976691236257867],[-34.907445733322113,-8.0976598793862316],[-34.907443275232282,-8.0976564879715358],[-34.907447638434697,-8.097646397175831],[-34.907449016932247,-8.0976430330280476],[-34.907452944974786,-8.0976306904288577],[-34.907456420467661,-8.0976185687294961],[-34.90745689130565,-8.0976158733140338],[-34.907459700749506,-8.0976021717080044],[-34.907459963226053,-8.0975972252368837],[-34.907457750982246,-8.0975911358423414],[-34.907458456024614,-8.0975873164813112],[-34.907460317343883,-8.0975838027134728],[-34.907461660731585,-8.0975812668548048],[-34.907468020261,-8.097575914883608],[-34.907468702029334,-8.0975752453992307],[-34.907470766525726,-8.0975707615221726],[-34.907471953288187,-8.097562896923467],[-34.907473184038047,-8.097548959504179],[-34.907479390829756,-8.0975337087184087],[-34.907483333835842,-8.097519341844384],[-34.907486606710521,-8.0975040695164555],[-34.907493706199936,-8.0974901751773771],[-34.907498098422614,-8.0974760358361557],[-34.907502043089735,-8.0974614438418584],[-34.907507560557185,-8.0974477630261408],[-34.907510773571751,-8.0974405877979496],[-34.907513747392343,-8.0974352109722929],[-34.907518583095424,-8.0974222005450027],[-34.907526779555951,-8.0974125872567733],[-34.907528137347647,-8.0974121478610055],[-34.907534259337538,-8.0974083682677023],[-34.907536573005821,-8.0974007370742243],[-34.90754318336657,-8.0973920126659866],[-34.90754545788915,-8.0973895556281885],[-34.907554345336713,-8.0973781481534388],[-34.90755571385791,-8.097376133823591],[-34.907555728822537,-8.0973741095487259],[-34.907550335152841,-8.0973709208087854],[-34.907547436156527,-8.0973661762601008],[-34.90754550543258,-8.0973524407633963],[-34.907548093213435,-8.0973382881607492],[-34.907554064130515,-8.0973243855369308],[-34.907558682245593,-8.0973102478519561],[-34.907565527567741,-8.0973001752861986],[-34.907570735245656,-8.0972979640024008],[-34.907573725691179,-8.097290337781514],[-34.907572640355056,-8.0972844817925527],[-34.907570866599798,-8.0972801948652418],[-34.907569130180065,-8.0972707346948471],[-34.907569200013903,-8.0972612877774566],[-34.907570368486581,-8.0972558976945361],[-34.907576554415122,-8.0972433465490763],[-34.907579744149665,-8.0972393202933954],[-34.907580940889758,-8.0972301067811028],[-34.907580298119349,-8.0972253779021255],[-34.90757858921291,-8.0972123194184231],[-34.907575986697339,-8.0971979035883148],[-34.907576093867043,-8.0971832834278423],[-34.907576656150525,-8.0971682163389236],[-34.907577706805178,-8.0971482044352339],[-34.90758075710928,-8.0971324811150662],[-34.907584720815827,-8.097115189489605],[-34.907586632576802,-8.0971008077026205],[-34.907588557636494,-8.0970846258570646],[-34.907591372065895,-8.0970702497947418],[-34.907596224391277,-8.0970549899727295],[-34.907604440798636,-8.0970426779531461],[-34.907606028562256,-8.0970415648568093],[-34.90761127780322,-8.0970337300853892],[-34.907612437962079,-8.0970294647001566],[-34.907615702518733,-8.097015317070456],[-34.907620330609831,-8.096999830472047],[-34.907626063985852,-8.0969875002267635],[-34.90763181565417,-8.0969726963700648],[-34.907635803444613,-8.0969632193829],[-34.907637099813037,-8.0969601385920527],[-34.907643975058413,-8.096946017477018],[-34.907647854116249,-8.0969404221555923],[-34.90765173393288,-8.0969346026221256],[-34.907659280965298,-8.0969211609364802],[-34.907664102599313,-8.0969101738761644],[-34.907665487745227,-8.0969059101512926],[-34.907669654972217,-8.0968917691503783],[-34.907672432822466,-8.096882342119196],[-34.907673616258407,-8.096874927761684],[-34.907674308058823,-8.0968696447791988],[-34.90767552967877,-8.0968603208548],[-34.907675774620706,-8.0968576237834373],[-34.907678793325957,-8.0968461732295545],[-34.907681825338194,-8.0968329244252732],[-34.907683343795625,-8.0968244118688748],[-34.907683708829161,-8.0968223660679914],[-34.907684422182868,-8.0968174220096962],[-34.90768790174954,-8.0968046258584554],[-34.907689277827252,-8.0968017119472595],[-34.907697733425621,-8.0967876024291634],[-34.90770617239712,-8.0967757423060753],[-34.907713034335423,-8.0967634203454821],[-34.907719457786563,-8.0967492959182596],[-34.907724976149069,-8.0967356150988419],[-34.90772937168888,-8.0967210264218359],[-34.907733309694784,-8.0967073340056377],[-34.907738143720955,-8.0966945477952414],[-34.907744350496159,-8.0966792970101871],[-34.907750989106404,-8.0966667482689036],[-34.907759418854141,-8.0966560128473457],[-34.907767852836386,-8.0966448280849121],[-34.907778085505925,-8.0966345552525532],[-34.907787867296975,-8.0966242800077417],[-34.907796073717158,-8.0966133178052324],[-34.907802938978541,-8.0966005465077338],[-34.907808677335105,-8.0965875418053983],[-34.907811200265428,-8.0965821616633722],[-34.907813743899794,-8.0965738567697141],[-34.907814262197419,-8.0965648634060567],[-34.907813652683558,-8.0965556366418134],[-34.907813764835183,-8.0965403411219743],[-34.907814551347322,-8.096525500810916],[-34.907814880326157,-8.0965115567606478],[-34.907816124371813,-8.0964958201887764],[-34.907817329421178,-8.0964854819797676],[-34.90781804610134,-8.0964800885851052],[-34.907821538961443,-8.096465492375815],[-34.907822930001856,-8.0964605541899477],[-34.907827065631579,-8.0964506868590611],[-34.907829587654064,-8.0964453067213942],[-34.907834158446647,-8.0964376920975614],[-34.907842368190508,-8.0964262805586404],[-34.907847834095406,-8.0964195721446401],[-34.907851246393243,-8.0964159977854777],[-34.907859901274136,-8.0964054891356696],[-34.907861268129672,-8.0964036999261317],[-34.907867665874576,-8.0963931738032286],[-34.907868374241218,-8.096388905106112],[-34.907867778936961,-8.0963778791835406],[-34.907866676064927,-8.0963742716906406],[-34.907860893045743,-8.0963627574170207],[-34.907854673956791,-8.0963489904404522],[-34.907851183742203,-8.0963325446134444],[-34.907850148286407,-8.0963199404404875],[-34.907850180631499,-8.0963154416548608],[-34.907852339891562,-8.0962981367694127],[-34.907853038283591,-8.0962952178900665],[-34.907858319103227,-8.096283109449006],[-34.907866764713461,-8.096270349748691],[-34.907875206088313,-8.0962580393891344],[-34.907883194164562,-8.0962461759495099],[-34.90789231919976,-8.0962343695746757],[-34.90789322088208,-8.0962332027295947],[-34.907902099084431,-8.0962229208605532],[-34.907912330079874,-8.0962128731481826],[-34.907918923791826,-8.0962063981346155],[-34.907921660065952,-8.0962025936869679],[-34.907925549093534,-8.0961956494515839],[-34.907926952523418,-8.0961889112117476],[-34.907928147596131,-8.0961799228208502],[-34.907928407496861,-8.0961752005711389],[-34.907929635821333,-8.0961617133905417],[-34.907931025948749,-8.0961567743049869],[-34.907934958961143,-8.096143757250239],[-34.907936373272719,-8.096135669188488],[-34.907937093279443,-8.0961298264575063],[-34.907938767495985,-8.0961170170501173],[-34.907939242561866,-8.0961138713902354],[-34.907943187206051,-8.0960992784934795],[-34.907945287365244,-8.0960898464947189],[-34.907945553162598,-8.0960844497839517],[-34.907945894535359,-8.0960687065844308],[-34.907946453489622,-8.0960540897383684],[-34.907948365236905,-8.0960397070490835],[-34.907951428830124,-8.0960221845763893],[-34.907957404708341,-8.0960076065926696],[-34.907961121799879,-8.0959932380643629],[-34.907962149168689,-8.0959763751356437],[-34.907962936433648,-8.0959613097093825],[-34.907964322482442,-8.0959570459805477],[-34.907967101985783,-8.0959473938297588],[-34.907971936000465,-8.0959346076199417],[-34.907973391880617,-8.0959208969753416],[-34.907973738238873,-8.0959044784150933],[-34.907973760386959,-8.095901475003112],[-34.907973843743029,-8.0958900833773519],[-34.907973951811925,-8.0958754623110281],[-34.907974057316309,-8.0958610672732689],[-34.907975519847952,-8.0958464570515556],[-34.907977202377197,-8.0958325229470027],[-34.907977987226204,-8.0958179077571337],[-34.90797832527214,-8.0958026138942749],[-34.907978425787419,-8.0957888933133404],[-34.907980355826581,-8.0957720370132069],[-34.907982508432148,-8.0957556317057016],[-34.907985324514733,-8.0957410314289469],[-34.907988162208625,-8.0957235063964976],[-34.907990068063143,-8.095709799072635],[-34.907990395380025,-8.0956960801435631],[-34.90799046355059,-8.0956868583480492],[-34.907990735092483,-8.0956805620644801],[-34.907994071884119,-8.0956565172843362],[-34.907998030703723,-8.0956443580685757],[-34.908001312542758,-8.0956311867514064],[-34.908002779734367,-8.0956164101598755],[-34.90800258801584,-8.0956109495914088],[-34.908001742400764,-8.0956007086650477],[-34.908002074030705,-8.0955850152349331],[-34.908003777930524,-8.0955688760128144],[-34.908007299936408,-8.0955541133201727],[-34.908011502672117,-8.0955398103269243],[-34.908015478445392,-8.0955252787619418],[-34.908016423034759,-8.0955205081079349],[-34.908016707083362,-8.0955147487813637],[-34.908016950592518,-8.0955098204813041],[-34.908017197944886,-8.0955068648360395],[-34.908017960557409,-8.0954950415071956],[-34.908018061176989,-8.0954798011903826],[-34.908019072049179,-8.0954650222120463],[-34.90802053429389,-8.0954509291179182],[-34.908021767177082,-8.0954370613045619],[-34.908023254763357,-8.0954191014002141],[-34.90802676777303,-8.0954057038900071],[-34.908030740238999,-8.0953916261819874],[-34.90803243440137,-8.0953770799704881],[-34.908034594620432,-8.0953609431354909],[-34.90803603647484,-8.0953500342584359],[-34.908036523091347,-8.0953454881459468],[-34.908035711814584,-8.0953300152271392],[-34.908034892445457,-8.0953159065822611],[-34.908034078773944,-8.0953008884199615],[-34.908033255195704,-8.0952872345400966],[-34.908031534574846,-8.0952713002783643],[-34.908029354332648,-8.0952558183904681],[-34.908028075338628,-8.0952421612152357],[-34.908024966853986,-8.0952289483531175],[-34.908021870663269,-8.0952139146438036],[-34.908021059388503,-8.0951984417246834],[-34.908021176356932,-8.0951806997796627],[-34.908021281934715,-8.0951647777734674],[-34.908021299418849,-8.0951621323935665],[-34.908021371908049,-8.0951511295671033],[-34.908023288082362,-8.0951374945206709],[-34.908024303000666,-8.0951220329533058],[-34.908026684489762,-8.0951070351116261],[-34.908028621054797,-8.0950902158481917],[-34.908029170654174,-8.0950761161720806],[-34.908028762620042,-8.0950688340170363],[-34.908028360283524,-8.0950606423445777],[-34.908027080388806,-8.0950469860773655],[-34.908027176967593,-8.0950324283493504],[-34.908027275945969,-8.0950174167687745],[-34.908028294167266,-8.0950015004406222],[-34.908028384141609,-8.09498785223421],[-34.908027585167225,-8.0949705593718289],[-34.908027680843716,-8.0949560025520437],[-34.908028233746421,-8.094941448115053],[-34.908029254363441,-8.0949250770303163],[-34.908029812959711,-8.0949096121718842],[-34.908029902938964,-8.094895964869492],[-34.908031831411996,-8.0948805098801149],[-34.908033311650556,-8.0948636864216148],[-34.908033417230691,-8.0948477644153165],[-34.908033521903825,-8.0948318424132477],[-34.908033629875256,-8.0948154647463042],[-34.908033746851203,-8.0947977237051614],[-34.908033836826924,-8.0947840754986782],[-34.908033942407762,-8.094768153492323],[-34.908034038081425,-8.0947535957684362],[-34.908034152662694,-8.0947363094838387],[-34.908034248336605,-8.0947217517599288],[-34.908034014962773,-8.0947166918873901],[-34.90803384930441,-8.0947131053264716],[-34.908033482962111,-8.0946994547328472],[-34.908032212067162,-8.0946844332829233],[-34.908031845725162,-8.0946707826892581],[-34.90803058143554,-8.0946548517176158],[-34.908029758770979,-8.0946411978327486],[-34.90802987244637,-8.0946239115522776],[-34.908029963330712,-8.094610263341421],[-34.908030091700219,-8.0945907023612378],[-34.908029281334869,-8.0945752285331753],[-34.908028938688133,-8.0945579389614668],[-34.908027227077596,-8.0945406404201954],[-34.908025064838249,-8.0945224281662114],[-34.908024698497897,-8.0945087775723525],[-34.9080239028319,-8.0944910299484825],[-34.908023974259812,-8.0944801862423805],[-34.908024025505135,-8.0944723784855483],[-34.908023668161441,-8.0944573627093366],[-34.908023761446891,-8.0944432606457983],[-34.908023851425668,-8.0944296124390291],[-34.90802394710672,-8.094415055618887],[-34.908024950638065,-8.0944014139903331],[-34.908025052012974,-8.0943859467487158],[-34.908026511862737,-8.094372307507367],[-34.908027521092151,-8.0943577563613971],[-34.908028998942925,-8.0943413885635653],[-34.908029586936259,-8.0943213752095087],[-34.908031512109126,-8.094306374981187],[-34.908033010347964,-8.0942868220621893],[-34.908033566557748,-8.0942718128641769],[-34.908035503122356,-8.0942549926970031],[-34.908037424992713,-8.0942404472295468],[-34.908041176353848,-8.0942254583540016],[-34.908042133988531,-8.0942186408331533],[-34.908043107224636,-8.0942095486083492],[-34.908044092759589,-8.094198636440435],[-34.908045032397439,-8.0941945483801234],[-34.908048317532462,-8.0941809213999054],[-34.908048822147329,-8.0941736458269773],[-34.908048870439885,-8.094166366962785],[-34.90804896372677,-8.0941522648992734],[-34.908044975304811,-8.0941340412920439],[-34.90803865037816,-8.0941239905181792],[-34.908033205404948,-8.0941189504870383],[-34.908025499221537,-8.0941107115901794],[-34.908024610272172,-8.0941070660295544],[-34.908021045478471,-8.0940938489693028],[-34.908020150835384,-8.0940911138301281],[-34.908019310179576,-8.0940801894051226],[-34.908019385470965,-8.0940688168019204],[-34.908020808424979,-8.0940606373900845],[-34.908023160527996,-8.0940501889486143],[-34.908025962347899,-8.0940406533201479],[-34.908029256484291,-8.094025662061858],[-34.908031181658338,-8.0940106618336554],[-34.908032154895288,-8.0940015696088423],[-34.908033130527713,-8.0939920226274555],[-34.908034136452237,-8.0939779253382866],[-34.908035611002312,-8.0939620123013647],[-34.908036181909011,-8.0939447284034856],[-34.908035830268041,-8.0939288031094936],[-34.908032286781193,-8.0939124027315721],[-34.908030103251527,-8.0938973746977805],[-34.908028370350252,-8.0938832603768009],[-34.908026640751856,-8.093868691294924],[-34.908025367471446,-8.0938541246003322],[-34.90802315695295,-8.0938431921133329],[-34.90802049010842,-8.0938322554308719],[-34.908016474699913,-8.0938181264650275],[-34.908014249482875,-8.0938094677735997],[-34.908013369535851,-8.0938044579344197],[-34.908012099559357,-8.0937894364787439],[-34.908011284997819,-8.0937744183186879],[-34.908011396282596,-8.0937575858899624],[-34.908011486271292,-8.0937439385867496],[-34.908011534954341,-8.0937365494243583],[-34.908011579562817,-8.093729836522698],[-34.908011672850208,-8.0937157335545677],[-34.908010365972025,-8.0937061710242926],[-34.908009498325079,-8.0936993412418321],[-34.908007771125284,-8.0936843174028059],[-34.90800734840365,-8.0936793099466637],[-34.908006142507332,-8.0936738559261734],[-34.908005132189324,-8.0936692869766116],[-34.908000671854957,-8.0936533347795763],[-34.907996206734111,-8.0936382929996853],[-34.90799309827073,-8.0936250792292022],[-34.907989082862606,-8.0936109493581974],[-34.907985518082413,-8.093597733200081],[-34.907982421919719,-8.0935826994861024],[-34.907980247397731,-8.0935663071726633],[-34.907978526806325,-8.0935503738113272],[-34.907975935262769,-8.0935280645239427],[-34.907972875098302,-8.093507571888173],[-34.907969772336138,-8.0934934485995331],[-34.907966697477015,-8.0934752306634365],[-34.907962252755077,-8.0934570046649199],[-34.907960063540017,-8.0934428870508164],[-34.907956960779309,-8.0934287637618141],[-34.907954345542024,-8.0934100934519702],[-34.907952167725071,-8.0933941568026793],[-34.90794726998265,-8.093375471847077],[-34.907943269280686,-8.0933590681786569],[-34.907940629444838,-8.0933440377549921],[-34.907939352870613,-8.0933299258195586],[-34.907937632279683,-8.0933139915532237],[-34.90793632871388,-8.093303975165],[-34.90793547906955,-8.0932944159209352],[-34.907932373916218,-8.0932807473878352],[-34.907931935593872,-8.093278014635386],[-34.907926995255245,-8.0932656990263379],[-34.907923376481101,-8.0932606703447547],[-34.907915649017745,-8.0932556156629065],[-34.907912457172714,-8.0932551396727668],[-34.907901060241052,-8.0932527899305082],[-34.907897407868845,-8.0932527663177165],[-34.907886926882881,-8.093249968397485],[-34.907878728402338,-8.0932471851231202],[-34.907873272047233,-8.0932439641215144],[-34.907862829452206,-8.0932352516180028],[-34.907852400069721,-8.0932247200705554],[-34.907841966477612,-8.0932146432878369],[-34.907831996716297,-8.0932036593663845],[-34.907823404005796,-8.0931913192375635],[-34.907813896261658,-8.0931794281855787],[-34.907804848142462,-8.0931670856641347],[-34.907795822815885,-8.0931511041679496],[-34.907790450764388,-8.0931351453771221],[-34.907785056507201,-8.0931223717163796],[-34.907781035420065,-8.0931091522617926],[-34.90777656701438,-8.0930945652367559],[-34.907773479869618,-8.0930781672396215],[-34.907771743684044,-8.0930645076750274],[-34.907770019799948,-8.0930490281669201],[-34.907770125406671,-8.0930331061570637],[-34.90777022440718,-8.0930180936690235],[-34.907770786335256,-8.0930021749510281],[-34.907772713914945,-8.0929867190615052],[-34.907773653555729,-8.0929826310016129],[-34.907775550091216,-8.0929719523449464],[-34.907776739645527,-8.0929646808028295],[-34.907777014005383,-8.092957631417713],[-34.907775928404611,-8.092949207878398],[-34.907773919514256,-8.0929423707703272],[-34.907768288556397,-8.0929309606430397],[-34.90776625101374,-8.0929284451070025],[-34.907756264004497,-8.0929199628143209],[-34.907751251674519,-8.0929185650452382],[-34.907744191150073,-8.0929162438509277],[-34.907735770669518,-8.092912549406126],[-34.907726683254971,-8.0929061205641215],[-34.907719649734446,-8.0928997056295522],[-34.907711507657012,-8.0928882783055052],[-34.907704969016955,-8.0928761799033886],[-34.907697989496683,-8.0928615756805087],[-34.907691696565777,-8.0928467494648366],[-34.907689935035371,-8.0928369567102827],[-34.907690429008447,-8.0928312732473398],[-34.907693003874755,-8.0928215090484272],[-34.907693957467757,-8.092815373212499],[-34.907694514443342,-8.0928001361832322],[-34.907690724374781,-8.0927864636133329],[-34.907683991472737,-8.0927691315723127],[-34.907678372822637,-8.092755901498947],[-34.907671187651083,-8.0927378844802398],[-34.907666497244804,-8.0927223853819896],[-34.907658179822143,-8.092702995856067],[-34.907651416619608,-8.0926902132187557],[-34.907643291808824,-8.0926762842587756],[-34.907635842027354,-8.0926637254214739],[-34.907628175188059,-8.092649571920548],[-34.907622327928259,-8.0926363402015546],[-34.907612172929312,-8.0926187583528417],[-34.907603590151396,-8.0926050539317025],[-34.907595002421047,-8.0925920321037381],[-34.907586641651328,-8.0925792388478897],[-34.907577582902562,-8.0925684884275313],[-34.907565773771644,-8.0925593121812867],[-34.90755533706281,-8.0925499170662505],[-34.907551253727874,-8.0925460233449442],[-34.90754558512856,-8.0925402999671299],[-34.907534021869076,-8.0925286228263165],[-34.907522453610738,-8.0925135690192054],[-34.907471698159171,-8.0924224755352103],[-34.907463112994506,-8.0924092258656923],[-34.907457311390026,-8.0923981763460269],[-34.907453645336119,-8.0923911932855663],[-34.907443032381956,-8.0923738359694397],[-34.907435804619944,-8.0923621882917196],[-34.907429611534575,-8.0923504553177121],[-34.907428817028865,-8.0923489492382004],[-34.907422737121408,-8.0923363984588779],[-34.907415283303941,-8.0923245212995774],[-34.907406688232385,-8.0923126359109876],[-34.907399698086458,-8.092299624693311],[-34.907390185425932,-8.0922884162167783],[-34.907383591141418,-8.0922847331184702],[-34.90737790124038,-8.0922821939596794],[-34.907363799875071,-8.0922745951613901],[-34.907353145965885,-8.0922633793584549],[-34.907351822018121,-8.0922565462782927],[-34.907351872727737,-8.0922488126538852],[-34.907351463070576,-8.0922417583262618],[-34.907349218229115,-8.0922360569196314],[-34.907347628008985,-8.0922349089514505],[-34.907336286774942,-8.0922241438718334],[-34.907328169337013,-8.0922090775501676],[-34.907324790596505,-8.0922022314675619],[-34.907318886037174,-8.0921976428868234],[-34.907304564319752,-8.0921889050866991],[-34.907296676244535,-8.0921736134838778],[-34.907290595597665,-8.0921612896251727],[-34.907280638024943,-8.0921482588161542],[-34.907269536059218,-8.0921359023622941],[-34.907263456160898,-8.0921233515785822],[-34.907253954163338,-8.0921105509854065],[-34.907241463427717,-8.0921009159308213],[-34.907240101822097,-8.0920997696062713],[-34.907231268404068,-8.0920894755786801],[-34.907222902704255,-8.0920773649036395],[-34.907216135477803,-8.0920652639384887],[-34.90720573224489,-8.0920506377221439],[-34.907196227858428,-8.0920382927876595],[-34.907187187882144,-8.0920245850627275],[-34.907177467931078,-8.092010190710738],[-34.907170013380956,-8.0919985404680101],[-34.90716210565521,-8.091986205251068],[-34.907150317118564,-8.0919740725914995],[-34.907140117889689,-8.0919630870010035],[-34.907127864028965,-8.0919523153266617],[-34.907114909629946,-8.0919438143239777],[-34.907101956881398,-8.0919350854881635],[-34.907089919330573,-8.0919261354008611],[-34.907080412385163,-8.0919140164908381],[-34.907073423165428,-8.0919010052590536],[-34.907071391334291,-8.0918975801992143],[-34.907064366844104,-8.091889800063397],[-34.907050966779664,-8.0918797027491394],[-34.907040525150833,-8.0918709911115645],[-34.907030805209104,-8.0918565967539244],[-34.907024494312829,-8.0918444990762861],[-34.907021378555321,-8.0918324226373688],[-34.907020246311923,-8.0918310510317895],[-34.907013881394242,-8.0918271417409766],[-34.907010010328285,-8.0918257512853859],[-34.907007047855018,-8.0918250500053652],[-34.906994557129636,-8.0918154140356329],[-34.906985273106152,-8.0918042071885736],[-34.906976688719986,-8.0917907305774044],[-34.906967182688611,-8.0917786116589063],[-34.906958599046654,-8.0917649072186943],[-34.906950918296054,-8.0917528014720297],[-34.9069436988161,-8.0917400155204149],[-34.906936938960961,-8.0917267781005808],[-34.906933150584941,-8.0917128776820881],[-34.906932708968789,-8.0917105996875698],[-34.906930274101725,-8.0916992107741379],[-34.906930292852863,-8.0916962534832404],[-34.906932610624025,-8.091691037040059],[-34.906935595156064,-8.0916883271729017],[-34.906936062127926,-8.091686737450182],[-34.906936077738777,-8.0916844627445972],[-34.906934049214605,-8.0916805829223506],[-34.906931327498171,-8.0916778355173964],[-34.906927009120317,-8.0916750774882189],[-34.90691105384392,-8.0916717879729489],[-34.906895108316959,-8.0916669063493618],[-34.906882362882151,-8.0916613633715766],[-34.906873304174631,-8.0916506129260348],[-34.90687262990221,-8.0916490167804351],[-34.906864247864995,-8.0916394077232212],[-34.906852424980322,-8.0916325061431085],[-34.90683991791002,-8.0916253727004435],[-34.906829707298911,-8.0916162070383173],[-34.906816050881197,-8.0916104305426906],[-34.906804232045623,-8.0916028463712149],[-34.906792658926001,-8.0915925343853576],[-34.906782698239894,-8.0915801852381524],[-34.906775944838515,-8.0915658104671575],[-34.906771465839398,-8.0915528155296848],[-34.906762886421483,-8.0915386563171463],[-34.906750429332334,-8.091524016167746],[-34.906737047301569,-8.0915111902795882],[-34.906722306067095,-8.0914967633066723],[-34.906710511851692,-8.0914855392419174],[-34.906698482422506,-8.0914752248625472],[-34.906685741950639,-8.0914689992826894],[-34.906672997271407,-8.0914632293718434],[-34.906659348213132,-8.0914563155183412],[-34.906649146613326,-8.0914457846661954],[-34.906643071702554,-8.0914325512720957],[-34.906632192527979,-8.0914208790341995],[-34.90661764058742,-8.091412367387786],[-34.90660558579453,-8.091405918914516],[-34.906594007894171,-8.0913965173385094],[-34.906592672399832,-8.0913912763683893],[-34.906588831662376,-8.0913853374036453],[-34.906586097801636,-8.0913846368602709],[-34.906585640574917,-8.0913846335708808],[-34.906579235601932,-8.0913868666904936],[-34.906571227194355,-8.0913897708825129],[-34.906555257970588,-8.0913885291275029],[-34.906539975325813,-8.0913870635735687],[-34.906524477127959,-8.0913835504091018],[-34.906509677817937,-8.0913779935008332],[-34.906494429546179,-8.0913712968512677],[-34.906480764879198,-8.0913666576965504],[-34.906466417841315,-8.091361786669907],[-34.906449336783524,-8.0913559881781367],[-34.906435437057574,-8.0913524847236467],[-34.906418133249687,-8.0913460019873913],[-34.906404246580827,-8.0913404516622887],[-34.90638672887183,-8.0913316934816368],[-34.906374444727064,-8.0913254711837101],[-34.906364008820518,-8.0913158481954266],[-34.906351510027278,-8.0913075773780943],[-34.906340841464043,-8.0912986362379495],[-34.906328124717447,-8.0912887716624127],[-34.906319065125238,-8.0912780212032498],[-34.906318857830115,-8.0912748353335679],[-34.906319335463579,-8.0912716534986586],[-34.906321408270728,-8.091268937947584],[-34.906327818204367,-8.091266023142154],[-34.906342886192235,-8.0912654392826795],[-34.906356155927433,-8.0912607494078692],[-34.906356385284084,-8.0912605232242889],[-34.906360776612324,-8.0912523634034894],[-34.906360124399761,-8.0912473542991457],[-34.906356726929467,-8.091243465494447],[-34.906347859925624,-8.0912381756076179],[-34.906334438521974,-8.0912366534391786],[-34.906333715232563,-8.0912371730385111],[-34.906327752610267,-8.0912414554176024],[-34.906322936939183,-8.0912448356069753],[-34.906309422232219,-8.0912520263706948],[-34.906294798250009,-8.0912544325638809],[-34.906279731912605,-8.0912547885888113],[-34.906264900635215,-8.0912540089112053],[-34.906249886687363,-8.0912464043768839],[-34.906238764202151,-8.0912370042779571],[-34.906230630469487,-8.0912244404546954],[-34.906221110512938,-8.091214369288112],[-34.906209752973162,-8.0912061057940576],[-34.906200925304546,-8.0911949022146583],[-34.90619642479983,-8.0911892926928548],[-34.905993384557135,-8.0911531149822586],[-34.905944930999929,-8.0911258855269583],[-34.905933676621778,-8.0911210407253691],[-34.905920462581037,-8.0911173143614317],[-34.905905426572723,-8.0911131209617633],[-34.905889672746213,-8.0911136998685347],[-34.90587278923973,-8.0911126793275692],[-34.90586003978121,-8.0911078189003618],[-34.905847543400718,-8.0910990933064308],[-34.905839179413789,-8.0910867547553629],[-34.905829916759934,-8.0910723636446207],[-34.905821776430784,-8.0910607093322984],[-34.905811366821631,-8.0910472195051888],[-34.905801623969808,-8.091036237161493],[-34.905798305410435,-8.0910327304028034],[-34.905729955585734,-8.0909731865671528],[-34.905725593961122,-8.0909706818623786],[-34.905725275899684,-8.0909705640098775],[-34.905710566062702,-8.0909651241777993],[-34.905697356984653,-8.0909607152107039],[-34.905682318424887,-8.0909567496378756],[-34.905664722362076,-8.0909537054923657],[-34.905649607773249,-8.0909511280169966],[-34.905634043064566,-8.0909483221044276],[-34.905618024912968,-8.0909457388998636],[-34.905601771790394,-8.0909445038521568],[-34.905586192259193,-8.090943949135518],[-34.905570846787654,-8.0909420453609311],[-34.905556188066662,-8.0909387958402306],[-34.905541793206361,-8.0909299208819334],[-34.905539794366142,-8.0909271420647819],[-34.905532843635122,-8.0909174810865014],[-34.90552000853193,-8.0909117676059505],[-34.905507175097043,-8.090905829908321],[-34.905497307893619,-8.0908954095610621],[-34.905486319554889,-8.090883856223817],[-34.905477820862792,-8.0908714197469109],[-34.905466387401127,-8.0908589635140959],[-34.9054622639797,-8.0908550256508551],[-34.905454044474645,-8.0908471760145719],[-34.905443529405048,-8.090832475215139],[-34.905434799075707,-8.0908209375570301],[-34.90542180086652,-8.0908059943007338],[-34.905408772103428,-8.090795553444293],[-34.905397556971153,-8.0907839984494956],[-34.905387280957356,-8.0907672732283409],[-34.905376509441233,-8.0907570722644415],[-34.905366663728735,-8.0907435011355098],[-34.905357260720152,-8.0907312831382487],[-34.905350140529464,-8.0907154798044214],[-34.905342113444959,-8.0907001200789423],[-34.905332713770278,-8.0906874527433992],[-34.905322846576986,-8.0906770323895181],[-34.905312063417817,-8.0906684072676658],[-34.905299025581527,-8.0906593162217391],[-34.905282841007022,-8.0906479534697233],[-34.905272091733998,-8.0906343757041927],[-34.905260882513424,-8.0906221462413814],[-34.905250111761198,-8.0906117201559926],[-34.905239360283801,-8.0906017279328779],[-34.905238890133361,-8.0906012907494524],[-34.905228571161267,-8.0905908670757043],[-34.905217803738601,-8.0905799907476794],[-34.905205700035523,-8.0905664048336732],[-34.905194056286042,-8.0905514715200049],[-34.905186020130493,-8.0905374616050683],[-34.905176635290324,-8.0905225430653704],[-34.905164531590486,-8.0905089571493818],[-34.905154206873952,-8.0904994339512548],[-34.905142532565677,-8.0904890021323528],[-34.905131314272083,-8.0904781224799596],[-34.905120555936307,-8.0904658963321214],[-34.905107538685385,-8.0904536536003739],[-34.905097226380946,-8.0904423303428015],[-34.905090533175596,-8.0904301313361682],[-34.905086126113474,-8.0904138958489398],[-34.905084414004421,-8.0903999287526496],[-34.905079078566445,-8.0903872885545507],[-34.905069691313422,-8.090372820247735],[-34.905060736778339,-8.0903610557975387],[-34.905051773162299,-8.0903506411629724],[-34.905038746844376,-8.0903397500516938],[-34.905024854181967,-8.0903234503258457],[-34.905014563370798,-8.090308976287341],[-34.905007418387768,-8.0902967739613398],[-34.904999388905601,-8.0902818644610761],[-34.904987748501192,-8.0902664808962346],[-34.904971139404921,-8.0902510635529019],[-34.904962175793827,-8.0902406489152181],[-34.90495593770801,-8.0902280029800231],[-34.904948937301114,-8.0902133608020286],[-34.90494881179108,-8.090213099207757],[-34.904942142500012,-8.090197298277765],[-34.90493097869998,-8.0901783170080215],[-34.904921590550892,-8.0901638486995555],[-34.904913087804033,-8.0901520866568504],[-34.904901008034898,-8.09013489971327],[-34.904892966150157,-8.0901217902666982],[-34.904887183175923,-8.0901086965009696],[-34.904879161878135,-8.0900924371844329],[-34.904868889235281,-8.0900752616991749],[-34.904862201794288,-8.0900621622068858],[-34.904855079213199,-8.0900468081899266],[-34.904845239292051,-8.0900323374652316],[-34.904836742300454,-8.0900196749410025],[-34.904830968412611,-8.0900052313574804],[-34.904824736081331,-8.0899916840355726],[-34.904818058629111,-8.0899772338173879],[-34.904810470959283,-8.0899636783517064],[-34.904797044931684,-8.0899451307308645],[-34.904787651044067,-8.089931562895547],[-34.904780055200725,-8.089919357240797],[-34.904776084203334,-8.0899053753620667],[-34.904773034932894,-8.0898886995811843],[-34.904766351730593,-8.0898751489359828],[-34.904754265320491,-8.0898588624674854],[-34.904746220118767,-8.0898462032569931],[-34.904738187329194,-8.0898317439884728],[-34.904736026789287,-8.0898173242322908],[-34.904731632160249,-8.0897992877741292],[-34.904720449315057,-8.0897830070342458],[-34.904708317507271,-8.0897734723566863],[-34.904696165112192,-8.0897670875484646],[-34.904687671464963,-8.0897539756811412],[-34.904683694723232,-8.0897408942790836],[-34.904677910856236,-8.0897278005115556],[-34.904672591184138,-8.0897129100033816],[-34.904664583216203,-8.0896948488083673],[-34.904659256883534,-8.0896808578787951],[-34.904651697374973,-8.0896632511462023],[-34.904644143613382,-8.0896447430304033],[-34.904640166874842,-8.0896316616272959],[-34.904634843873069,-8.0896172204554375],[-34.904627732816593,-8.0896000663767627],[-34.904622419806579,-8.0895842753839506],[-34.904616651685984,-8.089568931315041],[-34.904610416042395,-8.0895558342278999],[-34.904605083963851,-8.0895427437755405],[-34.904607010044749,-8.0895252003881932],[-34.90460892613487,-8.0895090068214639],[-34.904606765603795,-8.0894945870628892],[-34.904604155716754,-8.0894797146535069],[-34.904594740352685,-8.0894692966837205],[-34.904582611886994,-8.0894593117578779],[-34.904568637553119,-8.0894551666804038],[-34.904558312879693,-8.0894456434572426],[-34.90455298080493,-8.0894325530034088],[-34.904549006494612,-8.0894190213607828],[-34.904541419750338,-8.0894054649769522],[-34.904532471010839,-8.0893928009312575],[-34.904522598122092,-8.0893832810242206],[-34.904516372472422,-8.0893688332094591],[-34.904510628275226,-8.0893498881214327],[-34.904508034131595,-8.0893327645066577],[-34.904500013772797,-8.0893165042667192],[-34.904490619005877,-8.0893029364227154],[-34.904485293594128,-8.0892889454837977],[-34.904481781057576,-8.0892740664325355],[-34.904477394627897,-8.0892546801549603],[-34.904472069217583,-8.0892406892155968],[-34.904464488231291,-8.0892262323499082],[-34.904454203224901,-8.0892108578064938],[-34.90444570052,-8.0891990966497982],[-34.904439473970022,-8.0891846488366745],[-34.904433248331969,-8.0891702019231495],[-34.904427922017696,-8.0891562109867809],[-34.90442169638068,-8.0891417640728687],[-34.904415473166225,-8.08912686692139],[-34.904411963056923,-8.0891115376311191],[-34.904409359836571,-8.0890957638307306],[-34.904409918177834,-8.0890800123552236],[-34.904412222488737,-8.0890732753414856],[-34.904410018981942,-8.0890651571368259],[-34.904400146105161,-8.0890556372241758],[-34.904394359839294,-8.0890429936851813],[-34.904390403705968,-8.0890267615015112],[-34.904385523422292,-8.0890136734565186],[-34.904378397560045,-8.0889987705676827],[-34.90437487837373,-8.088984791997019],[-34.904367702860448,-8.0889770902445424],[-34.904360937051045,-8.0889756942671855],[-34.904350633890949,-8.0889630202557949],[-34.904342579647853,-8.0889517126544526],[-34.904334080277891,-8.0889395003476103],[-34.90432693534634,-8.0889272979985609],[-34.904320254607029,-8.0889132980049787],[-34.904315829442844,-8.0888997639386133],[-34.904312306926649,-8.0888862347042387],[-34.904309691303318,-8.0888722618641058],[-34.904305727002701,-8.0888573803947601],[-34.904298164198096,-8.0888402229854002],[-34.904289240302255,-8.0888239570047382],[-34.904279409519013,-8.0888081355333306],[-34.904271355277402,-8.0887968270252788],[-34.904263301943423,-8.0887855185127435],[-34.904256166098634,-8.0887719654405377],[-34.904254450712365,-8.0887584494771652],[-34.904261329740805,-8.0887431892750463],[-34.904267753666467,-8.0887283778045749],[-34.904272377124855,-8.0887126525785309],[-34.904271586793293,-8.0886959915683683],[-34.904267167382152,-8.0886815561173151],[-34.904260034873573,-8.0886675537071131],[-34.904248813330355,-8.0886571242540093],[-34.904238518357701,-8.0886430995203966],[-34.904230467455122,-8.0886313416728282],[-34.904226045624235,-8.0886173564582098],[-34.904227457882882,-8.0886088127548454],[-34.904228410186001,-8.0886016164498535],[-34.904226253009874,-8.0885867464427506],[-34.904223594404939,-8.0885790760629774],[-34.904213654633828,-8.0885794587165982],[-34.904209131081679,-8.088580328726092],[-34.904200140288829,-8.088573966220034],[-34.904196172663674,-8.0885595340854231],[-34.90419583654063,-8.0885424261549588],[-34.904195031376425,-8.0885280154395236],[-34.904192000311319,-8.0885086372996966],[-34.904186684011641,-8.0884932965348426],[-34.904181375882672,-8.0884766041492178],[-34.904178306070236,-8.0884630791295713],[-34.904176157072307,-8.0884468584049625],[-34.904174008981833,-8.0884306376760353],[-34.904171859988807,-8.0884144178553434],[-34.904169710991845,-8.0883981971305428],[-34.904167129288929,-8.0883792725456125],[-34.904164535175092,-8.0883621489230908],[-34.904162398594821,-8.0883441281396422],[-34.904159815986034,-8.0883252035586999],[-34.904156757680916,-8.0883098775801017],[-34.904151438960042,-8.0882949861471296],[-34.90414611267321,-8.0882809952015986],[-34.90414753159768,-8.0882715519189397],[-34.904150284358877,-8.0882652675624289],[-34.904158958099892,-8.0882518215985133],[-34.90415988315511,-8.0882486765518387],[-34.904156797601416,-8.0882374018314511],[-34.904147364118955,-8.0882296852830322],[-34.904139718681009,-8.0882246816454781],[-34.904131185431254,-8.0882174219749103],[-34.904134393303174,-8.0882106906952043],[-34.904142599517584,-8.088199491713528],[-34.90415037545273,-8.0881851395382238],[-34.904147305641501,-8.0881716136133619],[-34.904142449302192,-8.0881549245439732],[-34.904138833435688,-8.0881475949384498],[-34.904048807415194,-8.0881517511143901],[-34.903911525909145,-8.0881580893653364],[-34.903663723040076,-8.0881759623658578],[-34.903368347520455,-8.0881972654430125],[-34.903368321221862,-8.0881972673737064],[-34.903338147505792,-8.0881994430352204],[-34.903328256465912,-8.0882001572315776],[-34.90257991368027,-8.0882708900864841],[-34.902326457477528,-8.0882948459016628],[-34.902306538713653,-8.0882967287264105],[-34.901235996711982,-8.08840070515968],[-34.901219060462928,-8.0884023498415729],[-34.900737469131627,-8.0884518632221027],[-34.900446949928636,-8.0884817312377066],[-34.900372778908398,-8.0884893568133069],[-34.900370707437219,-8.0884892670033128],[-34.900358430149424,-8.0884887373828338],[-34.900200230909299,-8.0884819189734287],[-34.90014221344709,-8.0884794179011887],[-34.900131526734206,-8.0884789568162354],[-34.900132166532885,-8.0884830773059804],[-34.900135690578395,-8.0884963814885218],[-34.900137854276402,-8.0885103510668408],[-34.900140463084554,-8.0885252235491336],[-34.900144394189574,-8.0885450577479165],[-34.900149462174674,-8.0885637737467384],[-34.900153664651135,-8.0885768568916259],[-34.900156049240927,-8.0885915034948912],[-34.900153473480181,-8.0886049906500777],[-34.900150653638306,-8.0886211775915147],[-34.900149203999305,-8.0886351232960525],[-34.900150896060396,-8.0886520161202125],[-34.900151468672021,-8.0886675508137369],[-34.900151125290066,-8.088684879828385],[-34.900148522240372,-8.0887024182509784],[-34.900146838375434,-8.0887174879008921],[-34.900145838088122,-8.0887318862624973],[-34.900144810369,-8.0887501116826055],[-34.900145594772589,-8.0887676732211418],[-34.90014435283144,-8.0887843211305768],[-34.900142639246887,-8.088803891382252],[-34.900142091502374,-8.0888180679494006],[-34.900144468667406,-8.0888338401548019],[-34.900147530930255,-8.0888484908375506],[-34.900151471137171,-8.0888669743113919],[-34.900152690798393,-8.0888870145944693],[-34.900154396962982,-8.0889018822344152],[-34.900154979431868,-8.0889158410867363],[-34.900154193368557,-8.0889318169589011],[-34.900152730538387,-8.0889477878429954],[-34.900150357474878,-8.0889646525672632],[-34.900148446959975,-8.0889799456730689],[-34.900146519011308,-8.0889977142052736],[-34.900144351222998,-8.0890177322768935],[-34.90014376375899,-8.0890377601736176],[-34.900143424473832,-8.0890544138283289],[-34.900143766197019,-8.089070622224229],[-34.900144328051148,-8.0890877327624864],[-34.90014467310862,-8.0891034909156687],[-34.900145707361993,-8.0891174530904362],[-34.900147173538166,-8.0891343442525176],[-34.900146155819748,-8.0891512180404739],[-34.900143796856376,-8.0891660575811795],[-34.900140517809056,-8.0891833677070952],[-34.900139848588601,-8.0891876850454452],[-34.900138392164656,-8.0891970833066456],[-34.900133318413502,-8.0892125791760403],[-34.900126885987532,-8.0892285171286265],[-34.900122938359537,-8.0892444715470369],[-34.900119209191075,-8.0892615523251692],[-34.900113011750285,-8.0892761412152652],[-34.900107948763576,-8.0892900621436663],[-34.900102439758385,-8.0893030801724723],[-34.900096255652308,-8.0893158680918891],[-34.900091399455789,-8.0893324912293618],[-34.900088141929558,-8.0893466496652664],[-34.90008532618468,-8.0893621621517706],[-34.9000831972049,-8.0893763279942537],[-34.900081294112475,-8.0893904945939656],[-34.90007961448913,-8.0894051139974721],[-34.900079520956503,-8.0894188436489216],[-34.900078509909335,-8.0894348178560058],[-34.900077507049645,-8.0894494413435059],[-34.900079441532903,-8.0894638595022226],[-34.900082725601543,-8.0894791872055301],[-34.90008465765866,-8.0894940556025894],[-34.900081628450621,-8.0895077654614909],[-34.900075538867021,-8.0895169122492412],[-34.900073870536389,-8.0895194179581793],[-34.900064077169738,-8.089531505741915],[-34.900056286965864,-8.0895478848698747],[-34.900049201720364,-8.089560216810181],[-34.900039833607373,-8.0895761340665366],[-34.900033630400586,-8.0895916234381531],[-34.900026737996825,-8.0896089087882519],[-34.900020539785935,-8.089623721891785],[-34.900014578992099,-8.0896367365983526],[-34.900008849090618,-8.0896490776021519],[-34.900001991401176,-8.0896611860822638],[-34.899992650577161,-8.0896730529749625],[-34.899986917336513,-8.0896858433173637],[-34.899982071140371,-8.0897011166312645],[-34.899977677483214,-8.089716167246582],[-34.899972612826751,-8.0897303142007768],[-34.899968971985977,-8.089739720816965],[-34.899965487095372,-8.0897487225880695],[-34.89996155598282,-8.0897622006808039],[-34.899958978554217,-8.0897759138626348],[-34.899954597328879,-8.0897891644155084],[-34.899948847563657,-8.0898044310843744],[-34.899942859477541,-8.0898214970585229],[-34.899937796482057,-8.0898354179874001],[-34.899932604824414,-8.0898484038017155],[-34.899932052480892,-8.0898497850791493],[-34.899926315143134,-8.0898632507814519],[-34.899920785507462,-8.0898794195928261],[-34.899913687825091,-8.0898935524995004],[-34.899905670047779,-8.0899101541833307],[-34.899896984604538,-8.0899254019632298],[-34.899886976858589,-8.0899356880262978],[-34.899878529735012,-8.0899491365007368],[-34.899873230082733,-8.0899646316135847],[-34.899863655925259,-8.0899776215428858],[-34.899853615127462,-8.0899928593546004],[-34.899846282454511,-8.0900083413236388],[-34.899838069404005,-8.0900204398353974],[-34.899830759921066,-8.0900325449924093],[-34.899829790869163,-8.0900325024888993],[-34.899796711978304,-8.0901082276477059],[-34.899773108848024,-8.0901292332384092],[-34.899766138886825,-8.0901365488569716],[-34.89975657382189,-8.090148188965431],[-34.899745887631234,-8.0901586951601416],[-34.899739737825819,-8.0901644781794229],[-34.899735431430351,-8.0901685285602074],[-34.899724969467862,-8.090179262441394],[-34.899710885811388,-8.0901910971512248],[-34.899695206959954,-8.0902051714322134],[-34.899683619633123,-8.0902152225500323],[-34.899671137979702,-8.0902241414109497],[-34.899657981080516,-8.0902326059529237],[-34.899651978216177,-8.0902370294694723],[-34.89962941217253,-8.090257111694827],[-34.899584587731439,-8.0902742534526588],[-34.899576567297046,-8.0902815757638837],[-34.899564995728902,-8.0902893756697587],[-34.899550271685129,-8.0902958042989201],[-34.899536252604555,-8.0902981857395542],[-34.899523468013548,-8.0902976268234301],[-34.899510091312976,-8.0903027428017218],[-34.899447869058527,-8.0903086148627512],[-34.899251739258666,-8.0903271230216323],[-34.899166854063722,-8.0903077909752916],[-34.899154953933525,-8.0903066457124755],[-34.899140037044653,-8.0903081209159318],[-34.899126033728798,-8.0903082520369196],[-34.899111600921799,-8.0903050039289948],[-34.899092877077798,-8.0903017260520862],[-34.899075072574014,-8.0902962045148072],[-34.899057471517708,-8.0902938345264488],[-34.899043031281288,-8.0902917120189297],[-34.899042062627593,-8.0902915610232888],[-34.899029494609678,-8.0902895952537683],[-34.89901439413125,-8.0902849914280992],[-34.898999079290292,-8.0902785858807906],[-34.898984867370039,-8.0902760138900156],[-34.898970658028702,-8.0902732176770762],[-34.898966893244904,-8.0902722398016422],[-34.898953748754082,-8.0902688274842216],[-34.898936398460414,-8.0902628581209033],[-34.89891722117023,-8.0902598029370818],[-34.898900298698784,-8.0902574379225651],[-34.898886536896107,-8.0902550943731502],[-34.898872792533318,-8.0902502753952099],[-34.898860875168062,-8.0902425422365969],[-34.898859366854381,-8.0902377630971802],[-34.898826481477919,-8.0902302738952159],[-34.898813073926213,-8.0902307403573115],[-34.898798633691392,-8.0902286178403227],[-34.898778559503718,-8.090224655515895],[-34.898778311594469,-8.0902246015202319],[-34.89876142024363,-8.0902209390124913],[-34.89874608387084,-8.0902176842426385],[-34.898732327979211,-8.0902146653187827],[-34.898713605810414,-8.0902111632053284],[-34.898699851439957,-8.0902076940457217],[-34.898696035395915,-8.0902042925907409],[-34.898690870287219,-8.0901977675133452],[-34.898636891928867,-8.0901832043671238],[-34.898634964788933,-8.0901842991166326],[-34.898628815356304,-8.0901919101533046],[-34.89861456537114,-8.0901949652652707],[-34.898600797045972,-8.0901937473044576],[-34.898587494460727,-8.0901902814646629],[-34.898572177198481,-8.0901843261377646],[-34.898558888715769,-8.0901788342074425],[-34.898543343894197,-8.0901731023387491],[-34.898529149419026,-8.090168054902076],[-34.898528093405915,-8.0901676520753369],[-34.898514732387319,-8.0901625555597221],[-34.898497824785878,-8.0901579402242323],[-34.89848385120046,-8.0901535698123528],[-34.898470103503278,-8.0901492001579491],[-34.898457262710771,-8.0901443869082605],[-34.898443966798467,-8.0901400205769818],[-34.898429083880941,-8.0901365439965449],[-34.898413074842146,-8.0901326097659769],[-34.898403135881068,-8.0901298867986746],[-34.898397069139129,-8.0901282252916342],[-34.898383323115162,-8.0901236314163913],[-34.898368460069833,-8.0901172291658998],[-34.898353605364008,-8.0901097013070356],[-34.898349100928101,-8.0901055553808803],[-34.898333017419041,-8.0901012155647933],[-34.898331065486801,-8.0901030219324763],[-34.898326319334018,-8.0901034399783285],[-34.898312341650481,-8.0900997440160864],[-34.89830376868521,-8.0900983355446616],[-34.898298107439103,-8.0901005488095592],[-34.898285043185417,-8.0900952836525395],[-34.898272204063488,-8.0900902452745296],[-34.898256196694604,-8.0900860859154715],[-34.89824222978411,-8.0900808150079033],[-34.89822803031003,-8.0900764429237952],[-34.898219924500388,-8.0900740576898684],[-34.898213153159475,-8.0900720658524783],[-34.8981991821531,-8.0900674703036675],[-34.898184282701266,-8.09006646913795],[-34.898171212684822,-8.090062104458724],[-34.898156323098547,-8.0900595283534056],[-34.898140078309531,-8.0900571682911373],[-34.89812023912674,-8.0900518577719271],[-34.898105585440831,-8.0900479325974004],[-34.898093364385602,-8.0900423733071545],[-34.898058430676684,-8.0900343095265335],[-34.898050337385556,-8.0900351806965638],[-34.898035224482989,-8.0900323777983214],[-34.898019434664675,-8.0900293447950649],[-34.898003193973388,-8.0900263093663174],[-34.897989447954515,-8.0900217154759737],[-34.897972312034803,-8.0900175477884844],[-34.897954945984026,-8.0900138295892958],[-34.897939833082127,-8.0900110266871543],[-34.897924549088621,-8.090007913578912],[-34.897922691255772,-8.0900075352704537],[-34.897906683890739,-8.0900033758960834],[-34.897893153898671,-8.0900003586031755],[-34.897879851320816,-8.0899968927374122],[-34.897865636218839,-8.0899949960600832],[-34.897852098647405,-8.0899928792563394],[-34.897836978312647,-8.0899912019538966],[-34.897823442405176,-8.0899888591234603],[-34.897807425939313,-8.0899860504702623],[-34.897792549700412,-8.0899816733775634],[-34.897779711345954,-8.0899764098643914],[-34.89776615070857,-8.0899778940825424],[-34.897749648475816,-8.0899800338609129],[-34.897734526472888,-8.0899785816760872],[-34.897720984800024,-8.0899771393243185],[-34.897703382995495,-8.0899749952939501],[-34.897689615434608,-8.0899735521826077],[-34.897674491763418,-8.0899723251170812],[-34.897656861736536,-8.0899742314574681],[-34.897640601169833,-8.0899741216819159],[-34.897625468395987,-8.0899742453401409],[-34.897608067597083,-8.0899757030977639],[-34.897592931486351,-8.0899762769980956],[-34.897578947135194,-8.0899734814947291],[-34.897572628157839,-8.0899613393370551],[-34.897559012008699,-8.0899616231988922],[-34.897549259729622,-8.0899613783061319],[-34.897348495613826,-8.0899563406205548],[-34.897118938298178,-8.0899104414449301],[-34.89690859769253,-8.0898174438268988],[-34.896904963952963,-8.0898182987800578],[-34.896895421987331,-8.0898205436128237],[-34.896881444315788,-8.0898168475962695],[-34.896867695874022,-8.0898127029986959],[-34.896867112111664,-8.0898124118866743],[-34.896852614400657,-8.0898051743213237],[-34.896836894251557,-8.0897920135274681],[-34.896823631444327,-8.089782695379272],[-34.896809676995098,-8.08977562344616],[-34.896794583984025,-8.0897698948275156],[-34.896777850085122,-8.089772933385543],[-34.896773775834994,-8.0897742559807106],[-34.896762484739583,-8.0897739549299814],[-34.896757522709237,-8.0897730214675949],[-34.89674873873426,-8.0897693609925465],[-34.896734782617472,-8.0897625141782061],[-34.896722861957436,-8.0897552311877305],[-34.896709576838767,-8.0897492889445264],[-34.896700050807908,-8.0897467936475014],[-34.896687229921667,-8.0897390546638466],[-34.896685655355448,-8.0897381434391207],[-34.896673944808057,-8.0897331133233035],[-34.896667859085127,-8.0897312710612468],[-34.89666019303219,-8.089729418961106],[-34.896647784267415,-8.0897256171050813],[-34.896644415671815,-8.0897245858336895],[-34.896630678012883,-8.0897188662827428],[-34.896618287354983,-8.0897142805108739],[-34.896616030109946,-8.0897140405657098],[-34.896601139771953,-8.0897116895159105],[-34.896596401961489,-8.0897109819321784],[-34.896586253533449,-8.0897086631044566],[-34.896570927192663,-8.0897040575136359],[-34.89655718862781,-8.0896983379640357],[-34.896549092345396,-8.0896933317428115],[-34.896545271309677,-8.0896906047236197],[-34.896535626877444,-8.0896806360055891],[-34.896527579473066,-8.0896684277161004],[-34.896520448839667,-8.0896541990875441],[-34.896513318206857,-8.089639970458764],[-34.896504593889311,-8.0896275320612254],[-34.896493817572285,-8.0896180061688661],[-34.89649201878359,-8.0896168681581422],[-34.896480546577671,-8.0896100387285763],[-34.8964780765886,-8.0896083405975148],[-34.896474925851656,-8.0896061746058905],[-34.89646750724431,-8.0896011724680452],[-34.896456047483582,-8.0895925420674963],[-34.89644891518541,-8.0895785385585466],[-34.896443580007187,-8.0895658981821796],[-34.8964373023992,-8.0895591033939436],[-34.896432364353437,-8.0895545679908203],[-34.89642102210518,-8.0895442952475474],[-34.896419344909447,-8.0895427760572627],[-34.896407204136935,-8.0895345909084231],[-34.896397752510723,-8.0895295756072887],[-34.896393699816514,-8.089527747405743],[-34.896379755254102,-8.0895191005139768],[-34.896367166040882,-8.0895104626974401],[-34.896353674166718,-8.0895018182228728],[-34.896341533396495,-8.0894936330714966],[-34.896327143727973,-8.0894840823635121],[-34.896315451404917,-8.0894763507813803],[-34.896302868870336,-8.0894668124749991],[-34.896291188993438,-8.0894572799217066],[-34.896279948455962,-8.0894495516649449],[-34.896265101236807,-8.0894408981103485],[-34.896252038690939,-8.0894354086593179],[-34.896247537552036,-8.0894331268855169],[-34.896239437032754,-8.0894285709038272],[-34.896238988586695,-8.0894281173334051],[-34.896229570967321,-8.0894181502640112],[-34.896221968681388,-8.0894068448750396],[-34.896217052197073,-8.0893991586753042],[-34.896214219463054,-8.089394381146997],[-34.896213032604955,-8.0893923796164113],[-34.896211822733328,-8.0893879778799853],[-34.896209065231261,-8.0893779473406884],[-34.896209074338792,-8.0893765966139863],[-34.896213224795204,-8.0893640197758003],[-34.896214066892163,-8.0893617439316561],[-34.896219207279522,-8.0893478543043127],[-34.896223834415331,-8.0893316797563877],[-34.896224841517139,-8.0893163808849415],[-34.89622131924785,-8.0893028515192764],[-34.896215545654755,-8.0892884077399252],[-34.896213710569064,-8.0892855205155474],[-34.896207500695958,-8.0892757482963891],[-34.896197642840541,-8.0892639778362376],[-34.896185087642955,-8.0892503882478177],[-34.896176578455922,-8.0892395264467414],[-34.896168527734254,-8.0892277683890494],[-34.896158673215318,-8.0892155467796893],[-34.896147005799904,-8.0892042141533267],[-34.896134432385928,-8.0891933251119923],[-34.896121854727085,-8.0891828863179871],[-34.896107010863673,-8.089173783414882],[-34.896093499882653,-8.0891678403855245],[-34.89608402336674,-8.0891664252070186],[-34.896077702657657,-8.0891659329008636],[-34.896063251672231,-8.0891653852195127],[-34.896058734752181,-8.0891653546568651],[-34.896044733119325,-8.0891652605413817],[-34.896028923443239,-8.0891651531212521],[-34.896010395781637,-8.0891663791684163],[-34.895993867607636,-8.0891662669457673],[-34.895993683448566,-8.0891662659925245],[-34.895979693355009,-8.0891643709084473],[-34.895964799697687,-8.0891624700735587],[-34.895951264726747,-8.0891601280718906],[-34.895937267956107,-8.0891591334736592],[-34.89592145585209,-8.0891594771928759],[-34.895905173742257,-8.0891625181340654],[-34.895902003060975,-8.0891638473742447],[-34.895891595650504,-8.0891664777174892],[-34.895878030010046,-8.0891686372338771],[-34.895862208796245,-8.0891703316778649],[-34.895856740228801,-8.0891702946816082],[-34.895847302686455,-8.0891702309052889],[-34.895830151019531,-8.0891683143287398],[-34.895811213781599,-8.0891632345524549],[-34.895797691262366,-8.089159092478786],[-34.895778759795313,-8.0891531122175042],[-34.895763445024173,-8.08914670652673],[-34.895750383394692,-8.0891412161475227],[-34.895734168399208,-8.089134354460926],[-34.89571840761986,-8.0891270458614244],[-34.895704445766363,-8.0891210994858529],[-34.895690483006049,-8.0891151531138945],[-34.895676075139804,-8.0891083029263395],[-34.895663018379949,-8.0891019129686832],[-34.895650414307362,-8.0890955254297925],[-34.895636003103299,-8.0890891254842572],[-34.895620691678999,-8.0890822704472942],[-34.895602663780281,-8.089076295927482],[-34.89558642145505,-8.0890734855113067],[-34.895573338270481,-8.0890711468235104],[-34.895569727345901,-8.0890706717668159],[-34.895553470139973,-8.0890701125598419],[-34.895547191449417,-8.0890700702782716],[-34.895539015815345,-8.0890700151027755],[-34.895524110613728,-8.089069914313308],[-34.895508752720829,-8.0890698101998115],[-34.895493392400077,-8.0890701572294041],[-34.895479832528608,-8.0890714162488848],[-34.895466263542481,-8.0890740250911488],[-34.895452237005131,-8.0890775319927712],[-34.895436397564289,-8.0890819269703762],[-34.895422367687011,-8.0890858841149118],[-34.895405172897306,-8.0890902700121536],[-34.895404266897117,-8.0890907135961641],[-34.895391124794038,-8.0890969277063682],[-34.895380671817897,-8.0891063098655263],[-34.895368429938571,-8.0891129799706416],[-34.895363449690628,-8.089114747039293],[-34.895354849411113,-8.0891173906807516],[-34.895339470857387,-8.089120437351621],[-34.895325455863436,-8.0891221441865131],[-34.895322746070057,-8.0891221251190188],[-34.89531704435241,-8.0891220864851139],[-34.895312745792033,-8.0891245230201392],[-34.895154857594967,-8.0891079083268043],[-34.894932471162555,-8.0890595217285011],[-34.894809307383056,-8.0890205544002622],[-34.894700370952712,-8.0890546677952084],[-34.894585929608141,-8.0891056351235022],[-34.894459082495672,-8.08916704144597],[-34.894047437359262,-8.089224697647964],[-34.893742228319859,-8.089205840902963],[-34.89363028160399,-8.0891911561486545],[-34.893609633087735,-8.0891253675000723],[-34.893457121838004,-8.0891362092443106],[-34.893269654588963,-8.0892840518176072],[-34.893038110144204,-8.0894232350993622],[-34.89286861697471,-8.0894481667086691],[-34.8926339016177,-8.0892667273006005],[-34.892171473704622,-8.0893398217469912],[-34.892004541940416,-8.0893508726285308],[-34.892023776844539,-8.0893857332395562],[-34.892079952228343,-8.0894714794237448],[-34.892137457878242,-8.0895530181966109],[-34.892191505294022,-8.0896148876585361],[-34.892256939900676,-8.0896842307688512],[-34.892334112786045,-8.0897563817726308],[-34.89241706888857,-8.0898258081985368],[-34.892477654265612,-8.089870160699931],[-34.892547018062714,-8.0899152337386706],[-34.892653868300847,-8.0899765257078009],[-34.892669214221783,-8.0899843552918842],[-34.892757465813006,-8.0900256467000045],[-34.892859420285028,-8.0900624834824573],[-34.893011135966233,-8.0901013163058426],[-34.893209174172199,-8.0901470873519923],[-34.893298873017926,-8.0901670556557477],[-34.893400472761982,-8.090193186980267],[-34.893521953623178,-8.0902351640108972],[-34.893617184923642,-8.0902762275566928],[-34.893730131257939,-8.0903423150541318],[-34.893749758608713,-8.0903551025651215],[-34.893614635989017,-8.0904538627635088],[-34.893489895114818,-8.0905446912681853],[-34.893490044603183,-8.0905489243530671],[-34.893486446013185,-8.0905796578540574],[-34.893475571002028,-8.0906086404533575],[-34.89345805216152,-8.0906341867358904],[-34.893456137077344,-8.0906363138610473],[-34.893365153477951,-8.0907661448754613],[-34.892896815513346,-8.0913934735042812],[-34.892856212214106,-8.0913683829177288],[-34.892853035578803,-8.0913715528628813],[-34.892747963527704,-8.0914763692050933],[-34.892665504530477,-8.0915924621017901],[-34.892591191653302,-8.0916754579468044],[-34.892467466264442,-8.0918413323924376],[-34.892388493442759,-8.0919302217818672],[-34.892330723176414,-8.0920115560868773],[-34.89225561640071,-8.0921161340308352],[-34.892186188438686,-8.0921917326645705],[-34.892151457750323,-8.092241214507272],[-34.892135554571688,-8.0922638719925946],[-34.892116869439668,-8.0922904931762751],[-34.89204746753218,-8.0923718813710792],[-34.892001380922267,-8.0924647445136628],[-34.891903013604271,-8.0925694284181624],[-34.891827934554613,-8.0926797967987145],[-34.891747038777872,-8.0927901912240987],[-34.89169617048703,-8.0928653919093669],[-34.891646455226422,-8.0929320428392266],[-34.891600927700132,-8.0930028249692594],[-34.891547044031761,-8.0930694970171064],[-34.891529179535205,-8.0930995562002916],[-34.891509282584828,-8.0931330349707107],[-34.891476281361903,-8.0932079105670507],[-34.891451442615939,-8.0932453883553546],[-34.891394200247852,-8.0933314466650348],[-34.891347347473548,-8.0933923579080673],[-34.891325150261814,-8.0934543067063238],[-34.891307801790909,-8.0934965893005639],[-34.891274312969465,-8.0935330719969478],[-34.891258467843301,-8.0935611925249358],[-34.891199366739656,-8.0936235573048183],[-34.891135829752528,-8.0937194223348463],[-34.89105858961706,-8.0938006605304817],[-34.891004669316999,-8.0939093062089018],[-34.890934319909746,-8.0939963482759065],[-34.890858628630475,-8.0941050938994952],[-34.890815340471804,-8.0941594919210065],[-34.890750484506924,-8.0942573492912882],[-34.89069097035869,-8.0943335012874496],[-34.890620645185045,-8.0944259622449657],[-34.890534069639656,-8.0945347582600853],[-34.890474580690856,-8.0946163300565406],[-34.890426025488452,-8.0947086919743185],[-34.890328614445743,-8.094828377116297],[-34.890263732997198,-8.0949208137391757],[-34.8901040446911,-8.0951443762428372],[-34.890093269953972,-8.0951460977777074],[-34.890028248105509,-8.0952288731812416],[-34.889942034339995,-8.0953499529478279],[-34.889906255270915,-8.0953819059298215],[-34.88988119047562,-8.0954429458406612],[-34.889683993522496,-8.095622174323605],[-34.889606330024051,-8.0957345489022501],[-34.889521144617632,-8.0957791182712739],[-34.889473023177253,-8.0958322683793114],[-34.889412118179635,-8.095899535144591],[-34.889389725071354,-8.0959111730199638],[-34.889077310458887,-8.0962641547781224],[-34.889019106370739,-8.0962596769136645],[-34.888946045715933,-8.0963399535101104],[-34.888840852926435,-8.0964041606139379],[-34.888674427668768,-8.0965296599730134],[-34.8884823036406,-8.0965644619617407],[-34.888337571784412,-8.0965906791384992],[-34.888138076516576,-8.0965874561871125],[-34.888053214815343,-8.096572683868251],[-34.888052869976057,-8.0965709080495927],[-34.888046502547539,-8.0965715161200826],[-34.887929535802193,-8.0965511550503884],[-34.887873279046666,-8.0965275214872907],[-34.887722774087635,-8.096493428898869],[-34.887569385528209,-8.0963766265746528],[-34.887466196171992,-8.096313001223395],[-34.887459401026405,-8.0963055297206523],[-34.887455055608037,-8.09629189464499],[-34.887455552620509,-8.0962906989649124],[-34.887454328904624,-8.0962893521262203],[-34.887440515217456,-8.0962410497223036],[-34.887405753702147,-8.0961195000745914],[-34.887401114046128,-8.0960757976698723],[-34.887338091634895,-8.0959183376940675],[-34.887291327087105,-8.0958160434116913],[-34.887291688201351,-8.0957710512633039],[-34.887141952592813,-8.0955011489716036],[-34.887101098021894,-8.0954125936947818],[-34.88702910483822,-8.0952545702691392],[-34.887022529312254,-8.0952389257857984],[-34.887019874521528,-8.0952326104259456],[-34.887055530901016,-8.0951999665972956],[-34.887034745196289,-8.0951213691328814],[-34.887074918732182,-8.0950817746694916],[-34.887189132344112,-8.0945648523041953],[-34.887524714660302,-8.0941197152791453],[-34.887950690392152,-8.093854768347839],[-34.88809621758265,-8.0936874630893882],[-34.888429228023554,-8.0933046148845591],[-34.888440293000642,-8.0933028875399415],[-34.888450572530111,-8.0932910689123361],[-34.888450868503384,-8.0932907294185892],[-34.888497473794722,-8.0932371489042545],[-34.888501935898873,-8.0932320193266296],[-34.888570893008172,-8.0930788906299771],[-34.888596207228844,-8.0930226764911772],[-34.888708350084251,-8.0927736497222789],[-34.888843804570683,-8.0922366020985042],[-34.88886991973601,-8.0921330594849081],[-34.88891089814912,-8.0919045093045785],[-34.888935982115115,-8.0917646086182149],[-34.888940715402441,-8.0914577993291132],[-34.888940286700809,-8.09136576364779],[-34.888927420005707,-8.0912492443584494],[-34.888914582807907,-8.0911388599909255],[-34.888908106153274,-8.0910713970487471],[-34.888907821276149,-8.091010039620059],[-34.888901315148331,-8.0909364417519853],[-34.88888873517967,-8.0908812780668438],[-34.888888420831563,-8.0908137857121414],[-34.888869593760262,-8.0907402439305631],[-34.888856928077651,-8.0906666727420991],[-34.888844290076001,-8.0905992382934073],[-34.888831680656949,-8.090537939676409],[-34.888825062078261,-8.090439797554847],[-34.888787465177749,-8.0903049847302917],[-34.888723813901748,-8.0901204000431157],[-34.888681020698868,-8.089931793368569],[-34.888670957953757,-8.0898514403967212],[-34.888670939099306,-8.0898512876950068],[-34.88867045196956,-8.0898510973795776],[-34.88799069554495,-8.0895695593912329],[-34.887911857271384,-8.0895189456682814],[-34.888066035955198,-8.0892312003328239],[-34.888134945102834,-8.0891239295011914],[-34.888149572406682,-8.0891009543851524],[-34.888174196356474,-8.0890823847273072],[-34.888200125454539,-8.0890725279495328],[-34.888240225197649,-8.0890676856631494],[-34.888296790009171,-8.0890628323431173],[-34.888416952126782,-8.0890597788105332],[-34.888482027964614,-8.0890551148448573],[-34.888542331414946,-8.0890339382822951],[-34.888588647202113,-8.0890334122120944],[-34.888641355914295,-8.0890615510554422],[-34.888672738797105,-8.0890801203147724],[-34.888710888991994,-8.089057347411222],[-34.888726522531059,-8.0890392912289517],[-34.888736927179401,-8.0890235799909309],[-34.888779698938073,-8.0889521970326772],[-34.888798137813971,-8.0889240908206812],[-34.88883074514883,-8.0889408598147856],[-34.88884041849029,-8.0889344738882532],[-34.888878645122787,-8.0888694802581629],[-34.88888507020917,-8.0888584868111586],[-34.888892733147145,-8.0888464262539106],[-34.888916224402458,-8.0888612601859808],[-34.88893839969851,-8.0888792843589545],[-34.888939779891714,-8.0888898882147018],[-34.888976828879684,-8.0889201327044962],[-34.888979127937745,-8.0889184422978637],[-34.888994339003879,-8.0889078503081908],[-34.88900361333976,-8.0888989646450344],[-34.889032817756096,-8.0888640814048465],[-34.889064208574723,-8.0888323432772449],[-34.88907750583801,-8.0888188996401258],[-34.889110981422917,-8.0887877675440354],[-34.88912416547479,-8.08879929862964],[-34.889137224599949,-8.0888140026956652],[-34.889156657776184,-8.0888151324102289],[-34.889172399354351,-8.0888117109020801],[-34.889192770824494,-8.0888023824427115],[-34.889263182500855,-8.0887297279546519],[-34.889447446281238,-8.0885395946258551],[-34.889551800479957,-8.0884180633441876],[-34.889578166695777,-8.0883873573861518],[-34.889621982637628,-8.0883333603602878],[-34.889595155715156,-8.0883011854486444],[-34.88960351893887,-8.0882937957178953],[-34.889651750445161,-8.0882511795662548],[-34.889792811231096,-8.0881265410976582],[-34.89002967530439,-8.0878691623085732],[-34.890073439101876,-8.0878273632901134],[-34.890162646522484,-8.0877421608744982],[-34.890474563330301,-8.087444249393771],[-34.890532255028816,-8.0873820722181513],[-34.890935947624129,-8.0869949049556684],[-34.891048120445149,-8.0868873242325918],[-34.891282691574801,-8.0875359049504834],[-34.89130432724928,-8.0875907418091249],[-34.891329510350573,-8.0876279571862089],[-34.891281961107381,-8.0876615774868963],[-34.89125746268752,-8.0876858089233306],[-34.891444177838189,-8.0881724162513269],[-34.891524712259269,-8.0881914592377147],[-34.891567216258345,-8.0882007253616752],[-34.89170883054566,-8.0885770344072263],[-34.891765838405753,-8.0887016665057097],[-34.891810540316243,-8.0887993960760252],[-34.891815150859649,-8.0888249473808411],[-34.891826316819781,-8.0888499638478439],[-34.891827901581351,-8.0888522854040996],[-34.891842319730671,-8.08887341013377],[-34.891857127240719,-8.0888848486099825],[-34.891881185974306,-8.0888904373612753],[-34.891911407972124,-8.0888911571458557],[-34.89195513012465,-8.0888863655343037],[-34.892027604774377,-8.0888757052766351],[-34.892243617556169,-8.0888500386976947],[-34.892459910726963,-8.0888226493534745],[-34.892885214564437,-8.0887689265988509],[-34.892889311808652,-8.088768446532562],[-34.89320287281511,-8.088731692755287],[-34.893527846751894,-8.0886957139716653],[-34.893571354728287,-8.088689171997542],[-34.893665909134675,-8.0886861750971004],[-34.893905485376479,-8.088664833822099],[-34.894556946426221,-8.0886068015019905],[-34.894562369221326,-8.0886061679072441],[-34.894900508394919,-8.0885843706874088],[-34.894901630182986,-8.0885842904450449],[-34.895026960633523,-8.0885691841445091],[-34.895211412229045,-8.0885465772328971],[-34.895426520301683,-8.0885291701490107],[-34.895515683529219,-8.0885180720412446],[-34.895607405760039,-8.0885151068317072],[-34.895625290522879,-8.0885145283969493],[-34.895627876286291,-8.0885072250484971],[-34.895804492620151,-8.0885195677294579],[-34.896078050345224,-8.0886126569038268],[-34.896340563094398,-8.0887019864805119],[-34.896341552805431,-8.0887157635670359],[-34.89640874426054,-8.0887251875571646],[-34.896569388304719,-8.0887798531514221],[-34.896615242135113,-8.0887896184752694],[-34.896679721820327,-8.089382584885918],[-34.896862783138189,-8.0895204727167958],[-34.897035997215866,-8.0896057810426569],[-34.8971850086891,-8.0896481452794315],[-34.897420090188326,-8.0896183488668729],[-34.897530274234633,-8.0895699961629752],[-34.89751002084693,-8.089345239444663],[-34.897417027580595,-8.0887142052421055],[-34.897436588406052,-8.0886982271149588],[-34.897376311686301,-8.0881686693948733],[-34.897197362305086,-8.0869614676455264],[-34.897176251921202,-8.0867490472422237],[-34.897162930696922,-8.086742927057653],[-34.897053397767642,-8.0860690728223066],[-34.896765280749506,-8.0844611741834029],[-34.896676448707979,-8.0844714996454936],[-34.896675468845551,-8.0844671999040507],[-34.896620355078248,-8.0844007016952784],[-34.896548602862879,-8.084357038008303],[-34.896469401931455,-8.0843483033641448],[-34.895090942502733,-8.0845079276940091],[-34.894957516473212,-8.0845132241051445],[-34.894774656252409,-8.084536865511744],[-34.894569051896148,-8.0845634474630579],[-34.894483854232725,-8.0845744626011644],[-34.894363765092017,-8.08461142998115],[-34.894222540663961,-8.0846864239081917],[-34.894023782278587,-8.0848284385719111],[-34.893861528581816,-8.0849642158384629],[-34.893665757636228,-8.0850940784414895],[-34.893281662547558,-8.0853188771040134],[-34.893222562882912,-8.0853768019424219],[-34.893210253209141,-8.0854006261851108],[-34.893184846297849,-8.0854497989721885],[-34.892941749204503,-8.0855510560014832],[-34.892748632819085,-8.0855974644410651],[-34.892471754711309,-8.0856366755787832],[-34.892279948142352,-8.0856375639184872],[-34.892172864120305,-8.0856169008665422],[-34.89209698553617,-8.0855762081561853],[-34.891993208286031,-8.0855205546990074],[-34.891825503830368,-8.0854667151380859],[-34.891619733729364,-8.085418247442373],[-34.891339458941502,-8.0853749025392005],[-34.891045340918865,-8.0853294164568883],[-34.890880823190692,-8.085284480416675],[-34.890684194722205,-8.0852307732726523],[-34.890597283628559,-8.0852008328227232],[-34.890557676844459,-8.0851949470154914],[-34.890507106815846,-8.0852034243479434],[-34.890434633508683,-8.0852516503427605],[-34.890345094974712,-8.0853112327173733],[-34.890314019114506,-8.0853483902450964],[-34.890140398530264,-8.085555988094427],[-34.890083657363206,-8.0855830419527859],[-34.890053112102727,-8.0855810387797877],[-34.890007462905139,-8.0855572810786036],[-34.889903900469115,-8.0855046682456546],[-34.889793837667654,-8.0854429687425782],[-34.889711821140395,-8.085394814549117],[-34.889595545809165,-8.0853277798269154],[-34.889431727121938,-8.0852202082497922],[-34.889138099768587,-8.0850098212604102],[-34.889114449073034,-8.085016223875833],[-34.889068021528807,-8.0850016035237928],[-34.889019527992687,-8.084967993551647],[-34.888985212672338,-8.0849502162131248],[-34.888937701307171,-8.0849112802941772],[-34.888586899093397,-8.0852616104310044],[-34.888455854975987,-8.0854095290481265],[-34.888413497458096,-8.0853593487547162],[-34.888401666808036,-8.085349327496381],[-34.888562988165198,-8.0851612165593227],[-34.888612165184803,-8.0851038733273697],[-34.888590644413881,-8.0850851137566817],[-34.88851983860399,-8.0850164599592009],[-34.88850778438303,-8.0850047888914958],[-34.888402832156395,-8.0849031774511513],[-34.888292044992895,-8.0847988065700616],[-34.888182797732135,-8.0846958859020219],[-34.888075835700953,-8.0845951189932386],[-34.887890490969696,-8.084420507528602],[-34.887872410078771,-8.0844034741686208],[-34.887783945149984,-8.084315576215964],[-34.887104410130846,-8.0849935054028812],[-34.887047468896505,-8.084943435664238],[-34.88698018248968,-8.0850164983990762],[-34.886975212120653,-8.0850147348946582],[-34.88607483107775,-8.084695348493554],[-34.886071716196966,-8.0846942436218168],[-34.886063678933908,-8.0846827645736585],[-34.885866678893485,-8.0844013953131242],[-34.885815893807077,-8.0843288604350168],[-34.885714509081843,-8.0841840564941716],[-34.885669837207054,-8.0841823622496189],[-34.885475486617644,-8.084174985757036],[-34.885306236107844,-8.0841685619972381],[-34.885286048241788,-8.0841677953510711],[-34.885083330612403,-8.0843607648720059],[-34.884959741151334,-8.0844784113032677],[-34.884952479594702,-8.0844819842651212],[-34.884868053468907,-8.0844227280081835],[-34.884864351984326,-8.0844201304858547],[-34.88474534852574,-8.084338401880089],[-34.884677034380431,-8.0844654931668067],[-34.884601472794131,-8.0845538808190458],[-34.884518200651812,-8.0844899477854462],[-34.884490895162216,-8.0844444349102957],[-34.884352622558232,-8.0842139646862297],[-34.884255167923868,-8.0840515288733794],[-34.884114955617193,-8.0838178245166379],[-34.884000935759431,-8.0837646894531812],[-34.883877761032529,-8.0837072886145283],[-34.883816625969864,-8.0836787990040442],[-34.883642171157199,-8.0835975000549674],[-34.88357982152688,-8.0835684437171196],[-34.883272357283381,-8.083425159115345],[-34.882557224819458,-8.0830918929188709],[-34.882459615517966,-8.0830238304267574],[-34.882334262803582,-8.0829434826572459],[-34.88218156099002,-8.082838844293887],[-34.882116145823474,-8.0827989329493111],[-34.882056213342949,-8.0827689602110695],[-34.881860065147457,-8.0826574762469487],[-34.88159588600503,-8.0825110353612128],[-34.881487075778963,-8.0824426652077968],[-34.881263728932034,-8.082314036334342],[-34.881173802140303,-8.0822624917961825],[-34.881049846423458,-8.0821914427904673],[-34.880969653766208,-8.0821475968502163],[-34.880941130733568,-8.0821291501489441],[-34.880428758527096,-8.081797623230063],[-34.879844162391706,-8.0814352223345125],[-34.879470158588738,-8.0812060296788211],[-34.879198781994681,-8.0810364926067173],[-34.87918457236659,-8.0810272928959037],[-34.879160284697221,-8.0810046668863027],[-34.879154907684523,-8.080997937209041],[-34.879144784189364,-8.0809819417196511],[-34.879143102888413,-8.0809795156603279],[-34.879116750488961,-8.0809476657530297],[-34.87909539749198,-8.0809279834993752],[-34.878947674011691,-8.0808073202407904],[-34.87886669047662,-8.0807514540253109],[-34.878690306255344,-8.0806293736626031],[-34.878515240744214,-8.0805101503672763],[-34.878487685520902,-8.0804831997222575],[-34.878300031416195,-8.0803533596491484],[-34.878298241104964,-8.0803052011009839],[-34.878279890340416,-8.0802914864014621],[-34.877987467746017,-8.0801032852465031],[-34.877969926049069,-8.0800950347009053],[-34.877947953851468,-8.0800891469806047],[-34.877933054800913,-8.0800873927825627],[-34.877912422590498,-8.0800887894239022],[-34.877894139265926,-8.0800896545247056],[-34.877873014343507,-8.0800973015388244],[-34.877854507086255,-8.0801062393119754],[-34.877838874832122,-8.0801154233518222],[-34.877813353415618,-8.0801329848308541],[-34.877730662159266,-8.0802121399966094],[-34.877029137701477,-8.079629454203042],[-34.87605402596175,-8.0788195213207405],[-34.875996705430893,-8.0786768668226419],[-34.876067449618773,-8.0784038473058981],[-34.876128283424165,-8.078318460556579],[-34.876215349484042,-8.0784020151792006],[-34.877040593219569,-8.0789499094083101],[-34.877479979153847,-8.0792416241592964],[-34.879097130612237,-8.0803152659278634],[-34.881112293855494,-8.0815021502729412],[-34.881657843263397,-8.0818234629759473],[-34.883255816869323,-8.0825224705222531],[-34.884376701477699,-8.0830127768973199],[-34.885500741867681,-8.0832414491928741],[-34.885566020925019,-8.0832547291002683],[-34.886349102564878,-8.0838520335438737],[-34.887795843708467,-8.0836048588508582],[-34.888156563860974,-8.0835432286921307],[-34.888844566948542,-8.0827623918851046],[-34.889036988692567,-8.0825332531540823],[-34.889708752223029,-8.0817333043651161],[-34.889541305613172,-8.0815855639801839],[-34.889342426999839,-8.0814100915735327],[-34.888871811860376,-8.0809948622983772],[-34.888871302197742,-8.0808852978019079],[-34.888870578681008,-8.0807297574770143],[-34.888609096523808,-8.0803523987037753],[-34.888972953173813,-8.0798632577787881],[-34.890304620929484,-8.0786910832592884],[-34.890527184243197,-8.0784951745211675],[-34.890060846860393,-8.0773661916480464],[-34.889891266978687,-8.0773001685559596],[-34.889876970827181,-8.0772946013150442],[-34.882749228500451,-8.0745193885353466],[-34.88151479262303,-8.0740387387306285],[-34.880484074421915,-8.0735742255569249],[-34.878346111461688,-8.072610697714298],[-34.876366597315105,-8.0717185649782106],[-34.876037298612481,-8.0715701530883326],[-34.875853231620304,-8.0714871963413497],[-34.875633219066167,-8.0713880394012563],[-34.87543051864229,-8.0710521717369517],[-34.875186458295182,-8.0706477703368726],[-34.874577084414369,-8.0692543001537906],[-34.874147655351258,-8.0684255798382267],[-34.874052751045539,-8.0680280307985335],[-34.873325164744784,-8.0669623846544027],[-34.873290156584147,-8.0669845773471494],[-34.872847749117355,-8.0672650301582909],[-34.872806907051178,-8.0671912501207466],[-34.87279647629228,-8.0671724024433598],[-34.872608195333015,-8.0668322587645065],[-34.872514779003026,-8.0666634953809719],[-34.871359561913849,-8.0645764902986823],[-34.870913714041656,-8.0637710168961867],[-34.870483548237452,-8.062993871059625],[-34.867200867316633,-8.0551411028197144],[-34.86728784010667,-8.0498139782062861],[-34.865635481778099,-8.0457962284577373],[-34.863551410215315,-8.0413675480891698],[-34.863404101400434,-8.0410545094527883],[-34.864368988088103,-8.0403891348023322],[-34.864404249213514,-8.0403648192981887],[-34.864461890178958,-8.0404927233785077],[-34.864473083539067,-8.0405175612840818],[-34.866399080762946,-8.0447912756630853],[-34.866426372552311,-8.0448518349856144],[-34.868636578663164,-8.0497560382226787],[-34.868444724717364,-8.0535360989748206],[-34.86837512690898,-8.0549073721887527],[-34.869600248154192,-8.0579646737599404],[-34.870232066940233,-8.0595413572345489],[-34.870244901836614,-8.0595733847103119],[-34.870561253114609,-8.0603628216036807],[-34.870728388686345,-8.0607798985924255],[-34.871697143210554,-8.0631973380795792],[-34.872147449812175,-8.0640575722303041],[-34.872984786342997,-8.0656571515956017],[-34.873275236189919,-8.0662119973981223],[-34.873523416612848,-8.06439944487704],[-34.873589324402488,-8.0637112586736617],[-34.873634670260557,-8.0632377700657951],[-34.873638327244571,-8.0632065262482726],[-34.873694518303139,-8.0627264659859978],[-34.873724421817641,-8.0624709903415823],[-34.873712227336689,-8.062448110375934],[-34.873419118267506,-8.0618981513078811],[-34.872601597213254,-8.0603642275899077],[-34.872569420900113,-8.0603038560198179],[-34.872547484458252,-8.060262695587598],[-34.872389225261465,-8.0589011151732457],[-34.872322891173333,-8.0583304048263802],[-34.872322244198891,-8.058324835900617],[-34.872304678019418,-8.0581737041645756],[-34.872183031612536,-8.0570380136319137],[-34.872061022689287,-8.0558989305707698],[-34.871978953167165,-8.0553720359162941],[-34.871637204709295,-8.0531779571581943],[-34.871599003318664,-8.0529326928103941],[-34.871542575305334,-8.052570411619044],[-34.871435706209411,-8.0518842798492933],[-34.870212919531326,-8.0495140594944239],[-34.868447555049521,-8.0460920511436438],[-34.867710032251559,-8.044288051624676],[-34.867699847797951,-8.0442631396753796],[-34.866995239169668,-8.0425396241788452],[-34.865756994000776,-8.039510757750099],[-34.865685978292092,-8.0393370438308072],[-34.865938858650296,-8.0391476007561575],[-34.866269689193125,-8.0388997600939245],[-34.866282213724489,-8.0388903766220015],[-34.867559521410584,-8.0379334826187403],[-34.868508430768614,-8.0372226033380585],[-34.868925523882893,-8.0369332791295474],[-34.869102082984618,-8.0368039474460424],[-34.8691021680349,-8.0368040989460887],[-34.869104663774912,-8.0368085483679028],[-34.869117513764863,-8.0368314555806943],[-34.869469918743221,-8.0374597562806667],[-34.871559092858284,-8.0411844747303149],[-34.872300807954907,-8.042506827311108],[-34.873102741493064,-8.0439365278346369],[-34.87376754639407,-8.0451217419106005],[-34.873990218446643,-8.0455187194750248],[-34.874815920764689,-8.0469907647332022],[-34.874839830011631,-8.047111594078677],[-34.874992974744053,-8.047885539838088],[-34.875191888073907,-8.0488907762065072],[-34.875200576736376,-8.0489346867775691],[-34.875042155836553,-8.049055170178578],[-34.875073555230195,-8.0490689080381408],[-34.874945900797975,-8.0491678900383015],[-34.874061081810524,-8.0498539643488183],[-34.874041112681546,-8.0498694484993489],[-34.874016135789951,-8.0498871632946205],[-34.873980625459083,-8.0499073735504165],[-34.873977678260047,-8.0499089375155304],[-34.873994289485381,-8.0500540984361031],[-34.874063702890155,-8.0502686155921079],[-34.874430748621414,-8.0508363390942073],[-34.874787209697601,-8.0513876894967638],[-34.874790123141516,-8.0513921957039507],[-34.875023065542017,-8.0517524947759664],[-34.875468691780199,-8.0524417561565897],[-34.875688229362979,-8.0527813201012144],[-34.875875846144673,-8.053071508604944],[-34.876269259480239,-8.0536800049035406],[-34.876937871785806,-8.0547401319913057],[-34.87697107099428,-8.0547927703977162],[-34.877100343511508,-8.0549977393095986],[-34.877134037120946,-8.0550511619824743],[-34.8777089088561,-8.0559626478996424],[-34.877795392612967,-8.0560997710544182],[-34.877895174885509,-8.0562460205661335],[-34.877972669718083,-8.0563596027194748],[-34.878109988596506,-8.0565608690675763],[-34.878261842346561,-8.0568007381874391],[-34.878300200781787,-8.0568608855890851],[-34.878332345172851,-8.0569117005783166],[-34.878413087862128,-8.0567822159002453],[-34.878418321664206,-8.0567927986220802],[-34.878473017769544,-8.056758503899049],[-34.878834011040389,-8.0572200746743352],[-34.88038093765325,-8.0591979793795527],[-34.882145839246562,-8.0618851727843772],[-34.882659477199972,-8.062622483926198],[-34.88282932997074,-8.0628663014733313],[-34.883759428329981,-8.063784777138391],[-34.884042782493459,-8.0638763818696955],[-34.885438991259427,-8.0643277550660439],[-34.886432961965092,-8.0646490866323131],[-34.886828148952702,-8.0651086492974624],[-34.887131114441488,-8.0654609660094589],[-34.887144699852051,-8.065503495438346],[-34.887152950139765,-8.0655293221951361],[-34.887926001109264,-8.0679493278029906],[-34.887943468478504,-8.0680040081486286],[-34.888904435153755,-8.0690783309262617],[-34.890231093594082,-8.0689383476852967],[-34.890923756930675,-8.0685461198059372],[-34.892279408218172,-8.0677784624697306],[-34.892385219072445,-8.0679646306816117],[-34.893934438259819,-8.0672341883214624],[-34.894675498588519,-8.0668847828065502],[-34.895511984709131,-8.0664564672905943],[-34.895523278903852,-8.0664540680406809],[-34.895552740005108,-8.0664503307549325],[-34.895590624098723,-8.0664350058421608],[-34.895680623469914,-8.0663985971827934],[-34.895778707441323,-8.0663963413423829],[-34.896389570004537,-8.0663822900217195],[-34.896941103984531,-8.0664237993856016],[-34.8980650780953,-8.0665083878292663],[-34.899213682918223,-8.065463685622289],[-34.899308770665108,-8.0650075933408676],[-34.899341062790164,-8.0648527035550881],[-34.899499600662011,-8.0640922713782217],[-34.899498535722017,-8.0638639384920729],[-34.899497811457039,-8.063708777796462],[-34.899485284965834,-8.0610247149008991],[-34.899478620209408,-8.0595962748770447],[-34.899479677028552,-8.059592202559152],[-34.899598144138942,-8.0591355274963039],[-34.89963086783311,-8.0590093816537731],[-34.899941576614296,-8.0578116375211621],[-34.900021330720932,-8.0575041944613464],[-34.900083965593659,-8.0572627448189262],[-34.901758988191375,-8.0556014254296766],[-34.902351347877925,-8.0538742595283157],[-34.902448689003769,-8.0533159583785103],[-34.902531908494396,-8.052838650645743],[-34.902542260481319,-8.0527792811243746],[-34.902543703981458,-8.0527709985654372],[-34.902527811192094,-8.0522724853560685],[-34.902523407411323,-8.0521343583316334],[-34.902514232088031,-8.0518465465336497],[-34.902502543645099,-8.0514799132110362],[-34.90246966165801,-8.0504484936600154],[-34.902231848883154,-8.0492049696873273],[-34.902211116234525,-8.0490965609796348],[-34.902194335983459,-8.0490088163838198],[-34.902116582174969,-8.048599851307312],[-34.901978285690383,-8.0478724617184181],[-34.901862281955459,-8.0472623135095986],[-34.90180876928958,-8.0465951542346943],[-34.901795070740334,-8.046424370798178],[-34.901744852280721,-8.0457982817094305],[-34.901913615325455,-8.0454376081158436],[-34.901990492119118,-8.0452733104045979],[-34.902036985679864,-8.0451739464257734],[-34.902221740087739,-8.0447790935531192],[-34.902492887963298,-8.0441996042718582],[-34.902726835570377,-8.0436996168556991],[-34.90339532545034,-8.0422709287216776],[-34.903461581648642,-8.0416102359615333],[-34.903652780386544,-8.0397036574651519],[-34.903667086802614,-8.0395609930050025],[-34.904093941332718,-8.0385488726263308],[-34.904235889083608,-8.0382122957073943],[-34.904275974434668,-8.0381172485504297],[-34.904362496730414,-8.0379120928235608],[-34.905943447826708,-8.036424442640385],[-34.906125833120647,-8.0363738938377942],[-34.906284636735577,-8.0363298804586361],[-34.907207466821433,-8.0360741091919561],[-34.908081562368054,-8.0358318440084009],[-34.91014568910515,-8.036418762043688],[-34.910288575701351,-8.0364593903665646],[-34.911200104323314,-8.0368605745329749],[-34.911262272188146,-8.0368879354276661],[-34.912464302796842,-8.0385997011262091],[-34.912518842600285,-8.0386773669514575],[-34.913281333302329,-8.0395832859439],[-34.914862390540115,-8.0414617268092456],[-34.914927609904886,-8.0414899035358918],[-34.916160624149121,-8.0420226017027492],[-34.916874571889068,-8.0418140181198279],[-34.917481318441531,-8.0416367534240827],[-34.917612231690534,-8.0415985052207368],[-34.917952465896626,-8.0415343302410029],[-34.918603210810701,-8.0414115852072463],[-34.918725144077463,-8.0413885858751968],[-34.919131945171287,-8.0410004147444418],[-34.920157735077566,-8.0400215953692502],[-34.92070703933225,-8.0394974408823199],[-34.921106633902887,-8.0391886934160173],[-34.921539680261439,-8.0388540994473612],[-34.921754918924144,-8.0386877942378856],[-34.922560001927451,-8.0380657408008886],[-34.922697090740577,-8.0379598178872467],[-34.923025530067335,-8.0377060462780108],[-34.923186455857589,-8.0375817044816777],[-34.924066662478673,-8.0369016003958862],[-34.924068223248128,-8.0369003952091784],[-34.92464479225147,-8.036454897820029],[-34.92470563756666,-8.0364078838419832],[-34.924747700701417,-8.0362049522932253],[-34.924996576934362,-8.0350042682230907],[-34.924997977306269,-8.034997515569664],[-34.925427064546717,-8.0329274122080303],[-34.925475174856984,-8.0326953073227365],[-34.925544552878939,-8.0323605969332572],[-34.925583806079992,-8.0321712214302767],[-34.925586195266888,-8.0321596934246298],[-34.925627883876423,-8.0319370398315932],[-34.925655546484244,-8.0317892917984537],[-34.926604822494454,-8.0306940349114715],[-34.927523753003847,-8.0296337823754182],[-34.927550153178395,-8.0296033220689793],[-34.927663920613575,-8.0294720584348038],[-34.927979410548971,-8.0291080469623051],[-34.928334779240267,-8.0286980235341705],[-34.928384500894197,-8.028641321172806],[-34.928859286328091,-8.0280998716873544],[-34.928882598082033,-8.0280732870512139],[-34.928891532149734,-8.0280630989205495],[-34.929368384024784,-8.0275192916192832],[-34.929376064067682,-8.0275105323510338],[-34.929513388267047,-8.0273539257479971],[-34.929712842716476,-8.0266051274678318],[-34.929999560861908,-8.0255287188835887],[-34.930019224598055,-8.0254548962354963],[-34.930561269741467,-8.0234199132017832],[-34.930708757090038,-8.0228680447459677],[-34.930718876292318,-8.0228564741728228],[-34.931227329054089,-8.0222750669032514],[-34.930855253289778,-8.0220024784266108],[-34.930830493709138,-8.0219843407095173],[-34.930505883359942,-8.0217465261883589],[-34.930520431477348,-8.0217230519251039],[-34.930541379800431,-8.0217133155489506],[-34.930566584244815,-8.0216462166450899],[-34.930588102006482,-8.0216024298812485],[-34.930588729284452,-8.0216004307808273],[-34.930718768182722,-8.0214893488338781],[-34.930768956775154,-8.0214464763390545],[-34.930776124894891,-8.021440352996029],[-34.930778648867175,-8.0214381967365718],[-34.930779861170116,-8.021437161330514],[-34.93067343613798,-8.0214012530355845],[-34.93064166969932,-8.0213905352044179],[-34.930642524465746,-8.021387539669913],[-34.930622715865816,-8.0213808566320406],[-34.930240877332487,-8.0212520239265395],[-34.930115253335877,-8.0212096365750067],[-34.930085391470691,-8.0212017729182872],[-34.930448945590989,-8.020024544065306],[-34.930491153845431,-8.0200400072107474],[-34.93059016390535,-8.0198116120505727],[-34.93059084360933,-8.0197863142324302],[-34.930587570679869,-8.0197612175621291],[-34.93058042419095,-8.0197369337158886],[-34.93056957743925,-8.0197140522307588],[-34.930555295167665,-8.0196931287649225],[-34.930500982746089,-8.019664895581931],[-34.930495221899463,-8.0196613217223689],[-34.930192588252446,-8.0194642261849207],[-34.930074500256531,-8.0193839793917174],[-34.930069853351966,-8.0193808215954103],[-34.930045480536378,-8.0193642595528178],[-34.929899658800601,-8.0192619426025775],[-34.929898795315765,-8.019261167350404],[-34.929895760625918,-8.0192392653923967],[-34.92986388806851,-8.0190092550865639],[-34.929762616089199,-8.0188494201596754],[-34.929758840300764,-8.0188434611204435],[-34.929757922855146,-8.0188420135011835],[-34.929703267934144,-8.0187649626316038],[-34.929701743121086,-8.0187628126920973],[-34.92970056709855,-8.0187611547343778],[-34.929609690169784,-8.0186330360334068],[-34.929587723799678,-8.0185980352546498],[-34.929587385671461,-8.0185974962117204],[-34.929509787395446,-8.0184738509292384],[-34.929365460407503,-8.0182438835711096],[-34.929352530278329,-8.0182232809720215],[-34.929347095583829,-8.0182146211367531],[-34.929334162714497,-8.0181940140291701],[-34.929196277880962,-8.018088838850133],[-34.929022054524914,-8.0179559444685466],[-34.928990877130154,-8.0179321627422055],[-34.928906331986191,-8.0178676734309455],[-34.928910759247827,-8.0178636838830641],[-34.928883803665045,-8.0178431234276619],[-34.928879316983341,-8.0178397008760882],[-34.928961946451594,-8.0177565609602066],[-34.929170655335398,-8.0175465634853733],[-34.930520502185907,-8.0162100427855574],[-34.93060459439814,-8.0162733532127248],[-34.930607130263219,-8.0162752624536484],[-34.931748212470474,-8.0171343412229401],[-34.931765924444534,-8.0171359505684041],[-34.933284437437564,-8.0172739051360136],[-34.933542969083,-8.0144925891706666]],[[-34.892813803720045,-8.0797388155381906],[-34.892766623396859,-8.0798000065483517],[-34.893917976281735,-8.0802354474395717],[-34.894031033814002,-8.0802782053588977],[-34.894080328939481,-8.080296848636964],[-34.894345356749056,-8.0803970813686448],[-34.894842084813945,-8.0804112653415956],[-34.895023781440514,-8.0804164533878513],[-34.895931621111352,-8.0804423745801479],[-34.89890879276998,-8.0809057394936215],[-34.899873180934812,-8.0810558316192846],[-34.900319594581717,-8.0804220047479465],[-34.900572866401248,-8.0790767581564733],[-34.900577524871025,-8.0790520092651423],[-34.900591364017998,-8.0790564273256233],[-34.900967787464992,-8.0791766032526109],[-34.901017367038165,-8.0790478708866491],[-34.901129127175921,-8.0790898272520444],[-34.901647722582226,-8.0792641200058704],[-34.901653753130141,-8.0791800098141699],[-34.901820517101363,-8.0786350048057205],[-34.901864949006018,-8.0784171007902472],[-34.901867778141579,-8.0784063960995205],[-34.901843113484489,-8.0783975776878982],[-34.902040620175725,-8.0776114091772069],[-34.902045562675191,-8.0775917371324564],[-34.902046185116433,-8.0775894433241469],[-34.902156948584789,-8.077181304712111],[-34.902282155146388,-8.0768035462119396],[-34.902456631086785,-8.076273211038723],[-34.902461912984492,-8.0762557026650388],[-34.902546573026243,-8.0760044430811355],[-34.902563123862961,-8.0758950297004279],[-34.902571499578016,-8.0757689462266988],[-34.90256922107487,-8.0757416756108551],[-34.902793816321193,-8.0754178346827086],[-34.90280630761783,-8.0752694684553781],[-34.902898598470777,-8.0741732478716841],[-34.902806537811905,-8.0739807032140671],[-34.902029747413927,-8.0723560436794397],[-34.900560886944696,-8.0692943202915579],[-34.900551768281147,-8.0692954194825219],[-34.900551287114816,-8.0692943648570559],[-34.900420816210413,-8.0693100865935783],[-34.898652673358725,-8.0695231423883946],[-34.898646070318669,-8.0695225356410578],[-34.898644135297488,-8.0695232841462357],[-34.896609074608861,-8.0693362675746503],[-34.896544407767088,-8.0693586337697472],[-34.895063043441937,-8.0698709902477503],[-34.892722246115135,-8.0710944301922218],[-34.891035565894235,-8.071968377928787],[-34.889204360897239,-8.0723469179121565],[-34.888052345096213,-8.0722413817693059],[-34.888050901478124,-8.0722403252343078],[-34.887917948662604,-8.0721430631544191],[-34.887717103957513,-8.0719650319778715],[-34.887649339413329,-8.0718827814552316],[-34.887639246774668,-8.0718408010542806],[-34.887720875479118,-8.0715943753381705],[-34.887721373840705,-8.0715917150516265],[-34.88772270198556,-8.0715757185063683],[-34.887721224440568,-8.0715597358056641],[-34.887716982457682,-8.0715442504405637],[-34.887710108860837,-8.0715297355350089],[-34.887700810701581,-8.071516630419616],[-34.887692394875963,-8.0715079530226461],[-34.887492800506166,-8.0712552526165329],[-34.887253212024753,-8.0709369015132282],[-34.887014895684764,-8.0706107204251811],[-34.886763387628193,-8.0702611309471397],[-34.886552842823619,-8.0699621028664055],[-34.886514478891385,-8.0699076163821406],[-34.886390642430847,-8.06972303271532],[-34.886340523150061,-8.0696359025710329],[-34.886289022358255,-8.069533131896927],[-34.886242754692859,-8.0694303361947952],[-34.886202968632936,-8.0693144720006682],[-34.886180220183412,-8.0692050495163681],[-34.886166949508315,-8.0691646893096891],[-34.886145618892762,-8.069078730162893],[-34.88613859473795,-8.0690475718167818],[-34.88607947848125,-8.0687853268907102],[-34.885989102816936,-8.0684119709259239],[-34.885933368177774,-8.0681817183508198],[-34.885906913854889,-8.0680882346122154],[-34.885795072806907,-8.0678638357435748],[-34.885482002841755,-8.0680775162803187],[-34.885334449132856,-8.0675457963056871],[-34.885049877816364,-8.0672647878399815],[-34.884588375224268,-8.0668090618439496],[-34.882532748749185,-8.0660280211802871],[-34.882356472864295,-8.0659610443375858],[-34.881223642593625,-8.0647708732767676],[-34.881126705138783,-8.0646690289094778],[-34.881074439843417,-8.0646141181636324],[-34.880854167710787,-8.0643826948432444],[-34.880617793417905,-8.0641343539605508],[-34.880516190206244,-8.0639712982630272],[-34.880512249500988,-8.0639649760290837],[-34.880512067626526,-8.0639646821333972],[-34.880511891244801,-8.0639643990614651],[-34.880273941663368,-8.0635825367733531],[-34.880084499172888,-8.0632785181993842],[-34.879352498602138,-8.0621637458976156],[-34.879276689918726,-8.0620554292439923],[-34.879257342366849,-8.0620277852566939],[-34.878888948651877,-8.0615014200134123],[-34.878575927387416,-8.0610541679874554],[-34.878440889782716,-8.0608612237974668],[-34.878275188483506,-8.0606244662786164],[-34.878205930178865,-8.0605878085114853],[-34.877988614625465,-8.0604727843335926],[-34.877870358905149,-8.0604101922782387],[-34.877779268550697,-8.0603619790168484],[-34.877721964376036,-8.0603316482989396],[-34.876722150537354,-8.0598024496359812],[-34.876719647153827,-8.0598011239589678],[-34.876700545808724,-8.0597910142617142],[-34.876527395900915,-8.059864640916734],[-34.876271537135032,-8.0599734370949943],[-34.875590608804806,-8.0602629792778089],[-34.876019721777737,-8.0611079230712033],[-34.87616610221793,-8.0614022780697177],[-34.876297889140851,-8.0616672863279959],[-34.876413542449882,-8.0618998539196856],[-34.876463117734865,-8.0619995416961903],[-34.876492116709457,-8.0620578551867172],[-34.876895484745674,-8.0628689784831593],[-34.876933771789012,-8.0629459684084832],[-34.876948213712936,-8.0630344183310303],[-34.876999004606105,-8.0633454814006917],[-34.877001090935501,-8.0633582564834274],[-34.877036804839506,-8.0640095589506107],[-34.877007849934358,-8.0641876043455252],[-34.877004768766675,-8.0642065517738111],[-34.876930781824981,-8.0646615117391569],[-34.876924297800691,-8.0651026047780761],[-34.876922482019829,-8.0652261542613175],[-34.876881923376779,-8.0654203636045079],[-34.87681580689371,-8.0657369591864398],[-34.876817359652364,-8.0660735431642756],[-34.876814257573542,-8.0660983798887749],[-34.876754104951871,-8.0665800455110492],[-34.876733240786017,-8.0667471108342106],[-34.87661472459866,-8.0670451398362051],[-34.876523414877596,-8.0672747542321925],[-34.876453218447772,-8.0674512754170369],[-34.876679837649881,-8.0680080291304535],[-34.876239353577624,-8.0682715448346016],[-34.875797279424425,-8.0685360113374944],[-34.875874989255038,-8.0685491162124716],[-34.876022142622162,-8.0693763284425817],[-34.876657424427961,-8.070372588752166],[-34.876798353081895,-8.0706776058919907],[-34.876946993479876,-8.0709993122000458],[-34.877429170189416,-8.0711867846574243],[-34.877968356915353,-8.0713964224447423],[-34.879172302527095,-8.0718645170918855],[-34.879398854032502,-8.0719525993906203],[-34.880061602244169,-8.0722102735452417],[-34.880276319129045,-8.0722937545216453],[-34.880307674420735,-8.0723059448417018],[-34.882294686700313,-8.0730784775632358],[-34.883671627711571,-8.0736138118177205],[-34.891558868736986,-8.0766801275769637],[-34.8916651274928,-8.0767214360997581],[-34.891823668673517,-8.0767830704923576],[-34.891999584201081,-8.0778008394350227],[-34.892093664724719,-8.0783451465023681],[-34.892235189971615,-8.0791639434498261],[-34.892128236928187,-8.0792876484160985],[-34.89221083084346,-8.079342002537425],[-34.89219527881216,-8.0793910844095791],[-34.892188078036042,-8.0794458287332187],[-34.892189594680225,-8.0794802696841153],[-34.892197241403998,-8.0795214366116692],[-34.892209670167325,-8.0795706873453046],[-34.892231540272576,-8.0796097624178458],[-34.892256095700212,-8.0796434214050858],[-34.89229072371824,-8.0796709665281998],[-34.892317677968279,-8.0796945701358744],[-34.892402004932329,-8.0797349690095146],[-34.892483127739673,-8.0797862415348281],[-34.89251796897473,-8.0798455195751515],[-34.892534524247907,-8.0799075845289519],[-34.892540951124317,-8.0799778013925021],[-34.892545294769803,-8.08003722058797],[-34.892545180588726,-8.0800794866126235],[-34.892546318364808,-8.0800760286845517],[-34.892580596354271,-8.0799768702154573],[-34.892601951564345,-8.0799223822287747],[-34.892633065220757,-8.0798669802560301],[-34.892675720131628,-8.0798305764260423],[-34.892742694209652,-8.0797816063897816],[-34.892813803720045,-8.0797388155381906]]]},"properties":{"TIPO_ZAN":"ORLA","SHAPE_LENG":111391.050363,"COEF_MIN":0.10000000000000001,"COEF_BASIC":1,"COEF_MAXIM":1,"OBJECTID":3,"DB2GSE.ST_Area(SHAPE)":16649915.6861056,"DB2GSE.SdeLength(SHAPE)":111391.05087084687}},{"type":"Feature","id":4,"geometry":{"type":"Polygon","coordinates":[[[-34.955355139499126,-8.0594955427993522],[-34.955323830910295,-8.0595912576845645],[-34.955234348062291,-8.0598648349620685],[-34.955085634813855,-8.0600689993725414],[-34.954918575966651,-8.0602325602693359],[-34.954620374546558,-8.0603530632216511],[-34.954324982382985,-8.0603710249829632],[-34.954066331792163,-8.0603541774279961],[-34.953605128463998,-8.0605388123109254],[-34.952907393358551,-8.0612597864885576],[-34.951676192851501,-8.0616075710859629],[-34.950686960982161,-8.062059404408954],[-34.949840659202231,-8.0622887389157967],[-34.949519238610193,-8.0622475883310418],[-34.949028271573646,-8.062307783022133],[-34.948757436502696,-8.0630125642224399],[-34.947920802745877,-8.0646275638098111],[-34.944903388399837,-8.0630511197009849],[-34.944431844977515,-8.0642629482327646],[-34.944368788399721,-8.0648806948580667],[-34.944375310045849,-8.0651843248793718],[-34.944452598137048,-8.065416768634087],[-34.944667053070255,-8.0656637400752498],[-34.944891110988308,-8.0657942694834013],[-34.945426085498774,-8.0660202449937373],[-34.945868114326274,-8.0662146579888425],[-34.946235242989104,-8.0665318525244221],[-34.946480428328847,-8.0668292941961006],[-34.947386048748825,-8.0682522079782526],[-34.947595397053647,-8.0684890760501755],[-34.947921643328094,-8.068750692069969],[-34.948471086827354,-8.068960646040896],[-34.949406472511143,-8.0692483266912696],[-34.951389764649022,-8.0698581760170303],[-34.953924177220124,-8.0706402974035711],[-34.954027206309746,-8.0706720916864114],[-34.953989804291531,-8.0709603374206509],[-34.950742644333587,-8.0700021819606249],[-34.949177523998017,-8.0695403425040269],[-34.949005239900863,-8.0694895037532604],[-34.94858131582577,-8.069364410126326],[-34.948415421356792,-8.0693154563534826],[-34.948404522597926,-8.0693114761761358],[-34.947594145009035,-8.069015575513264],[-34.947530945196128,-8.0689924984054269],[-34.946200582678742,-8.0685067253212157],[-34.946104107391555,-8.06846227622718],[-34.943173793763151,-8.0671121697685013],[-34.942195021458417,-8.0666612054010329],[-34.943247961378447,-8.0651621873232457],[-34.944588585661663,-8.0633634151399072],[-34.944644968537695,-8.0632877634013127],[-34.944796559482583,-8.0628508538668591],[-34.945199109562203,-8.0616906478102166],[-34.945445903204885,-8.0609793506294043],[-34.945484994362189,-8.0609417211711563],[-34.945553833596534,-8.0609413943605066],[-34.945553507108215,-8.0608730823948225],[-34.945553180622746,-8.0608047704288861],[-34.945622018924077,-8.0608044436165951],[-34.945621692425618,-8.0607361307492145],[-34.94569053161959,-8.0607358039238761],[-34.945690205116769,-8.0606674919630645],[-34.945689878616818,-8.0605991800020291],[-34.945758716877776,-8.0605988531750707],[-34.945758063859053,-8.0604622283538507],[-34.9457903219851,-8.0601539800474296],[-34.94590583807998,-8.0596537397020622],[-34.945931133515856,-8.0595808346797995],[-34.945944028492889,-8.0595770424512096],[-34.94596710194844,-8.0595702565081897],[-34.946002924550314,-8.0595597224205555],[-34.946103377810516,-8.0595301803230157],[-34.947062544197614,-8.0592480977395677],[-34.949197646354449,-8.0586201759948661],[-34.950302590604522,-8.0582952126353469],[-34.954429952375989,-8.0570813297153059],[-34.954618025983329,-8.0570260151112159],[-34.954620788624077,-8.057025201861725],[-34.955189793975009,-8.0590660891369392],[-34.955312983138072,-8.0595079367433051],[-34.955355139499126,-8.0594955427993522]]]},"properties":{"TIPO_ZAN":"ORLA","SHAPE_LENG":6619.9016718599996,"COEF_MIN":0.10000000000000001,"COEF_BASIC":1,"COEF_MAXIM":1,"OBJECTID":4,"DB2GSE.ST_Area(SHAPE)":625062.27832618996,"DB2GSE.SdeLength(SHAPE)":6619.9017827404832}},{"type":"Feature","id":5,"geometry":{"type":"Polygon","coordinates":[[[-34.951918313748635,-8.0778848995181143],[-34.951928811903528,-8.0788891460538768],[-34.951948859378405,-8.0789010913258696],[-34.952226525708149,-8.0790665402676396],[-34.953303625347353,-8.0797002606748283],[-34.954456083132946,-8.0803783130866353],[-34.954544993868453,-8.0804336756321131],[-34.954573728522284,-8.0804515675882396],[-34.954694763824897,-8.0805197305412264],[-34.954771925345327,-8.0805482720020425],[-34.954827781599015,-8.0805689326187391],[-34.954898118386957,-8.0804929803496499],[-34.954979056132522,-8.0804702517198184],[-34.955303020328678,-8.0804240201551494],[-34.955446118688229,-8.0804181790947371],[-34.956530411782701,-8.0803440574780812],[-34.956848880778324,-8.0805720396936564],[-34.957042332170722,-8.0805364789647118],[-34.957160766266611,-8.0803874765168633],[-34.957284570209652,-8.0803225612795533],[-34.957448829619103,-8.0804108365259868],[-34.957787450548615,-8.0805697638301073],[-34.958134869454916,-8.0806005170946289],[-34.958709684527747,-8.0803751109594462],[-34.959277389864333,-8.0799995038705603],[-34.959824293344163,-8.0799309040516274],[-34.960127978723676,-8.0801278019015168],[-34.960483270652375,-8.0807038043141191],[-34.961253732058012,-8.0809651027766396],[-34.961446595618973,-8.0805903463443887],[-34.961388544234758,-8.080368217593028],[-34.961339257944573,-8.0799946228694601],[-34.961366467101435,-8.0797294966796667],[-34.961493430109755,-8.0794733554548746],[-34.96198942615316,-8.0794285004029938],[-34.962066988246114,-8.0794214862498528],[-34.963040643043804,-8.079333432584475],[-34.96325970171813,-8.0793174895309701],[-34.965356306676988,-8.0791626883642422],[-34.965382367341405,-8.0791494572742852],[-34.967821363309533,-8.0789532810058802],[-34.969589344981188,-8.0787993703398069],[-34.969598374984407,-8.0787989507672293],[-34.970651562231197,-8.0787500571528863],[-34.972258457934466,-8.0795466343895832],[-34.972234423398476,-8.0795896177947348],[-34.972167439882654,-8.0796342240782657],[-34.972028610497269,-8.0797114355194477],[-34.971957039919516,-8.0798265134574638],[-34.971831222103809,-8.0800855302318553],[-34.971790165962155,-8.0801582814845805],[-34.971782282743249,-8.0801665923185357],[-34.971781502353274,-8.0801736339868313],[-34.971683687052582,-8.0803469624478677],[-34.971583420480158,-8.0804574759720413],[-34.971487907695519,-8.0805583973585939],[-34.971412605312736,-8.0807148293226785],[-34.971407120015883,-8.0807262230993402],[-34.971338006982471,-8.0808270171686782],[-34.971331079279402,-8.0809092037788108],[-34.971313832934108,-8.0809414443426757],[-34.97131037205331,-8.0809701641175185],[-34.971305079577974,-8.0809923149715264],[-34.971306387068523,-8.0810144340000694],[-34.971316105800156,-8.0810389045431759],[-34.971326381477482,-8.0810544025727253],[-34.971359370276495,-8.0810740174341014],[-34.971356857774644,-8.0810789140466994],[-34.971371996478481,-8.08109235997102],[-34.971395018457272,-8.0811998850671998],[-34.971369234078864,-8.0813267821208665],[-34.97135390327599,-8.0813415927131889],[-34.971213000674403,-8.0814777118744452],[-34.971190068555075,-8.0814998655225061],[-34.971162679678706,-8.0814360444004159],[-34.970959529144032,-8.081401153660142],[-34.970942367745842,-8.0813982060794149],[-34.971049603559521,-8.0811295117709818],[-34.971056187107123,-8.0811130166588576],[-34.970971849558204,-8.0810440567272011],[-34.970839396510534,-8.0809514097909041],[-34.97049240171269,-8.0806612275408867],[-34.970421799655888,-8.0806030858240732],[-34.97038045901386,-8.0805690411394515],[-34.970231078296699,-8.0804460240098024],[-34.970083300465042,-8.0806774910432004],[-34.970079675086176,-8.080683168675808],[-34.97004674285018,-8.0806882850984376],[-34.969606117666409,-8.0807567353971059],[-34.969437509112552,-8.0807857834107004],[-34.969217069885218,-8.0808237606671867],[-34.969105908539611,-8.0808429101884514],[-34.969056082983919,-8.0808584645345363],[-34.968791870943122,-8.0809409420134077],[-34.968439496825077,-8.0810509414285434],[-34.968009754958175,-8.0811388477536941],[-34.967985406446076,-8.0811424337546249],[-34.967686985067395,-8.0811863879754586],[-34.966748954129663,-8.0813245474792517],[-34.966723633426469,-8.081326878764429],[-34.965746711249388,-8.081416812942015],[-34.964767533211294,-8.0815270341922734],[-34.964271070249282,-8.0815829183244805],[-34.961946460225406,-8.0818936271148605],[-34.960304874801437,-8.0820997434834627],[-34.959961568822024,-8.0821567802946568],[-34.959638616804632,-8.082243933188856],[-34.958809204160772,-8.0825656627726179],[-34.958410128251728,-8.0827629148346851],[-34.95818497382627,-8.0828742025314479],[-34.957742466375322,-8.0831646156835752],[-34.957309838724889,-8.0835030282743361],[-34.956992592985337,-8.0837544011136764],[-34.956223093567303,-8.0842770125606851],[-34.955896243005078,-8.0845380407857625],[-34.955194099064151,-8.0849793073449092],[-34.954997082693815,-8.085103123856813],[-34.954558859226047,-8.0853787068147884],[-34.954470966620249,-8.0852618918752199],[-34.954260918733318,-8.0849827209738301],[-34.954127397969323,-8.0848052612453589],[-34.954126774412074,-8.0848044325077506],[-34.954123147192355,-8.084799612319479],[-34.953751922593703,-8.0850341035166711],[-34.953408953338112,-8.0845828907256596],[-34.953319752869014,-8.0844072076446096],[-34.953361477090233,-8.0838975480630069],[-34.953420894391023,-8.0831299300427375],[-34.953403216039966,-8.083035602562294],[-34.953399810350597,-8.0830174321964776],[-34.953394984830105,-8.0829916827874531],[-34.953508217929325,-8.0829156657142018],[-34.953854650535945,-8.08277563779912],[-34.953824070679268,-8.0826785957115597],[-34.953502904886491,-8.0823427734562756],[-34.953175197156568,-8.0820542111267279],[-34.953055176186965,-8.0818739613963384],[-34.952894236887253,-8.0816318327291974],[-34.952761686270563,-8.0813801228918152],[-34.952559362765214,-8.0809789587932741],[-34.952391426544132,-8.0806896332074913],[-34.952266398573499,-8.080361340804874],[-34.952262004936678,-8.0802038790943147],[-34.952237340333227,-8.0800746037308127],[-34.952212744862656,-8.0799597041427269],[-34.952168869307101,-8.0798353137345114],[-34.952124970742176,-8.0797061292776071],[-34.952061976394752,-8.0796057909130319],[-34.951965368598948,-8.0795151976769066],[-34.951902466454669,-8.0794340281883557],[-34.951784311657271,-8.0792267053669313],[-34.951761384629066,-8.0790944455115721],[-34.951750547079392,-8.0788405023187639],[-34.951812162755871,-8.0788538990748933],[-34.951915734692804,-8.0788772009585657],[-34.951927918610068,-8.0788799417214499],[-34.951928095688707,-8.0788799815581758],[-34.951918313748635,-8.0778848995181143]]]},"properties":{"TIPO_ZAN":"ORLA","SHAPE_LENG":6039.6561666899997,"COEF_MIN":0.10000000000000001,"COEF_BASIC":1,"COEF_MAXIM":1,"OBJECTID":5,"DB2GSE.ST_Area(SHAPE)":618706.01127887506,"DB2GSE.SdeLength(SHAPE)":6039.6563138148649}},{"type":"Feature","id":6,"geometry":{"type":"Polygon","coordinates":[[[-34.960284881602192,-8.0951193633325627],[-34.960287172556782,-8.0950502348975366],[-34.960300844738029,-8.0950501692269885],[-34.960379853469973,-8.0950497897213776],[-34.960382100434728,-8.0950593481851492],[-34.960579475048185,-8.095899060749943],[-34.960588406483559,-8.0959370580029049],[-34.960593936880258,-8.0959605861747619],[-34.960862343192289,-8.0957180536969791],[-34.960891357533008,-8.0956918363701824],[-34.960895766447088,-8.095696186214079],[-34.96095300943184,-8.0957526649176454],[-34.96099776398939,-8.0957968209985705],[-34.961047610844858,-8.0958825076580769],[-34.961255810347041,-8.0962403978747286],[-34.961259348626143,-8.0962464795150861],[-34.961263412064817,-8.0962564812560274],[-34.961305070179534,-8.0963590286647769],[-34.961324545755772,-8.0964373821222555],[-34.961324412740822,-8.0964575075702303],[-34.961323219898382,-8.0966385841464952],[-34.961312234231428,-8.0967532744995854],[-34.961311010636756,-8.096766050833633],[-34.961302710238506,-8.0969195612680949],[-34.961346984772355,-8.0969070462877291],[-34.9613466516033,-8.0969098070156882],[-34.961341206943338,-8.0969549872140778],[-34.961380161642722,-8.096942220261381],[-34.961603579633667,-8.0968690988719505],[-34.961695259181042,-8.0968434978143637],[-34.961799578006925,-8.0968212677005926],[-34.961872952626784,-8.0968071916082582],[-34.961949787304391,-8.0967965296930391],[-34.962031272037343,-8.0967984250996832],[-34.96212427622627,-8.0968094139648521],[-34.962177421980876,-8.0968258071687007],[-34.962106980627077,-8.0970891523767925],[-34.962095592977718,-8.0971604905668411],[-34.962093919254954,-8.0971709755166827],[-34.962163205637864,-8.0974216621358952],[-34.96217424123644,-8.0974615892559214],[-34.962177939345999,-8.0974830622706211],[-34.962193484116291,-8.0975733244472554],[-34.962175595013356,-8.0977411520851508],[-34.962171614224836,-8.0977502875530067],[-34.962073863719816,-8.0979746165526265],[-34.962048485695703,-8.098055448438167],[-34.962009399773777,-8.0981799453093544],[-34.961998257761643,-8.0982598598397111],[-34.961995087586999,-8.0982825935713691],[-34.961987356813495,-8.098338039265478],[-34.961990937246313,-8.0984429248559753],[-34.961992142392582,-8.0984782353206324],[-34.961978759810769,-8.0985619160035416],[-34.961980474908977,-8.098583578459813],[-34.961982883735963,-8.0986139949996954],[-34.962002531039055,-8.0986925229185989],[-34.962014812798834,-8.0987166495881695],[-34.960783414030864,-8.0986684996446883],[-34.960284881602192,-8.0951193633325627]]]},"properties":{"TIPO_ZAN":"ORLA","SHAPE_LENG":1169.08780222,"COEF_MIN":0.10000000000000001,"COEF_BASIC":1,"COEF_MAXIM":1,"OBJECTID":6,"DB2GSE.ST_Area(SHAPE)":43372.029664895002,"DB2GSE.SdeLength(SHAPE)":1169.0878946219675}},{"type":"Feature","id":7,"geometry":{"type":"Polygon","coordinates":[[[-34.88931162486292,-8.0981263556385361],[-34.889699781513691,-8.097736238528304],[-34.889783797553839,-8.0975776081539284],[-34.889845665439331,-8.0974607925958697],[-34.890061520482234,-8.0973391936055652],[-34.890542151123221,-8.0970244525476325],[-34.890803672927042,-8.096861923040878],[-34.890805131557755,-8.0968521748736872],[-34.890977140360263,-8.0967866785600933],[-34.890972520894479,-8.0968006597885047],[-34.890958784513629,-8.0968448395896822],[-34.8909400798332,-8.0969170922438352],[-34.890937431323323,-8.0969284696434958],[-34.890918325188423,-8.0970105360838467],[-34.890902680302482,-8.0971092006698289],[-34.890886559336437,-8.097239208124785],[-34.890867587641402,-8.0974714028218404],[-34.890863153085931,-8.0975759479977363],[-34.890856604529631,-8.0979143085025083],[-34.890843929218818,-8.0980766170550211],[-34.89083006572222,-8.0982267270075994],[-34.890821720743332,-8.0983719953771214],[-34.890814662747715,-8.0984514890430042],[-34.890805137753148,-8.0985324623607777],[-34.89079015863517,-8.0986320758605554],[-34.890769584842872,-8.0987287661987626],[-34.890761536712084,-8.0987934023672636],[-34.890724130463724,-8.0988894140108822],[-34.890724278906212,-8.0988897306531982],[-34.89043310959643,-8.0993393575528998],[-34.890381720087355,-8.0993883832138298],[-34.890306830056886,-8.0994545794804882],[-34.890195829384453,-8.0995385011151644],[-34.890091076744483,-8.0996296706803523],[-34.889870202090918,-8.0997956127862132],[-34.889865486194644,-8.0997988522399798],[-34.889860772108413,-8.0998020907812318],[-34.889856061642348,-8.0998053274975224],[-34.889851353897726,-8.0998085642011901],[-34.889846649773283,-8.0998117990798733],[-34.889841948370268,-8.0998150339459176],[-34.889837250595868,-8.0998182687951061],[-34.889832557361466,-8.0998215045273074],[-34.889827866844293,-8.0998247393427949],[-34.889823180871332,-8.0998279759453595],[-34.889818499434149,-8.0998312125268566],[-34.889813822536972,-8.0998344499913628],[-34.889809150188235,-8.0998376901469857],[-34.889804482375276,-8.0998409302815642],[-34.889799820022155,-8.0998441740070977],[-34.889795162209019,-8.0998474186156386],[-34.889790510758679,-8.0998506659068834],[-34.889785863856773,-8.0998539158892608],[-34.889781223317641,-8.0998571685543421],[-34.889776588238334,-8.0998604248103909],[-34.889771959526051,-8.0998636846532115],[-34.889767337176536,-8.0998669471787483],[-34.889762721198231,-8.0998702141950893],[-34.889758111591156,-8.0998734857022647],[-34.889753508351085,-8.099876760796203],[-34.889748913300785,-8.0998800412766236],[-34.889744324621709,-8.0998833262478733],[-34.889739743221021,-8.0998866157057385],[-34.88973517001434,-8.0998899114541327],[-34.889730604086047,-8.0998932116891496],[-34.889726046351754,-8.0998965182147042],[-34.889721496811461,-8.0998998310307844],[-34.889716955465175,-8.0999031501373846],[-34.889712423220047,-8.0999064755303305],[-34.889707899168926,-8.0999098072138125],[-34.889703383316025,-8.0999131460918576],[-34.889698877479908,-8.0999164930601708],[-34.889694380744963,-8.0999198463147941],[-34.889689894026802,-8.0999232076596677],[-34.889685416414018,-8.0999265761949264],[-34.889680948822253,-8.0999299537244696],[-34.889676491247251,-8.0999333393442772],[-34.889672043689046,-8.0999367330543084],[-34.88966760705901,-8.0999401357544407],[-34.889663181357143,-8.0999435474446635],[-34.889658766583445,-8.0999469681249785],[-34.889654362737929,-8.0999503977953982],[-34.889649969824809,-8.0999538373599655],[-34.889645588751243,-8.0999572868144867],[-34.889641219517237,-8.0999607461589562],[-34.889636862122806,-8.0999642153933742],[-34.889632517479328,-8.099967695417595],[-34.889628184679616,-8.0999711862358232],[-34.889623864626664,-8.0999746869398059],[-34.889619557328864,-8.0999781993376363],[-34.889615263689223,-8.0999817225210897],[-34.889610982804726,-8.0999852573983819],[-34.88960671558258,-8.0999888039653491],[-34.889602462018566,-8.0999923613179288],[-34.889598223028287,-8.0999959312600058],[-34.889593997700359,-8.099999512891765],[-34.889589786946168,-8.1000031071130127],[-34.889585590765719,-8.1000067139237846],[-34.889581410066171,-8.1000103333198741],[-34.889577243940366,-8.1000139653054806],[-34.889573093295475,-8.1000176098763852],[-34.88956895904289,-8.1000212679324761],[-34.889564840275419,-8.100024939477942],[-34.889560736988869,-8.1000286236087149],[-34.889556651006025,-8.1000323221245107],[-34.889552581415465,-8.1000360341254627],[-34.889548528221432,-8.1000397605156564],[-34.889544492326891,-8.1000435003868283],[-34.889540474638991,-8.1000472537347541],[-34.889536473351818,-8.100051022375963],[-34.889532491182699,-8.1000548053937962],[-34.889528526317278,-8.1000586027966524],[-34.889524580574097,-8.1000624154801848],[-34.889520653041814,-8.1000662425445391],[-34.889516744627571,-8.1000700839855213],[-34.889512856246959,-8.1000739416070431],[-34.889508986077239,-8.1000778136093885],[-34.889505136848342,-8.10008170178806],[-34.889501306737486,-8.1000856043433593],[-34.889497497567447,-8.1000895230749723],[-34.889493709338247,-8.1000934579829629],[-34.889489941138493,-8.1000974081673949],[-34.889486194782499,-8.100101373619923],[-34.889482470278743,-8.1001053561486387],[-34.889478766711598,-8.1001093539496178],[-34.889475085899619,-8.1001133679185315],[-34.889471426939878,-8.1001173989636399],[-34.889467790731089,-8.1001214452726291],[-34.889464178188867,-8.1001255086494002],[-34.889460587494661,-8.1001295881983069],[-34.889460493646155,-8.1001296953139725],[-34.889434962462694,-8.1001600286920823],[-34.889381437249462,-8.1002324074006449],[-34.889334444255034,-8.1003091596003518],[-34.889294343637026,-8.1003897013999833],[-34.889261439174057,-8.1004734202385933],[-34.889235981906957,-8.100559677580911],[-34.889218165649147,-8.1006478188828712],[-34.889217324509396,-8.1006594528082232],[-34.889215656251913,-8.1006878665926152],[-34.889214326826945,-8.1007243512989575],[-34.889213043293196,-8.1007621168679318],[-34.88921274303928,-8.1007675689308165],[-34.889212464587111,-8.1007730272212548],[-34.889212207924032,-8.100778489027066],[-34.889211973058465,-8.1007839561563397],[-34.889211759074819,-8.1007894268052123],[-34.889211565977305,-8.1007949018777001],[-34.889211393761698,-8.1008003804697744],[-34.889211241525047,-8.1008058634896809],[-34.889211109263151,-8.1008113500333554],[-34.889210996980196,-8.1008168410048587],[-34.88921090376482,-8.1008223355043505],[-34.889210830524178,-8.1008278335276209],[-34.889210775443942,-8.100833335083065],[-34.889210739431256,-8.1008388401664817],[-34.889210721578984,-8.1008443487820987],[-34.889210721887096,-8.1008498609298805],[-34.889210739448437,-8.1008553766140352],[-34.889210775165949,-8.1008608949263277],[-34.889210828140897,-8.1008664176790504],[-34.889210897453474,-8.1008719421642414],[-34.889210984023478,-8.1008774710898823],[-34.889211086935333,-8.1008830026520453],[-34.889211205281818,-8.1008885368549297],[-34.889211339974374,-8.1008940745984095],[-34.88921149010158,-8.1008996149826089],[-34.889211654756267,-8.1009051580117326],[-34.889211834849831,-8.1009107045856616],[-34.889212029470883,-8.1009162538045096],[-34.889212238619422,-8.1009218056682872],[-34.889212462299668,-8.1009273610810375],[-34.889212698693036,-8.1009329191471391],[-34.889212948706721,-8.100938479862366],[-34.889213212340721,-8.100944043226745],[-34.889213488687851,-8.1009496092444238],[-34.889213776840947,-8.1009551779196585],[-34.889214078614351,-8.1009607492440239],[-34.889214391290778,-8.1009663241341894],[-34.889214715768915,-8.1009719007778127],[-34.889215052057267,-8.1009774809830528],[-34.889215399244385,-8.100983063850018],[-34.88921575641892,-8.1009886484788503],[-34.889216125403621,-8.100994236669294],[-34.889216503472753,-8.1009998275298702],[-34.889216891533515,-8.1010054210564011],[-34.889217289585879,-8.1010110172488705],[-34.889217696718475,-8.1010166152073921],[-34.889218112943936,-8.1010222176442017],[-34.889218537342444,-8.1010278218512806],[-34.889218970825397,-8.1010334287285062],[-34.889219412485602,-8.1010390382800725],[-34.889219861420131,-8.1010446514142576],[-34.889220317620527,-8.1010502663229023],[-34.889220781095219,-8.1010558848141603],[-34.889221251840013,-8.1010615059839832],[-34.889221728040539,-8.1010671298407289],[-34.889222211511161,-8.101072756376027],[-34.889222700441735,-8.1010783865023352],[-34.889223195731006,-8.1010840184073221],[-34.889223695573051,-8.1010896539075237],[-34.889224199967877,-8.1010952930029418],[-34.889224709814229,-8.101100933881261],[-34.889225224213376,-8.1011065783547522],[-34.889225742253906,-8.101112225523627],[-34.88922626394001,-8.101117876291891],[-34.889226789267532,-8.1011235297555242],[-34.889227318240636,-8.101129186818568],[-34.889227849947964,-8.1011348465811555],[-34.889228383482354,-8.1011405090474948],[-34.889228919755148,-8.1011461751174565],[-34.889229457859187,-8.1011518447952398],[-34.889229996883103,-8.101157517180976],[-34.889230537738264,-8.1011631931745249],[-34.889231079517501,-8.1011688727800966],[-34.889231622220819,-8.1011745559976873],[-34.889242616580283,-8.1013324931850121],[-34.889280955739537,-8.1016718908871486],[-34.889353397053071,-8.1023131849115266],[-34.889366838403184,-8.1023513614110545],[-34.889367427903608,-8.1023567677634336],[-34.889369262694416,-8.1023671669793931],[-34.889371975196262,-8.1023772737284538],[-34.88937556186486,-8.1023871061085231],[-34.889379994231845,-8.1023965901172481],[-34.889385239297127,-8.1024056526774331],[-34.889391256824325,-8.1024142252657008],[-34.889398001146589,-8.1024222420961021],[-34.889441275743934,-8.1025862225901353],[-34.889430974104712,-8.102601304195403],[-34.889422029911984,-8.1026172230130822],[-34.889414512457712,-8.1026338584800754],[-34.889408478299643,-8.1026510828597686],[-34.889403973096712,-8.1026687657537355],[-34.889401032512062,-8.1026867731935397],[-34.889399676769898,-8.1027049676660123],[-34.889399632629505,-8.102741978008325],[-34.889401524218002,-8.1027872986835288],[-34.889404647812015,-8.1028394303787881],[-34.889411536796388,-8.1028945877437852],[-34.889428766528852,-8.102975707441546],[-34.889457471631012,-8.1030535617802251],[-34.889501925397902,-8.103151756251691],[-34.889554663742423,-8.1032454787340296],[-34.889615266064574,-8.1033342185617112],[-34.889622520106101,-8.1033287894210115],[-34.889625880318462,-8.1033332481168099],[-34.889629179180254,-8.1033375850467326],[-34.889632498856628,-8.1033419110312472],[-34.889635839339185,-8.1033462242622392],[-34.889639199724947,-8.1033505256479472],[-34.889642580013941,-8.1033548151884123],[-34.889645980206126,-8.1033590928835935],[-34.889649399394351,-8.1033633587377167],[-34.88965283848578,-8.1033676127465561],[-34.889656295670278,-8.1033718558226049],[-34.889659771846596,-8.1033760861535242],[-34.889663267027366,-8.1033803064515002],[-34.889666780292778,-8.1033845140085532],[-34.889670311655493,-8.1033887115368533],[-34.889673860199842,-8.1033928972324922],[-34.889677426837281,-8.1033970719953334],[-34.889681010660603,-8.1034012358295531],[-34.889684611669821,-8.1034053887351742],[-34.889688228957731,-8.1034095307163927],[-34.889691864338715,-8.1034136617648187],[-34.88969551509124,-8.1034177818930253],[-34.889699182126677,-8.1034218920009113],[-34.889702865445038,-8.10342599208842],[-34.889706564134933,-8.1034300812557518],[-34.889710278204788,-8.1034341613109824],[-34.889714008553348,-8.1034382304418333],[-34.889717753370476,-8.1034422895607179],[-34.88972151266038,-8.1034463395717253],[-34.889725287321816,-8.1034503786625294],[-34.889729076460249,-8.1034544095495225],[-34.889732879160071,-8.1034584304287556],[-34.889736696332676,-8.1034624422001258],[-34.889740527973849,-8.1034664439595385],[-34.889744372277647,-8.1034704375235371],[-34.889748230147049,-8.1034744219838526],[-34.889752101586289,-8.1034783982445244],[-34.88975598567972,-8.10348236450168],[-34.889759883347189,-8.103486323463267],[-34.889763792765898,-8.1034902733295731],[-34.889767714851466,-8.1034942159044991],[-34.88977164959546,-8.1034981493799538],[-34.889775596099135,-8.1035020755682527],[-34.889779553455291,-8.1035059944735792],[-34.889783523474108,-8.1035099051834862],[-34.889787504345406,-8.1035138086104332],[-34.889791496972173,-8.1035177038461619],[-34.889795500455641,-8.1035215927029789],[-34.88979951479584,-8.1035254751809038],[-34.889803539081342,-8.1035293503800414],[-34.889807574219354,-8.103533218296235],[-34.889811620214076,-8.1035370798335435],[-34.889815675255363,-8.1035409359043786],[-34.889819740241975,-8.103544784696469],[-34.889823816089525,-8.1035486280136944],[-34.889827900076455,-8.1035524658687113],[-34.889831994012923,-8.1035562973489945],[-34.889836097000192,-8.103560124266906],[-34.889840209029806,-8.1035639448143026],[-34.889844329203036,-8.1035677608035321],[-34.88984845842284,-8.1035715713263077],[-34.889852595786245,-8.1035753772908983],[-34.889856741293272,-8.103579178697327],[-34.889860894943908,-8.1035829755455531],[-34.889865056742373,-8.1035867687396461],[-34.889869225777261,-8.1035905573797695],[-34.889873402048586,-8.1035943414659126],[-34.889877586471961,-8.1035981228019907],[-34.889881777224574,-8.1036018995882593],[-34.889885975222072,-8.1036056736286906],[-34.889890179557248,-8.1036094449274483],[-34.889894391133083,-8.1036132125762812],[-34.889898608139411,-8.1036169774876363],[-34.889902832390611,-8.1036207396531541],[-34.889907062076539,-8.1036244999852372],[-34.889911297192974,-8.1036282575798779],[-34.889915538651323,-8.1036320133369131],[-34.889919785544386,-8.103635767260533],[-34.889924037872177,-8.1036395193507378],[-34.889928294727511,-8.1036432696117462],[-34.889932557021801,-8.1036470189434251],[-34.889936823847847,-8.1036507673499418],[-34.889941096112842,-8.1036545148271131],[-34.889945372002423,-8.1036582613833428],[-34.889949652423759,-8.1036620070144227],[-34.889953936473908,-8.1036657526286113],[-34.889958225064255,-8.1036694991257754],[-34.889962517279187,-8.1036732447019979],[-34.889966813122925,-8.1036769902613361],[-34.889971111692496,-8.1036807367120538],[-34.889975413895101,-8.1036844840499285],[-34.889979719730718,-8.1036882322749832],[-34.889984027385005,-8.1036919813956114],[-34.889988338672303,-8.1036957314034233],[-34.88999354355505,-8.1037002592937597],[-34.890003368830065,-8.1037092608269354],[-34.890448488249319,-8.1040963742743877],[-34.890820073175675,-8.1044195348331343],[-34.890941608690504,-8.1045178913530123],[-34.891100176041192,-8.1046266853530682],[-34.891445557698809,-8.1048421476597525],[-34.891580331090388,-8.1049346166466929],[-34.891706505592566,-8.1050384390636427],[-34.891823119517667,-8.1051528256036001],[-34.891929286090743,-8.1052769052464342],[-34.891943524587006,-8.105295331996885],[-34.892003973627105,-8.105374579207453],[-34.892159946937774,-8.1055790547030355],[-34.892230698504427,-8.1056663066212646],[-34.892242277678186,-8.1056805860558541],[-34.892373920619391,-8.1058205710537194],[-34.892909904590034,-8.1063428608481605],[-34.893219557180629,-8.1066446009192301],[-34.893278925008545,-8.1067024516316817],[-34.89369151557166,-8.1071044990711876],[-34.893699706890715,-8.1071124801378112],[-34.893703799811853,-8.1071164670674687],[-34.893707891817442,-8.1071204521931648],[-34.893711982000276,-8.107124435519113],[-34.893716072170498,-8.1071284161328698],[-34.893720160513737,-8.107132394042825],[-34.893724248844364,-8.1071363692405534],[-34.893728337162386,-8.1071403417260761],[-34.893732424556376,-8.1071443105995247],[-34.893736511937753,-8.1071482767607534],[-34.893740599302284,-8.1071522393057229],[-34.893744686649988,-8.1071561982344029],[-34.893748774888032,-8.1071601535425923],[-34.893752863109242,-8.1071641052345118],[-34.893756951309371,-8.1071680524061023],[-34.89376104130703,-8.107171995952994],[-34.893765132190815,-8.1071759349753378],[-34.893769223053518,-8.1071798694773545],[-34.893773315709538,-8.1071837994506328],[-34.893777410158854,-8.1071877248951125],[-34.893781505490047,-8.1071916449110297],[-34.893785602610315,-8.1071955594941265],[-34.893789701523893,-8.1071994695484602],[-34.893793803133725,-8.107203374165767],[-34.893797905621213,-8.1072072724504203],[-34.893802010809182,-8.1072111662021094],[-34.893806118689191,-8.1072150536127108],[-34.89381022835402,-8.1072189346864345],[-34.893814341618096,-8.1072228094148748],[-34.893818456666992,-8.1072266778064446],[-34.893822575315113,-8.1072305398527398],[-34.893826696651018,-8.1072343946538563],[-34.893830821590377,-8.107238244013768],[-34.8938349492133,-8.1072420852244687],[-34.893839081338399,-8.1072459191816222],[-34.893843216151289,-8.1072497458936255],[-34.893847355466356,-8.1072535653520603],[-34.893851497469214,-8.1072573775653733],[-34.893855644877199,-8.1072611816168365],[-34.89385979587594,-8.1072649775148946],[-34.893863950465438,-8.1072687652595583],[-34.893868110460055,-8.1072725448423721],[-34.893872274948379,-8.1072763153635314],[-34.893876443934644,-8.1072800777270526],[-34.893880617418858,-8.1072838319329676],[-34.893884795392545,-8.10728757617313],[-34.893888979674308,-8.1072913113432055],[-34.893893168449786,-8.1072950374516033],[-34.893897362626156,-8.1072987544941189],[-34.893901562199197,-8.1073024615666771],[-34.893905767168889,-8.1073061586693029],[-34.893909977535252,-8.1073098458019732],[-34.893914194205479,-8.1073135229604905],[-34.893918417175314,-8.1073171892407903],[-34.893922645541807,-8.1073208455511292],[-34.893926880207928,-8.1073244909832738],[-34.893931121173665,-8.1073281255372098],[-34.893935368439024,-8.1073317492129107],[-34.893939622003998,-8.1073353620104154],[-34.893943882771552,-8.1073389630214177],[-34.893948148927301,-8.1073425522543729],[-34.893952423197049,-8.1073461306006909],[-34.893956703757951,-8.1073496962606892],[-34.893960991521432,-8.1073532501341816],[-34.893965286487479,-8.1073567922212071],[-34.893969588647643,-8.107360320713628],[-34.89397389801038,-8.1073638374195642],[-34.893978215478654,-8.107367341430761],[-34.893982539233839,-8.1073708318515685],[-34.893986872001754,-8.107374309573407],[-34.893991211060808,-8.1073777746089135],[-34.893995559124129,-8.1073812251373543],[-34.893999914381546,-8.1073846620711976],[-34.894004277740272,-8.107388085406237],[-34.89400864919606,-8.107391494238394],[-34.894013028753143,-8.1073948894717667],[-34.894017416407294,-8.1073982702022533],[-34.894021813061464,-8.1074016355216294],[-34.894026217812709,-8.1074049863381266],[-34.894030630661007,-8.107408322651743],[-34.894035052509331,-8.1074116435542489],[-34.894039482450474,-8.1074149490498346],[-34.894043922294607,-8.1074182382260194],[-34.894048370235801,-8.1074215128993217],[-34.894052826261351,-8.1074247703576177],[-34.894057292194113,-8.1074280124005487],[-34.894061767122672,-8.1074312381283082],[-34.894066250135594,-8.107434446641026],[-34.894070743051479,-8.1074376388343321],[-34.894075245870347,-8.1074408147082568],[-34.894079756769344,-8.1074439724630984],[-34.894084277567089,-8.107447112994473],[-34.894088807356383,-8.1074502363066046],[-34.894093347044418,-8.1074533423952637],[-34.894093439873743,-8.1074534052489238],[-34.894105125305764,-8.1074612868891585],[-34.894216850207236,-8.107529035943827],[-34.894334076094566,-8.1075868245319747],[-34.894455908195766,-8.1076342101980607],[-34.894581422193852,-8.1076708347038497],[-34.894709661476078,-8.1076964177129245],[-34.894839538255049,-8.1077107581544059],[-34.894839649877269,-8.1077107657720475],[-34.894845145589841,-8.1077111208326684],[-34.894850643027887,-8.1077114568996365],[-34.894856144908751,-8.1077117730563053],[-34.89486165032946,-8.1077120702108907],[-34.894867158378609,-8.1077123474636039],[-34.894872669971818,-8.1077126066182803],[-34.894878185100666,-8.107712845866871],[-34.894883703777822,-8.1077130679214964],[-34.894889224180439,-8.1077132709825026],[-34.89489474812293,-8.1077134550414485],[-34.894900275613708,-8.1077136219064485],[-34.894905805741388,-8.107713770677643],[-34.894911338510184,-8.1077139022591229],[-34.894916873915889,-8.1077140157468026],[-34.894922411962696,-8.1077141120447678],[-34.894927953562053,-8.1077141920528071],[-34.894933496895348,-8.1077142548753383],[-34.894939042869744,-8.1077143005081354],[-34.89494459149374,-8.1077143307593111],[-34.894950141851659,-8.1077143438249681],[-34.894955695766356,-8.107714341504769],[-34.894961251419204,-8.1077143229031172],[-34.894966808814466,-8.1077142889240505],[-34.894972368855051,-8.1077142386593124],[-34.894977931549477,-8.1077141739169836],[-34.894983495990523,-8.1077140947013095],[-34.894989063081127,-8.107714000104],[-34.89499463191413,-8.1077138901292738],[-34.895000202498004,-8.1077137665852455],[-34.895005775735683,-8.1077136285636549],[-34.895011350724218,-8.1077134769727479],[-34.895016927459366,-8.1077133109084905],[-34.895022505949598,-8.1077131321789846],[-34.895028087093657,-8.1077129389718987],[-34.895033669992792,-8.1077127330995609],[-34.895039253739832,-8.1077125145661864],[-34.895044840144905,-8.1077122824593086],[-34.895050428309297,-8.1077120385912131],[-34.895056019131722,-8.107711781149586],[-34.895061610810529,-8.1077115128550634],[-34.895067204244405,-8.1077112318952658],[-34.8950727994376,-8.1077109391742699],[-34.895078396390105,-8.1077106346920864],[-34.89508399510617,-8.107710319352762],[-34.895089595585787,-8.1077099931562859],[-34.895095197824695,-8.107709655198601],[-34.895100801831411,-8.1077093072878377],[-34.895106407601652,-8.1077089485199298],[-34.895112015135446,-8.1077085788948633],[-34.895117624441262,-8.1077082002207774],[-34.895123234603425,-8.1077078106937446],[-34.895128847444795,-8.1077074121134736],[-34.895134461150981,-8.1077070044883541],[-34.895140077532133,-8.1077065869059588],[-34.895145694778108,-8.1077061602787097],[-34.895151313796099,-8.1077057246024395],[-34.895156935497525,-8.1077052807769618],[-34.895162558068002,-8.1077048288107108],[-34.89516818241048,-8.1077043677954208],[-34.895173807626264,-8.1077038995434165],[-34.895179435525463,-8.1077034231422118],[-34.895185065200906,-8.107702938596022],[-34.895190696661054,-8.1077024477129438],[-34.895196328994508,-8.1077019495931477],[-34.89520196401137,-8.1077014433241601],[-34.89520760081718,-8.1077009316223307],[-34.895213238496275,-8.1077004126837817],[-34.895218878871496,-8.1076998883081952],[-34.89522452012001,-8.1076993566958961],[-34.895230164068884,-8.1076988205505796],[-34.895235809798237,-8.1076982771643511],[-34.895241457320751,-8.1076977292493542],[-34.895247106632205,-8.1076971759014942],[-34.895252756829649,-8.1076966180291166],[-34.895258410630404,-8.107696054715456],[-34.895264065321385,-8.1076954877812799],[-34.895269721801306,-8.1076949154142852],[-34.895275380985822,-8.1076943394183481],[-34.895281041056307,-8.1076937588978577],[-34.895286703831395,-8.1076931747483982],[-34.895292369315321,-8.107692587874082],[-34.89529803568945,-8.107691997379245],[-34.895303704768168,-8.1076914032554601],[-34.895309375648537,-8.1076908064110107],[-34.895315048334773,-8.1076902077499327],[-34.895320723725611,-8.1076896054599263],[-34.895326400922308,-8.107689001353295],[-34.89533208083207,-8.1076883954258321],[-34.895337761640519,-8.1076877876859523],[-34.89534344607344,-8.1076871790250813],[-34.895349132308013,-8.1076865676435279],[-34.895354820356921,-8.1076859562534658],[-34.895360510215937,-8.1076853439508429],[-34.895371900807397,-8.1076841165825702],[-34.89624428879182,-8.1075900821622877],[-34.896255688439879,-8.1075888538242644],[-34.896261391892622,-8.107588239638245],[-34.896267098066858,-8.107587625439491],[-34.896272806059685,-8.1075870121362819],[-34.896278515871096,-8.1075863997285946],[-34.896284228408248,-8.1075857882122175],[-34.896289943675413,-8.1075851784912061],[-34.896295660761147,-8.1075845696657218],[-34.896301379665452,-8.1075839617357932],[-34.896307102211189,-8.1075833565010296],[-34.896312826579724,-8.1075827530658611],[-34.896318552771078,-8.1075821514302842],[-34.896324281696657,-8.1075815524941088],[-34.896330013356476,-8.1075809562573653],[-34.896335747750527,-8.107580362720034],[-34.896341483975867,-8.107579772790384],[-34.896347222935425,-8.107579185560148],[-34.896352964629237,-8.1075786010293331],[-34.896358708158552,-8.1075780210102533],[-34.896364455333533,-8.1075774445904241],[-34.896370204344038,-8.1075768726823352],[-34.896375956093003,-8.1075763043776998],[-34.896381710584677,-8.1075757405805895],[-34.896387467819054,-8.10757518129099],[-34.896393227800388,-8.1075746274129763],[-34.896398989621467,-8.1075740789507407],[-34.896404755092448,-8.1075735349918059],[-34.896410522403187,-8.1075729964486758],[-34.896416293372283,-8.1075724642169256],[-34.896422066181152,-8.1075719374009623],[-34.896427841741193,-8.1075714169006279],[-34.896433620959598,-8.1075709027116947],[-34.896439402022004,-8.1075703948426039],[-34.896445186747002,-8.1075698941889662],[-34.896450973316021,-8.107569399855171],[-34.896456763547626,-8.1075689127368147],[-34.8964625556317,-8.1075684337464153],[-34.896468351378388,-8.1075679619714567],[-34.896474148973297,-8.107567497420396],[-34.896479950239289,-8.1075670418928887],[-34.896485754260716,-8.1075665935850409],[-34.896491560138827,-8.1075661543091933],[-34.896497369688049,-8.1075657240569239],[-34.896503181996898,-8.10756530192835],[-34.896508997069645,-8.1075648888275573],[-34.896514814910532,-8.1075644856585871],[-34.896520635515316,-8.1075640915173999],[-34.89652645979541,-8.1075637073038056],[-34.896532285936459,-8.1075633330262669],[-34.896538114845626,-8.1075629686805435],[-34.896543947430125,-8.1075626142624309],[-34.896549781879813,-8.1075622706844186],[-34.896555619106095,-8.1075619388463256],[-34.896561460007703,-8.1075616169358451],[-34.896567302778728,-8.1075613067695098],[-34.896573149229319,-8.1075610074348265],[-34.896578997549327,-8.1075607198442849],[-34.896584848650178,-8.1075604448977323],[-34.896590703434832,-8.1075601816868978],[-34.896596560088909,-8.1075599302201926],[-34.896602419528065,-8.1075596923015265],[-34.896608281743831,-8.1075594661227832],[-34.896614146744703,-8.1075592534920649],[-34.896620014526398,-8.1075590535053159],[-34.896625884186001,-8.1075588670708321],[-34.896631757537882,-8.1075586941801685],[-34.896637632771892,-8.1075585357457971],[-34.896643509883816,-8.1075583908636695],[-34.896649390688005,-8.1075582595253444],[-34.896655273378563,-8.1075581435473776],[-34.896661158858464,-8.1075580420215001],[-34.896667046224735,-8.1075579558559685],[-34.896672936380327,-8.1075578841425084],[-34.896678828422317,-8.1075578277894031],[-34.896684723262091,-8.1075577876964982],[-34.896690619988249,-8.1075577629639231],[-34.896696519507984,-8.1075577535874945],[-34.896702420922558,-8.1075577613795193],[-34.896708324227752,-8.1075577854359455],[-34.896714228516387,-8.1075578257609973],[-34.896719870691626,-8.1075578808669917],[-34.896791653328982,-8.1075605754010969],[-34.896891564203351,-8.1075701093848664],[-34.896998239423695,-8.1075897537285471],[-34.897043487294745,-8.1075980856672132],[-34.897192385440988,-8.1076391515547144],[-34.89733712589512,-8.1076929922803131],[-34.897476606321078,-8.1077592007219419],[-34.897609766556776,-8.1078372710192443],[-34.897733762721579,-8.1079253115427399],[-34.897740018540119,-8.107930281922247],[-34.897821814005191,-8.1079993200833886],[-34.897897852677417,-8.1080676518322683],[-34.897897930136004,-8.1080677256053377],[-34.897950483771311,-8.1081172535557791],[-34.897973821752345,-8.108142416349839],[-34.897943689573282,-8.1081485633435531],[-34.897769326944371,-8.1081841315342675],[-34.897245361996305,-8.1082083152502733],[-34.896545890737777,-8.1080593663849783],[-34.89599927363664,-8.1079097068447048],[-34.895412549108379,-8.1085212511991447],[-34.894649300630064,-8.1087422348268952],[-34.894263011442931,-8.1087358471812028],[-34.894262887100084,-8.1087356416306644],[-34.894181720802791,-8.1086011403340859],[-34.894177287761366,-8.108592912181221],[-34.894174614347975,-8.1085892585936179],[-34.894172749881861,-8.1085870947738155],[-34.894170100578229,-8.1085858784544662],[-34.894168829832033,-8.1085855453343871],[-34.894167278417029,-8.1085851393850383],[-34.894164370590111,-8.108584898857945],[-34.894161465141472,-8.1085851664087336],[-34.894158650929199,-8.108585931679503],[-34.894154167151868,-8.1085872146084714],[-34.894092764700751,-8.1086095567049004],[-34.894006434838005,-8.1086563233760227],[-34.893875656087481,-8.1087292390072392],[-34.893875301382643,-8.1087294359356612],[-34.893622895864844,-8.1087252623467059],[-34.893456373545604,-8.1085346411939359],[-34.89343355846168,-8.1084974894502384],[-34.893427332930862,-8.1084873529795356],[-34.893389479932168,-8.108418789470516],[-34.893079257596284,-8.1079680937820218],[-34.893039355766476,-8.1078462889028859],[-34.892886746559022,-8.1075888332883697],[-34.892825131987827,-8.1075312895092893],[-34.892702767804472,-8.1073444985263166],[-34.892640127229377,-8.107223319915871],[-34.892441924554902,-8.1068177154338592],[-34.892424163094951,-8.1067400683545081],[-34.892404315934357,-8.1066480534711935],[-34.89228153049077,-8.1063980142935375],[-34.892266668857545,-8.1064238701919447],[-34.891799510542029,-8.1066269647767371],[-34.891770761566939,-8.1065940552149911],[-34.891463894819253,-8.1062427747657608],[-34.891416489203017,-8.1061885080059657],[-34.891041868090227,-8.1057596654152473],[-34.889673001394222,-8.1041926652059466],[-34.889619217673015,-8.1041428558476909],[-34.888636537484757,-8.1032327911181241],[-34.888601253724531,-8.1032001139976497],[-34.888590013445359,-8.1031964051064147],[-34.888521630612821,-8.1030398484026378],[-34.88795959697358,-8.1017531444674731],[-34.887877841649292,-8.1015479134031096],[-34.887870063960449,-8.1015283897174335],[-34.887603647637597,-8.1008596118844203],[-34.887795813888744,-8.1001581464414212],[-34.888301575739632,-8.0996498345828449],[-34.888422818431039,-8.0993703622107365],[-34.888428556459637,-8.0993571361360832],[-34.88862489231024,-8.0992680969394559],[-34.888794668716656,-8.0991935662996486],[-34.889021356427897,-8.0990940528257731],[-34.88892178390644,-8.0988722124985646],[-34.888923425689072,-8.0988694384243995],[-34.888838826363774,-8.0986754004772621],[-34.888851830160675,-8.0986583038626687],[-34.889053681012712,-8.0983929207290082],[-34.889056779128168,-8.0983888479871329],[-34.889063847514791,-8.0983907002556847],[-34.889081974772616,-8.0983990224153395],[-34.889091961879878,-8.0984054122858815],[-34.889154999594531,-8.0984505131254121],[-34.88931162486292,-8.0981263556385361]]]},"properties":{"TIPO_ZAN":"ORLA","SHAPE_LENG":4270.7384762299998,"COEF_MIN":0.10000000000000001,"COEF_BASIC":1,"COEF_MAXIM":1,"OBJECTID":7,"DB2GSE.ST_Area(SHAPE)":208203.16566274999,"DB2GSE.SdeLength(SHAPE)":4270.7382813491076}},{"type":"Feature","id":8,"geometry":{"type":"Polygon","coordinates":[[[-34.960419851541047,-8.1060680141282244],[-34.960899949134713,-8.1053203500308282],[-34.961022908678636,-8.1050490269454389],[-34.961197275382787,-8.1046507302180064],[-34.961322221919644,-8.1044211053870612],[-34.961773145986882,-8.104207299400878],[-34.962278571734856,-8.10397679257356],[-34.962714399353636,-8.1038831191785121],[-34.962812278576365,-8.104968535608208],[-34.962817486936487,-8.1050264150496698],[-34.962828661603162,-8.1051553638076292],[-34.962868980006078,-8.1057310823467681],[-34.962874473145604,-8.1058095164184323],[-34.962875329897116,-8.1058217556746079],[-34.962874043628076,-8.1058416054957458],[-34.962862049202258,-8.1060266546779296],[-34.962857104088584,-8.106102952150664],[-34.962854472441563,-8.1061435570195393],[-34.962823847081744,-8.1063000876568108],[-34.962843921527373,-8.1063086290590398],[-34.963291099236265,-8.1064988995785896],[-34.963291069453838,-8.1064989313633564],[-34.963032039555415,-8.1067792545658897],[-34.962922963259771,-8.1068972975968432],[-34.962818325068014,-8.1070105359742612],[-34.962760711489437,-8.1071493237804226],[-34.962756856738302,-8.107278916257382],[-34.962789584926533,-8.1075557783622667],[-34.962813736088393,-8.1079131076630659],[-34.962783303963725,-8.1081098489830659],[-34.962721294746075,-8.1082665299103578],[-34.962614731156187,-8.108481509865463],[-34.96247652445745,-8.1086430264586848],[-34.962075058628407,-8.1088860442187674],[-34.961975913899074,-8.1089626696725894],[-34.961900137655263,-8.109062052036963],[-34.961851632858725,-8.1092224160524271],[-34.961830039368621,-8.1093923065162841],[-34.961786099814248,-8.109630015229456],[-34.961785886760858,-8.1096311652877819],[-34.961736021881677,-8.109640884238976],[-34.961727796112925,-8.1096424878334705],[-34.96172706657979,-8.1096428285525128],[-34.961648152085885,-8.1096796846629626],[-34.961640599694611,-8.1096832115189503],[-34.961523771693273,-8.109737510058352],[-34.961422263081587,-8.1097794398959095],[-34.961356450282878,-8.1098066256686305],[-34.961345119975768,-8.1098126857430497],[-34.961223247222186,-8.1098778714260682],[-34.96112217526013,-8.1099260550477812],[-34.961120699060601,-8.1099267582635584],[-34.961071784174393,-8.1099602966974711],[-34.960938239491938,-8.1100518595825424],[-34.960864041141946,-8.1101027325931305],[-34.960850632767716,-8.1101137206294815],[-34.960764922710894,-8.1101839602048713],[-34.96070230388441,-8.1102352764916308],[-34.960627938360155,-8.1102962194607784],[-34.960597443401596,-8.1103186589169507],[-34.960584237507661,-8.1103283767029684],[-34.960520881927273,-8.1103749973246373],[-34.960429523694273,-8.1104220329535242],[-34.960411362136696,-8.1104267517449991],[-34.960306995451774,-8.1104538670796487],[-34.960256222748164,-8.1104670463901396],[-34.960226154881106,-8.1104748509978588],[-34.960210651927682,-8.1104780029455075],[-34.960192630183961,-8.110476941535028],[-34.960167234595829,-8.1104754473132168],[-34.960126314592777,-8.110476795052282],[-34.960063611226687,-8.1104788614423704],[-34.960003067506022,-8.1104808559573147],[-34.959758678639851,-8.1104941747941055],[-34.959754850443936,-8.1104943839631307],[-34.95964581549589,-8.1105114252911079],[-34.959545693968494,-8.1105336029563677],[-34.959474354511286,-8.1105494042832476],[-34.95940878750212,-8.1105689648540373],[-34.959408634415418,-8.1105690116963789],[-34.959333945266685,-8.1105912938986062],[-34.95904379619779,-8.1107216976063725],[-34.958293916794155,-8.1110589463779537],[-34.957752854492362,-8.111324477330605],[-34.957685138043765,-8.1113577098573852],[-34.9576583861462,-8.1113708394339348],[-34.957543921938878,-8.111427013339517],[-34.957391327991836,-8.1114925916685205],[-34.957391294496809,-8.1114926062941208],[-34.957273762820421,-8.111543115699531],[-34.956984268117317,-8.1116741009200943],[-34.956952450225117,-8.111688496952409],[-34.956900763541775,-8.1117189085969716],[-34.956761705081917,-8.1118007269833594],[-34.95667972240215,-8.1118687259022977],[-34.956635153401848,-8.1119056919775776],[-34.956518474588385,-8.1120314811092751],[-34.956429354671954,-8.1119570636725129],[-34.95642734986086,-8.1119553899786396],[-34.956347555694194,-8.1119126396644674],[-34.956279070561983,-8.1118837789390845],[-34.956249617720609,-8.1118713668905329],[-34.956083238019758,-8.1117661174511824],[-34.95586889031658,-8.1116305254037169],[-34.955784634512682,-8.1115772254210121],[-34.955744668506114,-8.111550213820653],[-34.9555037967476,-8.1113874142879947],[-34.955284063581843,-8.1112389009153976],[-34.955046137106216,-8.1110753971014447],[-34.954889340423478,-8.1109612947570913],[-34.954886644240347,-8.1109657935509976],[-34.954860134464887,-8.1109475759608234],[-34.954556052417061,-8.1107316031532797],[-34.954398189133016,-8.111061584609331],[-34.954245758344925,-8.1113802105416823],[-34.954245177518217,-8.11137997556534],[-34.953983383488001,-8.1112741911225044],[-34.953982915818223,-8.1112748451803025],[-34.953962179764794,-8.1113038477823132],[-34.953962110380402,-8.1113039448476627],[-34.953867208576852,-8.1114366813401073],[-34.95386680217473,-8.1114372483159176],[-34.953289268149831,-8.1112519232033513],[-34.952821157963804,-8.1111029864421305],[-34.952810918859853,-8.1111428875401135],[-34.952725518782948,-8.1110847475254459],[-34.9523547475481,-8.1108323241871627],[-34.952263623588124,-8.1107789531831003],[-34.952243200243039,-8.1107725853473607],[-34.952180822680198,-8.1107531354680074],[-34.952081329857776,-8.1107221126871938],[-34.951716942283461,-8.1106496539264388],[-34.951560586009663,-8.1106195263265288],[-34.951560553321229,-8.1106195201548292],[-34.950714906788477,-8.110456574685287],[-34.949874323870482,-8.110285415131969],[-34.94901744946835,-8.110110935120673],[-34.948605810707953,-8.1100309390478529],[-34.948504487692816,-8.1100101388442027],[-34.948270850613717,-8.1099621756306473],[-34.948194672845489,-8.1099507674522684],[-34.948007971912268,-8.1099228085325734],[-34.947675652867481,-8.1098732980638903],[-34.947638306874673,-8.1098669141394293],[-34.947592564326044,-8.1098590958535564],[-34.946841864682177,-8.1092993711488663],[-34.946840242257096,-8.1092981611516652],[-34.94668367850403,-8.1093249340170139],[-34.946603680725296,-8.1093386138537156],[-34.946591386693896,-8.1093407166404976],[-34.946280067947683,-8.1095115607204118],[-34.946145643147744,-8.1095853293565519],[-34.94610652276527,-8.1095921573509724],[-34.945971502639942,-8.1096157243826781],[-34.94563226217447,-8.1096749350799016],[-34.945243319993295,-8.1097400927910783],[-34.94428114040862,-8.1099012794334033],[-34.943682167504392,-8.1100016201042777],[-34.943314035257295,-8.1100626411594057],[-34.943313814984982,-8.1100626774680133],[-34.943087502005334,-8.1101001909880317],[-34.943087289888759,-8.1101002254495338],[-34.943049336263762,-8.1100155001107126],[-34.942671096772017,-8.1091711294627036],[-34.942628128787348,-8.108579498359612],[-34.942586313232653,-8.1080037367990396],[-34.94231287736816,-8.1080157025793085],[-34.942263149625433,-8.1080178778854606],[-34.942517769226484,-8.1079629338857213],[-34.942806599459772,-8.1079006069104835],[-34.942973914421607,-8.1086048643897435],[-34.943056133414672,-8.1089841941162781],[-34.943095716516027,-8.1091173460713843],[-34.943112344331311,-8.1092526018247106],[-34.943153292455662,-8.1094623707258489],[-34.943159493663416,-8.1095061268954378],[-34.943211609210849,-8.109545682646333],[-34.943220853670006,-8.1095993724391384],[-34.943268920598321,-8.109628002183408],[-34.943313715403669,-8.1098608221776818],[-34.943318079984643,-8.1098835074198199],[-34.943413826745164,-8.1098601620105537],[-34.943681310393167,-8.1098230223797874],[-34.943770072093102,-8.1098106989166361],[-34.943878816499087,-8.109790277462583],[-34.943979581945186,-8.1097718847670528],[-34.944406966897489,-8.1096782679521855],[-34.944524720959826,-8.1096524748877297],[-34.945045560117833,-8.1095752537967556],[-34.945334067103765,-8.1095290337967363],[-34.945323954403086,-8.109475763219498],[-34.945308538261912,-8.1093945594165113],[-34.945307134681514,-8.1093871664961927],[-34.945606853472896,-8.1093334217671789],[-34.945617412430046,-8.1093930845197661],[-34.945621943542108,-8.1094186835595341],[-34.945629980959637,-8.1094640979227286],[-34.945731214981279,-8.1093977519689577],[-34.945739224679436,-8.1093925027930034],[-34.945865469852563,-8.1093097654362545],[-34.945977869273371,-8.1092905446742201],[-34.946546357159015,-8.1089851544085629],[-34.946573267724325,-8.1089994562251295],[-34.94688059130759,-8.1083647091335518],[-34.946889933889466,-8.1083468828163419],[-34.947704912093705,-8.1069054960518283],[-34.947846735710812,-8.1066604095421813],[-34.948160169568808,-8.1061187624189497],[-34.948295080103343,-8.1057336515113647],[-34.948967051232955,-8.1052972251766224],[-34.949037449755139,-8.1053164367347481],[-34.949162426500386,-8.1053260141621539],[-34.949243450891899,-8.1051962280669869],[-34.94977465756137,-8.1046641289720505],[-34.950448582478593,-8.1039890691409688],[-34.950784220863341,-8.1040750560630599],[-34.950911018407574,-8.1040887078872821],[-34.951050011000504,-8.1040880427273265],[-34.951215077809159,-8.1040913986705601],[-34.951293278134415,-8.1040929879671761],[-34.951462997457689,-8.1041064359809649],[-34.951524285668611,-8.1041368773754883],[-34.952389127905647,-8.1045664385728617],[-34.952680577632073,-8.104389860782609],[-34.95298036661859,-8.1042478722545841],[-34.953315405778021,-8.1042096000168833],[-34.953440494523583,-8.1042925179177239],[-34.953504261849986,-8.1043757296209815],[-34.953589393037156,-8.1046503160461416],[-34.953874245268963,-8.1052254234242813],[-34.953982509051393,-8.1055451261992904],[-34.954062946193297,-8.1057826583003418],[-34.954188518278478,-8.106389084438943],[-34.954207383781515,-8.1064867697585665],[-34.95431336217743,-8.1068447730454825],[-34.954551755532862,-8.107110477670842],[-34.95458917479251,-8.1072406664743291],[-34.954585503054076,-8.1073262380931048],[-34.954323515771286,-8.1076778596926822],[-34.953839898828193,-8.1078492509434881],[-34.953888080768429,-8.1080914225810687],[-34.953954563420865,-8.1083131374643393],[-34.954068204456902,-8.1085651782666357],[-34.954153855217214,-8.1087115830329033],[-34.954535904186564,-8.1086322108619182],[-34.954847465065825,-8.1085832449777815],[-34.955070074899339,-8.1085556342487539],[-34.955298305920437,-8.1084449303839961],[-34.955401322461334,-8.1083893817099124],[-34.955530736777334,-8.1083289185257872],[-34.955586318458018,-8.1082387719817675],[-34.955636197318888,-8.1081791651050317],[-34.955689654277009,-8.1081152830178809],[-34.955852822706227,-8.107827516492252],[-34.95596457910019,-8.1076543579344609],[-34.956018081541743,-8.1074249782186225],[-34.956129939104436,-8.1071395218920461],[-34.95637742960615,-8.1069778530287859],[-34.956569457080469,-8.1068129923779928],[-34.956758111999875,-8.1067319189991078],[-34.956922613998316,-8.1066549230310123],[-34.957068371694021,-8.1065867003311087],[-34.958424640992654,-8.1058535261261948],[-34.958722880198295,-8.1057178910150238],[-34.959090057983943,-8.1055560670520368],[-34.959386750208921,-8.1062237277968592],[-34.95950971417453,-8.1061412017359586],[-34.959703260138646,-8.1061506016360809],[-34.959964901116891,-8.1062488176768035],[-34.960178969203398,-8.1064318839933165],[-34.960419851541047,-8.1060680141282244]]]},"properties":{"TIPO_ZAN":"ORLA","SHAPE_LENG":6941.3307808400004,"COEF_MIN":0.10000000000000001,"COEF_BASIC":1,"COEF_MAXIM":1,"OBJECTID":8,"DB2GSE.ST_Area(SHAPE)":967127.41017897497,"DB2GSE.SdeLength(SHAPE)":6941.3310444446388}},{"type":"Feature","id":9,"geometry":{"type":"Polygon","coordinates":[[[-34.935712610334086,-8.1069075777718265],[-34.93583597363947,-8.1069010775078638],[-34.935882110389372,-8.1069606414819404],[-34.935919036070345,-8.1070117701026856],[-34.935954005867359,-8.1070577775162249],[-34.935961497357304,-8.1070636471936854],[-34.935957300138689,-8.1070625777499785],[-34.935720247564269,-8.1070021523174471],[-34.93571911129176,-8.1070018629936378],[-34.935742394550097,-8.1076107731532598],[-34.935684388716091,-8.1082606704030304],[-34.935306626006479,-8.1089365954378057],[-34.935265458096353,-8.1089125822766572],[-34.93446033218806,-8.1085646967390659],[-34.934343241988465,-8.1085141808904986],[-34.934300086695934,-8.1084919146313545],[-34.934076547939888,-8.1084725468652135],[-34.933963206377541,-8.1084583026706945],[-34.934138815571686,-8.1084772850663835],[-34.934284513902398,-8.1084828088092316],[-34.934331586134149,-8.1084061359692079],[-34.93433789100488,-8.1083998536126654],[-34.934485289621676,-8.1082919495285957],[-34.934639127535704,-8.1081793345579456],[-34.934746194414998,-8.1078340939400224],[-34.934838045496448,-8.1075379279127855],[-34.934858876827519,-8.1074959090132044],[-34.93505150739216,-8.1072679200001723],[-34.935128758710874,-8.1072739665263551],[-34.935220221681817,-8.1071568154811384],[-34.935266747560718,-8.1070623236233281],[-34.93534368604643,-8.107002958926806],[-34.935398041000461,-8.1069308756854959],[-34.935428045840375,-8.1069205662256962],[-34.935448928497486,-8.1069133910392299],[-34.93553480521814,-8.106923414146225],[-34.935598987196386,-8.1069309049616205],[-34.935625121461641,-8.1069339558674631],[-34.935652209705914,-8.1069371170551303],[-34.935712610334086,-8.1069075777718265]]]},"properties":{"TIPO_ZAN":"ORLA","SHAPE_LENG":741.11647918000006,"COEF_MIN":0.10000000000000001,"COEF_BASIC":1,"COEF_MAXIM":1,"OBJECTID":9,"DB2GSE.ST_Area(SHAPE)":20460.054361204999,"DB2GSE.SdeLength(SHAPE)":741.11649108363042}}]}