{"type":"FeatureCollection","features":[{"type":"Feature","id":1,"geometry":{"type":"Polygon","coordinates":[[[-34.909860718340113,-8.0806342606344064],[-34.909943179892487,-8.0806155228726091],[-34.909995164137968,-8.080607941714657],[-34.910000319919121,-8.080671308018216],[-34.910048774037939,-8.0808090421020857],[-34.910144032372898,-8.0807916006057816],[-34.910214659995091,-8.0807834052388294],[-34.910219705161538,-8.0809709581419504],[-34.910219763394942,-8.0809731167789796],[-34.91034163996521,-8.0809441080948403],[-34.910561897537598,-8.0808956081386984],[-34.910552419883025,-8.0810834214367127],[-34.910566300119385,-8.08113742150055],[-34.91057843681358,-8.0811333868913948],[-34.910666136679637,-8.0811432779411074],[-34.910669538430405,-8.0811434654570551],[-34.910681901451646,-8.0808962352478275],[-34.910695015699488,-8.080596007916764],[-34.910775466513805,-8.0805933717608358],[-34.910833432687092,-8.0805933720620668],[-34.910886087707375,-8.0805934035075246],[-34.910884441173572,-8.0806184474884333],[-34.91094595872439,-8.0806213241833156],[-34.910987514494146,-8.0806231966391397],[-34.910987507982497,-8.0806285595856444],[-34.910987439734676,-8.0806844148742609],[-34.911049858175247,-8.0806857694142771],[-34.911051729810879,-8.080582497413106],[-34.911121519576135,-8.080589042083286],[-34.911208535235012,-8.0805935172713994],[-34.911210807146041,-8.0805934171483731],[-34.911290050173669,-8.0805899340044132],[-34.911268345684263,-8.0809847729688222],[-34.911451258775188,-8.080999850133411],[-34.91145364697492,-8.0809346522524077],[-34.91145605118129,-8.0808705418869149],[-34.911458617293277,-8.080802091251611],[-34.911442467595947,-8.0808015339128154],[-34.911446665011503,-8.0806911279296312],[-34.911574618120142,-8.0807010168381161],[-34.911578552039913,-8.0805970788713584],[-34.911578707724509,-8.0805929592227521],[-34.911687091765529,-8.0806022190598146],[-34.911753544273687,-8.0806026225405976],[-34.911751235567451,-8.0806426924577277],[-34.911809864758339,-8.0806461448547555],[-34.911798289324508,-8.0807531995973427],[-34.911859732287638,-8.0807639337257466],[-34.911941919208196,-8.0807782241594719],[-34.912017650952535,-8.0807936748461202],[-34.912075396766369,-8.0808054451113076],[-34.912147088941175,-8.0808114382570864],[-34.912281945313261,-8.0808378788073192],[-34.912258295479752,-8.0809581152254069],[-34.912204936916851,-8.0812293880585262],[-34.912257156591885,-8.0812384809773707],[-34.91231424252873,-8.0812484217399643],[-34.91237347288827,-8.0812587357858483],[-34.912432452675219,-8.0812690066954929],[-34.91239221754406,-8.0814716520646375],[-34.912370552139002,-8.0815396016633994],[-34.912345979464135,-8.0816794163079901],[-34.912361918442009,-8.0816822229973884],[-34.912435372194615,-8.0816962539902342],[-34.912501108667186,-8.0817086937578928],[-34.912506823784582,-8.0816698202676474],[-34.912507173614614,-8.0816674400370143],[-34.912545130348114,-8.0816742156151555],[-34.912566204614421,-8.0816779782762804],[-34.912581881097488,-8.0816809073295222],[-34.912581331526553,-8.0816844068225482],[-34.912575517924239,-8.0817214364812848],[-34.912701147832138,-8.0817322263286364],[-34.912788207717441,-8.0817362289910548],[-34.912861358503612,-8.0817429456299745],[-34.912976901926129,-8.0817543159859024],[-34.913001083336084,-8.0817556149718506],[-34.913038848886288,-8.0817580084910876],[-34.913127754687196,-8.0817600632225286],[-34.913156275562486,-8.0817607226059867],[-34.913274699285211,-8.0817634591420511],[-34.913276678900935,-8.081814522271765],[-34.913381538496893,-8.0818334986792344],[-34.913495200023917,-8.0818518859926414],[-34.913643989979981,-8.0818815054541862],[-34.913757937555957,-8.0819041883654457],[-34.913982183281412,-8.0819607110459764],[-34.914084730607961,-8.0819800723655373],[-34.914292010697636,-8.0820192059796998],[-34.914428452663174,-8.0820449665506242],[-34.914465418879068,-8.082051945467601],[-34.914462475834917,-8.081958197911991],[-34.914457776472446,-8.0818084455125234],[-34.914449607822796,-8.0815481767329569],[-34.914449162651657,-8.0815339895392651],[-34.914447743936989,-8.0814887884820017],[-34.914554387426186,-8.081455171383368],[-34.914561162069596,-8.0813143751492724],[-34.914567620685574,-8.0811552279048051],[-34.914572367756925,-8.0810382596253554],[-34.914653361978779,-8.0810298829586085],[-34.914720344324579,-8.0810306939029388],[-34.914841834248655,-8.0810321653501216],[-34.914841509857702,-8.0810414760107498],[-34.914838035958773,-8.0811412122874042],[-34.915034327926655,-8.0811439081745746],[-34.915045383620487,-8.0812488181376132],[-34.915060157042213,-8.0813887883391473],[-34.915031312382339,-8.0813892850891289],[-34.915020930801205,-8.0816446421098131],[-34.915607001082705,-8.0816768580826004],[-34.915704796781668,-8.0816552799753385],[-34.915707772726535,-8.0816546232403006],[-34.915714337482505,-8.0813921402819631],[-34.915714549609262,-8.0813836501365124],[-34.915824932949896,-8.0813634758032702],[-34.91593405192549,-8.0813466126222551],[-34.916010883996933,-8.0813347392849071],[-34.916019582547428,-8.0813333948570261],[-34.915961230238977,-8.0810668007414908],[-34.915960792635239,-8.0810648011971953],[-34.916091966654001,-8.081054262515913],[-34.916100153184935,-8.0810536048630581],[-34.916096572304248,-8.0809679725449897],[-34.916150535520728,-8.0809655498706441],[-34.916182722849022,-8.0809615757250395],[-34.916221022207253,-8.0809638905191825],[-34.916225419447834,-8.080964156496302],[-34.91622115995451,-8.0810872691231417],[-34.916405747281338,-8.0810933000604752],[-34.916437053103046,-8.0810936026252964],[-34.916490616328893,-8.0810936896473393],[-34.916832499242325,-8.081103730199759],[-34.916869751668514,-8.0813683138186239],[-34.91695257942991,-8.0817168021829584],[-34.917068785888809,-8.0822100171607651],[-34.917237326873902,-8.0828244943103709],[-34.917394292408169,-8.0835075055503918],[-34.917411561008315,-8.0835826470153194],[-34.917367613680838,-8.0836068623718287],[-34.917218178025941,-8.0836793992942173],[-34.917205261808547,-8.0836856689849501],[-34.916735082285093,-8.083928438158468],[-34.91671858901546,-8.0839358248579991],[-34.916643586264264,-8.083969414475586],[-34.916696390932259,-8.0841791606217992],[-34.916772020910379,-8.0844679765596315],[-34.916838438957711,-8.0846346272407636],[-34.91696480288028,-8.0849871566531135],[-34.916165471015198,-8.0852137879417345],[-34.915820244244152,-8.0847736400609822],[-34.915022146978288,-8.0848072133342761],[-34.915011205218477,-8.0849479938021265],[-34.914965704633616,-8.0855334107700099],[-34.914594139267109,-8.0855416106473417],[-34.914258668728479,-8.0847759859716408],[-34.914223323163533,-8.0846866528670045],[-34.912835950698145,-8.0848576404193579],[-34.912727362021649,-8.0851895823310151],[-34.912669922503333,-8.0853651664634825],[-34.911484929468116,-8.0858778713378214],[-34.911383687754707,-8.0856463447116109],[-34.911346726664661,-8.0855715760462967],[-34.911249662704513,-8.085352022229376],[-34.911093757164721,-8.0850601408061937],[-34.911021380437205,-8.0849262744353556],[-34.910874289723935,-8.0846310517866122],[-34.910625037421752,-8.0842054016288554],[-34.910436085228014,-8.0838471458563479],[-34.910147101109878,-8.0835236857313006],[-34.91020966800199,-8.083435234240147],[-34.910323734692049,-8.0832739772035342],[-34.910389117120673,-8.0831770079963103],[-34.910428125300918,-8.0831157207734208],[-34.910545081075526,-8.0829319100466801],[-34.910614236609838,-8.0826956672647494],[-34.910648486576633,-8.0826212354695457],[-34.910674350873926,-8.082488009906406],[-34.91069254005879,-8.0823658199866717],[-34.910760145416248,-8.0819551893269495],[-34.910795669194094,-8.0817636163406128],[-34.910830524722186,-8.0815811721176658],[-34.910787201229404,-8.081542181577797],[-34.910775261672995,-8.0815314365153768],[-34.91052183243761,-8.081496276671098],[-34.910251955074258,-8.0814588339079947],[-34.910172975126002,-8.0814372992569918],[-34.910130707754185,-8.0814021956977271],[-34.909565475897004,-8.0813211026756022],[-34.909347008831062,-8.0812932680190954],[-34.909179645339009,-8.0812719443405197],[-34.90928143676296,-8.0809797122984222],[-34.909387586110824,-8.0806749675206575],[-34.909437417055216,-8.0806747628176812],[-34.90973946422357,-8.0806735210755445],[-34.909860718340113,-8.0806342606344064]]]},"properties":{"NMNOME":"Afogados","CDTIPO":"ZEIS","CDID":0,"CDSETOR":" ","ELINK":" ","NMLEI":" ","INDEXADOR":"01","PROPOSTA":" ","CRIAÇÃO":"LUOS 14.511 de 17/01/1983","COMUL":"Decreto nº 14.713 de 28/06/89","AREA_HA":30.650007810000002,"DB2GSE.ST_Area(SHAPE)":306500.07812230999,"DB2GSE.SdeLength(SHAPE)":3584.8600377643456,"OBJECTID":1,"ALTERACAO":"LUOS 16.176 de 09/04/96","BAIRRO":"AFOGADOS","MODIFICADO":2,"COMPAREID":5,"AJSTDO_A_V":"Conforme v10 e lotes"}},{"type":"Feature","id":2,"geometry":{"type":"Polygon","coordinates":[[[-34.934902657851865,-8.1389490667655675],[-34.934814028137382,-8.1390708570951205],[-34.934798145315263,-8.1390925188135608],[-34.934756230378483,-8.1391496846278599],[-34.934773141403554,-8.1391863003659726],[-34.934782954683655,-8.1392075494216574],[-34.934848715114256,-8.1393482905550769],[-34.934929663791607,-8.1395201698216422],[-34.934870390485479,-8.1395511105086111],[-34.934691840351256,-8.1396411370681303],[-34.934630849557422,-8.1396718879263208],[-34.93464715243973,-8.1396993675132876],[-34.93468473212144,-8.1397627088443514],[-34.934653038113645,-8.1397759812893646],[-34.934381691734593,-8.139882132564912],[-34.934413572182116,-8.1399477811013963],[-34.934367359805997,-8.1399672160185794],[-34.934195012891166,-8.14004753770954],[-34.934071356198928,-8.1401052430472749],[-34.934103469680437,-8.1401791869830404],[-34.934168451139506,-8.1403232127524259],[-34.933833865657476,-8.1404583524602394],[-34.933823500138281,-8.1404375408578939],[-34.933803059850398,-8.1403924130672731],[-34.933750215540705,-8.1402757465602544],[-34.933696361670762,-8.1401568491286902],[-34.933649227436931,-8.1400507110975848],[-34.933591404839383,-8.1399095937786168],[-34.933533117790873,-8.1397673449728032],[-34.933504382484912,-8.1396894920228391],[-34.93349093469768,-8.1396527195879642],[-34.933348502147687,-8.1392632408978596],[-34.933079458719227,-8.1386588905319837],[-34.93303872788811,-8.1386052617349272],[-34.932940534515119,-8.1385333671165405],[-34.931774554208182,-8.1379743185787792],[-34.931752872401603,-8.1380170740286424],[-34.931597679897529,-8.1382394209640712],[-34.931380471412403,-8.1383374979890206],[-34.931356313207104,-8.1384159554048363],[-34.931338243223728,-8.1384746375400905],[-34.931325949489676,-8.1384897078158982],[-34.931296861225611,-8.1385253646092242],[-34.93127029134908,-8.1385657231532758],[-34.931196027360905,-8.1386785288212149],[-34.931224252518071,-8.1386998097646241],[-34.931125765566385,-8.1387876115433837],[-34.931117488603611,-8.1387949900141408],[-34.931184169614482,-8.1388505188906901],[-34.931214023230481,-8.138875380271319],[-34.931234204068758,-8.1388921855404917],[-34.931240791416421,-8.1388889113678413],[-34.931246652124358,-8.1389021287660182],[-34.930999113889222,-8.1390091888873481],[-34.93095860254568,-8.1390310797465997],[-34.931027182460845,-8.1391593315700863],[-34.93107230472198,-8.1392596412896996],[-34.931006615537193,-8.1392799242763996],[-34.930837324534643,-8.1393070410402348],[-34.930780105008353,-8.139399765255682],[-34.930588741442264,-8.1395197590279054],[-34.930547033034813,-8.1395432900832283],[-34.93049771205856,-8.1394174101223413],[-34.930431088166983,-8.1392472659057162],[-34.930363883866633,-8.1390756408724219],[-34.930271403165143,-8.1388501603954317],[-34.930221118263226,-8.1387275594218771],[-34.930159638443413,-8.1386012987090837],[-34.930130765270903,-8.1386419240027159],[-34.930055713720854,-8.138742667785289],[-34.929907828557681,-8.1389452486391747],[-34.929784094678638,-8.1391141254657295],[-34.929685841598975,-8.1392552406266105],[-34.929601618237449,-8.1393792757088068],[-34.929488253497965,-8.1394979851926603],[-34.929489254586095,-8.1394340005579906],[-34.929484021128175,-8.1389541853912597],[-34.929528015716883,-8.1383771294940406],[-34.929527738162086,-8.1382088131962256],[-34.929525228159832,-8.1380382844381387],[-34.929520923178508,-8.1378832081574224],[-34.929516200830228,-8.1377357053079145],[-34.929517123500439,-8.1377309636820065],[-34.92948433088803,-8.1376648451412326],[-34.929561051273026,-8.1376140343722021],[-34.929697899230973,-8.1375397253694075],[-34.929697838361982,-8.1375270074324177],[-34.929901484007537,-8.1374089266894867],[-34.930021342696307,-8.137340527688778],[-34.93008975561893,-8.1373009882935836],[-34.930153003968314,-8.1372626803499113],[-34.930161561631351,-8.1372730028366416],[-34.930437823616955,-8.137117187782124],[-34.930534951802422,-8.1370649120294356],[-34.930647155757363,-8.137002201422245],[-34.931036552936874,-8.1367808449351422],[-34.931463612415222,-8.1365272784558442],[-34.931604097629268,-8.1364474749206828],[-34.931797429575084,-8.1363476374903279],[-34.932080334550776,-8.1361974430412332],[-34.932190660824027,-8.1361375671155578],[-34.932241559105961,-8.1361052943791119],[-34.932307054604465,-8.1359627283171516],[-34.932399723737824,-8.1357691610358653],[-34.932442581986784,-8.1356710193233361],[-34.932447638260456,-8.135660071601702],[-34.932480196436309,-8.1355954351596225],[-34.932546665130268,-8.1354585175022844],[-34.93262529672031,-8.1352951635341029],[-34.932752931305942,-8.1350418311304047],[-34.932865607651905,-8.1348264903658691],[-34.932903384375479,-8.1347671883061636],[-34.933752202679671,-8.1343582216393795],[-34.933750645291276,-8.1342901702364987],[-34.933766311636163,-8.1342655678315481],[-34.933768213760125,-8.1341952823213202],[-34.933771728394014,-8.1341954626732669],[-34.933769675928829,-8.1337425443696407],[-34.93376160916921,-8.1333745433293618],[-34.933759029504436,-8.133099468950423],[-34.933756071483508,-8.1327452611053666],[-34.933746627907901,-8.1320274844546532],[-34.933744708109415,-8.1316269182016434],[-34.933860136222364,-8.1313877923344027],[-34.934129001082276,-8.1308578992634359],[-34.934146477725875,-8.1307887239408938],[-34.934158361120289,-8.1307384527408111],[-34.934167302163843,-8.1307066951525506],[-34.93417927241692,-8.1306745461573993],[-34.933275970036433,-8.1310162890546884],[-34.933175347425625,-8.1305408367568877],[-34.933174479221066,-8.1305397053974158],[-34.933026024551538,-8.1298106136165913],[-34.932936987110445,-8.129380192895141],[-34.932906399150511,-8.1292145279381867],[-34.932948674838379,-8.1292219733676436],[-34.932975259336828,-8.1292266555950121],[-34.933441093708446,-8.1293086958058858],[-34.933690754989698,-8.1293522008295227],[-34.93388362303785,-8.1293858089479603],[-34.934330109365014,-8.1294626432734045],[-34.934525456975827,-8.1295096996834975],[-34.934594103895911,-8.1295312690666215],[-34.934738421375108,-8.1295948050149462],[-34.934791425877705,-8.1296288930863927],[-34.93487748933881,-8.1296768275230562],[-34.93491181640168,-8.1296983893586816],[-34.934941629388213,-8.1297209662335153],[-34.935063750489121,-8.1298134469422951],[-34.935215062891935,-8.1299685496389316],[-34.935333173470106,-8.1301219968335676],[-34.935358148927627,-8.1301659106073245],[-34.935410615067063,-8.1302581605380251],[-34.935425624496098,-8.130291094151028],[-34.935484262347195,-8.1304409822722974],[-34.93550055653153,-8.1304947418056166],[-34.935502144282836,-8.1304957051944147],[-34.935530948233954,-8.1305950190329082],[-34.935544221620056,-8.1306388140350574],[-34.935574177088675,-8.1307408182602536],[-34.935546432827273,-8.1308030478500672],[-34.93542441188022,-8.1311459713959753],[-34.935294361423495,-8.1315077510108793],[-34.935237077659288,-8.1317807660732733],[-34.935239191481372,-8.1319509897107132],[-34.935260658121557,-8.1321116548525261],[-34.935586199086714,-8.1322254773391567],[-34.935704163846687,-8.1322683414357027],[-34.936479753561763,-8.1325453379364703],[-34.93653442970156,-8.1325627840640369],[-34.936562545642843,-8.1325719608664127],[-34.936479570616022,-8.1328111503945362],[-34.936400394776989,-8.1330315700055422],[-34.936317604676148,-8.133260360270743],[-34.936281504385214,-8.1333640985358286],[-34.936240995904285,-8.1334822276928698],[-34.93620048472421,-8.1336003649999977],[-34.936111456323779,-8.1338499646034474],[-34.936056372015187,-8.134000804878708],[-34.935982632327594,-8.1341961392181137],[-34.935966858773618,-8.1342369328287791],[-34.935886752520069,-8.1344441026038936],[-34.935882046982627,-8.1344562736609944],[-34.935859103531733,-8.134515610973498],[-34.935756579594823,-8.1348017081422945],[-34.93573955248808,-8.1348586314705038],[-34.935709799470111,-8.1349580994975224],[-34.935705500066788,-8.134972475406979],[-34.935661052001372,-8.1351242359516895],[-34.935611540690353,-8.1353022995723787],[-34.935608668912714,-8.1353126266681581],[-34.935596119416196,-8.1353652778137739],[-34.935570258252078,-8.1354737777489881],[-34.935557708658358,-8.1355564659796205],[-34.935540710778646,-8.1356761962852282],[-34.935540667838687,-8.1356765120035615],[-34.935561918201728,-8.1357887634356185],[-34.935583430128737,-8.1358704467601086],[-34.935598666258244,-8.1359350436007283],[-34.935132181400924,-8.1364216353453092],[-34.935482797017222,-8.1367597962221527],[-34.935691612895575,-8.1369529385451447],[-34.936046515070132,-8.1372766912212029],[-34.936062408211797,-8.1372910260075777],[-34.936109337730969,-8.1373333549951354],[-34.935992006554628,-8.1374906143726129],[-34.935867390381276,-8.1376573919572568],[-34.935768083233697,-8.1377902292425741],[-34.935650623920381,-8.1379473065719523],[-34.935590771905957,-8.1380273463334643],[-34.935466486407385,-8.1381901209627312],[-34.935258610421947,-8.1384601699912054],[-34.935072987937154,-8.1387133255890127],[-34.934942886047025,-8.138893389819577],[-34.934902757895586,-8.1389489288730221],[-34.934902657851865,-8.1389490667655675]]]},"properties":{"NMNOME":"Alto da Jaqueira","CDTIPO":"ZEIS","CDID":0,"CDSETOR":" ","ELINK":" ","NMLEI":" ","INDEXADOR":"02","PROPOSTA":" ","CRIAÇÃO":"LUOS 16.176 de 12/04/1996","COMUL":"Decreto nº 18.373 de 27/09/99","AREA_HA":37.981044220000001,"DB2GSE.ST_Area(SHAPE)":379810.44224806002,"DB2GSE.SdeLength(SHAPE)":4233.3151188519159,"OBJECTID":2,"ALTERACAO":" ","BAIRRO":"IBURA","MODIFICADO":0,"COMPAREID":6,"AJSTDO_A_V":""}},{"type":"Feature","id":3,"geometry":{"type":"Polygon","coordinates":[[[-34.920275489422437,-8.0240119745241589],[-34.92037520694501,-8.0238652084663755],[-34.920385829866376,-8.0238495728663235],[-34.920501757077396,-8.0237207129854227],[-34.92056420107906,-8.0236606848109453],[-34.920675957785591,-8.0235681397672725],[-34.920730001165992,-8.0235262925979836],[-34.920831036335535,-8.02345755812585],[-34.920907985986567,-8.0234276552148742],[-34.921032507646082,-8.0232881631490116],[-34.921124611388073,-8.0231809952147835],[-34.92119474144166,-8.0230993963489841],[-34.921231317289994,-8.0230569046910141],[-34.92127523576189,-8.0229911389367636],[-34.921336260297437,-8.0229456401775874],[-34.92138816976933,-8.0228911406165349],[-34.92137444546362,-8.0228663366237125],[-34.921584744528907,-8.0227319733893747],[-34.921830326230598,-8.0225818521210446],[-34.921933733721993,-8.0225326241948629],[-34.922059811955833,-8.0224651052056082],[-34.922145342139622,-8.0224179568649809],[-34.922166720157733,-8.022406172059025],[-34.922196675745276,-8.0223947820603936],[-34.922243848132851,-8.0223764579855175],[-34.922423225568373,-8.0223379301371036],[-34.922526820868853,-8.0223194338919352],[-34.922573650041329,-8.0223110732439213],[-34.924313837605233,-8.0221103687996962],[-34.925047771106456,-8.0220257181093189],[-34.925151091437463,-8.0216890619560601],[-34.925231793932696,-8.0214322234743491],[-34.925295411760459,-8.0212288867117056],[-34.925334889584207,-8.0210840994763881],[-34.925362216524803,-8.0209838741401427],[-34.925381420826128,-8.0208748776181231],[-34.925397669357857,-8.0207765112979548],[-34.92539843306097,-8.0207718879786647],[-34.925398400127889,-8.0207648898011872],[-34.9253978238483,-8.0206424311872748],[-34.925389559537592,-8.0205917945290253],[-34.925484950594537,-8.0206003403111996],[-34.925677863232544,-8.0206176225451635],[-34.925906947662234,-8.0206381447333115],[-34.92592363584658,-8.0206397581841493],[-34.926110040610517,-8.020657777617112],[-34.92614595571807,-8.0206739243008549],[-34.926183845240544,-8.0207016047836124],[-34.926242061589498,-8.020755699932554],[-34.926298984415006,-8.0207970466429153],[-34.926387328802093,-8.0208612158042953],[-34.926435679323546,-8.0208963356469596],[-34.926482084945079,-8.0209300424945624],[-34.92658650248049,-8.021018134670971],[-34.926643750153495,-8.0210664311120361],[-34.926724191730074,-8.0211272749513807],[-34.926787940282978,-8.021174114341191],[-34.926788125953699,-8.0211742508894837],[-34.926901377453326,-8.0212574603802551],[-34.927125714415681,-8.0214007201361959],[-34.927356509987042,-8.0215491207209055],[-34.927445356396476,-8.021612358757757],[-34.927691366419964,-8.0218043105414978],[-34.927906259636281,-8.0219661128035877],[-34.927974071301236,-8.0217318709157368],[-34.928026725700313,-8.0215593278983164],[-34.92806301251904,-8.0214310772394981],[-34.928127132023583,-8.0212140351948076],[-34.928142247774979,-8.0212184042500514],[-34.928319207320506,-8.0212695472414293],[-34.928611893896274,-8.0213571512617783],[-34.928689179017972,-8.0213805922379393],[-34.928769894782342,-8.0214050739726659],[-34.929025148419676,-8.0215004877659855],[-34.929449221208039,-8.0215746560304968],[-34.929514634418275,-8.0215963081813211],[-34.929533759970255,-8.0216000888319883],[-34.929605266195033,-8.0213909434226149],[-34.929676180421879,-8.0214074265875155],[-34.92981403737523,-8.0214444797509952],[-34.929882258881001,-8.0214667614675719],[-34.929946385719582,-8.0214864405944546],[-34.930018926206117,-8.021508306064554],[-34.930019863558563,-8.0215085882574009],[-34.930053469016222,-8.0215182650840866],[-34.930090980779184,-8.0215290672307287],[-34.930089633872974,-8.0215336779112842],[-34.930061872048526,-8.0216287449743557],[-34.930145056428451,-8.0216099086546944],[-34.930185309214174,-8.0216059229233316],[-34.930224097984208,-8.0215994126890671],[-34.930313689259641,-8.0215759392259649],[-34.930536050749595,-8.0215300554896611],[-34.930699649164296,-8.0215042478479237],[-34.930792825655139,-8.0215116997560632],[-34.930794866279037,-8.0215737474122459],[-34.930811221189948,-8.0216567536132253],[-34.930798894385156,-8.0216813927411454],[-34.930750294954699,-8.021831716791759],[-34.930713558772041,-8.0218678334775309],[-34.930834280494274,-8.021941503170007],[-34.930807444065856,-8.0220227510047639],[-34.930770192464813,-8.0219957867854372],[-34.930721155811796,-8.0220602048185246],[-34.930701750506714,-8.0220803658921991],[-34.930695190397067,-8.0220740682501859],[-34.930666037513426,-8.0221044004757438],[-34.930648299141666,-8.0221126201707555],[-34.930629715902093,-8.0221147866405076],[-34.930582605208897,-8.0221149162299135],[-34.930522300668258,-8.02210914270389],[-34.930503295082197,-8.022117910769607],[-34.930484516665331,-8.0221542515300062],[-34.930484305449554,-8.0221546602503544],[-34.930466534575856,-8.0221890516584331],[-34.930433112310197,-8.0222948927123685],[-34.930338297430851,-8.022318929544678],[-34.930249621019406,-8.022341410625657],[-34.930181338116448,-8.0224120637340253],[-34.930138337988936,-8.0224268215557295],[-34.930134069305822,-8.0224282862517278],[-34.930068932581534,-8.0224445039291634],[-34.930027979350271,-8.0224507630414497],[-34.929998146981177,-8.0224553228257118],[-34.929997908636096,-8.0224572866528145],[-34.929991790639093,-8.0225077834634568],[-34.929985007410792,-8.0225637701204242],[-34.929983044016886,-8.0225799728103961],[-34.929816399130765,-8.022620725074729],[-34.929812992742541,-8.0226215583099911],[-34.929703375851467,-8.0226483648245477],[-34.929554067003018,-8.0229524665386087],[-34.929552357973861,-8.0229576068868109],[-34.929540157214852,-8.0229839929560747],[-34.929489677436166,-8.0231461309978478],[-34.929481785718849,-8.0231846058271437],[-34.929478725718475,-8.0232281053680374],[-34.92941374108937,-8.0232239185737342],[-34.92941094676948,-8.0232622131114972],[-34.929433016269883,-8.0232672845072948],[-34.929458211108546,-8.0232652019062876],[-34.929543173989558,-8.0232581796589777],[-34.929546925740524,-8.0233036361998682],[-34.929451608669744,-8.0233154966787836],[-34.929445562519199,-8.0233162491665819],[-34.929411840517538,-8.0233159316789369],[-34.929414830709547,-8.0233345412641572],[-34.929377305127751,-8.023339689455371],[-34.929398846865432,-8.0233861221815364],[-34.929422296374987,-8.0234366648532198],[-34.929454663845249,-8.0234247875167561],[-34.929555368967016,-8.0233878340524605],[-34.929581886869649,-8.0234629825436752],[-34.929448131435279,-8.0235170356862469],[-34.929426254532608,-8.0235258768476925],[-34.92944196962997,-8.0235886352377559],[-34.929314009221372,-8.0236215921111445],[-34.929323274824078,-8.0236501702667979],[-34.929442472309248,-8.0236182859906773],[-34.929449848292293,-8.0236244894211666],[-34.92947906937296,-8.023614340016918],[-34.929493128692584,-8.0236664156750059],[-34.929522930465147,-8.0237159087822558],[-34.929530719294114,-8.0237519441944176],[-34.929516727799616,-8.0237851878061637],[-34.929530030180729,-8.0238363855514034],[-34.929516169980772,-8.0238399763449362],[-34.929534622866363,-8.0238722560364053],[-34.929530597935539,-8.0238748288668322],[-34.929234737046087,-8.0240639848484232],[-34.929212851269355,-8.0240338430538447],[-34.928867875890461,-8.0242493590174693],[-34.928716075015544,-8.0243399075194155],[-34.928713575463085,-8.0243620560088953],[-34.928694112916915,-8.0244041633237995],[-34.928676942564117,-8.0244413119859193],[-34.928648097163773,-8.0244599803429395],[-34.928388343733793,-8.0244049648876121],[-34.928366165944247,-8.0243952154506442],[-34.928307942629324,-8.0244538895019168],[-34.928221881189003,-8.0245326944501887],[-34.928312834290985,-8.0247374544444856],[-34.928369193495456,-8.024874916517108],[-34.928455152376316,-8.0250222722271971],[-34.928487256428191,-8.0250666295174327],[-34.928584832764386,-8.0251971523224128],[-34.928638151115656,-8.0252763800762175],[-34.928724861278596,-8.0253972161288853],[-34.928752093571887,-8.0254351665504107],[-34.929553629357848,-8.0257126475155687],[-34.929541373351967,-8.0257265659950718],[-34.929480819548566,-8.0257953313881973],[-34.929381258980278,-8.0259578984830586],[-34.929371277304611,-8.0259769151305491],[-34.929346651184289,-8.026030935952015],[-34.929335620771205,-8.0260656646224522],[-34.929322000437772,-8.026102804805145],[-34.929284961429502,-8.0261915164795798],[-34.929249987469248,-8.0262728820408746],[-34.929236287086894,-8.0262997877561499],[-34.92922788412794,-8.0263206476095377],[-34.929225471743628,-8.0263387708208409],[-34.929224791893134,-8.0263567331242083],[-34.929209422410381,-8.0264639433064353],[-34.929198446966012,-8.0265405024937646],[-34.929190998021845,-8.0265876632571587],[-34.929180653392564,-8.026653168280248],[-34.929136254970182,-8.0266421425924364],[-34.928952557507174,-8.0266042729513103],[-34.928948395497692,-8.0266039425900235],[-34.928901908020038,-8.0265938316289436],[-34.928890997499842,-8.0265993839653316],[-34.92887000890935,-8.0266100652524095],[-34.928849783999453,-8.0266203578302626],[-34.928833798245655,-8.0266284924395013],[-34.928826837335073,-8.0266320346213096],[-34.928808223033407,-8.0266415078039355],[-34.928734824019017,-8.0266829946248919],[-34.928655962371579,-8.0267510782213805],[-34.928576247723235,-8.0268448446846161],[-34.9285058730202,-8.0269285259898613],[-34.928423355059252,-8.0269946721218943],[-34.928410656018741,-8.0269875597377123],[-34.928382031340881,-8.026971527506495],[-34.928114991442563,-8.0268219601497979],[-34.928077858850941,-8.0267899270411824],[-34.928070275328707,-8.0267833855457056],[-34.92802669578721,-8.0267550214740293],[-34.927924948940955,-8.0268224717608376],[-34.927877301534728,-8.0268683671413523],[-34.927831057071501,-8.0269930826495237],[-34.927799023393334,-8.0270794709045798],[-34.927573847086684,-8.0271060202445241],[-34.927564840990179,-8.0270001365481054],[-34.92756174808035,-8.0269637780291045],[-34.927522976723651,-8.0269165869491612],[-34.927519400515955,-8.0269148841803997],[-34.927506844694868,-8.026908904783232],[-34.927294877585496,-8.0268079712663933],[-34.927259613393517,-8.0268607689450686],[-34.927220238270941,-8.0269152240313115],[-34.926974536989739,-8.027265774631406],[-34.926581164623123,-8.0270439541011704],[-34.926581165844922,-8.0270438284311734],[-34.926568912810467,-8.0270370456846543],[-34.926569844751384,-8.0269653484954535],[-34.926484240420407,-8.0269607905092233],[-34.926469957760439,-8.0269600301611828],[-34.926406996810144,-8.0269569798961005],[-34.926388479030443,-8.026819107085009],[-34.926317818899989,-8.0268182625868398],[-34.926311967011777,-8.0269239745573771],[-34.926247289198066,-8.0269415448647283],[-34.926080151168165,-8.0269659231789703],[-34.92595896770495,-8.0269839387390043],[-34.925917316973077,-8.0269901303085192],[-34.925779354638145,-8.0270106409012971],[-34.925483981751796,-8.0270545519318013],[-34.925481358166685,-8.0272175544911839],[-34.925409324186781,-8.0272192937564686],[-34.925401109404,-8.0272194922137032],[-34.925292777041406,-8.0272262931737206],[-34.925208343733573,-8.0272315945571275],[-34.925202151576563,-8.0272319833444588],[-34.925197986692105,-8.0271603605769251],[-34.92519770247155,-8.027155476365138],[-34.925074022065616,-8.0271623662494314],[-34.924972874872694,-8.0271666265485795],[-34.924868810346091,-8.0271729264695946],[-34.924850874028792,-8.0271777114870471],[-34.924757883751163,-8.0272118679240698],[-34.924753346267416,-8.0272204081104412],[-34.924754317673013,-8.0272425611845701],[-34.924759694038343,-8.0273651881106129],[-34.924710287606899,-8.0273706627673285],[-34.924627815511315,-8.0273716000067328],[-34.924624716068188,-8.0273428563386169],[-34.924540455508428,-8.027343250447565],[-34.924541724826931,-8.0273624105948667],[-34.924516524888901,-8.0273656022646431],[-34.924479262535215,-8.0272768802640826],[-34.92445455245764,-8.027218045654962],[-34.924276564544904,-8.0272742589961226],[-34.924229076987629,-8.0271896684181936],[-34.924228798169487,-8.0271886273400028],[-34.924203681432232,-8.027094837290452],[-34.92417988871177,-8.0270994697572373],[-34.924164704883097,-8.0270057209476189],[-34.92413265626508,-8.0270162693148013],[-34.924119412629537,-8.0270206282426297],[-34.924101170325123,-8.0269598232386414],[-34.92409435976105,-8.0269371233787723],[-34.92409147174812,-8.0269292037489866],[-34.923930229392958,-8.027054856385563],[-34.923899726919792,-8.0270797964859621],[-34.923878110717588,-8.0270951571952658],[-34.923770013819635,-8.0271687830302252],[-34.923750296400598,-8.0271809552753002],[-34.923719138337091,-8.0272020832944406],[-34.923640246802627,-8.0272463243856009],[-34.92358361597956,-8.0272764728647061],[-34.923646457789147,-8.0273461199608303],[-34.923622388013534,-8.027382474485151],[-34.92360533269791,-8.0274050626255242],[-34.923598298198783,-8.0274143784101177],[-34.923584336994118,-8.0274297033238931],[-34.923562213874249,-8.0274730425629848],[-34.923559448550222,-8.0274761609402425],[-34.923547942185628,-8.0275268593280149],[-34.923439161525295,-8.0276726441419228],[-34.923516067022334,-8.0278183158053515],[-34.92351012573198,-8.0278244107344019],[-34.92338067466401,-8.027917491399295],[-34.923095773399609,-8.0281224936622664],[-34.923006770907726,-8.0281871278466088],[-34.92301665587518,-8.0282544794164199],[-34.923022885489758,-8.0283185355896318],[-34.923025370304337,-8.0283440899253584],[-34.922934850239379,-8.0283572295372831],[-34.922825264325667,-8.028385717889245],[-34.922828233452613,-8.028203222832726],[-34.922828812273131,-8.0281725959511654],[-34.922829255366814,-8.0281491723612195],[-34.922778185275646,-8.0281411451981466],[-34.9227748518148,-8.0281106414701515],[-34.922667192571737,-8.0281416638885528],[-34.922485987619488,-8.0281610511252399],[-34.922315481373474,-8.0282291443457172],[-34.922316414154821,-8.0282579596656749],[-34.922321064207537,-8.028323679496113],[-34.922258714045391,-8.0283284920238867],[-34.922176643352721,-8.028347347253618],[-34.922175259057141,-8.0283386277170443],[-34.92209231525797,-8.0283400069757214],[-34.922089487276693,-8.0283552653813661],[-34.921972317237191,-8.0283554954310006],[-34.921971699415174,-8.0283554648668698],[-34.92190243726084,-8.0283520682037253],[-34.921845115981938,-8.0283606325418404],[-34.921838653895819,-8.028359947614387],[-34.921773708391818,-8.0283602509805725],[-34.921652049189014,-8.028356169642926],[-34.921652008833703,-8.0283475857625959],[-34.921651185472641,-8.0283250576706955],[-34.921452157785772,-8.0282470851980641],[-34.921305629195338,-8.0281969033289915],[-34.921243383846857,-8.0281537791198545],[-34.921246712684187,-8.0281480083153536],[-34.921257501543195,-8.0281242507117536],[-34.921158558527836,-8.0280734496829069],[-34.921051291714555,-8.028018375111472],[-34.921057656589497,-8.0279985690299451],[-34.920995931366448,-8.0279512737098422],[-34.920959567105918,-8.0279193917651064],[-34.920882640272985,-8.0278684200559347],[-34.920850112277392,-8.0278360609241073],[-34.920838840706907,-8.0278248480227195],[-34.920794056190076,-8.0277907470188055],[-34.920726930282804,-8.027761132292131],[-34.920633153788806,-8.027722112231368],[-34.920559724415185,-8.0276952589728001],[-34.920522584812808,-8.0276840565069776],[-34.920513439242505,-8.0276807469303915],[-34.920474021335217,-8.0276664803766273],[-34.92043738879741,-8.02765393481031],[-34.920387076912093,-8.0276261925069026],[-34.920415968704418,-8.0275740017326331],[-34.920327070873817,-8.0275264362156307],[-34.920244563783612,-8.0274942948992383],[-34.920231820290653,-8.027567879083497],[-34.920210391593464,-8.0276203044322791],[-34.920108266137987,-8.027602538837618],[-34.920115359209724,-8.0275523763576313],[-34.919995615587688,-8.027523923747772],[-34.9200076081883,-8.0274538309396277],[-34.920010294507343,-8.0274381329135824],[-34.92001485230972,-8.0274114933223242],[-34.919946035217187,-8.0273782736960051],[-34.919907728584036,-8.0273717623675012],[-34.919926290102964,-8.0272795228173681],[-34.919874965263396,-8.02726879962343],[-34.919835547616572,-8.0272605649008231],[-34.919793844084182,-8.0272540242043284],[-34.919764112207986,-8.0272499861481759],[-34.919761778778408,-8.0272670512796402],[-34.91974093774455,-8.0272661630841959],[-34.919682650342082,-8.0272636785285076],[-34.919654758931756,-8.0272629525016885],[-34.919597645356589,-8.0272614659675927],[-34.919592285155893,-8.0272607487375822],[-34.919557525542544,-8.0272560994685556],[-34.919526587766512,-8.0272519603407559],[-34.919516960392428,-8.0272505415733146],[-34.919469040543731,-8.0272564426281754],[-34.919445130931152,-8.0272593874945599],[-34.919419492123993,-8.0272589583253353],[-34.919393138672973,-8.0272477289326201],[-34.919366782531782,-8.0272365058788537],[-34.919337691665341,-8.0272341535906797],[-34.919338683717115,-8.0272076391168721],[-34.91933911083877,-8.0271962233261416],[-34.91930393487263,-8.027203157930197],[-34.919293008726918,-8.0271907427650167],[-34.919287438918104,-8.0272041100059877],[-34.919283349013988,-8.027213926416195],[-34.919194133728695,-8.0272271856571518],[-34.919181932039692,-8.0272266892800417],[-34.919147244764332,-8.0272252770879664],[-34.919148859243847,-8.0272047952356296],[-34.919104750548613,-8.0272089327265004],[-34.919094348030313,-8.0272099079072827],[-34.919050655321115,-8.0272104968118327],[-34.919009564056147,-8.027190437428164],[-34.918985013444605,-8.0272160465107856],[-34.918951717053474,-8.0272334694014909],[-34.918951034227092,-8.0272344688637745],[-34.918941177343356,-8.0272488876319468],[-34.918930661996193,-8.0272420576512467],[-34.918904694781567,-8.0272251904909826],[-34.918961324651541,-8.0269808283672575],[-34.918971202079355,-8.0269209333051172],[-34.918973292300791,-8.0269024806634199],[-34.918989613109524,-8.0268464394102494],[-34.919005292431706,-8.0267828142485467],[-34.919031797647811,-8.0266712187201961],[-34.91904193104132,-8.0266078870250226],[-34.919069909455374,-8.026481458892512],[-34.919106719693431,-8.0263560482335023],[-34.919148778041183,-8.0263311485652675],[-34.919201417223597,-8.0262999850178787],[-34.919307520174399,-8.0262347890860113],[-34.919409573011791,-8.0261577516184861],[-34.919455855367289,-8.0261226316814334],[-34.91955453151391,-8.0260477570895823],[-34.919704729971912,-8.0259316293303531],[-34.919789716468152,-8.0258621597631645],[-34.919910158281347,-8.0257626093416405],[-34.919946474935088,-8.0257388285095423],[-34.919969498474707,-8.0257237516274458],[-34.920088129265309,-8.0256876332513016],[-34.920096022588588,-8.0256852304931083],[-34.920098465263933,-8.0256838982610752],[-34.920134695556477,-8.0256641363789107],[-34.920169357386008,-8.025636984769621],[-34.920217074697042,-8.0255891596130358],[-34.920259262713394,-8.0255343510524479],[-34.920323766354358,-8.0254290359637146],[-34.920362373089013,-8.0253830315991141],[-34.920683673718969,-8.0253519938817011],[-34.920678348393473,-8.0253268342604542],[-34.920675474376807,-8.0252875055788451],[-34.92066551035056,-8.0251052984726527],[-34.920664735541258,-8.0250486707000466],[-34.92066643435416,-8.0250113973102888],[-34.920667879730559,-8.0249875603782144],[-34.920686821897142,-8.0248831259799065],[-34.920716569106496,-8.0247830999987801],[-34.920736440824754,-8.0247255649377305],[-34.920760955846241,-8.0246657824069985],[-34.92077865640762,-8.0246314692853389],[-34.920808843972566,-8.0245748019010819],[-34.9208551663856,-8.0244938204002594],[-34.920855426373677,-8.0244933653475883],[-34.920758822248189,-8.0244281902420269],[-34.92055874882201,-8.0242956913727834],[-34.920213492930266,-8.0241155628601426],[-34.920275489422437,-8.0240119745241589]]]},"properties":{"NMNOME":"Alto do Mandú","CDTIPO":"ZEIS","CDID":0,"CDSETOR":" ","ELINK":" ","NMLEI":" ","INDEXADOR":"03","PROPOSTA":" ","CRIAÇÃO":"LUOS 14.511 de 17/01/1983","COMUL":" ","AREA_HA":62.340308520000001,"DB2GSE.ST_Area(SHAPE)":623403.08522810997,"DB2GSE.SdeLength(SHAPE)":4615.7501282409858,"OBJECTID":3,"ALTERACAO":"LUOS 16.176 de 09/04/96","BAIRRO":"ALTO SANTA ISABEL","MODIFICADO":2,"COMPAREID":7,"AJSTDO_A_V":"Conforme v10 e lotes"}},{"type":"Feature","id":4,"geometry":{"type":"Polygon","coordinates":[[[-34.937662651624265,-8.0151459180066116],[-34.938377280163252,-8.0147815032977032],[-34.93852392457223,-8.0147067235830232],[-34.93902984481872,-8.0144487358509373],[-34.939097806196372,-8.0145687727371477],[-34.93880668174787,-8.0147045390788634],[-34.938916957468969,-8.0149222967796359],[-34.938581866312603,-8.0151035241208604],[-34.938387677841668,-8.0152085466408334],[-34.938174950073602,-8.0152255173522757],[-34.937973125474002,-8.0152416176081651],[-34.937896017731674,-8.0152885652396968],[-34.937772224408612,-8.0153639379896191],[-34.937757231600393,-8.0153467907801605],[-34.937670149022615,-8.0152249404921516],[-34.937480054405093,-8.0157506722239411],[-34.937848643584935,-8.0163016387876169],[-34.93817629129876,-8.0167914030757341],[-34.938191408726681,-8.0167781526600006],[-34.938287214958947,-8.0167394306308353],[-34.938345396023955,-8.0168635393558585],[-34.938551586811933,-8.0168242979197633],[-34.938657874984941,-8.0169721005743728],[-34.938667490366932,-8.0169756444215761],[-34.938428543745495,-8.0171684670234828],[-34.938431064867508,-8.0171722359143267],[-34.938027597875973,-8.0174216496096165],[-34.93778600772881,-8.0171510454560604],[-34.937523022732314,-8.0169418754537638],[-34.937112672777658,-8.017411834959761],[-34.937112564812985,-8.0178184909252188],[-34.937112561841275,-8.0178287863115294],[-34.936971861106265,-8.0183249357866959],[-34.936935039742977,-8.0184547774711916],[-34.93655555939781,-8.0188383738470819],[-34.936439827129526,-8.0189553611090947],[-34.936400414796893,-8.0190174515491126],[-34.936150051068054,-8.0196996015290996],[-34.93614754829283,-8.0197064199240504],[-34.936062123594752,-8.0199391699467864],[-34.935839278767929,-8.0198640318482131],[-34.935797442395113,-8.0198499254374696],[-34.935862894544428,-8.0202943197467285],[-34.935727510981678,-8.0203070460478667],[-34.935724989302138,-8.0202448787994562],[-34.935202722953797,-8.0202274883657001],[-34.935203530311966,-8.0201991352037769],[-34.934677144079586,-8.020411874531101],[-34.934568621202473,-8.0204557338125824],[-34.934431645457849,-8.020652578141453],[-34.934415367600884,-8.0206759711067495],[-34.934234483359582,-8.0206610332215984],[-34.93417825824968,-8.0203389579865654],[-34.934615942454577,-8.0200129599904812],[-34.934867978592784,-8.0198947071115843],[-34.935229248948019,-8.019552275744303],[-34.935366840530641,-8.0195084171820383],[-34.935480514528273,-8.0194721818675827],[-34.935649417900478,-8.0191132520772985],[-34.935745775274519,-8.0191657407040875],[-34.935833303959555,-8.0192134196377065],[-34.936105866541318,-8.0186733036758824],[-34.936360094916147,-8.0183385440447665],[-34.936619900286047,-8.01714258451854],[-34.937011804203344,-8.0159828886725748],[-34.937379308393666,-8.0151071581186759],[-34.937565044446742,-8.0152586333823148],[-34.937662651624265,-8.0151459180066116]]]},"properties":{"NMNOME":"Apipucos","CDTIPO":"ZEIS","CDID":0,"CDSETOR":" ","ELINK":" ","NMLEI":" ","INDEXADOR":"04","PROPOSTA":"Ampliação Lei Complementar nº 02 de 24/04/2021","CRIAÇÃO":"LEI Nº 16.220 de 30/07/1996","COMUL":"Decreto nº 18.858 de 20/06/01","AREA_HA":5.8801667699999998,"DB2GSE.ST_Area(SHAPE)":58801.667760229997,"DB2GSE.SdeLength(SHAPE)":2321.3648599258931,"OBJECTID":4,"ALTERACAO":" ","BAIRRO":"APIPUCOS","MODIFICADO":1,"COMPAREID":8,"AJSTDO_A_V":""}},{"type":"Feature","id":5,"geometry":{"type":"Polygon","coordinates":[[[-34.946583937896818,-8.0869431642698864],[-34.946442898391794,-8.0866137470495225],[-34.946310562395709,-8.0863450781914423],[-34.946087881421377,-8.0859038619169841],[-34.945916705345155,-8.0856643344418142],[-34.945758632934776,-8.0854431445211006],[-34.944326734495782,-8.0838797277401575],[-34.944528372557258,-8.0834168585583903],[-34.946055363054604,-8.0840761200883122],[-34.94687031487846,-8.0824991788131122],[-34.948019444104396,-8.0831998787423593],[-34.948474988713613,-8.0834776532081918],[-34.948665699519552,-8.0835975163314142],[-34.949800902287322,-8.0843109960883996],[-34.950577857727808,-8.0846883919885215],[-34.950245584158807,-8.0851537196101084],[-34.950405678211069,-8.085530347227289],[-34.950491084276329,-8.0857915176928294],[-34.950531760470994,-8.0859171204485971],[-34.950612487261019,-8.0860385388158083],[-34.950763415934453,-8.0861755964356945],[-34.950920297616022,-8.0863006442444316],[-34.951040913789711,-8.0863839328597074],[-34.951738012499838,-8.0868304077223847],[-34.951780516477911,-8.0868576306452074],[-34.951575139774413,-8.0870642800772607],[-34.951140329141765,-8.0875335328924862],[-34.950687972726932,-8.0872590773116713],[-34.949576409567584,-8.0867716419582401],[-34.949109189501982,-8.0875691810292452],[-34.948928494056887,-8.0878848002268722],[-34.948827087114658,-8.088016028945562],[-34.948725086068755,-8.0880237786901095],[-34.948218742440702,-8.0883191600983846],[-34.948058204208643,-8.08834627873701],[-34.948017761765342,-8.0883476938904355],[-34.94799074150351,-8.0883491471841324],[-34.94794301211568,-8.0883517144841566],[-34.947943604533556,-8.0884750886410028],[-34.947975329620277,-8.0884803308766102],[-34.947961140405965,-8.088579179146075],[-34.94787470750218,-8.0889322760318354],[-34.947909429844778,-8.0889394142190696],[-34.947862016003207,-8.0892697229624329],[-34.947762098747049,-8.0897267961534958],[-34.947445613360458,-8.0896794670981151],[-34.947213912762827,-8.0896188707581924],[-34.947094239904274,-8.0895806595575941],[-34.946888932404796,-8.0895151050432954],[-34.946894140367071,-8.0888487047293385],[-34.946900383936566,-8.0887492307403193],[-34.946864782553526,-8.0881886347527789],[-34.946818811152319,-8.0878980048602234],[-34.94677673909942,-8.0876320268919244],[-34.946681720547197,-8.0872638031040562],[-34.946583937896818,-8.0869431642698864]]]},"properties":{"NMNOME":"Areias","CDTIPO":"ZEIS","CDID":0,"CDSETOR":" ","ELINK":" ","NMLEI":" ","INDEXADOR":"05","PROPOSTA":" ","CRIAÇÃO":"LUOS 14.511 de 17/01/1983","COMUL":" ","AREA_HA":26.930663920000001,"DB2GSE.ST_Area(SHAPE)":269306.63929131499,"DB2GSE.SdeLength(SHAPE)":2773.2952518092156,"OBJECTID":5,"ALTERACAO":"LUOS 16.176 de 09/04/96","BAIRRO":"IPSEP","MODIFICADO":0,"COMPAREID":9,"AJSTDO_A_V":""}},{"type":"Feature","id":6,"geometry":{"type":"MultiPolygon","coordinates":[[[[-34.906694701299735,-8.106292502780521],[-34.906368197033061,-8.1060569557391364],[-34.906315323413324,-8.1060322363259747],[-34.905946507274052,-8.1061059998913851],[-34.90577780579752,-8.1062079845747519],[-34.906042801600023,-8.1064124586158375],[-34.905912816334236,-8.1065746901511737],[-34.905879786981615,-8.1066159136578051],[-34.90580760942337,-8.1071844961712056],[-34.905806024380219,-8.1071969842286009],[-34.905853049901836,-8.1072443444556725],[-34.90600366301301,-8.1074010607244809],[-34.90615345371674,-8.1075588050644551],[-34.906341001955461,-8.1077509532442278],[-34.906457470319431,-8.1078691864674362],[-34.906613821030859,-8.1080276312539414],[-34.906770330140908,-8.1081859730507091],[-34.906873089899236,-8.1082899353665692],[-34.907064835153172,-8.1084839248832719],[-34.907232116406625,-8.1086531642436501],[-34.907289262611435,-8.108717180379557],[-34.907249138859548,-8.1087356692063004],[-34.906981546825833,-8.1088595383841309],[-34.906742065629167,-8.1089707843859617],[-34.906448822136127,-8.1091070044425297],[-34.906225795202459,-8.1091981644089621],[-34.90595851186535,-8.1093074137507397],[-34.905935266337622,-8.1092349566616573],[-34.905871444559992,-8.1090360250812061],[-34.905766571575818,-8.1087091330870447],[-34.905749972826094,-8.1086573950272296],[-34.905582411338706,-8.1081210697346595],[-34.905606136245012,-8.1082090546986585],[-34.905603559067195,-8.1081998470748395],[-34.905599190087386,-8.1081906234204748],[-34.905593279447885,-8.1081822947694189],[-34.905586007971465,-8.1081751152228847],[-34.90557759532804,-8.1081693043458731],[-34.905568298169136,-8.1081650363271915],[-34.90556727993949,-8.1081647698686847],[-34.905558399254431,-8.1081624427423069],[-34.905548197417502,-8.1081616008476498],[-34.905537310835712,-8.1081627266926333],[-34.905482196953663,-8.1081684278068202],[-34.905252414268894,-8.1083058464371245],[-34.904934354953312,-8.1084661898564079],[-34.904562896050486,-8.1086534526795191],[-34.904529370911199,-8.1086703536171356],[-34.904447817070647,-8.1087114666649285],[-34.904299847612208,-8.1083820614167141],[-34.904820740734053,-8.1082723953022739],[-34.905024256054098,-8.1081638029232792],[-34.905161431230859,-8.1078446125802408],[-34.905360845355702,-8.1073748454338901],[-34.90544842938138,-8.1069992995784936],[-34.905442388697701,-8.106850613286511],[-34.905462162606533,-8.1066250799266228],[-34.905464578498652,-8.1065975271283239],[-34.905506172072123,-8.1061231421897126],[-34.905719738212717,-8.1061101828850184],[-34.905602546097292,-8.1057786868335331],[-34.905493197232218,-8.1054484070724744],[-34.905483085297988,-8.1052122423644501],[-34.905521244035484,-8.1050326626947147],[-34.905521709013954,-8.1049974968258987],[-34.905523456868742,-8.1048652118652171],[-34.905537683902665,-8.1047006937225863],[-34.905572618338788,-8.1044732904140808],[-34.905575251555859,-8.1043955355558719],[-34.905529741821269,-8.104288108222768],[-34.905526262435089,-8.1041864639297074],[-34.905519488432567,-8.1040220448500921],[-34.905569564640345,-8.1038244691844028],[-34.90561093535382,-8.103689724393611],[-34.905847768682456,-8.1037141292402008],[-34.906213897115144,-8.1037518584043635],[-34.906497687841842,-8.103870131342692],[-34.906454665467848,-8.1039274297676833],[-34.906517967944161,-8.1039899238982862],[-34.906383784830304,-8.1041669628333786],[-34.906558393909933,-8.1042917274973849],[-34.906757501094475,-8.1041938414760004],[-34.90680810773695,-8.1044370699206532],[-34.906874072399908,-8.1044277912275398],[-34.906916963607017,-8.1046159619082001],[-34.90701590313909,-8.1046005494423348],[-34.907040538945999,-8.1047349846030663],[-34.907238432109843,-8.104707148355411],[-34.907280872782259,-8.1047996410037797],[-34.907314551953412,-8.1049430039581232],[-34.907666920127745,-8.1048694574525992],[-34.907729315053047,-8.1051701372061267],[-34.907442114594666,-8.1052713091072182],[-34.90751516425145,-8.1054922284395161],[-34.907773746602821,-8.1053828178411873],[-34.907929248067788,-8.1060320248749971],[-34.907196771045477,-8.1061865712399008],[-34.906694701299735,-8.106292502780521]]],[[[-34.906975936755224,-8.1065771640449231],[-34.907506358817962,-8.1071140468459824],[-34.907721473439686,-8.107331781422161],[-34.90776027359226,-8.1073672145651141],[-34.907769322429992,-8.1073744246219626],[-34.907804310302801,-8.107402303148751],[-34.907807909565193,-8.1074098931101641],[-34.907814611623152,-8.1074261792215339],[-34.907826061582035,-8.1074679784486783],[-34.907827806225036,-8.1074789682435977],[-34.907828644754517,-8.1074949997361028],[-34.907825095023028,-8.1075302478052897],[-34.907814269696956,-8.1075639894073763],[-34.907813223754182,-8.1075663114251029],[-34.907754000128271,-8.1077064693883294],[-34.907802399845444,-8.1077165898372989],[-34.908116331236492,-8.1077710193010795],[-34.908410689338751,-8.1077993810289737],[-34.908437187894386,-8.10798985657072],[-34.90844330039495,-8.1080761833893558],[-34.908377120101022,-8.1080727351317634],[-34.907693738857446,-8.107996592352368],[-34.907667088996355,-8.1079946892930863],[-34.907636913276015,-8.1079878746738494],[-34.907631539944262,-8.1080063554327335],[-34.907571821701261,-8.1079825199327189],[-34.907586296950264,-8.1074524606059093],[-34.90702244786506,-8.1068630762052543],[-34.907013709799202,-8.1067392880202487],[-34.906526383598695,-8.1063031589453622],[-34.906694701299735,-8.106292502780521],[-34.906975936755224,-8.1065771640449231]]]]},"properties":{"NMNOME":"Aritana","CDTIPO":"ZEIS","CDID":0,"CDSETOR":" ","ELINK":" ","NMLEI":" ","INDEXADOR":"06","PROPOSTA":"Ampliação Lei Complementar nº 02 de 24/04/2021","CRIAÇÃO":"LEI Nº 15.921 de 11/08/1994","COMUL":"Decreto nº 17.123 de 06/10/95","AREA_HA":9.2357309000000001,"DB2GSE.ST_Area(SHAPE)":92357.309004909999,"DB2GSE.SdeLength(SHAPE)":2954.9219504438747,"OBJECTID":6,"ALTERACAO":"LUOS 16.176 de 09/04/96","BAIRRO":" ","MODIFICADO":1,"COMPAREID":10,"AJSTDO_A_V":""}},{"type":"Feature","id":7,"geometry":{"type":"Polygon","coordinates":[[[-34.944242272230781,-8.0876446330511875],[-34.943986763606816,-8.0877825086376021],[-34.94395756996559,-8.0877902433843634],[-34.944124284893107,-8.0878877814589281],[-34.944511971031666,-8.0881230081947546],[-34.944815627352604,-8.0883101423492292],[-34.945117900021039,-8.0884905476456979],[-34.945371348961444,-8.0886361633093617],[-34.946255153759623,-8.0891694051417105],[-34.946718634851315,-8.0894071564106476],[-34.946718915845381,-8.089407299718717],[-34.946708410389988,-8.089595015428964],[-34.946695721855654,-8.0898310104082309],[-34.94669179817933,-8.090025811400011],[-34.946687890850725,-8.0902198565299965],[-34.946687857788646,-8.0902214731231048],[-34.946685873361119,-8.090320022769335],[-34.946681670695661,-8.0905286958775076],[-34.946678449698453,-8.0906886352843301],[-34.946676382463544,-8.0907912842720133],[-34.946687410183571,-8.09089324703762],[-34.946698730301748,-8.0909979151228857],[-34.94672282025391,-8.0912063195353667],[-34.946723786586894,-8.0912146809757814],[-34.946742056203377,-8.091355405461627],[-34.94668603661195,-8.0913698100337559],[-34.946645296241456,-8.0913802859942887],[-34.946624793729711,-8.0913859264528369],[-34.946516962329952,-8.091415590619194],[-34.946286242320809,-8.0914933681171632],[-34.94626488005521,-8.0915005694270832],[-34.946086592278533,-8.0915615799572098],[-34.945936327986949,-8.0916133314104304],[-34.945876234810527,-8.0916342662479099],[-34.945791690765105,-8.0916639684313747],[-34.945650845265106,-8.091713450048843],[-34.945553413305646,-8.0917476795998979],[-34.945425959730485,-8.0917995780431404],[-34.945360434848354,-8.0918262595099844],[-34.945215680345186,-8.0918852024026702],[-34.94515872388326,-8.091906305729017],[-34.945060884221412,-8.0919425567669396],[-34.945037376472598,-8.0919512662509039],[-34.944954680335627,-8.0919751500769674],[-34.944869255641741,-8.0919998225592273],[-34.944742408577042,-8.0920316381355715],[-34.944696625058327,-8.0920422699413841],[-34.944595847115671,-8.0920656720896442],[-34.944558046257768,-8.0920709609078685],[-34.944469953329921,-8.0920832849799957],[-34.944339536568641,-8.0920937258655918],[-34.944301806832044,-8.0920962551686326],[-34.944263049089187,-8.0920953359009609],[-34.944238012606228,-8.0920947427397358],[-34.944186620608939,-8.0920865481860016],[-34.944174806889485,-8.0920859933067266],[-34.944113013919839,-8.0920701204704208],[-34.944053438429158,-8.0920473319460999],[-34.944019301054347,-8.0920305743333127],[-34.943983212187725,-8.0920113109474006],[-34.943935869484662,-8.091986040403004],[-34.943847229373503,-8.0919387268925203],[-34.943793727501756,-8.0919173133917504],[-34.943599003612995,-8.0918428943275256],[-34.943510737539604,-8.0918107714780234],[-34.943474772286493,-8.0917993111932773],[-34.943468656031257,-8.0917973622496309],[-34.943473013619368,-8.0917278265206214],[-34.943476139145723,-8.0916779425301382],[-34.943479050666539,-8.0916314822852922],[-34.943481779301685,-8.0915879357546618],[-34.943485255703813,-8.0915423651167302],[-34.943488388457546,-8.0915040203646633],[-34.943490103045548,-8.0914830274339167],[-34.943493345477734,-8.0914433396481211],[-34.943497269956985,-8.0913952970176002],[-34.943501370992777,-8.0913451019117808],[-34.943504619424893,-8.0913053408697007],[-34.943505334878346,-8.0912965745239607],[-34.943508683586757,-8.0912555907313255],[-34.943512944815495,-8.0912034249419946],[-34.943518455031949,-8.0911271883458618],[-34.943520450547794,-8.0910976173718989],[-34.943522222483345,-8.091071365319479],[-34.943526371918509,-8.0910098793244831],[-34.943529719262727,-8.0909602817664208],[-34.943531731769859,-8.0909304702348717],[-34.943533604471071,-8.0909027187908187],[-34.943536360599424,-8.0908618788507418],[-34.943537820375546,-8.0908333338096305],[-34.943537885260916,-8.0907817575446916],[-34.943537934554683,-8.0907433958280492],[-34.94353798365767,-8.0907046155378879],[-34.943538042599052,-8.0906576662202507],[-34.943535452504257,-8.090604054922105],[-34.943533185748393,-8.0905571510273049],[-34.943530489978031,-8.0905013632831935],[-34.943528531300416,-8.0904608215178104],[-34.943528039830397,-8.090450641560615],[-34.943525796210054,-8.0904042103722471],[-34.943523178002096,-8.0903500305600797],[-34.943520480291355,-8.0902972433604443],[-34.943518050318232,-8.0902516764244083],[-34.943513462437096,-8.0901656364732926],[-34.943513418572884,-8.0901648121899647],[-34.943512528478145,-8.0901481141329246],[-34.943478138269569,-8.0901432974012124],[-34.943437838585631,-8.0901376517522223],[-34.943379685227612,-8.0901295063893652],[-34.943335780860401,-8.0901233562481263],[-34.943295121460395,-8.0901187447192626],[-34.943240992250693,-8.0901128837011012],[-34.943193046620834,-8.090107692984656],[-34.943130189792754,-8.0901008871640254],[-34.943129719647601,-8.090100836062259],[-34.943093816943353,-8.0900974738747777],[-34.942958879575748,-8.090075556283356],[-34.942664020128397,-8.0900525172162894],[-34.942567980963652,-8.0900404231659895],[-34.942485160263367,-8.0900288068371449],[-34.942402766702131,-8.0900167852528888],[-34.942309343644254,-8.0900031553718854],[-34.942254479360479,-8.0899951505955805],[-34.942180926351369,-8.089984356201585],[-34.942099443874433,-8.089972398926502],[-34.942039412274084,-8.0899635887763797],[-34.942042345187367,-8.0898847996047447],[-34.942053852255121,-8.089820563723725],[-34.942066152190407,-8.0897546280764132],[-34.942076162275264,-8.0897009613207249],[-34.942092108340546,-8.0896199369323423],[-34.9420982905459,-8.089589629120395],[-34.94211336000928,-8.0895157418488317],[-34.942132598780759,-8.0894214104736388],[-34.942146931704421,-8.0893511365737769],[-34.94215013110599,-8.0893336876765591],[-34.942155241822213,-8.0893058114285417],[-34.942175535267978,-8.0891951189837261],[-34.94218825151421,-8.0891257622466117],[-34.942206074140856,-8.0890281929768992],[-34.942213698716039,-8.0889863326968161],[-34.942222271733698,-8.0889392678164089],[-34.942236579290302,-8.0888688141343597],[-34.942254776566401,-8.0888157702131576],[-34.942272145385395,-8.088748846750617],[-34.942272456158449,-8.0887481997817456],[-34.942296280728222,-8.0886984406323439],[-34.942317051546382,-8.0886599839609872],[-34.942339842031998,-8.0886087226791439],[-34.94234002109372,-8.0886074706237885],[-34.942343974285727,-8.0885797834042243],[-34.942345585438325,-8.0885614208352248],[-34.942315229127615,-8.088543471556207],[-34.942273392950632,-8.0885241945736777],[-34.942165390341906,-8.0885159876866197],[-34.94196184177531,-8.088504080950969],[-34.941781206917447,-8.0884931753505587],[-34.941370023417434,-8.088468678356886],[-34.941266785769429,-8.0884626987553503],[-34.941197098800323,-8.0884590105530219],[-34.940908652920662,-8.088443742290945],[-34.940721367740679,-8.088436056393606],[-34.940481293811722,-8.0884262046781039],[-34.940213879072132,-8.0884058248466726],[-34.939919975313607,-8.0883627704948839],[-34.93962041409884,-8.0883399049149354],[-34.939795257256264,-8.0865000164471308],[-34.93979732532506,-8.0864136345552211],[-34.940032081632644,-8.0863742043985258],[-34.940437582228746,-8.0863268935224308],[-34.940450477233014,-8.086325388508806],[-34.940745199636815,-8.086319731424366],[-34.940950278419137,-8.0863272715290986],[-34.941266603157281,-8.0863725974783645],[-34.941506119563954,-8.0864353177638755],[-34.941698668704014,-8.0865025173817155],[-34.942006837437091,-8.0866287685648164],[-34.942298001395741,-8.0867721289858281],[-34.94255922258484,-8.0869071162944195],[-34.942858819281156,-8.0870735192006844],[-34.942907818595273,-8.0869674997971916],[-34.942933790040428,-8.0869120204666167],[-34.942976696405154,-8.0868399761675605],[-34.94304990444958,-8.0867538554528107],[-34.942994998582556,-8.086719262800429],[-34.943024474399706,-8.086682753634685],[-34.942990906608408,-8.0866586666970637],[-34.943037760035189,-8.0865993443861441],[-34.943068759794009,-8.0865635855648055],[-34.943060368075066,-8.0865575638301248],[-34.943084547233084,-8.0865263839089856],[-34.943129909335816,-8.0864731303332533],[-34.943147463817013,-8.0864874429109879],[-34.94318227253121,-8.0864531811542584],[-34.943214046940447,-8.0864204490138043],[-34.943227454615261,-8.0864307230375143],[-34.943246098021568,-8.0864453007417829],[-34.943258950019789,-8.0864300859480593],[-34.943298250746913,-8.0863814067483979],[-34.94328754588733,-8.0863685767821902],[-34.943316334064718,-8.0863472245402459],[-34.943347391839517,-8.0863235887230687],[-34.9433814839078,-8.0862984232856139],[-34.943395889307602,-8.0862641609338919],[-34.943413941583579,-8.0862545626643154],[-34.943466486905628,-8.0862266253233805],[-34.943477666085521,-8.0862206813647237],[-34.943476105846088,-8.0862123543633491],[-34.943495647178352,-8.0862022825187569],[-34.943510234180401,-8.086194764672987],[-34.943498728336522,-8.0861736040997041],[-34.943489623639017,-8.0861774362775947],[-34.943478066995539,-8.0861456687436739],[-34.943525076335554,-8.0861189257639499],[-34.943512755898375,-8.0860864033678439],[-34.943539238161158,-8.0860597589378873],[-34.943576497849854,-8.0860610968773869],[-34.943620523686519,-8.0860464913728443],[-34.943675888424295,-8.086018193447206],[-34.943684989487174,-8.0860136036910806],[-34.943702551220255,-8.0860294322999646],[-34.943763911037806,-8.0859829209102525],[-34.943773812185157,-8.0859866626721821],[-34.943828264303427,-8.0859265456659983],[-34.943840358824708,-8.085912092058793],[-34.943898623525072,-8.0858542305903498],[-34.943925086688381,-8.0858237973689171],[-34.943939371109252,-8.0858406070838793],[-34.943944966098009,-8.0858471908648539],[-34.943965427826178,-8.0858334559418754],[-34.943958124651779,-8.0858253461186127],[-34.943947083253789,-8.0858130855143937],[-34.943971907219414,-8.0857576559229773],[-34.944010908602962,-8.0858052050095246],[-34.94406470939122,-8.0857678215688722],[-34.944066251491947,-8.0857723606899476],[-34.944107877007255,-8.0857327633035432],[-34.944116692453825,-8.085743162210564],[-34.944139225069435,-8.0857697406893507],[-34.944201271443447,-8.0857080723318777],[-34.94422321807744,-8.0856867526021166],[-34.944278369584147,-8.08563422985236],[-34.94433422595521,-8.0856884980421242],[-34.94438879972612,-8.0857420237726032],[-34.944490302070406,-8.0858636685673932],[-34.944562844765962,-8.0859591099097194],[-34.944618395680621,-8.0860187124731713],[-34.944645147543312,-8.0860856356660751],[-34.944657356434803,-8.0861262868325987],[-34.944665864204175,-8.0861623910769271],[-34.944691912528654,-8.0862390460704159],[-34.944738194304009,-8.0863075225595473],[-34.944770839261963,-8.0863504712632199],[-34.944810215492659,-8.0863879997947432],[-34.94484148213445,-8.0864255669256213],[-34.944878206830225,-8.0864738843192523],[-34.944912292896056,-8.0865356836766313],[-34.944940830534328,-8.0865678756620376],[-34.9449897131989,-8.0866147881273172],[-34.945026353991878,-8.0866455944945947],[-34.945081910733172,-8.0866749637654891],[-34.945117206399232,-8.0867071244610145],[-34.945153885953594,-8.086746012813796],[-34.945187994934855,-8.0867955477132991],[-34.945173481928649,-8.0868249287519891],[-34.945117575015615,-8.0868986904026539],[-34.945047340325551,-8.0869967668266654],[-34.944992171742037,-8.0870659794032065],[-34.944934038756827,-8.0871511164260603],[-34.94487960124237,-8.0872142638753974],[-34.944830445809096,-8.0872690517575787],[-34.944773673296609,-8.0873208446275164],[-34.944752463184699,-8.0873368568443365],[-34.944722630710139,-8.0872991147421285],[-34.944685508928224,-8.0873265683942286],[-34.944619591730863,-8.0873738583256216],[-34.944543809646518,-8.0874249840739356],[-34.944486153446256,-8.0874510202773173],[-34.944468551502275,-8.0874756552945311],[-34.944466963774275,-8.0874778768656874],[-34.944455189194002,-8.0874943558487526],[-34.944434821830555,-8.0875277904711709],[-34.944428088387589,-8.0875505530007672],[-34.944362527874375,-8.0875880521758923],[-34.944318151625303,-8.0876107660588286],[-34.944296901443991,-8.087621642553243],[-34.944242272230781,-8.0876446330511875]]]},"properties":{"NMNOME":"Barro","CDTIPO":"ZEIS","CDID":0,"CDSETOR":" ","ELINK":" ","NMLEI":" ","INDEXADOR":"07","PROPOSTA":" ","CRIAÇÃO":"LUOS 14.511 de 17/01/1983","COMUL":" ","AREA_HA":27.39539134,"DB2GSE.ST_Area(SHAPE)":273953.91348738997,"DB2GSE.SdeLength(SHAPE)":2963.1354065824485,"OBJECTID":7,"ALTERACAO":"LUOS 16.176 de 09/04/96","BAIRRO":"BARRO","MODIFICADO":0,"COMPAREID":11,"AJSTDO_A_V":""}},{"type":"Feature","id":8,"geometry":{"type":"Polygon","coordinates":[[[-34.922898059483515,-8.0957590596453901],[-34.92187777381293,-8.0945409756159314],[-34.922118258232196,-8.0943855600422481],[-34.923353020640313,-8.0956271389534766],[-34.923940235987466,-8.0962158330039511],[-34.925261796390863,-8.0974605950286058],[-34.925022965852257,-8.0986514924188278],[-34.924918985999867,-8.0991428094872084],[-34.928272483937612,-8.0996138297072804],[-34.9279072627753,-8.1022979380343099],[-34.927882679004242,-8.1024301576282429],[-34.927722685265294,-8.1023929934077366],[-34.927436943977781,-8.1023185028849145],[-34.927136072671473,-8.1022630444148938],[-34.926964429660778,-8.1021766376274886],[-34.926533640307397,-8.1020168388381482],[-34.926115176455362,-8.1020289681687174],[-34.925974154618082,-8.1019803369228285],[-34.925692381480751,-8.1019399553501046],[-34.925422004195617,-8.10189572724288],[-34.92520482681541,-8.1018360795134683],[-34.925025700244774,-8.1017762520341972],[-34.924918419147012,-8.101621284065903],[-34.924326075297564,-8.1010856065242223],[-34.924230533691244,-8.1009988392434451],[-34.923962612526509,-8.1006701935015482],[-34.923816795221157,-8.1004130213745533],[-34.923556321989352,-8.1000502109591608],[-34.923205631990392,-8.0994904723932155],[-34.923317292652939,-8.0989927255577765],[-34.923286327449219,-8.0988895892047381],[-34.923262112183181,-8.0988448539355904],[-34.923178219721585,-8.098869169022711],[-34.923103100038979,-8.0988456035777698],[-34.923063473452736,-8.098714230879601],[-34.923050904155929,-8.0985946904171247],[-34.923038378355976,-8.098484119815998],[-34.922950377768679,-8.0984228913883349],[-34.922950371242699,-8.0984228543526839],[-34.922948531016822,-8.0984216063852177],[-34.922854052418707,-8.0983575281336222],[-34.922601713890003,-8.0976590590561894],[-34.922599845469804,-8.0975157365664376],[-34.922599049760969,-8.0974547190571382],[-34.922596997416363,-8.0972972923063562],[-34.922701891063461,-8.0972728784406556],[-34.92266871717203,-8.097141612640268],[-34.922463392371462,-8.0963291648408902],[-34.922451306613453,-8.0963112816330902],[-34.922421016352331,-8.0963005891869635],[-34.922183833836051,-8.096216860553902],[-34.921937462690678,-8.096143271569856],[-34.921904502290246,-8.0961523977847971],[-34.92186302413868,-8.0962632228640015],[-34.921778084363979,-8.0962357181993454],[-34.921617345498973,-8.0967475968772344],[-34.920888104806735,-8.0964600136406091],[-34.920840518295698,-8.0964412478707413],[-34.920980190736621,-8.095977349273106],[-34.920916484149309,-8.0959567201738221],[-34.921038975052383,-8.0955118407189026],[-34.921103793407553,-8.0955144059885793],[-34.921174378040448,-8.0955183797493753],[-34.92122342971858,-8.0955368059107968],[-34.921252503745443,-8.0955940768224259],[-34.921258502235858,-8.0956442808456437],[-34.921281856713563,-8.0957101898462867],[-34.921300783420349,-8.0957531565768388],[-34.921930299260111,-8.095898126253136],[-34.922270345552718,-8.0957730482323935],[-34.922495915351149,-8.0956326755873818],[-34.92266798072049,-8.0958169122624462],[-34.922839529601482,-8.0958167223683333],[-34.922898059483515,-8.0957590596453901]]]},"properties":{"NMNOME":"Beirinha","CDTIPO":"ZEIS","CDID":0,"CDSETOR":" ","ELINK":" ","NMLEI":" ","INDEXADOR":"08","PROPOSTA":"Ampliação Lei Complementar nº 02 de 24/04/2021","CRIAÇÃO":"LEI Nº 15.161 de 21/12/1988","COMUL":"Decreto nº 14.621 de 08/04/89","AREA_HA":24.036412800000001,"DB2GSE.ST_Area(SHAPE)":240364.128060385,"DB2GSE.SdeLength(SHAPE)":3215.7757124524774,"OBJECTID":8,"ALTERACAO":"LUOS 16.176 de 09/04/96","BAIRRO":" ","MODIFICADO":1,"COMPAREID":12,"AJSTDO_A_V":""}},{"type":"Feature","id":9,"geometry":{"type":"Polygon","coordinates":[[[-34.912723601302289,-8.1421440107876055],[-34.912790892186415,-8.1421218451652742],[-34.913404750065276,-8.1418792729064471],[-34.913301100587063,-8.1415869802316667],[-34.913464289148074,-8.1415246479045482],[-34.913563374667653,-8.1418072930942653],[-34.913756610926505,-8.1423585023024181],[-34.913993147329236,-8.1422680618948249],[-34.914058799733354,-8.1425177234293304],[-34.914051152551494,-8.1427272983336678],[-34.914061480323866,-8.1427789167301263],[-34.914087082933634,-8.1429084401800544],[-34.914038303492831,-8.1430273021070789],[-34.914070787709548,-8.1430462209622192],[-34.914299390080949,-8.1431862385362308],[-34.914433331936564,-8.1432867701785021],[-34.914437100037141,-8.1432890984395598],[-34.914439075477439,-8.1432935524696166],[-34.91452032133293,-8.14340773629519],[-34.914570231048948,-8.1434935348788624],[-34.914754268803307,-8.1439457764296925],[-34.914810489673634,-8.1440676488469617],[-34.914834528946521,-8.144119759382674],[-34.914868120549421,-8.1441631910510335],[-34.914959215768079,-8.1442442703410993],[-34.915063976466229,-8.1443253483841538],[-34.915136021640649,-8.1443581520905184],[-34.915282761066351,-8.1444137923385522],[-34.914497577012284,-8.1447552780212202],[-34.914167523175408,-8.1448823652040829],[-34.913900419990838,-8.1449852129344666],[-34.913190167462758,-8.1452586930372792],[-34.912773605755937,-8.1454075429883659],[-34.912725225958042,-8.1452732638522782],[-34.912707716194376,-8.1452298691623373],[-34.91269613912182,-8.1452011790941583],[-34.912647672409989,-8.1450810651899026],[-34.913061387915192,-8.1449333987095471],[-34.913016813528259,-8.1448232473544024],[-34.91285753602893,-8.1443871230882863],[-34.91281731907651,-8.14426791051865],[-34.912855568312857,-8.1443844852720382],[-34.912447631826687,-8.1445619962159217],[-34.912378332970547,-8.144378761176327],[-34.912991202406687,-8.1441326856301099],[-34.91300297204733,-8.1441388835336728],[-34.912977925334971,-8.1440698390817268],[-34.912853579058286,-8.1437270589752213],[-34.912797045075493,-8.1435712138686505],[-34.912888363636931,-8.1435146492630945],[-34.912860254912104,-8.1434396750161611],[-34.912768509113164,-8.1431795920869963],[-34.91286102678604,-8.1431397940119243],[-34.912869817619459,-8.1431360169876843],[-34.912960107915964,-8.1431038660055943],[-34.912978557076279,-8.1430972969076016],[-34.912864497165998,-8.1428456908009235],[-34.912847659152298,-8.1428073095655726],[-34.912888610552983,-8.1427863972347403],[-34.913290957860383,-8.1425809364440056],[-34.91334696513038,-8.1424936528175156],[-34.913286894778828,-8.1424601150820752],[-34.913287020725839,-8.142459889376898],[-34.912723601302289,-8.1421440107876055]]]},"properties":{"NMNOME":"Borborema","CDTIPO":"ZEIS","CDID":0,"CDSETOR":" ","ELINK":" ","NMLEI":" ","INDEXADOR":"09","PROPOSTA":"Ampliação Lei Complementar nº 02 de 24/04/2021","CRIAÇÃO":"LEI Nº 15.141 de 11/11/1988","COMUL":" ","AREA_HA":5.85687727,"DB2GSE.ST_Area(SHAPE)":58568.772742549998,"DB2GSE.SdeLength(SHAPE)":1506.2416622734715,"OBJECTID":9,"ALTERACAO":"LUOS 16.176 de 09/04/96","BAIRRO":"BOA VIAGEM","MODIFICADO":1,"COMPAREID":13,"AJSTDO_A_V":""}},{"type":"Feature","id":10,"geometry":{"type":"Polygon","coordinates":[[[-34.953822110426842,-8.035675122995988],[-34.953819872442295,-8.0356183614081704],[-34.953817496119463,-8.0355580882623237],[-34.95381750516389,-8.0355556183680594],[-34.953816476575668,-8.0355468910851862],[-34.953813550659419,-8.035522080817211],[-34.953812307109182,-8.0355171452172272],[-34.953811883577828,-8.0355160171738831],[-34.953813872147038,-8.0355107904776695],[-34.953844039988887,-8.0354962953707538],[-34.953902720121363,-8.035425738699784],[-34.953918309682734,-8.0354200043724866],[-34.953951111288376,-8.0353675539699729],[-34.953970154009312,-8.0353349332003834],[-34.954186881568575,-8.034995602111854],[-34.954259520895718,-8.0351304015715233],[-34.954344280988828,-8.0350745833811246],[-34.954815923977115,-8.0347639802889592],[-34.954900702962973,-8.0346774669026555],[-34.954838329433287,-8.0345563720019584],[-34.95465388061897,-8.0341255007562005],[-34.95445188303637,-8.0336799524071534],[-34.954437098415838,-8.0336838639731614],[-34.954382032894877,-8.0336935449688411],[-34.954314614898053,-8.0331711014378264],[-34.954291745428776,-8.0330055673984333],[-34.954419246673588,-8.0329705172817309],[-34.954495206717269,-8.033231506561032],[-34.95457747334347,-8.0331945134433003],[-34.954765230920081,-8.0335546493265877],[-34.954771475443401,-8.0335515648714306],[-34.954796012856505,-8.0335394434038481],[-34.95485204886149,-8.033511762736639],[-34.954882805292605,-8.0334972937265476],[-34.954913219644574,-8.0334829863569883],[-34.954968308753593,-8.0334644111966309],[-34.954973315306283,-8.0334624852821275],[-34.955053982326206,-8.0334314473832595],[-34.95509070779061,-8.033419065442823],[-34.955098801047981,-8.0334169811067913],[-34.955108686739507,-8.0334160716418594],[-34.955118580686694,-8.0334168870544183],[-34.955128182550482,-8.0334194025552428],[-34.955137199908094,-8.033423541787025],[-34.955145359145519,-8.0334291785805476],[-34.955152412743757,-8.0334361432484318],[-34.95515250213505,-8.0334362485965745],[-34.955126737440047,-8.0335087959248899],[-34.955117512832686,-8.0335379147647252],[-34.955112998824291,-8.0335521658901161],[-34.955110675702258,-8.0335595006014966],[-34.955089798838003,-8.0336345026744134],[-34.955072973139302,-8.033712063819225],[-34.955070248617204,-8.033769321778939],[-34.955069609061312,-8.0337827525936572],[-34.955069112363198,-8.0337940048857543],[-34.955069148566139,-8.033799484127556],[-34.955069461837873,-8.033847311114183],[-34.955071337889095,-8.0339214772392307],[-34.955076969587502,-8.0339696215679801],[-34.955079802925894,-8.0339932732683152],[-34.955081910699263,-8.034010870416429],[-34.955087264656719,-8.0340538566829505],[-34.95509300461503,-8.0340888032536952],[-34.955112771566746,-8.0341622252492648],[-34.955148177548764,-8.0342635657029682],[-34.955196651561572,-8.0343885417178651],[-34.955196722222219,-8.0343887131502569],[-34.955299645109363,-8.034638149442479],[-34.95535105539026,-8.0347671353515384],[-34.955095474813788,-8.0349038364406287],[-34.955074107661453,-8.0349152639281165],[-34.955026142165032,-8.0348214994343827],[-34.954811559135962,-8.0349583444226731],[-34.954951127891277,-8.0351868831402999],[-34.954909499933343,-8.0352138706587031],[-34.954983701452427,-8.035336174927405],[-34.9547959638736,-8.0354593469961202],[-34.954722462019106,-8.0353448828506036],[-34.954569330339282,-8.0354403322781813],[-34.954423656303788,-8.0351884347905909],[-34.954070419126772,-8.0354253510858893],[-34.9543280588329,-8.0362067741758736],[-34.954410718014067,-8.0364493323338007],[-34.954472470703962,-8.0365911138434161],[-34.95441887234449,-8.0366182242695228],[-34.954477519070778,-8.0371324480932138],[-34.9539861197566,-8.0372043229398766],[-34.954018416804992,-8.0374266042193376],[-34.954131840883399,-8.0377713675643072],[-34.95418175309954,-8.0380460755714704],[-34.954145839878173,-8.0380622434260083],[-34.953975211308688,-8.0381390605580627],[-34.953797636231236,-8.0382190043038495],[-34.953734060349937,-8.038247625787335],[-34.952530653718846,-8.0389225129327553],[-34.952427930305994,-8.0387375776583365],[-34.952393919261134,-8.0386794698977369],[-34.952280561067106,-8.0384857950473112],[-34.952484687591856,-8.0383570301860363],[-34.952474534382048,-8.0383412910782184],[-34.952617821245695,-8.0382646613612696],[-34.952637621920623,-8.0382524123796841],[-34.952687983886094,-8.0381053533486853],[-34.952692508817044,-8.0380888131256452],[-34.952769556243979,-8.037798585582312],[-34.952767742235444,-8.0377447383986809],[-34.952762180911662,-8.037579680675826],[-34.952756760369745,-8.0375781252567844],[-34.952435598866273,-8.0374859911425034],[-34.952172180069965,-8.0378993455133703],[-34.951641810077611,-8.0377391074228104],[-34.951549348440217,-8.0376734959971188],[-34.95155989609362,-8.0376395089174313],[-34.951171036060906,-8.0374793827788942],[-34.951163469299203,-8.037487842608618],[-34.951114519948554,-8.0375405838309693],[-34.951056398684877,-8.0376008974936237],[-34.951004428419658,-8.0376520149187787],[-34.950966652544366,-8.0376891724712713],[-34.950939205143833,-8.0377161258344696],[-34.950906268024966,-8.0377395758601065],[-34.950901368101007,-8.0377423835847139],[-34.950842564498359,-8.0377760817222992],[-34.950984083461087,-8.038024878810047],[-34.95104531229272,-8.0381207723301689],[-34.951037720681448,-8.0381244146150834],[-34.95089925716664,-8.0381908332392413],[-34.950767576883436,-8.0382560407487968],[-34.950685947730221,-8.0382953881428989],[-34.95060468955554,-8.038201671651434],[-34.950603528609143,-8.0382022503277977],[-34.950685947730221,-8.0382953881428989],[-34.950557611819455,-8.0383572320396581],[-34.950593462893082,-8.0384269067004244],[-34.950330484853694,-8.0384536834207925],[-34.950322045247816,-8.0384628498301289],[-34.95032183785937,-8.0384545634171705],[-34.950268202571145,-8.0384600243861826],[-34.95026872958838,-8.0382191015328317],[-34.950254381832863,-8.0382172982498403],[-34.950248726770994,-8.0382165873862146],[-34.950206746266176,-8.0382113108088937],[-34.94999514753799,-8.0381551005436993],[-34.949940505282086,-8.0381354545254791],[-34.949970733536603,-8.0380233900651845],[-34.949909573717648,-8.0379914609399989],[-34.94956691364802,-8.0377623675285914],[-34.949511790194869,-8.0377255133705372],[-34.949499150943211,-8.0377401637483352],[-34.949244973890067,-8.0380347843603275],[-34.948871061940466,-8.0384707582974464],[-34.948860319108761,-8.0384614433146293],[-34.94878971744636,-8.038390439752769],[-34.948724568544598,-8.0383144335318431],[-34.948673193233191,-8.0382451604175831],[-34.949183408881282,-8.0379538884023418],[-34.94911872984234,-8.0378609725189207],[-34.949106304568126,-8.0378431231749765],[-34.948984327790654,-8.0376678969826809],[-34.948945589638512,-8.0375916859659284],[-34.949025033398812,-8.0375471039912565],[-34.949315361809163,-8.0373841782363264],[-34.949808446484688,-8.0371074698802225],[-34.950295955371324,-8.0368338902325132],[-34.950480199815729,-8.0367304951870775],[-34.950924426455771,-8.0364812032897586],[-34.950907144650728,-8.0364480959601341],[-34.950721653038748,-8.0360927268099989],[-34.950774450055135,-8.0360673591097704],[-34.950756855806311,-8.0360168765675404],[-34.950831671540499,-8.0359747897940199],[-34.950951874635891,-8.0359120461914841],[-34.951065670042993,-8.0361219988369665],[-34.951313491189907,-8.0359980619621521],[-34.951425386733781,-8.0362000732936316],[-34.952090580164679,-8.0358267756181974],[-34.952088070113817,-8.0358215829456476],[-34.952074934373719,-8.0357960924668372],[-34.952050700260543,-8.0357500867413236],[-34.952044395512623,-8.0357381181829108],[-34.952030947586145,-8.0357125903099007],[-34.952011181455902,-8.0356777807653987],[-34.951986740781727,-8.0356487097004052],[-34.951967617457896,-8.0356275048012655],[-34.95194288214234,-8.0356026362335058],[-34.951925435728583,-8.0355846218835651],[-34.951905232695019,-8.0355667562290733],[-34.95187617655337,-8.0355411695669314],[-34.951854494539205,-8.0355224303906745],[-34.951828873352397,-8.035502362888117],[-34.951808328295165,-8.035487325803226],[-34.951783670955358,-8.0354692796877742],[-34.951780281838765,-8.035467277044491],[-34.951748558207861,-8.0354485294879936],[-34.951718709234754,-8.0354308895247168],[-34.95169235980957,-8.0354186210589305],[-34.951659633471508,-8.0354033832416913],[-34.951629627544747,-8.0353906683554328],[-34.951608098685199,-8.035382716418642],[-34.951575080238939,-8.0353712634137775],[-34.951540394660704,-8.0353592334024864],[-34.951521595645566,-8.0353544498395948],[-34.951457049121451,-8.0353380250762569],[-34.951372198405821,-8.0353239378172674],[-34.95134231890956,-8.0353215456123728],[-34.951281967617767,-8.0353169475287896],[-34.950959155274859,-8.0353271034244695],[-34.950933109089092,-8.0352621103681034],[-34.951253490296644,-8.0350969880700944],[-34.951399616312564,-8.035021676261751],[-34.9515201367944,-8.0349588063115576],[-34.951637405946236,-8.0348975311387854],[-34.951636032705039,-8.0348948698175509],[-34.951620938934973,-8.0348656142118369],[-34.951591723477705,-8.0348129358093825],[-34.951562936890539,-8.0347547198913993],[-34.951537253564574,-8.0347066380622252],[-34.951467092484108,-8.0345766455967293],[-34.951818421451733,-8.0343785610591105],[-34.951822469444885,-8.0343865299933075],[-34.952004681292628,-8.0347163414498493],[-34.952284923915592,-8.0345625279865445],[-34.952130464110041,-8.0342845729894119],[-34.951924379628551,-8.0339137172929131],[-34.952048597764801,-8.0338442392295253],[-34.952291214202418,-8.0342838096748252],[-34.952381212995491,-8.0344468690516901],[-34.95235894604911,-8.0344577383667914],[-34.952419972129967,-8.0345729801951009],[-34.952422416739857,-8.0345766281630855],[-34.953037906305248,-8.0342426856586044],[-34.953155330189702,-8.0341789748223835],[-34.953195911958616,-8.0342668288279828],[-34.953286867455176,-8.0344637308384055],[-34.953335446507559,-8.0345717025112879],[-34.953349298737493,-8.0346024899557076],[-34.953393882915428,-8.0346974777101394],[-34.953455795318511,-8.0348272919217223],[-34.953529752687778,-8.0349809482172603],[-34.953578297578943,-8.0350819362421095],[-34.953631916199313,-8.0351874447779856],[-34.953695970279476,-8.035301150404198],[-34.95377293750888,-8.0354377799845995],[-34.953798134350237,-8.0354825090003938],[-34.953813550659419,-8.035522080817211],[-34.953822110426842,-8.035675122995988]]]},"properties":{"NMNOME":"Brasilit","CDTIPO":"ZEIS","CDID":0,"CDSETOR":" ","ELINK":" ","NMLEI":" ","INDEXADOR":"10","PROPOSTA":"Ampliação Lei Complementar nº 02 de 24/04/2021","CRIAÇÃO":"LUOS 16.176 de 12/04/1996","COMUL":"Decreto nº 18.970 de 05/10/01","AREA_HA":16.605292410000001,"DB2GSE.ST_Area(SHAPE)":166052.92416018,"DB2GSE.SdeLength(SHAPE)":3908.6226566461814,"OBJECTID":10,"ALTERACAO":" ","BAIRRO":" ","MODIFICADO":1,"COMPAREID":14,"AJSTDO_A_V":""}},{"type":"Feature","id":11,"geometry":{"type":"Polygon","coordinates":[[[-34.885066738815738,-8.0845621796611677],[-34.885288139013696,-8.0847589217979579],[-34.885706120613463,-8.0852464284884977],[-34.885754322910351,-8.0852962657404497],[-34.885759960791752,-8.0853020945305136],[-34.885904910844872,-8.0851865407559185],[-34.885935249885719,-8.0852318143713848],[-34.886030547721063,-8.0854325878948377],[-34.886032078581074,-8.0854358138111184],[-34.886045009910944,-8.0854211161982867],[-34.88612733917568,-8.0855338842227873],[-34.886125762887758,-8.0855353280786719],[-34.886094729964796,-8.0855578174189979],[-34.88607780034593,-8.0855322143312485],[-34.886035087156621,-8.0855787906844423],[-34.886033481465645,-8.0855801542128773],[-34.88596442257181,-8.0855141245064459],[-34.885916499458759,-8.0855696644194168],[-34.885880766904258,-8.0856107840740101],[-34.885854252804656,-8.0856384066918618],[-34.885840321818485,-8.0856529199631844],[-34.885821865900581,-8.0856711418525951],[-34.88579137814277,-8.0857012428042694],[-34.885779296183678,-8.0857243959503808],[-34.885724481625026,-8.0857749292313823],[-34.885714292469018,-8.0857843217107206],[-34.885675040739685,-8.0858205068663409],[-34.885698899430444,-8.0858439977110308],[-34.885699604798724,-8.0858446914997675],[-34.885656984207024,-8.08588719905147],[-34.885615895411703,-8.0859405547963839],[-34.88560639756372,-8.0859528877621418],[-34.88560047426401,-8.0859666570846063],[-34.885593450092166,-8.0859824701836231],[-34.885586703086631,-8.0859950680060351],[-34.885573267940302,-8.0859880284759296],[-34.885570415871236,-8.0859927256665731],[-34.885563738519984,-8.0860037193328562],[-34.885556520823968,-8.0860173210457447],[-34.885536082272893,-8.0860612170467085],[-34.885509128785806,-8.0861209961224798],[-34.885508126712445,-8.0861232175463869],[-34.885482421811588,-8.0861748686223418],[-34.885461494948785,-8.0862200786936871],[-34.88544361414975,-8.0862570475971047],[-34.885416493439628,-8.0862382775200032],[-34.885376318726045,-8.0862995785959928],[-34.885366436166741,-8.0863117035886773],[-34.88534353742542,-8.0863397995174147],[-34.885308876305139,-8.0863823272788267],[-34.885255973742979,-8.0863615560985806],[-34.885107270397988,-8.0863031706774358],[-34.88509920976157,-8.0863013102088175],[-34.885044229239405,-8.0862886183868969],[-34.884980119465475,-8.0862773907915368],[-34.884976931291504,-8.0863397977555405],[-34.884987731586214,-8.0864186052549645],[-34.884989754770459,-8.0864434508420242],[-34.884845892859801,-8.0869916280584171],[-34.884805952982809,-8.0869763815186282],[-34.884622884895535,-8.0869173760909767],[-34.884463428531355,-8.0868659806780112],[-34.88445821762641,-8.0868747399217895],[-34.884528193038925,-8.086920886775486],[-34.884565625000249,-8.0869526280748829],[-34.884581577598553,-8.0869639729963456],[-34.88458421618941,-8.0869658494443399],[-34.88451851435503,-8.0870482085046991],[-34.884500765558393,-8.0870704574811505],[-34.884483746351776,-8.0870908027185866],[-34.884451686731438,-8.0871288161286383],[-34.884429429418127,-8.0871546045745575],[-34.884411263183068,-8.0871756530501884],[-34.884410729941514,-8.0871780341407042],[-34.884405486388836,-8.0872014459373016],[-34.884397264494332,-8.087228154181755],[-34.884395726604417,-8.0872296647584179],[-34.88437811987761,-8.0872469569183885],[-34.884367304934152,-8.0872687037874442],[-34.884345853899909,-8.0873118377812059],[-34.8843403141707,-8.0873222638547766],[-34.88432818791506,-8.0873450853932773],[-34.884318694837759,-8.0873629530919136],[-34.884312422326339,-8.0873722524471674],[-34.884309255437444,-8.0873769474700197],[-34.88428725118056,-8.0874095677721627],[-34.884273110980786,-8.087431602106447],[-34.884248965278189,-8.0874764156495207],[-34.884246453210416,-8.0874810778172144],[-34.884241271679912,-8.0874906948959921],[-34.884210532837052,-8.0875480449699015],[-34.884207238541485,-8.0875530443505799],[-34.884168624878569,-8.0876116340747934],[-34.884150121732745,-8.0876439434962517],[-34.88411562247623,-8.0877041849790476],[-34.884062612994526,-8.0877412996135103],[-34.884038672641239,-8.0877580613541049],[-34.883953967467697,-8.0878127338172057],[-34.883953744069331,-8.0878128785960488],[-34.883948958674864,-8.0878296622873336],[-34.883922591265993,-8.0879221445848763],[-34.883921484429578,-8.0879225158415231],[-34.883681297278478,-8.0880030875309323],[-34.883680806555205,-8.0880036855818922],[-34.883504312169677,-8.0882188032327598],[-34.883457675241843,-8.0882756136268714],[-34.883354024990339,-8.0883970193605084],[-34.883241082132002,-8.0885281099302411],[-34.883217215159313,-8.0885558115634826],[-34.883170613698653,-8.0886593626707732],[-34.883118697111989,-8.0887728822499696],[-34.883092842089525,-8.0888294168994967],[-34.882892751716696,-8.0888166877637602],[-34.882799304568728,-8.0888148583434933],[-34.882802432582302,-8.0889737801672172],[-34.882805029921442,-8.0891057312289654],[-34.882757341943687,-8.0892533494482795],[-34.88269029067434,-8.0892749722125643],[-34.88259465725119,-8.0893058127163027],[-34.882580631201115,-8.0893133812285924],[-34.882518320530401,-8.0893349477620813],[-34.882487886809287,-8.0893457227272538],[-34.88244375207222,-8.0893553285807318],[-34.882431407653137,-8.0893538485429257],[-34.882355361926109,-8.0893545986443787],[-34.882354417026519,-8.0893636718212658],[-34.882353217641594,-8.0893751835694925],[-34.882346443489169,-8.0894402181104432],[-34.882344443811057,-8.0894403557062091],[-34.882327885034108,-8.0894414970305597],[-34.882265632947437,-8.0894457863019333],[-34.882204189117914,-8.0891964992040819],[-34.882185410907603,-8.0891472871845966],[-34.882146572285819,-8.0891058712707551],[-34.882020998877856,-8.0890278817879295],[-34.881836563150834,-8.0889239731769855],[-34.881709102758776,-8.0888686331380502],[-34.881696744340324,-8.0888932720065618],[-34.881642245718766,-8.0890526086006442],[-34.881635116771449,-8.0890734515553646],[-34.881608733308376,-8.089159859396128],[-34.881586774506019,-8.0892424388682738],[-34.88158170654431,-8.089261498523479],[-34.881563977538981,-8.0893573023766034],[-34.881557089868785,-8.0894207743016278],[-34.881557909171029,-8.0894239302864577],[-34.8815534808679,-8.0894541596149097],[-34.881550277516887,-8.0895515266048061],[-34.881554384029542,-8.089648861725161],[-34.881558941171868,-8.0897170056439816],[-34.881589137035185,-8.0899828902285478],[-34.880906531601106,-8.0901141727159214],[-34.880549438142467,-8.0901751764774801],[-34.880511868065923,-8.0901011506999954],[-34.880338977654453,-8.0897457887937101],[-34.880196190094445,-8.0893381145689709],[-34.880152712405526,-8.0892413276632507],[-34.880122111704331,-8.0891014020266567],[-34.880120673074458,-8.0890480000834497],[-34.879888058442418,-8.0888013571968269],[-34.879822819389304,-8.0887334879579988],[-34.879759908838302,-8.0886679179139893],[-34.879452385669275,-8.0883550591506772],[-34.879360289231393,-8.0882457184181433],[-34.879290219407558,-8.0881362754102746],[-34.879258494402222,-8.0880451435281593],[-34.879232571464073,-8.0879551394591065],[-34.879198549220838,-8.0878686397968949],[-34.879125573104375,-8.0876321143658583],[-34.879078541338302,-8.087490213660697],[-34.878922411459754,-8.087072670331457],[-34.878756921696109,-8.0866366823439524],[-34.87854199147305,-8.0860391623445445],[-34.878355452924687,-8.085563986602283],[-34.878271023686651,-8.0853575542683291],[-34.878076327827699,-8.0848731724045209],[-34.877866481060522,-8.0843715287033984],[-34.877711343463936,-8.0839170054999361],[-34.877558475972535,-8.0834520729685426],[-34.877460921131245,-8.0831648213580429],[-34.877344431630256,-8.0827944657170665],[-34.877242015506269,-8.0824587087783701],[-34.877152532905242,-8.082162176567584],[-34.877057499934807,-8.0818824007409393],[-34.876952632785333,-8.0815541867773515],[-34.876829444927075,-8.0812393224577885],[-34.876771714250175,-8.0810396993353013],[-34.876740754846544,-8.0808630616512591],[-34.876724125586826,-8.0806323916724221],[-34.876742459984932,-8.0805827023016565],[-34.876767704028509,-8.0805361192840532],[-34.876872437332224,-8.0804023333275818],[-34.876878517528475,-8.0803182257306663],[-34.876823928030809,-8.0802965233869184],[-34.876779703001283,-8.0802597530290932],[-34.876747646454689,-8.0801941046526959],[-34.876689378057158,-8.0800731816259415],[-34.876637386741479,-8.0799727696288013],[-34.876502652201061,-8.0798070078315511],[-34.876384556789262,-8.0796740339259632],[-34.876295363956999,-8.0795511986308988],[-34.876199854399289,-8.0793996343105778],[-34.8760811813573,-8.0791413642338981],[-34.875962114497185,-8.0787865931524632],[-34.876004534013944,-8.0786560171070594],[-34.876061437841493,-8.0784258269271501],[-34.876085824476625,-8.0783375705658429],[-34.876138254397297,-8.0783751270416069],[-34.876449851495842,-8.0785983276754312],[-34.876524483112853,-8.0786517889990659],[-34.876953701237532,-8.0789592451058869],[-34.877444070408814,-8.0793105029082177],[-34.877686541623504,-8.0794841875409347],[-34.877917887138089,-8.0796499029663398],[-34.879654322446079,-8.0808937179456475],[-34.879686204906285,-8.0809165558165947],[-34.879943197173027,-8.0810428767063414],[-34.881226124766613,-8.0816734867196711],[-34.883381520982553,-8.0827329314705771],[-34.883454524953365,-8.082768815203714],[-34.883579163261409,-8.0828300780602973],[-34.884094892282818,-8.083017524206646],[-34.884035516724666,-8.0831755976530104],[-34.883982761599661,-8.0832994700141203],[-34.883884109801357,-8.0835263865924496],[-34.883811828392894,-8.0836896339031288],[-34.883868764007936,-8.0837171013725477],[-34.883916169168067,-8.083738934244483],[-34.88378571768493,-8.084037782195157],[-34.883702696170232,-8.0842279735638645],[-34.883701789575021,-8.0842288773014079],[-34.883599328585333,-8.0844468574470465],[-34.883785896200621,-8.0845525847617878],[-34.883988113915862,-8.0846582398166831],[-34.8840631128759,-8.0845183774909479],[-34.884131948443461,-8.0843620784949142],[-34.884186565338588,-8.0842353315856545],[-34.884601472794131,-8.0845538808190458],[-34.884677034380431,-8.0844654931668067],[-34.88474534852574,-8.084338401880089],[-34.884864351984326,-8.0844201304858547],[-34.885066738815738,-8.0845621796611677]]]},"properties":{"NMNOME":"Brasília Teimosa","CDTIPO":"ZEIS","CDID":0,"CDSETOR":" ","ELINK":" ","NMLEI":" ","INDEXADOR":"11","PROPOSTA":" ","CRIAÇÃO":"LUOS 14.511 de 17/01/1983","COMUL":"Decreto nº 14.061 de 04/11/87","AREA_HA":62.07872373,"DB2GSE.ST_Area(SHAPE)":620787.23731428501,"DB2GSE.SdeLength(SHAPE)":4153.8452924916874,"OBJECTID":11,"ALTERACAO":"LM 16.021 de 28/04/95 - LUOS 16.176 de 09/04/96 - LM 16.830 de 27/12/02","BAIRRO":"IMBIRIBEIRA","MODIFICADO":0,"COMPAREID":15,"AJSTDO_A_V":""}},{"type":"Feature","id":12,"geometry":{"type":"Polygon","coordinates":[[[-34.879435647789748,-8.0154890939149031],[-34.879538021692035,-8.0151887152479233],[-34.879578896279298,-8.0150119314081802],[-34.879660100250319,-8.0146607267859924],[-34.87967956856756,-8.0143814098960178],[-34.879698339045753,-8.0140907499384646],[-34.879698941956221,-8.0140814089069199],[-34.87967686275536,-8.0137919396868558],[-34.879706753639901,-8.01352291708106],[-34.879705139775425,-8.0131713036299317],[-34.879724133585825,-8.0127885707540472],[-34.879743079981864,-8.0123954962798507],[-34.879772923468323,-8.0121161311827471],[-34.879843602397059,-8.0116917953804609],[-34.879925463060275,-8.0114432194569769],[-34.880062445862748,-8.0112826298517845],[-34.880827533959391,-8.0121508257955245],[-34.880864923896162,-8.0122082389834386],[-34.880928283141763,-8.0122970608672048],[-34.88097391716434,-8.0124564522723958],[-34.881034254287357,-8.0127048305749575],[-34.881674908619829,-8.015628145186799],[-34.881678083547669,-8.0156592148625574],[-34.882306893681623,-8.0154958719403187],[-34.882830131636588,-8.0175453005016433],[-34.88160035750699,-8.0178858654597356],[-34.882178029300491,-8.0201692124266515],[-34.885336568331226,-8.0193679682210472],[-34.885582973828811,-8.0197030579066197],[-34.885182036729205,-8.0199580675496147],[-34.884529591420467,-8.0203365834957108],[-34.883936202742149,-8.0206954386760323],[-34.883540465727862,-8.0208806255577016],[-34.883294020943083,-8.0209997733280716],[-34.883274913773278,-8.0210094530184506],[-34.883080673047424,-8.0211078609844613],[-34.883024749318196,-8.0211386954739972],[-34.882932631391469,-8.0211790906782721],[-34.88279547342789,-8.0212539574137462],[-34.882742732637226,-8.0212771595257806],[-34.882753274723456,-8.0213047057168723],[-34.882798536126636,-8.0214324525902594],[-34.883022078048988,-8.0220417986794175],[-34.883162355146894,-8.0224334364052101],[-34.883191069591113,-8.0225136028983499],[-34.883202483340554,-8.0225454692983522],[-34.883275977866454,-8.0225191208919266],[-34.883349104714668,-8.0228171604635286],[-34.883384587937805,-8.0226655726075791],[-34.883405835188796,-8.0225748068734486],[-34.883417380464564,-8.0225475728455926],[-34.883435742699156,-8.0225185166478106],[-34.883442897662228,-8.0225105189582262],[-34.883503996767921,-8.0224609236117335],[-34.88351999588518,-8.0224522860562768],[-34.883547679588766,-8.022438989654999],[-34.883647379932789,-8.0223890405009239],[-34.883671806389884,-8.0223806428431939],[-34.883779940261753,-8.02266376388976],[-34.883780153259757,-8.0226643216375297],[-34.883807442672079,-8.0227357710941352],[-34.883835375590913,-8.0228120372600795],[-34.88396043134297,-8.0231534799043782],[-34.883978499744629,-8.0232028134013849],[-34.884021884364053,-8.0233349045575242],[-34.884127228415316,-8.023280840265345],[-34.884156290291145,-8.0233381164171664],[-34.884204328569702,-8.0233474653520052],[-34.884227454366702,-8.0233965550861246],[-34.884305683840502,-8.0235626112446798],[-34.884293579918207,-8.0235664231038548],[-34.884295505075833,-8.0235714427913898],[-34.884563718046628,-8.0242708660638034],[-34.88523796463118,-8.0239905522691259],[-34.885275711673266,-8.0240752183237483],[-34.885329628102049,-8.024141152803633],[-34.885452306063826,-8.0241124270007962],[-34.885460491763212,-8.0241300886924929],[-34.885593737805827,-8.0244175753539935],[-34.885647960741316,-8.0245592079237085],[-34.885730268732104,-8.0248166583122469],[-34.885753104504147,-8.0248968116187473],[-34.885762398683944,-8.0249294343650561],[-34.88626260371683,-8.0247592176235081],[-34.886388251000675,-8.0251126614722086],[-34.886537135595823,-8.0254747285116554],[-34.886367677096757,-8.0255375974395893],[-34.886375378072387,-8.0255547685945317],[-34.886517422323848,-8.0258714730993894],[-34.886634437877547,-8.0258250220978553],[-34.886740850606238,-8.025782780251637],[-34.886843013502009,-8.0257422258937261],[-34.886934704933189,-8.0256977849695215],[-34.887045604962054,-8.0256520725174081],[-34.887279826128186,-8.0255619042102264],[-34.887281998357047,-8.0255681703697181],[-34.887316429286287,-8.0255540525908611],[-34.887428102231098,-8.0258542282817302],[-34.887522979211894,-8.0261092561705176],[-34.887663076204539,-8.0262393136391434],[-34.887664464469232,-8.0262406028170812],[-34.887697689866997,-8.0262714476793633],[-34.887763997654744,-8.0263330033405094],[-34.887860593193672,-8.0263810478084139],[-34.887890280425147,-8.0263958135575493],[-34.887958619218765,-8.0263835390799674],[-34.888291527583114,-8.0264761335348496],[-34.888304743654892,-8.0264798094510166],[-34.888437161398798,-8.0265166397331509],[-34.888422346791678,-8.0265845651697934],[-34.888405855130287,-8.026634041530663],[-34.888389441996317,-8.0266993416254788],[-34.888565672358013,-8.0267374082792049],[-34.888624614442811,-8.0264789328500541],[-34.888671005938214,-8.0263060698141402],[-34.888770388100582,-8.0263223454890369],[-34.888975586606925,-8.0263620980489829],[-34.888980111835068,-8.0263458165184307],[-34.88902372508219,-8.0261888861528146],[-34.889120066640508,-8.0257946218460212],[-34.889573489268791,-8.0258961965216287],[-34.889826353727997,-8.0259528422286728],[-34.889692231596072,-8.0265363029236063],[-34.889557588215972,-8.02712202894892],[-34.889547066519263,-8.0271618350142386],[-34.889715816954698,-8.0272299562747236],[-34.889868877364371,-8.0272917441204843],[-34.889981775672332,-8.0273422119754283],[-34.889419531418184,-8.0289000231444323],[-34.888525443962223,-8.028310134117481],[-34.888176085695626,-8.0288269830334773],[-34.883642308637903,-8.0258058054033334],[-34.882791657213382,-8.0254281870451987],[-34.881219737966198,-8.0250210175477417],[-34.881130982186193,-8.0249705016450008],[-34.8809762853897,-8.0249304435307636],[-34.880820286380484,-8.0249322512412729],[-34.880676733778472,-8.0249613098478694],[-34.880449405107278,-8.0250406646784604],[-34.880038990034954,-8.0252211547199241],[-34.880176506287626,-8.0251663981939938],[-34.880218286160705,-8.0252644875035788],[-34.880225711451317,-8.0252819195650407],[-34.879877252678646,-8.0254200043333661],[-34.879874435320602,-8.0254136651123318],[-34.879752804883296,-8.0254684656380029],[-34.879702743982214,-8.025492732945855],[-34.879533776821155,-8.0255632139543351],[-34.879514320388303,-8.0255690039562406],[-34.879318552789158,-8.0256512654370358],[-34.879315151489543,-8.0256512809681713],[-34.879312358624588,-8.0256603345566973],[-34.87932021976092,-8.025705502838866],[-34.879322276352774,-8.0257142621543345],[-34.879329856093392,-8.0257881951388619],[-34.879338929593345,-8.0258767032647746],[-34.879339131841704,-8.0258786723392745],[-34.879244762401015,-8.0258494782476841],[-34.879238998123611,-8.0257786099490787],[-34.879220664118165,-8.0256619375944407],[-34.879195825171287,-8.0255861794066874],[-34.879194999996791,-8.0255836625892076],[-34.878818077838609,-8.0257369648115358],[-34.877984439702118,-8.0253574713221063],[-34.877737693605802,-8.0266786506543149],[-34.877466420468323,-8.0266178781269293],[-34.877366390161271,-8.0265995674943209],[-34.877408409852549,-8.0263730816424488],[-34.877278718201602,-8.0264568020415155],[-34.877167097084644,-8.0265236710217067],[-34.877160494536326,-8.0264997148703845],[-34.876816984413985,-8.0265152316644315],[-34.876817051744851,-8.0265298992288265],[-34.876647866781148,-8.0265743254285251],[-34.876628851021465,-8.0265793186134733],[-34.87658314008722,-8.0265813026853863],[-34.87658051991702,-8.0265740466951545],[-34.876576687617892,-8.0265740307196491],[-34.876462722609524,-8.0262418995649174],[-34.876417234942451,-8.0262571482311156],[-34.876393318962329,-8.0261906994419636],[-34.876367845698418,-8.0261147820345311],[-34.876350842699452,-8.0260662197817059],[-34.876337967742003,-8.0260277644590801],[-34.876316093680344,-8.0259653015012216],[-34.876293437746838,-8.0259103460111429],[-34.876269821138941,-8.0258239327371452],[-34.87623449010318,-8.0257238587960948],[-34.876208266592279,-8.0256380125050395],[-34.876201460471073,-8.0256157316151011],[-34.876183792727588,-8.0255578910374776],[-34.876174144629275,-8.0255308124646714],[-34.8761622757279,-8.0254941607122738],[-34.876134814146447,-8.0254073237507217],[-34.876116254691574,-8.0253482703315857],[-34.876109551753999,-8.0253186242893904],[-34.876083703400617,-8.0252518624096396],[-34.876062744204887,-8.0251713135437299],[-34.8760490148494,-8.0251245445084223],[-34.876031518630178,-8.025067305252314],[-34.876024449185316,-8.0250487133184514],[-34.876000814903932,-8.0249690924746968],[-34.875960364703921,-8.024978938795833],[-34.875942814248511,-8.0249171874889065],[-34.875930137723586,-8.0248751067524502],[-34.875966005577396,-8.0248640716550863],[-34.875941669860268,-8.0247790403364831],[-34.875911044779293,-8.0247108120759414],[-34.8758462107211,-8.024445174460956],[-34.87576335734682,-8.0242743815391542],[-34.87573469944585,-8.024188892526837],[-34.875701926771896,-8.0240837159086631],[-34.875668131171494,-8.0239839187325046],[-34.875617216315533,-8.0238081750011965],[-34.875562611172725,-8.0236186634733535],[-34.87537143426939,-8.0230615002317531],[-34.875121214026755,-8.0231059981074146],[-34.875094979808374,-8.0229868379407794],[-34.875076011018329,-8.0228663165768275],[-34.875072462752392,-8.0228358514843823],[-34.875032661555892,-8.0228344894770256],[-34.874895970992497,-8.0228229013953793],[-34.874796025342953,-8.0228121693689829],[-34.874679913430171,-8.0227839562909136],[-34.874635819940629,-8.0227916474155947],[-34.87451957016409,-8.022811925572773],[-34.874376029736858,-8.0228369631954806],[-34.874312547153252,-8.0228619789627533],[-34.874225885896649,-8.0225927306692881],[-34.874150927092224,-8.0223915492497468],[-34.874046894738576,-8.022059936499403],[-34.873856185554217,-8.0214863786678592],[-34.873462517118412,-8.0202827828070742],[-34.873443943935975,-8.0202215548482787],[-34.873782877526935,-8.0201225062753707],[-34.874125263031068,-8.0200028638416629],[-34.874509187750022,-8.0198768165169838],[-34.874990622742637,-8.0197130359612956],[-34.875154469267585,-8.0196377101752603],[-34.875569577178545,-8.0195135922023297],[-34.875837360325185,-8.0194419363012805],[-34.876171123618988,-8.0193756266221481],[-34.876296264535732,-8.0193507647028373],[-34.876732402489935,-8.0192804134816029],[-34.87697731285666,-8.0192067889718928],[-34.877168510771732,-8.0192038463830642],[-34.877543973005785,-8.0191316734129163],[-34.877829809660071,-8.0190495804781072],[-34.878138360662952,-8.0189497116628541],[-34.878391074130882,-8.0188248507312068],[-34.878580501915984,-8.0187078518174069],[-34.8787496083958,-8.0185783227026963],[-34.878888638425472,-8.0183769493633239],[-34.879043078570618,-8.0181176994878314],[-34.879145310554641,-8.0177862959364798],[-34.879269873086436,-8.0173952240580562],[-34.879406278789226,-8.0163432182809764],[-34.879394275143177,-8.0160884922470448],[-34.879426507025663,-8.0157580219098588],[-34.879435647789748,-8.0154890939149031]]]},"properties":{"NMNOME":"Campo Grande","CDTIPO":"ZEIS","CDID":0,"CDSETOR":" ","ELINK":" ","NMLEI":" ","INDEXADOR":"12","PROPOSTA":"Ampliação Lei Complementar nº 02 de 24/04/2021","CRIAÇÃO":"LEI Nº 15.866 de 22/01/1994","COMUL":" ","AREA_HA":107.44209574999999,"DB2GSE.ST_Area(SHAPE)":1074420.9575871699,"DB2GSE.SdeLength(SHAPE)":8039.5795791923838,"OBJECTID":12,"ALTERACAO":"LUOS 16.176 de 09/04/96","BAIRRO":"CAMPO GRANDE","MODIFICADO":1,"COMPAREID":16,"AJSTDO_A_V":""}},{"type":"Feature","id":13,"geometry":{"type":"Polygon","coordinates":[[[-34.953707843041578,-8.0463770742180589],[-34.953571825982785,-8.0455605580839045],[-34.953565109140527,-8.0455268040795627],[-34.953682364432595,-8.0455411357538775],[-34.954134243919825,-8.0455949555321151],[-34.954285168293389,-8.0456122782689814],[-34.954547125274985,-8.0456326813170236],[-34.954803037228928,-8.0456507064080185],[-34.955135023616648,-8.0456791940877945],[-34.955413903482587,-8.0457055287678916],[-34.95567344683549,-8.0457259425641894],[-34.955861784149512,-8.0457442888538235],[-34.955990958417289,-8.0457557008500942],[-34.956234791809848,-8.0457713778035238],[-34.956418308643947,-8.0457909500771905],[-34.956517286674007,-8.045796492098356],[-34.956786934759187,-8.0458873127085297],[-34.956970913880873,-8.0459569104485293],[-34.957094894268117,-8.046007217968917],[-34.957361524566174,-8.0461097011157037],[-34.957511113632826,-8.0461755480258628],[-34.957759127220527,-8.0462869286234522],[-34.957905831484084,-8.0463655135151999],[-34.958057478377178,-8.0464509265040576],[-34.958405209366319,-8.0466724378570476],[-34.958593324113615,-8.0467850826542211],[-34.95895481587187,-8.0469098314119538],[-34.958860910271468,-8.046918164588531],[-34.95856621897218,-8.0469869444761084],[-34.956490438598301,-8.0474714208295737],[-34.95625561717398,-8.0475411388453519],[-34.956023636983772,-8.0476100132936104],[-34.955921897684071,-8.0476378002267044],[-34.955682586643483,-8.0477072455387173],[-34.955435463396519,-8.0477790151788007],[-34.955332022191534,-8.0478120607792789],[-34.955188591267145,-8.0478538084248026],[-34.955187544188838,-8.0478541135551573],[-34.95507890509446,-8.0478857346786317],[-34.95483039292499,-8.0479578939341057],[-34.954826560674242,-8.0479590304885615],[-34.9547753737017,-8.0479742072746845],[-34.954777349026521,-8.0479819193080395],[-34.954908474857298,-8.0484283816437472],[-34.954913160034771,-8.0484379015124112],[-34.955046935878975,-8.0488626386785391],[-34.954844264661702,-8.0489121711605982],[-34.954485169791717,-8.0489999338336542],[-34.954383090195385,-8.0486092580775903],[-34.954324875834743,-8.04838989952143],[-34.954253526054728,-8.0481268893204589],[-34.954216953707252,-8.0479920751562553],[-34.954236563093069,-8.0479865891659692],[-34.954567493081449,-8.0478940014403779],[-34.954564707076763,-8.0478884150572831],[-34.954480018715955,-8.0475965290597635],[-34.954468149594774,-8.047551204359463],[-34.954562754261943,-8.0475290938831883],[-34.954541507751244,-8.0473692054333519],[-34.954516863517497,-8.0472008062098084],[-34.95451510524461,-8.0471887953127652],[-34.954417858711167,-8.0472047184028668],[-34.954405241878924,-8.047145129627495],[-34.954396945516642,-8.0471135971864651],[-34.954390575391763,-8.0471064114334236],[-34.954336347568216,-8.0469863494421965],[-34.954275806783336,-8.0468430085120684],[-34.954271343375858,-8.0468324388803367],[-34.954237744630831,-8.0468420641779712],[-34.954210903582201,-8.0467281422254278],[-34.954044341404362,-8.0467738561798363],[-34.953885672527186,-8.0468184928538076],[-34.953760144435499,-8.0463730228970416],[-34.953707843041578,-8.0463770742180589]]]},"properties":{"NMNOME":"Campo do Banco","CDTIPO":"ZEIS","CDID":0,"CDSETOR":" ","ELINK":" ","NMLEI":" ","INDEXADOR":"13","PROPOSTA":" ","CRIAÇÃO":"LEI Nº 15.925 de 13/08/1994","COMUL":"Decreto nº 16.889 de 30/01/95","AREA_HA":9.4846567799999999,"DB2GSE.ST_Area(SHAPE)":94846.567822885001,"DB2GSE.SdeLength(SHAPE)":1771.4705235060408,"OBJECTID":13,"ALTERACAO":"LUOS 16.176 de 09/04/96","BAIRRO":"VÁRZEA","MODIFICADO":0,"COMPAREID":17,"AJSTDO_A_V":""}},{"type":"Feature","id":14,"geometry":{"type":"Polygon","coordinates":[[[-34.887738934910118,-8.0420252428583012],[-34.887363779156125,-8.0423256311028481],[-34.887189073057463,-8.0424484293643825],[-34.887173132403362,-8.0424596336271232],[-34.887014011194807,-8.0422267949827013],[-34.886955962270811,-8.0421490396404476],[-34.886855256688186,-8.0420071098040253],[-34.886802146834704,-8.0419403479417593],[-34.886734752512737,-8.0418598463920148],[-34.886468318475401,-8.0420479794756989],[-34.886442723918883,-8.0420660520399068],[-34.886425890879956,-8.0420947579252982],[-34.886413114904734,-8.0421165452441841],[-34.886408002226169,-8.0421135029917661],[-34.886379642826157,-8.0420966284060782],[-34.886339844401327,-8.0421013315775074],[-34.886277313375402,-8.042127677929324],[-34.886245692981973,-8.0421410010010526],[-34.88621215767138,-8.0420255774840026],[-34.886189978139384,-8.0419468942323444],[-34.886169051074774,-8.0419191889807085],[-34.886137289036455,-8.0418771396302251],[-34.886086789768846,-8.0418223347660689],[-34.885962548223809,-8.0417016419331127],[-34.885872831310067,-8.0416270459701202],[-34.885745212855866,-8.0415357900120199],[-34.885801202158284,-8.0414855084409691],[-34.885923552266185,-8.0413633932308741],[-34.886022445893275,-8.0412646892499673],[-34.886106235790493,-8.0411810605150986],[-34.886193061195598,-8.0410944018236918],[-34.886271600670227,-8.0410160128120101],[-34.886325599387867,-8.0410604399488808],[-34.886417676741779,-8.0411804405089828],[-34.886472924846949,-8.0412606498617674],[-34.886499364901489,-8.0412516377235157],[-34.886524817814461,-8.0412429628184121],[-34.88668231052187,-8.041125093443565],[-34.886693401809438,-8.0411167927806897],[-34.886762141600968,-8.0412105383748234],[-34.886844497057012,-8.0413454175856831],[-34.886856016917626,-8.0413642843364137],[-34.886931339479048,-8.041335843186916],[-34.886974294256149,-8.0413093362668953],[-34.887081982242051,-8.0414614709186854],[-34.88714731299639,-8.0414146812386562],[-34.887178311750461,-8.0413924874368981],[-34.887240523354713,-8.0414854040303609],[-34.887425496024633,-8.0417452001047245],[-34.887364143882607,-8.0417906669664898],[-34.887403700780737,-8.0418376971120633],[-34.887397646578187,-8.0418426973643005],[-34.887510071141875,-8.0419706187270208],[-34.887616477984608,-8.041898856699472],[-34.887718816308492,-8.0420044782236531],[-34.887738934910118,-8.0420252428583012]]]},"properties":{"NMNOME":"Campo do Vila","CDTIPO":"ZEIS","CDID":0,"CDSETOR":" ","ELINK":" ","NMLEI":" ","INDEXADOR":"14","PROPOSTA":" ","CRIAÇÃO":"LUOS 16.176 de 12/04/1996","COMUL":"Decreto nº 17.597 de 21/02/97","AREA_HA":1.54981195,"DB2GSE.ST_Area(SHAPE)":15498.119513,"DB2GSE.SdeLength(SHAPE)":659.49485989404366,"OBJECTID":14,"ALTERACAO":" ","BAIRRO":"ESPINHEIRO","MODIFICADO":0,"COMPAREID":18,"AJSTDO_A_V":""}},{"type":"Feature","id":15,"geometry":{"type":"Polygon","coordinates":[[[-34.934526219999384,-8.0859235888434853],[-34.934632557135544,-8.0858030659628195],[-34.934666555723432,-8.0858329294841944],[-34.934667022370164,-8.0858333892456926],[-34.934807839488222,-8.085971946597672],[-34.934891239069103,-8.08606763891515],[-34.935003721768965,-8.0863279254638574],[-34.935041176929801,-8.0864514423876361],[-34.935112173024983,-8.0866507309248199],[-34.935178300257846,-8.0868598406194838],[-34.935218178800326,-8.0869759969759993],[-34.935308162766198,-8.0872915416408837],[-34.935270185058336,-8.087316215060028],[-34.935268561194803,-8.0873173392580888],[-34.935418469922269,-8.0875647426753261],[-34.935480754572779,-8.0876642549752518],[-34.935567510359391,-8.0878181548238519],[-34.93558455713837,-8.0878882655907134],[-34.935591922423065,-8.0879010456344815],[-34.935614773033301,-8.0879367260814785],[-34.935656612451297,-8.087966806343049],[-34.935692764099038,-8.0880271179456269],[-34.935822205058329,-8.0881869711073744],[-34.935992841033126,-8.088362352226472],[-34.936100475649276,-8.08851370383573],[-34.936148154504117,-8.0887192256461447],[-34.936172186858649,-8.0888624012830945],[-34.936196419970443,-8.0890212133525221],[-34.936208974791015,-8.0891034912887712],[-34.936242432844388,-8.089419302509592],[-34.936174247535284,-8.0896206155542352],[-34.936085981848336,-8.0895964003962018],[-34.935964593404663,-8.0896533109637936],[-34.935811478060224,-8.0897569116049084],[-34.935727143064064,-8.0898528371496621],[-34.935669566993774,-8.089778816838006],[-34.935592367818643,-8.0896795697221151],[-34.935517905651281,-8.0896360453515239],[-34.935320101108438,-8.0895363463514176],[-34.93510686039135,-8.0894014162105847],[-34.934921888944686,-8.0892675760814541],[-34.934703739507391,-8.0891338930082473],[-34.934468286380259,-8.0889794723046275],[-34.934406144372318,-8.0888998040389914],[-34.934325672131472,-8.0887966349196532],[-34.933973474719274,-8.0882959872289337],[-34.933826191036701,-8.0880762401784771],[-34.93362568056704,-8.0877759144772234],[-34.933647555826639,-8.0877546831948912],[-34.933802988354152,-8.0875913714563907],[-34.933832177169002,-8.0875275490379437],[-34.933865925591292,-8.0873889985779872],[-34.933893757727056,-8.0872982399825304],[-34.933918950597622,-8.087169528158876],[-34.933926075750293,-8.0871104362343864],[-34.934124080142219,-8.0871501866486053],[-34.934169758719406,-8.0871453172162031],[-34.934227712252174,-8.0869757461912481],[-34.934176015957668,-8.0869601130666808],[-34.934155085010495,-8.086951639027669],[-34.934162101976213,-8.0868768993608935],[-34.934184732294518,-8.0867261552407186],[-34.934199139844587,-8.0866550546571645],[-34.934218947598389,-8.0865529348481413],[-34.934280784841896,-8.0864545975025806],[-34.934307012980803,-8.0863535502431461],[-34.934340016541917,-8.0863604022056386],[-34.93440768153642,-8.0863726942775056],[-34.93446762167369,-8.086304187904064],[-34.934488735482887,-8.0863095447964017],[-34.934506597133172,-8.0862427718369236],[-34.934514529840911,-8.0862094253414583],[-34.934488215866331,-8.0862005491832232],[-34.934493252724536,-8.0861370824994125],[-34.93450449659931,-8.0861408642543839],[-34.93451569295727,-8.0860878689837836],[-34.934501474797386,-8.086083372644822],[-34.934507751415516,-8.086055046061924],[-34.934499041634361,-8.0860532620181509],[-34.934506219510119,-8.0859869763040972],[-34.934526219999384,-8.0859235888434853]]]},"properties":{"NMNOME":"Capuá","CDTIPO":"ZEIS","CDID":0,"CDSETOR":" ","ELINK":" ","NMLEI":" ","INDEXADOR":"15","PROPOSTA":" ","CRIAÇÃO":"LUOS 14.511 de 17/01/1983","COMUL":" ","AREA_HA":6.1581601900000003,"DB2GSE.ST_Area(SHAPE)":61581.601921699999,"DB2GSE.SdeLength(SHAPE)":1167.9945572334002,"OBJECTID":15,"ALTERACAO":"LUOS 16.176 de 09/04/96","BAIRRO":"AREIAS","MODIFICADO":0,"COMPAREID":19,"AJSTDO_A_V":""}},{"type":"Feature","id":16,"geometry":{"type":"Polygon","coordinates":[[[-34.906520964104921,-8.0654253092218102],[-34.906717960078822,-8.0654124350056389],[-34.906791540201091,-8.0654076263719272],[-34.906793605053799,-8.0654074919978402],[-34.906840386555764,-8.0654044345312386],[-34.907354561746921,-8.0653215901798383],[-34.907641046303794,-8.0652742778326392],[-34.908046521646661,-8.0652073153028123],[-34.908091341767467,-8.0655574037350366],[-34.907996827672861,-8.065584883787098],[-34.907960309926644,-8.0655658533140819],[-34.907944173693288,-8.0655606921223093],[-34.907928417065463,-8.0655618133351474],[-34.907899385855224,-8.0655706755329533],[-34.907869309150172,-8.065580590413358],[-34.907821770060345,-8.0656014083214451],[-34.907759512639394,-8.065645909932412],[-34.907716065739535,-8.0657046958854295],[-34.907548279664972,-8.0660203641621475],[-34.907567278094049,-8.0661093444277334],[-34.90755176429321,-8.0661580012856255],[-34.907511541363704,-8.0661556934013863],[-34.90740448433354,-8.0663810562763452],[-34.907371963351629,-8.0663649507916553],[-34.907365374235859,-8.0663616879602564],[-34.907284694040044,-8.066488386395319],[-34.907294444024799,-8.0664969793559607],[-34.907324670429297,-8.0665236170730399],[-34.907253822847018,-8.0666600933184203],[-34.907417603979241,-8.0665822813451147],[-34.907418985154074,-8.0665816257915104],[-34.907453870148707,-8.0665650517684497],[-34.907555655557182,-8.0665419461479324],[-34.907658295658194,-8.0667127038885216],[-34.907600689760883,-8.0667635954961483],[-34.90751649067542,-8.0668175085062952],[-34.907487966234065,-8.0668323234306385],[-34.907486418845103,-8.0668331271218783],[-34.907242845265245,-8.0669596377168222],[-34.907317496645192,-8.0671077913076648],[-34.907326642886161,-8.0671259430724991],[-34.907338781494332,-8.0671463754235013],[-34.907338878413228,-8.0671465386083643],[-34.907386617269651,-8.0672268931012567],[-34.907280618304959,-8.0673500471219715],[-34.907279298394677,-8.0673515811442904],[-34.907249169525535,-8.0673062947765519],[-34.907247086635522,-8.0673031646501219],[-34.907193123875714,-8.0673374848748942],[-34.907021954445447,-8.067446350718475],[-34.906823063826323,-8.0671082866579571],[-34.906492514772246,-8.0672987913267882],[-34.906486785513614,-8.0673020934397144],[-34.906497346575172,-8.0673229020284207],[-34.906501646986243,-8.06733137391962],[-34.906138497417579,-8.067566709218454],[-34.906122877214372,-8.0675768315545344],[-34.906102398926826,-8.0675988487306309],[-34.906071979979991,-8.0677061179156251],[-34.906109051130549,-8.0677617100982619],[-34.906207544723763,-8.0677274991073702],[-34.906388182694869,-8.0681118798267555],[-34.906406967583692,-8.0680999644407407],[-34.90714111829184,-8.0676665646020922],[-34.907189067843234,-8.067644236814921],[-34.907302645435401,-8.06782238504654],[-34.907374745676925,-8.0677796909115678],[-34.907373845552044,-8.0678055532505262],[-34.907405444147848,-8.0678114108762102],[-34.907477204658711,-8.0679421175902064],[-34.907465774085438,-8.0679484893683551],[-34.907472172067642,-8.0679589594058889],[-34.90751830988215,-8.0680414106116345],[-34.907524704462475,-8.068053862379843],[-34.907513847643855,-8.0680595588605684],[-34.907323207772748,-8.0681751885073894],[-34.907352485351943,-8.0682234604323941],[-34.907355351178587,-8.0682285442163852],[-34.907451763128172,-8.0683995967276338],[-34.907472849200722,-8.0683901676113479],[-34.907475884384141,-8.068388810026681],[-34.907481182607235,-8.068386441096175],[-34.907518291600589,-8.0683688197074392],[-34.907528480695611,-8.068365810512514],[-34.907529350317958,-8.0683655533221312],[-34.907555612962916,-8.0683577970204841],[-34.907538946762266,-8.0683315346553126],[-34.907508020578504,-8.0682828012200325],[-34.907490976045423,-8.0682559430252265],[-34.907479761979104,-8.0682382710209168],[-34.907614574527649,-8.0681642326630261],[-34.907546254962369,-8.068025866975125],[-34.907477687025299,-8.0678652840535143],[-34.907502351079827,-8.0678553509816613],[-34.907739802166049,-8.0678220897773141],[-34.907743126702236,-8.0678568944505464],[-34.90774676476871,-8.0678902746604564],[-34.907748354420612,-8.0679048625208694],[-34.907754445583357,-8.0679464212491361],[-34.90775817067513,-8.0679863636793439],[-34.907774587350879,-8.0679859255635495],[-34.907777403617374,-8.0680061635549318],[-34.907677809565918,-8.0680356716519945],[-34.907638937123984,-8.0680579219523043],[-34.907614332447025,-8.068072006236255],[-34.907641451308578,-8.0681081348109593],[-34.907700995249023,-8.0681874605432409],[-34.907705231629706,-8.0681931038845107],[-34.907705860560412,-8.0681939417370554],[-34.907711500857744,-8.0682014562854754],[-34.907778490567836,-8.0683635815918056],[-34.907797517382939,-8.0684096302145871],[-34.907831771995653,-8.0683998124497691],[-34.907880080714335,-8.0683882982568118],[-34.907937380653699,-8.0683746402043255],[-34.90799541362415,-8.0683608078599995],[-34.908039531186439,-8.0683507804823602],[-34.908087113888143,-8.0683395869785226],[-34.908127888960053,-8.0683299946562421],[-34.908167576790142,-8.0683206786174981],[-34.908175545397555,-8.0683756991810665],[-34.908178568487806,-8.0684001853167242],[-34.908180543019043,-8.0684161781061654],[-34.908181214356354,-8.0684353339721611],[-34.90818130859693,-8.0684380195169663],[-34.908159475184853,-8.0684428296532467],[-34.908063632177473,-8.068464062628852],[-34.908074050280057,-8.0684961383042832],[-34.908111713482874,-8.0686012857253466],[-34.908160447828116,-8.0687361624219012],[-34.908182070051176,-8.0687814566766729],[-34.908166659751402,-8.0687879763068953],[-34.90816786202641,-8.0687911439797961],[-34.907974820201929,-8.0688710310996328],[-34.907768752013368,-8.068956309227346],[-34.907699706143923,-8.0689855186292458],[-34.907375560268314,-8.0691336035839445],[-34.9071803665895,-8.0692110214715314],[-34.907178484197892,-8.0692117679599082],[-34.90694074691158,-8.0693060585661396],[-34.906869932958074,-8.0693426252586296],[-34.906900864443145,-8.0694154991363636],[-34.907009044953007,-8.0696703708973683],[-34.907035759195956,-8.0697372234164302],[-34.907038915021381,-8.0697424387478112],[-34.90755544767967,-8.0695348974503798],[-34.907875325275029,-8.0693888346981293],[-34.90799172967187,-8.0693392863294804],[-34.908094420575971,-8.0693410335370572],[-34.908345717364938,-8.0693401813578607],[-34.908418597407142,-8.0693403126481442],[-34.908404443317373,-8.0694610381451799],[-34.90824508334061,-8.069439625914633],[-34.908138366392215,-8.0694302861732901],[-34.908049508870228,-8.0694385693248041],[-34.907984865970583,-8.0694615654056978],[-34.907831079341967,-8.0695252350404143],[-34.907733266943865,-8.0695602461257607],[-34.907688801030567,-8.0695807406105651],[-34.907608707052376,-8.0696058382740024],[-34.9075818154272,-8.0696131491101628],[-34.907530262640293,-8.0696271627961469],[-34.907471829798396,-8.0696559638214804],[-34.907420729590783,-8.0696864022963979],[-34.907419384296873,-8.0696873605478032],[-34.907418147384632,-8.0696886048836589],[-34.907417146330573,-8.0696900443032771],[-34.907416410869565,-8.0696916361769073],[-34.90741596344153,-8.0696933297721927],[-34.907415818331032,-8.0696950762029882],[-34.907415849953843,-8.069695822815536],[-34.907412739666896,-8.0697326111636425],[-34.907402156444618,-8.0697502310293494],[-34.90737019341627,-8.0697589595561645],[-34.907267236167847,-8.0697923219974061],[-34.90717381641835,-8.0698467861287355],[-34.907037418803128,-8.0698980583966371],[-34.906976800110996,-8.0699238472516228],[-34.9068808273488,-8.0699652865649334],[-34.906776027551885,-8.0699903147468515],[-34.906725539707359,-8.0699981558360232],[-34.906692096849667,-8.0700091468599453],[-34.906651988641386,-8.0700201698303982],[-34.906651774283894,-8.0699744557243083],[-34.906651285131616,-8.0698701375910922],[-34.906626334630012,-8.0696675310006718],[-34.906582660062647,-8.0695286995834365],[-34.906580819309738,-8.0695228497949127],[-34.906574346728206,-8.0695022762268671],[-34.906557083646817,-8.0694477689908819],[-34.906523405000677,-8.0693420974265599],[-34.906506431761521,-8.0693051006350558],[-34.906414650202905,-8.0691817403111088],[-34.906335296893161,-8.0690856222320413],[-34.906285409494082,-8.0689649381031696],[-34.906255736773687,-8.0689060921355331],[-34.906230537811282,-8.0688561177498936],[-34.906200874573798,-8.068748973688523],[-34.90615184281485,-8.0686573477204711],[-34.906084161229302,-8.0685805204692524],[-34.906033534751117,-8.0685620428423537],[-34.905967678081261,-8.0685380064726875],[-34.905793131770778,-8.0684738761113817],[-34.905774209256798,-8.068463012302507],[-34.905707578444542,-8.0684247593922809],[-34.905648355134375,-8.0683859250303769],[-34.905566376880834,-8.0683314097133749],[-34.90554861376561,-8.0683197919263581],[-34.905540307266726,-8.0683143591609525],[-34.905436734912136,-8.068246618334916],[-34.905338624150858,-8.0682065301253072],[-34.905269924553835,-8.0681787911267335],[-34.905223028134287,-8.068158557498105],[-34.905189077925662,-8.0681353932058943],[-34.905086521577715,-8.0680684159979492],[-34.905000939829328,-8.0680131994701032],[-34.904944192849214,-8.067965025271592],[-34.904859975982696,-8.0678936556818943],[-34.904818642990719,-8.0678577448696291],[-34.904778641625605,-8.0678229913938786],[-34.904670830531707,-8.0677101108751135],[-34.904549990845531,-8.0675829397171235],[-34.904420437253016,-8.0674400203658596],[-34.90439698993648,-8.0674141952807634],[-34.904390518791729,-8.0674070687632877],[-34.904310788829633,-8.0673192548198482],[-34.904207656786426,-8.0672063523571786],[-34.904180122378492,-8.0671691649286945],[-34.904225780563216,-8.0671429208423167],[-34.904340633047021,-8.0670433938732966],[-34.904306351123282,-8.0670004969907989],[-34.904301717999047,-8.066933540557832],[-34.904308155926024,-8.0669246606855687],[-34.904314594759818,-8.0669157808090386],[-34.904366267967617,-8.0668914750950762],[-34.904392665744538,-8.0668790588025097],[-34.904478963203047,-8.066856652434538],[-34.90444318763268,-8.0668326259147598],[-34.904290410403355,-8.0667441327479104],[-34.904297315438313,-8.066734660347004],[-34.904314948015369,-8.0667104713452851],[-34.90437163669656,-8.0666327036802343],[-34.904434484996656,-8.0665464868667396],[-34.904469094530768,-8.0664991316971744],[-34.904467340116533,-8.0664977620541638],[-34.904509147430936,-8.0664445656701353],[-34.904514519605456,-8.0664374536884491],[-34.904562222703944,-8.0663630484458189],[-34.904556041912535,-8.0663574846169848],[-34.904529443100685,-8.0663335401807608],[-34.904577689708191,-8.0662698257428573],[-34.904657774035172,-8.0661640668638466],[-34.904675594422507,-8.0661769004246722],[-34.904683979102259,-8.0661829629933823],[-34.904711889657463,-8.0661391124044606],[-34.904765696065219,-8.0660589677639951],[-34.904765460633755,-8.0660588630828443],[-34.904798186770215,-8.0660093414715757],[-34.904829104278917,-8.0659629527340329],[-34.904843460919544,-8.0659414107047329],[-34.904873257847939,-8.0658967033218882],[-34.904886553374972,-8.0658767555807387],[-34.904887849617609,-8.0658748148440633],[-34.904911756667495,-8.0658390164287983],[-34.905017411543987,-8.0656808074557134],[-34.905018958162429,-8.0656817757525712],[-34.905130626341638,-8.0655154645592759],[-34.905128686384167,-8.0655141825722403],[-34.905161262918483,-8.0654656615469822],[-34.905186738237504,-8.0654277159000962],[-34.905192374697975,-8.0654193207158684],[-34.905225284228088,-8.0653696590129798],[-34.905227329035498,-8.0653714422701999],[-34.905228877549462,-8.0653691351158354],[-34.905388522958766,-8.0655120598781735],[-34.905502409407838,-8.0656114079657115],[-34.905507869029272,-8.0656189053220562],[-34.905644339235856,-8.0654398406743635],[-34.90570227403704,-8.0653251205456193],[-34.905768725799035,-8.0652456800391388],[-34.905796177845204,-8.0652556127856254],[-34.905841592935765,-8.0652720444724206],[-34.905758398650711,-8.0654634043202744],[-34.905716383028881,-8.0655253287182465],[-34.905876591923523,-8.0655888562132869],[-34.905843355739435,-8.0656667517288696],[-34.905846000809007,-8.0656677076782941],[-34.906056039889933,-8.0657436158695255],[-34.906057906251355,-8.0657442906596835],[-34.90629208722747,-8.0658289236270484],[-34.906520964104921,-8.0654253092218102]]]},"properties":{"NMNOME":"Caranguejo Tabaiares","CDTIPO":"ZEIS","CDID":0,"CDSETOR":" ","ELINK":" ","NMLEI":" ","INDEXADOR":"16","PROPOSTA":"Ampliação Lei Complementar nº 02 de 24/04/2021","CRIAÇÃO":"LUOS 16.176 de 12/04/1996","COMUL":"Decreto nº 17.597 de 21/02/97","AREA_HA":11.612845800000001,"DB2GSE.ST_Area(SHAPE)":116128.45806405001,"DB2GSE.SdeLength(SHAPE)":2907.9043025281571,"OBJECTID":16,"ALTERACAO":" ","BAIRRO":"ILHA DO RETIRO (RPA 4.1 E RPA 5)","MODIFICADO":1,"COMPAREID":20,"AJSTDO_A_V":""}},{"type":"Feature","id":17,"geometry":{"type":"Polygon","coordinates":[[[-34.898695350056563,-8.021397661476577],[-34.897817235946071,-8.0216482958008637],[-34.897510870532869,-8.0209529672793547],[-34.89734961674116,-8.0207081708319219],[-34.897126126908141,-8.0204976442460563],[-34.89687686606451,-8.020322460752217],[-34.896632656689789,-8.0201508266984156],[-34.896360592831243,-8.0199147254389249],[-34.896047379511486,-8.0196583514240984],[-34.895949745543277,-8.0195748204065591],[-34.895665350570575,-8.0193633552722208],[-34.89556158374802,-8.0192608749017555],[-34.895525147373796,-8.0192029195622876],[-34.895499523478598,-8.0191199004928908],[-34.895494477790336,-8.019034915284637],[-34.895491867233886,-8.0189931653299755],[-34.895504860477089,-8.0189384071500012],[-34.895544040190423,-8.0188443349750269],[-34.895592823130009,-8.0187447435244028],[-34.895742784581351,-8.018448348342254],[-34.895874853257503,-8.0181783730279896],[-34.896014382915432,-8.0179634351256421],[-34.896230346059184,-8.0176547634510342],[-34.896519034466586,-8.0172296312031541],[-34.8966251783974,-8.0170675219541323],[-34.896688167686087,-8.0169235699133257],[-34.896753209165887,-8.0167041850521912],[-34.896787285675316,-8.0165412105737879],[-34.896784561349762,-8.0164717865292978],[-34.896769245240584,-8.0162767160347741],[-34.896724798378386,-8.0160159340275783],[-34.896703692633317,-8.0158675802258479],[-34.896697159189308,-8.0158279666020302],[-34.896675853742025,-8.0156200523329577],[-34.896605610166411,-8.0156956362954208],[-34.896461011794806,-8.0158531335688323],[-34.896291218751266,-8.0160167326487954],[-34.895951720959211,-8.0163630840266205],[-34.895707912229888,-8.0166239956007974],[-34.895465104479278,-8.0168418033928006],[-34.895350342566701,-8.016958458985842],[-34.895257165336282,-8.0170678314808725],[-34.895169554101962,-8.0169587174556121],[-34.895020075839867,-8.0167337503586023],[-34.894889817620538,-8.0165594333330965],[-34.894722619287734,-8.0163626281541749],[-34.894657235976254,-8.0162814679318792],[-34.894358259325863,-8.0159562676228937],[-34.89411847565826,-8.0156068874998478],[-34.894703578259957,-8.015057499078571],[-34.894888367495248,-8.0148529981360106],[-34.895450189811321,-8.0142450163147707],[-34.896000691645447,-8.0137448827218858],[-34.89583892968885,-8.0135619240582212],[-34.895614955692473,-8.0133259787459128],[-34.895268715575789,-8.0131590963856585],[-34.894928458551455,-8.0126298179525044],[-34.894441499505085,-8.0118894757863846],[-34.894269813127742,-8.0116289006859329],[-34.893816351198836,-8.0111201019260641],[-34.893759844877671,-8.0111723395686862],[-34.893497969634261,-8.0114028759451887],[-34.893011593894997,-8.01185869676641],[-34.892858486212297,-8.0116942836272216],[-34.892716811014296,-8.0115317680109772],[-34.892713318613637,-8.0115267582782241],[-34.892624770580177,-8.0113494936825518],[-34.89253947034944,-8.0113141172374611],[-34.892571089125205,-8.0109868705378631],[-34.892531777721317,-8.0109204014896793],[-34.8924846927804,-8.0109158386603578],[-34.891758286168987,-8.0108454428942792],[-34.891582158092667,-8.0110308727365549],[-34.891532983026458,-8.0112749010559039],[-34.891493741898941,-8.011827031553695],[-34.891474730515348,-8.0120450811342288],[-34.891432809737658,-8.012637764603241],[-34.891383880064268,-8.0131171974622042],[-34.891375775316838,-8.0132032585763948],[-34.890825082858747,-8.0137470016306285],[-34.890858260265894,-8.0137721997785736],[-34.890971968162631,-8.0138882879175739],[-34.890990945487601,-8.0139407648567662],[-34.890986027945459,-8.0141798437638805],[-34.890919685114291,-8.0143597044085411],[-34.890820507575562,-8.0144845045492712],[-34.890677868163358,-8.014636195175191],[-34.89055369306319,-8.0147318268675765],[-34.890376182221473,-8.0148429143146931],[-34.890363701381155,-8.0148259143176066],[-34.890275089651631,-8.0147052203673947],[-34.890208488063195,-8.0146015902702192],[-34.890142161501274,-8.0145575322452984],[-34.890053474917501,-8.0143526037489465],[-34.890034465917878,-8.0143113257115139],[-34.890077360150457,-8.0142929217581997],[-34.890037590772621,-8.0142170539519988],[-34.890028601899054,-8.0141980833048176],[-34.890013495215698,-8.0142079808211957],[-34.889999670780995,-8.0142170379924256],[-34.889961311127891,-8.0141561533331824],[-34.889948502037186,-8.0141309087179966],[-34.889931763191314,-8.0140913786935641],[-34.889922816937357,-8.0140661154591264],[-34.889925560742881,-8.0140628020859062],[-34.889913259943697,-8.014028203347543],[-34.889923310817771,-8.014022196668046],[-34.889893366395292,-8.0139393097188201],[-34.889822852403583,-8.013690861317178],[-34.889804926035261,-8.0136331846314608],[-34.889782984533909,-8.0135425202448989],[-34.889767213368685,-8.0134732804501425],[-34.889757514401069,-8.0134771211453479],[-34.88975199936786,-8.0132857692222537],[-34.889750684899035,-8.0132401183649709],[-34.889747186111357,-8.0131570631243854],[-34.889748925520728,-8.0131230111580916],[-34.889755551457611,-8.0129430247970923],[-34.88975530091372,-8.0129248946450709],[-34.889744237566376,-8.0129261224758164],[-34.889743630310207,-8.0129073457344866],[-34.889740564164036,-8.0128407987957928],[-34.889745803940109,-8.0127802647784652],[-34.889747651115108,-8.0127021429954421],[-34.889734741550761,-8.0126171663304326],[-34.889733711072736,-8.0125514815899823],[-34.889743007570388,-8.0125506451909985],[-34.889741253984553,-8.0125161662385569],[-34.889766652097315,-8.0125144749006552],[-34.889761802920312,-8.0124204313447969],[-34.889753167071163,-8.0123429082020081],[-34.889753364107754,-8.0122658951507812],[-34.8897286114113,-8.012267503966779],[-34.889716951828866,-8.0122682616927445],[-34.889710312938085,-8.0121450716007292],[-34.889691252455215,-8.012080798501886],[-34.889646603719086,-8.0120920049012572],[-34.889627446818132,-8.0120068290298132],[-34.889743197201533,-8.0119760434483762],[-34.889901327774076,-8.0119208595581668],[-34.889855049007842,-8.0118182047217683],[-34.889809256633576,-8.0117012451176031],[-34.889701056109509,-8.0117255301204118],[-34.889614098097816,-8.0117450472606517],[-34.889589934934484,-8.0116510922143824],[-34.88957420110426,-8.011590103740069],[-34.889682927797629,-8.0115684029349179],[-34.889695499884247,-8.0115658943514187],[-34.889652886105772,-8.0114203150852195],[-34.889629687178314,-8.0114244879626337],[-34.889565759912436,-8.0114350169434214],[-34.889545194813429,-8.0112838361818337],[-34.889461417161229,-8.0113067741948338],[-34.889443714268161,-8.0112550235700279],[-34.889436487468821,-8.0112310633355666],[-34.889436093245074,-8.0112297560357622],[-34.889384116668282,-8.0110574236179488],[-34.88936705857062,-8.0109995539347878],[-34.889359946197978,-8.0109754259176622],[-34.889382706063913,-8.0109675040484483],[-34.889434607136096,-8.0109494386717301],[-34.889403956650781,-8.010847481481461],[-34.889385577649712,-8.0107856064513019],[-34.889452599244621,-8.0107616513274689],[-34.889440852293397,-8.0107214320529749],[-34.889426409847545,-8.0106719890578493],[-34.889420179006969,-8.0106350624742682],[-34.889414066533895,-8.0105937116889425],[-34.88945102346743,-8.0105918679812387],[-34.889451064958131,-8.0105888680567752],[-34.889477521029043,-8.0105865019929219],[-34.889536125839115,-8.0105812618984729],[-34.889534882618015,-8.0105764036506653],[-34.889543229448059,-8.0105753700086506],[-34.889553672959082,-8.0105740772321692],[-34.889627769635545,-8.0105644057570853],[-34.889654272453086,-8.0105605739562371],[-34.889746354958241,-8.0105550655866846],[-34.88984568028927,-8.010535900435789],[-34.889941386443496,-8.0105172689851472],[-34.889938214816056,-8.010479548176928],[-34.889937830931451,-8.0104749771058206],[-34.889958744903502,-8.0104711582472756],[-34.89003085994829,-8.0104579897716395],[-34.890096176349751,-8.0104436816673434],[-34.890147066110451,-8.0104244582132793],[-34.890179896147927,-8.0104108098211348],[-34.890156077293248,-8.0101484911764871],[-34.890131220289291,-8.0096208175086829],[-34.890298354964479,-8.0096146757439719],[-34.890367747167595,-8.0094611696550597],[-34.890548533117865,-8.0091317191696731],[-34.890635330821723,-8.0089987679691763],[-34.890743709222541,-8.0088327605458733],[-34.891058068800398,-8.0083144648488567],[-34.891142523098537,-8.0081804539299739],[-34.891262691887768,-8.007986917461599],[-34.891263219465714,-8.007986068825188],[-34.891385072602084,-8.0077898187161942],[-34.891485326372539,-8.0076862597140721],[-34.891631913629084,-8.0074555972358255],[-34.891655465491638,-8.0074147605082509],[-34.890975236713551,-8.006952523238084],[-34.890923955552068,-8.006917675551497],[-34.891131691441643,-8.0067405843588926],[-34.891628497565783,-8.0063109912525032],[-34.891799048523566,-8.0061691151380447],[-34.891881032105957,-8.0061149881216771],[-34.892043761288669,-8.0060309292412803],[-34.892432608113523,-8.0058692378662251],[-34.892886050078495,-8.0056830630429214],[-34.893008473904501,-8.0056287512158129],[-34.893097171990128,-8.0055692184686755],[-34.893187081268735,-8.0054801177242609],[-34.893357147184055,-8.0052334300901542],[-34.893515092918719,-8.0049894849700411],[-34.893673168825558,-8.0047737581927425],[-34.893809818950579,-8.0045890365090688],[-34.893867467947025,-8.0045202401581559],[-34.893941318266705,-8.0044567441781869],[-34.89404080060288,-8.0043971627188295],[-34.894155222505738,-8.0043616994334474],[-34.894238732237319,-8.0043465353261425],[-34.894368131868546,-8.0043432534600623],[-34.894567753556416,-8.0043665246294964],[-34.894741762749327,-8.0043899133070404],[-34.894976581980522,-8.0044452728610889],[-34.895165537968523,-8.0044941238213401],[-34.895411191596494,-8.0045601828052622],[-34.895620404651034,-8.0046170039343458],[-34.895871426285979,-8.0046776632161087],[-34.896040142216762,-8.0047225754493798],[-34.896142673898474,-8.0047395728372539],[-34.896245174510113,-8.0047498521527078],[-34.896393422131467,-8.0047411082739295],[-34.896474235357708,-8.004725955204103],[-34.8965644055734,-8.0046932914641378],[-34.896657233039384,-8.0046525520424545],[-34.89671095636654,-8.0046093045417681],[-34.896786141446533,-8.0045431151009954],[-34.897012275148398,-8.00417791753177],[-34.897088504099671,-8.0040458794492508],[-34.897250242395415,-8.0037481660684175],[-34.897330540621617,-8.0035645380954339],[-34.897952247105131,-8.0024658679113205],[-34.898335426238646,-8.0017887183039313],[-34.898337718380894,-8.0017899436324722],[-34.898405413003175,-8.0018403472746069],[-34.898674600776715,-8.0020407765354946],[-34.898779203068919,-8.0021186605352366],[-34.898904966313701,-8.0022122991878089],[-34.899115731936924,-8.0023692296825928],[-34.899278531303899,-8.0024904438089131],[-34.899426724706302,-8.0026075039454696],[-34.899558944083871,-8.0027127019430111],[-34.899749830412276,-8.0028884559080282],[-34.89998854172768,-8.0031364845534476],[-34.900267720577894,-8.0034273632810411],[-34.900469650906537,-8.0036348323448632],[-34.900637203970568,-8.0038069810361492],[-34.90079254551231,-8.0039389853397509],[-34.901011289504574,-8.0041248650394561],[-34.901495825542646,-8.0045173554200968],[-34.901909296043257,-8.0048522784749387],[-34.902124588354447,-8.0050266716435168],[-34.902322091681761,-8.0052032694391908],[-34.902385822533908,-8.0052682487368667],[-34.902458885994818,-8.0053484312680379],[-34.902532847469999,-8.0054329302015663],[-34.902710829283279,-8.0056362698031389],[-34.902713888408236,-8.005639764400323],[-34.902926596778691,-8.0058827780399398],[-34.902927136572082,-8.0058833948397155],[-34.903075069983807,-8.0060524041299441],[-34.903147731944863,-8.0061298535064616],[-34.903300156102375,-8.0062627522961094],[-34.903475382257582,-8.0063783747519501],[-34.903595634643303,-8.0064396755767984],[-34.903725327088665,-8.006491843253901],[-34.904110751677294,-8.0066269580504414],[-34.904614875503597,-8.006803684864316],[-34.905001826718099,-8.0069393340839632],[-34.90533540981734,-8.0070562737347242],[-34.905766342585125,-8.0072073404072395],[-34.906098984828098,-8.007323949178371],[-34.906202524073372,-8.0073568065032603],[-34.906339527573202,-8.0073901356593407],[-34.90647766971788,-8.0074126269282271],[-34.906676734704384,-8.0074261972367857],[-34.907265107437595,-8.0074339714971448],[-34.908339354026715,-8.007448163682195],[-34.908562689099981,-8.0074503325607012],[-34.908674677577061,-8.0074441856258094],[-34.908819948056106,-8.0074239294275547],[-34.908923287359229,-8.0074007952117334],[-34.909065290246701,-8.00735645789762],[-34.909226084937067,-8.0072870478015474],[-34.909338820388399,-8.0072245773511455],[-34.909473236951591,-8.0071324931785206],[-34.909590811413125,-8.007042463239209],[-34.909806008063114,-8.0068776795072001],[-34.909890974026546,-8.0068170670000605],[-34.909988340615406,-8.0067575334785843],[-34.910109970815945,-8.0066961092866578],[-34.910212665343323,-8.006654184915222],[-34.910365913726082,-8.0066068207832153],[-34.910520981102962,-8.0065759212108016],[-34.910698214393868,-8.0065602862738388],[-34.91091731454113,-8.0065536146335941],[-34.911006969778683,-8.0065508839931745],[-34.911253688744573,-8.0065433709204896],[-34.911513198712669,-8.0065354684470513],[-34.911808393872377,-8.006526479186876],[-34.912065644538252,-8.0065096483229095],[-34.912183945943724,-8.0064885351413082],[-34.912384942084557,-8.006430030570689],[-34.912577691827153,-8.0063440922482094],[-34.912819862807602,-8.0061847775137007],[-34.913264957206394,-8.0058277631605979],[-34.913880939732223,-8.0053336776657744],[-34.914437583249565,-8.0048871857601878],[-34.914921941440085,-8.0055102536681826],[-34.915026116975326,-8.005613952016585],[-34.916332165325812,-8.0060201595895713],[-34.917525198844373,-8.0065436775791685],[-34.919185676985627,-8.0071854092020249],[-34.919963149937317,-8.0075190556700289],[-34.920313822401788,-8.0067353187566805],[-34.920587016970181,-8.0060717806579351],[-34.920605385745823,-8.0059943434756651],[-34.920588217078652,-8.0057812669446573],[-34.920550621780897,-8.0057068033871701],[-34.920458782795521,-8.0055158325256244],[-34.920367306123325,-8.0052740126885773],[-34.920362876427525,-8.005204490024548],[-34.920394149453308,-8.0050908248191153],[-34.920544991359819,-8.0046575192787142],[-34.920576393676726,-8.0045714662875174],[-34.920661673585826,-8.0043788012546333],[-34.920751904243424,-8.0041942027356079],[-34.92084692707104,-8.0040639703592191],[-34.920943780264935,-8.0039326129353441],[-34.921042862198178,-8.0038390865034899],[-34.921209537524817,-8.0037196766536791],[-34.921293374107087,-8.0036569023545638],[-34.921454933989658,-8.0035405846451191],[-34.921549509057343,-8.0034718405058172],[-34.921566379246848,-8.0034582498257123],[-34.92178217560722,-8.0035308790508726],[-34.922014703947077,-8.0034520711182964],[-34.92216523159766,-8.0033900076575595],[-34.922238554519204,-8.0032730782026054],[-34.922355599678575,-8.0030720842317038],[-34.922499305267706,-8.0028678967678424],[-34.92259617683154,-8.0027406308387459],[-34.922648102020403,-8.0026555047062029],[-34.922708935595587,-8.0025007938729757],[-34.922759643195114,-8.0023747654882484],[-34.922796266239708,-8.0020892610121859],[-34.922790814059738,-8.0020278418072444],[-34.922756398413895,-8.0017819163275785],[-34.92274087314243,-8.0014718048077818],[-34.922628552327446,-8.0013008381778494],[-34.92247737457695,-8.0011810786640165],[-34.922099440923112,-8.0008593098151604],[-34.922061916773686,-8.0008107781469917],[-34.922013475654907,-8.0007481261163793],[-34.92172467601943,-8.0004558852160415],[-34.921532957659991,-8.0002665555150827],[-34.921419466129009,-8.0001310638186816],[-34.921268944893448,-7.9999752908719621],[-34.921086555804948,-7.9997770323082706],[-34.921162489661839,-7.9996420630286238],[-34.921267086985402,-7.9993934506913629],[-34.921511787841752,-7.9989896195756991],[-34.921810907301683,-7.9987536981126315],[-34.922164467605313,-7.998486931407923],[-34.922870655652474,-7.9975505216243636],[-34.923125470469309,-7.9973250028226754],[-34.923537073481228,-7.9970681620447124],[-34.923951479220747,-7.9965203472938802],[-34.924095571646077,-7.9959244551849684],[-34.924161437952208,-7.9953134047544232],[-34.924875055976393,-7.9932570970032994],[-34.925572143114458,-7.9917700672175505],[-34.926123020776032,-7.9912160670436405],[-34.927020403734723,-7.9907868206885251],[-34.927376284672341,-7.9904520041076124],[-34.92755861536655,-7.9899916271405536],[-34.927648810179214,-7.9895546556331487],[-34.927726881479238,-7.9889913702074393],[-34.92813697830131,-7.9880897929844394],[-34.928409865097017,-7.9877021285828125],[-34.928759030645907,-7.9874318892378184],[-34.932414395467113,-7.9861702764287923],[-34.932582810862975,-7.986358849791511],[-34.933426163980236,-7.9873871876828497],[-34.934347855494515,-7.9884106043655594],[-34.935446330306014,-7.9897599143800395],[-34.936081805805777,-7.9908456579046954],[-34.936202273018964,-7.9911361778982686],[-34.936686474006599,-7.9922048300813975],[-34.936931015737422,-7.9927189684690427],[-34.937021283510099,-7.9928831729264429],[-34.937023836408514,-7.9928866099305171],[-34.937363423574503,-7.9934093708334544],[-34.937798337549253,-7.9939292558477808],[-34.937835853575152,-7.9939797603043043],[-34.938547029646962,-7.994858379887261],[-34.938759059561001,-7.9951259884810115],[-34.938934699230124,-7.9953994026830646],[-34.938966061639718,-7.9954649983039525],[-34.939107690167013,-7.9957239145828138],[-34.939205937349406,-7.9959893384120191],[-34.939335269404189,-7.9963502289986028],[-34.939385175846731,-7.9965504948831416],[-34.939425773954945,-7.9968245382069894],[-34.93944869050604,-7.9969792227306939],[-34.939476378411058,-7.9972405831077378],[-34.939479123070797,-7.9976082951022489],[-34.939446548658637,-7.9979441161198821],[-34.939379789370754,-7.998275232079199],[-34.93926952262143,-7.9986941190660712],[-34.939153961707653,-7.9990254642489145],[-34.938994824160531,-7.9994299857305462],[-34.938919205860955,-7.9996932488698569],[-34.938813801479171,-8.0000785256480533],[-34.938775881211072,-8.0002226400238463],[-34.938698386879821,-8.0007028678512757],[-34.938616763210661,-8.0011328315876646],[-34.938565308849292,-8.0015095874674369],[-34.938491170241996,-8.0019142468550335],[-34.938415667237273,-8.0025665530524108],[-34.938381156653612,-8.0027739244078884],[-34.938302927643988,-8.0033858123216675],[-34.938176542412457,-8.0040486149767158],[-34.937994331817784,-8.0051384342970184],[-34.937918374687762,-8.0056947186196776],[-34.937867293466162,-8.0064587291484894],[-34.937729487772458,-8.0075327152793125],[-34.937611266405547,-8.0088346264987571],[-34.937591834573979,-8.0090141301378779],[-34.937591829660242,-8.0090449294918837],[-34.937359775299171,-8.0089983326472591],[-34.936858365831881,-8.0088976482344592],[-34.936795322772539,-8.0089003617601797],[-34.936742171508207,-8.0089271517213696],[-34.93660003006709,-8.0091014077590543],[-34.935040719162437,-8.0107781606048043],[-34.934787690353403,-8.0103886503311781],[-34.934659136228326,-8.0102510984105866],[-34.933930888882443,-8.0097289966731182],[-34.933721432129239,-8.0095788297514829],[-34.933680185587228,-8.0095017001157647],[-34.933684494483686,-8.0094372975221706],[-34.933728721996538,-8.0093589118386124],[-34.933838395929889,-8.0091361271090555],[-34.933877684186015,-8.0089887832671831],[-34.933943695822975,-8.0088150304758301],[-34.933940846295975,-8.0086865050911342],[-34.933917935434337,-8.0083938284131815],[-34.933907949486915,-8.0082329197328814],[-34.933857893169318,-8.0080538050007597],[-34.93373319865087,-8.0079255236178888],[-34.93369067503582,-8.0078139228234289],[-34.933682559220955,-8.0077235190472464],[-34.933694449660756,-8.0076360880371276],[-34.933690787463405,-8.0075119402599366],[-34.933685639536705,-8.0073985287909331],[-34.933535717472552,-8.0069133011114388],[-34.933389002596016,-8.0065072256057661],[-34.933379802207149,-8.006362789594629],[-34.933370720480397,-8.0061660162695105],[-34.933406016768963,-8.0060097039603662],[-34.933477974579873,-8.005739060965249],[-34.933495983771174,-8.005700343503678],[-34.933615254110343,-8.0055179850289946],[-34.933754542324408,-8.0053793704280416],[-34.934013257897178,-8.0051298269574342],[-34.934198463023463,-8.0049450103894362],[-34.934288759180582,-8.0048526129008533],[-34.934296239728461,-8.0047697545099581],[-34.934281956512457,-8.0047146830674922],[-34.934252181738294,-8.0045967890380734],[-34.934199186666696,-8.0044795788304022],[-34.934114613823198,-8.0043896084877719],[-34.933970182494853,-8.0043084258502795],[-34.933688131780961,-8.0041563690617146],[-34.933433020747813,-8.0040503153088736],[-34.933368189770952,-8.0040341815071798],[-34.933256215518014,-8.0040260045820144],[-34.933153092187453,-8.0040408965708298],[-34.933057894085607,-8.0040720009312878],[-34.932949028638539,-8.004139958997909],[-34.932864753905349,-8.0042047352942056],[-34.932785273392703,-8.0043078121087721],[-34.932730454971036,-8.0044230369365543],[-34.932613121801175,-8.0046519893576136],[-34.932545877840099,-8.0047412129288062],[-34.932492285874588,-8.0047905171854907],[-34.932357206271853,-8.0048432687406432],[-34.932174454271362,-8.0048962435095241],[-34.932115574879461,-8.0049090304867683],[-34.931228754603566,-8.0052257866165348],[-34.930822996143696,-8.0053843255432771],[-34.930645404385203,-8.0054537149809928],[-34.930322892911398,-8.0055456651682722],[-34.930212431494049,-8.0056013666181904],[-34.930054500533174,-8.0057002121110834],[-34.929917967674506,-8.0057713646873214],[-34.929758383827441,-8.0058456907167876],[-34.929656975371387,-8.0058645599391074],[-34.92950465386285,-8.0058484098724261],[-34.929267392864787,-8.0057560126564429],[-34.929050029900644,-8.0056435931608227],[-34.928944744673032,-8.0055872110779482],[-34.928801318696088,-8.0054991563650262],[-34.928706812619552,-8.0054760899267858],[-34.928552497900419,-8.0054634502051094],[-34.928144903018328,-8.0054562107368312],[-34.927801915788997,-8.0054455508755016],[-34.927257448588051,-8.005429699713055],[-34.926769887362234,-8.0054151144486667],[-34.926576951489523,-8.0054160154395522],[-34.926076796787108,-8.0091002358790888],[-34.926082319966632,-8.0097463222163015],[-34.926064162863597,-8.010373043878408],[-34.926062623992593,-8.0104261519613846],[-34.926061521185751,-8.0108104451805762],[-34.926057639837538,-8.0110059645724849],[-34.926092764970207,-8.0112670947316449],[-34.926121612277811,-8.0115236353602466],[-34.926153329173204,-8.0117714618913602],[-34.926194163413719,-8.0121019031386691],[-34.926183084524546,-8.0122208668628083],[-34.926089024699912,-8.0126374977711965],[-34.926055126495939,-8.0128537274924874],[-34.926009990713467,-8.0131555681919444],[-34.926016260788352,-8.0132512481483413],[-34.926030757234315,-8.0133606295723379],[-34.926091058412169,-8.0135038302984114],[-34.92636418826519,-8.0139020942008123],[-34.926779933424434,-8.0144643483992244],[-34.926820550125967,-8.0145615275615363],[-34.926898989787773,-8.0147328869828289],[-34.926987374185508,-8.0150916657099689],[-34.927010198751567,-8.0151680415313518],[-34.926998307026352,-8.0154233222560567],[-34.926987187561622,-8.0155335845658655],[-34.926951075713241,-8.0158977396608613],[-34.926932291488299,-8.0162342597926024],[-34.927030400004078,-8.0164095366088386],[-34.927077505642721,-8.0164859055177065],[-34.927102980933149,-8.0166438521584382],[-34.927200582801923,-8.0169798287611655],[-34.927275853161092,-8.0172264594036857],[-34.92738956566113,-8.0174710071143167],[-34.927431759727732,-8.0175675042925363],[-34.927436643046725,-8.0176776926222004],[-34.927427176602109,-8.0178300013198402],[-34.927417085007974,-8.0179691624939871],[-34.927875654328943,-8.0182208918669406],[-34.928300928676563,-8.018312117943676],[-34.92809857134479,-8.0185122610244175],[-34.927986299149374,-8.0186086665251892],[-34.92785596261394,-8.0186891501861961],[-34.927722400196721,-8.0187335082412972],[-34.92743768743393,-8.0188262003259592],[-34.927334251376507,-8.0188658951959173],[-34.927197905655817,-8.0188876131105804],[-34.92713682755339,-8.0188885136402011],[-34.926928720533915,-8.0188749861356179],[-34.926754060802381,-8.0188584009386918],[-34.926528905027482,-8.0188250311106035],[-34.926287600476599,-8.0188202281227703],[-34.926144336190063,-8.0188279000291036],[-34.926130046459278,-8.0187901183753159],[-34.92602652911016,-8.0184485295726322],[-34.925943442837955,-8.0184924060607212],[-34.925850607784675,-8.0185508455145342],[-34.92566626955805,-8.0186416161208793],[-34.925403418761228,-8.0187429044588185],[-34.925133239302497,-8.0188326269095747],[-34.924889184453015,-8.0189091742957039],[-34.924591240079906,-8.0189729232440303],[-34.924191451797547,-8.0190356967667142],[-34.923951529097991,-8.0190629204792785],[-34.923773973161502,-8.0190492477639008],[-34.923367976858778,-8.0190293920889228],[-34.923098827836789,-8.0190291987039135],[-34.923084273065555,-8.019031275484048],[-34.923082580049332,-8.0189836755024082],[-34.923076031984408,-8.0188739457576368],[-34.923071660636332,-8.0187831142985164],[-34.923067628314399,-8.0186970664541395],[-34.923064578797955,-8.0186078489007464],[-34.923063324973867,-8.0185147364022633],[-34.923040450077607,-8.0185155944698483],[-34.922851487568266,-8.0185226866004822],[-34.922791889870915,-8.0185257737216116],[-34.922790984240592,-8.0184891914715113],[-34.922756398806499,-8.0180994210953145],[-34.922726625597683,-8.0180464690303381],[-34.922700790523045,-8.0180369496025055],[-34.921687800877748,-8.0181077832505974],[-34.921663885384582,-8.0181248089190849],[-34.921648268770959,-8.0181535938875967],[-34.921626598389643,-8.0182769304384642],[-34.921593282345142,-8.0184026176355037],[-34.921537671548613,-8.0185943927387608],[-34.921466376566798,-8.0188844122500171],[-34.921409481473404,-8.0190586265137682],[-34.921375194614583,-8.0190932737284086],[-34.921351125919848,-8.0190973873839102],[-34.921220285812325,-8.0190851229423252],[-34.921045950084753,-8.0190939831409764],[-34.920886290349145,-8.0191333529394981],[-34.920543203999365,-8.0193087652514912],[-34.920343382962812,-8.0193917750218393],[-34.919956755939289,-8.0195786563909657],[-34.919552330282464,-8.0197575724594312],[-34.919404054020418,-8.0198145920900341],[-34.918941963471539,-8.0200919486899291],[-34.918735932921429,-8.0202280960023913],[-34.918339993910749,-8.0204954885127471],[-34.918304457805576,-8.020492434673864],[-34.918069990477264,-8.0200734795904225],[-34.917848853605385,-8.0197440676096239],[-34.917806177758322,-8.0197133608927853],[-34.917773109474496,-8.0197114282924868],[-34.917725657291008,-8.0197300541878356],[-34.917583824071855,-8.0198602579712102],[-34.917525453047475,-8.0199138424242484],[-34.917338605520627,-8.0200801037018152],[-34.917163265253464,-8.0202193268388875],[-34.917137151020789,-8.0202762688674412],[-34.917141641738546,-8.020428646137459],[-34.917108067827101,-8.020499615102846],[-34.916972797584059,-8.0205758860795662],[-34.916613517284972,-8.0207417148353528],[-34.915910866323088,-8.0210234076459841],[-34.915586947006425,-8.021155274489411],[-34.915527208661516,-8.0211794151883655],[-34.915464455464125,-8.0211642376324495],[-34.915425808160521,-8.021119127338272],[-34.91533472638536,-8.0210824155978013],[-34.915213648191099,-8.0210861981211625],[-34.915049112287022,-8.0211191507861574],[-34.914963675718163,-8.021148517083347],[-34.914726678851707,-8.0212236503782197],[-34.914554265550294,-8.0212984832823988],[-34.914441463638013,-8.0213456801412626],[-34.914420119412434,-8.0214100991489286],[-34.91443399644416,-8.0215505897681023],[-34.91444569098482,-8.0216954833875711],[-34.914445989024372,-8.0217591707362139],[-34.914471156866391,-8.0218828745895401],[-34.914698432070217,-8.0224313487679773],[-34.914709274365336,-8.0224629189514207],[-34.914713907567489,-8.0225112124885953],[-34.914687714686217,-8.0225640431430101],[-34.914435340919944,-8.0227196971873713],[-34.913191568648159,-8.0234868032010453],[-34.912589359301421,-8.0238127022873122],[-34.912514260480187,-8.0237923155200459],[-34.912466889027364,-8.0236691313749411],[-34.912447004066721,-8.0235210101225594],[-34.912447985166871,-8.0232596597106713],[-34.91245519652913,-8.0229170228195823],[-34.91242127404167,-8.0229101612217288],[-34.912285379825533,-8.0228826732573122],[-34.912194973593571,-8.0228677195097866],[-34.912051904540213,-8.0228991304046247],[-34.911906682793621,-8.0229415320519184],[-34.911733215507063,-8.0229856152909313],[-34.911650658241236,-8.0229587663259778],[-34.911595187408871,-8.0229411224545135],[-34.911454363012659,-8.0229455390346569],[-34.911127132415707,-8.0230329988557951],[-34.911034615397064,-8.0230378202803827],[-34.910928909766724,-8.0230492926510291],[-34.910810035117898,-8.0230718060210879],[-34.910596541986656,-8.0231211129637536],[-34.910400645382268,-8.023163749304997],[-34.910281770636452,-8.0231862625369228],[-34.910239981701366,-8.0231854402689837],[-34.91007439166895,-8.0231880239490856],[-34.910261135195427,-8.0239572173066218],[-34.909996200212319,-8.0240288509654221],[-34.91001523773847,-8.0241370745136642],[-34.909828279039736,-8.0241693899781552],[-34.909812741373976,-8.0241718026989517],[-34.909730956095821,-8.0237402264548283],[-34.909588635788211,-8.0237646935025797],[-34.90968145420004,-8.0243299818539313],[-34.909692952000348,-8.0243988465403717],[-34.909542790420232,-8.0244167286070773],[-34.909504071189474,-8.0244834214391645],[-34.909431076522246,-8.0244900342884318],[-34.909390764378387,-8.024485201898921],[-34.909356806271866,-8.0244928885012374],[-34.909351420936346,-8.0244646360289931],[-34.90934955239058,-8.0244508223939448],[-34.909308125056484,-8.0244567680479602],[-34.909268798945789,-8.0244632265033449],[-34.909269420461705,-8.0244760939394855],[-34.909230862585702,-8.0244846887585659],[-34.90923062350398,-8.0244707798694801],[-34.909162308432876,-8.0244879530882809],[-34.909163485045354,-8.0244977133793487],[-34.908981021700484,-8.0245299425680265],[-34.908971807906148,-8.0244828480644426],[-34.908964356775108,-8.0244447625661159],[-34.908861627708809,-8.0244708684180672],[-34.908790321206084,-8.0244837520839827],[-34.908747856661165,-8.0244923179648318],[-34.908745090788969,-8.0244759119979747],[-34.908631230668455,-8.0245033495749301],[-34.908640915814431,-8.0245832315808077],[-34.908641880591254,-8.0246428314591292],[-34.908415753709555,-8.0247029264908711],[-34.908439518890916,-8.0247753271498521],[-34.908301084699545,-8.0248328539082685],[-34.908262400871578,-8.0247462489603265],[-34.908248039754746,-8.0247527850575384],[-34.908211514708206,-8.0247694084450245],[-34.908199040165975,-8.0247357047233425],[-34.90807614071101,-8.0247824136265891],[-34.907945219515845,-8.0248312489871729],[-34.90790697486554,-8.0248121280037878],[-34.907872518592356,-8.0247949015625029],[-34.907866320672348,-8.0247769555874058],[-34.907830133138603,-8.0246794838465156],[-34.90774429234088,-8.0247117745627357],[-34.907736263955321,-8.0246893320907944],[-34.907570898405169,-8.024743723366905],[-34.90751931258621,-8.0247660434246821],[-34.907475179278777,-8.0248030489984838],[-34.907407853356887,-8.0248433172488429],[-34.907339439157667,-8.0248762296006806],[-34.907273123905426,-8.0249070293519065],[-34.90722047339802,-8.0249272514483749],[-34.907222622306854,-8.0249356538577956],[-34.907176366223084,-8.0249504228069561],[-34.907125715835953,-8.024966595339011],[-34.907123527700861,-8.0249497816472495],[-34.907080885671832,-8.0249646595069173],[-34.907083736275901,-8.0250130547045657],[-34.907089344818807,-8.0250845288682378],[-34.907070428276619,-8.0250872952748225],[-34.906957320583814,-8.0251038376389321],[-34.90695302011224,-8.0250325861374883],[-34.906925598323546,-8.0250337646171985],[-34.906921301840995,-8.0250567280026583],[-34.906902954848853,-8.0251547888421086],[-34.906897788528688,-8.0251779452083447],[-34.906833440671711,-8.0251782433292966],[-34.906761723651847,-8.0251817298787227],[-34.906693201469388,-8.0251915111186225],[-34.906580397849289,-8.0252067537361267],[-34.90655759257114,-8.025209447727903],[-34.906412043801268,-8.025299011878726],[-34.906356581601578,-8.0253949528212143],[-34.90627011637752,-8.0254027133391332],[-34.906117570049155,-8.0254917438777618],[-34.906015057438019,-8.025376055569728],[-34.905827534283496,-8.0252785864229264],[-34.905782095975681,-8.0252619729792158],[-34.905729670893287,-8.0252474965556289],[-34.905699707996604,-8.0252392229159479],[-34.905448304219426,-8.0251667837948961],[-34.905256115369866,-8.0251245628876671],[-34.90512739106304,-8.0251188501298891],[-34.904930123964547,-8.0251187117384468],[-34.904830955636548,-8.0251170669266845],[-34.904756103398761,-8.0251268771469881],[-34.904617020752184,-8.0251622190085055],[-34.90441485643273,-8.0252430662038474],[-34.904409096246717,-8.0252244319283825],[-34.904330895723973,-8.0252540151374703],[-34.904403133665809,-8.0254439525689065],[-34.904447195956955,-8.0256182931325615],[-34.904401894745533,-8.0256311199672155],[-34.904405128736521,-8.0256458259894821],[-34.904154365261,-8.0257111255753717],[-34.904144678629748,-8.0256874367190427],[-34.904075403371202,-8.0255180196866238],[-34.904053354986615,-8.0255307560834712],[-34.90368087595612,-8.0257459122695849],[-34.903325232186994,-8.0259420789801545],[-34.903126205813102,-8.0260280797503025],[-34.903039812483009,-8.0260542850731067],[-34.902938698163076,-8.0260742498372384],[-34.902860636619494,-8.0260700343687787],[-34.902791886386495,-8.0260535039644445],[-34.902684715871544,-8.0260126589682734],[-34.902548776249418,-8.0259320005227188],[-34.902499195160587,-8.025908871222514],[-34.902415692218078,-8.0258671844328031],[-34.902347564552052,-8.0258474072540249],[-34.902298348694586,-8.0258427310575513],[-34.901989189674822,-8.0258273369701421],[-34.901700989319984,-8.0258152912198177],[-34.901696323099848,-8.0256856896095687],[-34.901659401787853,-8.0256858602092755],[-34.901638001766187,-8.0256880556330312],[-34.901624606922773,-8.0256894302371364],[-34.901624688867997,-8.0257070502280445],[-34.901463252139195,-8.0257059527130981],[-34.901377875879284,-8.0257144991739651],[-34.90125765834231,-8.0257234660419225],[-34.901056190696586,-8.0257275510076873],[-34.90082730107936,-8.0257328148678688],[-34.900775607043947,-8.0257320012773707],[-34.900770274692825,-8.0257035204906746],[-34.90076262542587,-8.0256626646073634],[-34.900726095130345,-8.0255198325089232],[-34.900678366350121,-8.0254643249762516],[-34.900499070192502,-8.0252453945148936],[-34.900351591419728,-8.0250631182236525],[-34.9003344540698,-8.0250074693835742],[-34.900335357439751,-8.0249748697647192],[-34.900360035257002,-8.0249318476190812],[-34.9004298179564,-8.0248713892053463],[-34.900577940306384,-8.0247382188202305],[-34.90092346099842,-8.0244064604225755],[-34.901086223690307,-8.0242458849688045],[-34.901282713581843,-8.0240788441794955],[-34.901483251564422,-8.0238749834593541],[-34.901521891305158,-8.0237906864584652],[-34.901535705123891,-8.023739953909617],[-34.901537134855353,-8.0237084087382637],[-34.901517488726952,-8.0236601903752085],[-34.90150539810859,-8.0236467104499525],[-34.901457188339485,-8.0236018334753059],[-34.901273274985279,-8.0234138646447004],[-34.901162899592151,-8.0232666073267183],[-34.901142622197476,-8.0232162302072929],[-34.90114356339862,-8.0231972412390444],[-34.90116684008305,-8.0231580054837899],[-34.901182374564478,-8.0231445462380044],[-34.901260269923725,-8.023108436766762],[-34.901298865756047,-8.0230960580632811],[-34.901256829605742,-8.0229049124589586],[-34.901185402783995,-8.0227257079408716],[-34.901094593462318,-8.0224152284151433],[-34.901113114376159,-8.0224077448696729],[-34.900252058292246,-8.0195706074145683],[-34.898913031551047,-8.0197703426727482],[-34.898368463122964,-8.020214923680129],[-34.898318412629322,-8.0202620749332674],[-34.898695350056563,-8.021397661476577]]]},"properties":{"NMNOME":"Casa Amarela","CDTIPO":"ZEIS","CDID":0,"CDSETOR":" ","ELINK":" ","NMLEI":" ","INDEXADOR":"17","PROPOSTA":" ","CRIAÇÃO":"LUOS 14.511 de 17/01/1983","COMUL":" ","AREA_HA":977.23347603000002,"DB2GSE.ST_Area(SHAPE)":9772334.7603305802,"DB2GSE.SdeLength(SHAPE)":22999.004510481824,"OBJECTID":17,"ALTERACAO":"LUOS 16.176 de 09/04/96","BAIRRO":"CASA AMARELA (PARTE NA RPA-2)","MODIFICADO":2,"COMPAREID":21,"AJSTDO_A_V":"Conforme v10 e lotes"}},{"type":"Feature","id":18,"geometry":{"type":"Polygon","coordinates":[[[-34.971378692326006,-8.0813859697315245],[-34.97137733683261,-8.081421410791334],[-34.971376415156726,-8.0814455005142012],[-34.97136420389856,-8.081476938428743],[-34.97132637261064,-8.0815228387807156],[-34.971299957994553,-8.0815425412147981],[-34.97127362548904,-8.081544031482629],[-34.971251414946479,-8.081538807498271],[-34.971225339328619,-8.0815326737075353],[-34.971183298202533,-8.0815393538407871],[-34.971164757608761,-8.0815538906162807],[-34.971113846594477,-8.081606501390727],[-34.971088704454317,-8.0816424223826004],[-34.971052732612002,-8.081701572321073],[-34.971037087616267,-8.0817200566097345],[-34.970986666541883,-8.0817622315538831],[-34.97094611904452,-8.0817948131883739],[-34.970916471794759,-8.081818137385735],[-34.970887718877741,-8.08187732393049],[-34.970879647757144,-8.0819130866692532],[-34.97088226256875,-8.0819584140990699],[-34.970885769257514,-8.0819761244017325],[-34.970924199365307,-8.082061591841887],[-34.971023200198012,-8.0821726931002651],[-34.97104687191495,-8.0821853457256108],[-34.971105178148896,-8.0822174506853628],[-34.971163544882302,-8.0822618276076295],[-34.971239357611481,-8.0823311377209741],[-34.971275014141284,-8.0823858324976658],[-34.971308586020818,-8.0824373270976544],[-34.971323576658044,-8.0825547692935977],[-34.971339190554929,-8.0826257094846738],[-34.971343014095943,-8.0827389240301795],[-34.971346126876782,-8.0828311141690907],[-34.971380390154025,-8.0829407257689301],[-34.971395034442175,-8.0831200136888359],[-34.971429857584546,-8.083189865867741],[-34.971431499866185,-8.0832923048938472],[-34.971436959085565,-8.0833683665863667],[-34.97144203324995,-8.0834142661354527],[-34.971447606552992,-8.0834646942949782],[-34.971441231188592,-8.0835492676005938],[-34.971410988629479,-8.0836102839072588],[-34.971370102693598,-8.0836798512834811],[-34.971359665508125,-8.0836976098496489],[-34.971328747247085,-8.0837941380659366],[-34.971342273507936,-8.083835845521449],[-34.97139105044532,-8.0838716160965696],[-34.971388280459017,-8.0839067990958142],[-34.971386256377471,-8.0839325096441392],[-34.971390883012219,-8.0840119573429412],[-34.971464238446721,-8.084094455472929],[-34.971529638593587,-8.0841110481081877],[-34.971613289711648,-8.0841731666137697],[-34.971660087487983,-8.0842285651295498],[-34.971731471347724,-8.0843173078226744],[-34.971779484675977,-8.0843769973243838],[-34.971828296444919,-8.0844714493922787],[-34.971867823045415,-8.0845752460499458],[-34.971922945116866,-8.0847623726888429],[-34.97197603050703,-8.0848469501274742],[-34.972018695052796,-8.0848983157343515],[-34.972110700142586,-8.0849781869526147],[-34.97216025431436,-8.0850506546868441],[-34.972242727761667,-8.0850891454310538],[-34.972304738747503,-8.0851066004300165],[-34.972391576154237,-8.0851704336369874],[-34.972493646655941,-8.0852265840329682],[-34.972637089303696,-8.0853188171359367],[-34.972717514457088,-8.0853835978971524],[-34.972803727267369,-8.085414276774225],[-34.972894209866276,-8.0854343153350197],[-34.972951205177537,-8.0854670120252337],[-34.973025402831453,-8.0855412654035312],[-34.973117159889242,-8.0855769610284511],[-34.97321914424036,-8.0856153582094716],[-34.973298289285417,-8.0856673918084514],[-34.973346847615616,-8.0857094289625042],[-34.973370307227796,-8.0857388467967244],[-34.973428784684678,-8.0858121752335119],[-34.97350882482786,-8.0859598348570216],[-34.973555281175564,-8.0860068570183614],[-34.97362474944471,-8.086162079274537],[-34.973636797862724,-8.0861975287673129],[-34.973661871225723,-8.0862946318467355],[-34.973675906116981,-8.0864240486574523],[-34.973647864448097,-8.0865542446091006],[-34.973564386039769,-8.086657788990733],[-34.973535815326869,-8.0867137257254704],[-34.973466993644507,-8.0867966587648628],[-34.973396279293382,-8.0869227820725769],[-34.973324848466468,-8.0870724444316586],[-34.973314967562246,-8.0871780850148713],[-34.973318817425799,-8.0872719077464481],[-34.973313167375551,-8.0873311148424527],[-34.973294784300521,-8.0873886929061012],[-34.973279704223998,-8.0874276554409317],[-34.973240606892645,-8.0874674897649719],[-34.973183385646529,-8.0875075906325868],[-34.97305892908971,-8.0875580718175648],[-34.972853200123048,-8.0876427617648226],[-34.972701746447193,-8.0877238093347614],[-34.972606152485113,-8.0877783773756242],[-34.972451173694012,-8.0878323877972402],[-34.972372405448105,-8.0878581308058628],[-34.97234076140326,-8.0878713866632843],[-34.972299682010707,-8.0879138639481436],[-34.972298054951757,-8.0879269911374667],[-34.97229155719679,-8.0879794166732371],[-34.9722697106181,-8.0880226391303811],[-34.972222075190253,-8.0880570452165887],[-34.972190123284392,-8.0880801239731834],[-34.972099729538904,-8.0881316744708727],[-34.972000725472085,-8.0881828777896398],[-34.971908463116868,-8.0882247487490986],[-34.971892468034675,-8.0882303966241018],[-34.971833495055542,-8.0882570998995327],[-34.971742365959727,-8.0882602130496934],[-34.971686947669227,-8.088236272354413],[-34.971651404477193,-8.0882209171474582],[-34.971571282569727,-8.0881426791735471],[-34.971528886480698,-8.0879721082063778],[-34.97147902380253,-8.0878362357284885],[-34.971438710255882,-8.0877451246844867],[-34.97139411917113,-8.0876796781017983],[-34.97132926408532,-8.0876433976120161],[-34.971238704621378,-8.0876108211272477],[-34.971178618759375,-8.0875947986918675],[-34.971022067118085,-8.0875684068752882],[-34.970862778289465,-8.0875527627020922],[-34.970740332499915,-8.0875261474519178],[-34.970595159205757,-8.0875031756718183],[-34.970450899752528,-8.0874937264949072],[-34.970318599098157,-8.0875011286441776],[-34.970279663590588,-8.0875190698743644],[-34.97027323383972,-8.087592653134239],[-34.970278767000508,-8.087683932121708],[-34.970281928190239,-8.0878107312159564],[-34.970296721708223,-8.0878710900436293],[-34.970310488896466,-8.0879272618123856],[-34.970310079177516,-8.0880177241895055],[-34.970284938334892,-8.0880812526308237],[-34.970253834950753,-8.0881397372959594],[-34.970229702364328,-8.0881564770885124],[-34.97018518023313,-8.0881519040756782],[-34.970144400574419,-8.0881394189767661],[-34.970024696361904,-8.088120552360488],[-34.969942383332892,-8.0881150306384253],[-34.969799795272763,-8.088100500679257],[-34.969725067173698,-8.0880847981591195],[-34.969699565488682,-8.0880816883069642],[-34.969665854681551,-8.088089489057408],[-34.969635291443296,-8.0881148210392251],[-34.969613474181209,-8.0881639610927287],[-34.969634960477102,-8.088221345961184],[-34.969665733014651,-8.0882693871443152],[-34.969733294905176,-8.0883846765336571],[-34.969722529051879,-8.0884356617701165],[-34.96978425754984,-8.0885495147355329],[-34.969802991487349,-8.0885840688045949],[-34.969814475746155,-8.0886778558363002],[-34.969792596007231,-8.0887143144026687],[-34.969717302895205,-8.088756949283189],[-34.969666122553264,-8.0887701599651027],[-34.969600870797734,-8.0887983044481082],[-34.969584481094344,-8.0888319873638821],[-34.969519408516483,-8.0888830265598983],[-34.96945926561542,-8.0889010709216915],[-34.969429345336316,-8.0889110556199242],[-34.966053092075811,-8.0923503265638494],[-34.966220130963713,-8.0924501531146227],[-34.966184438287847,-8.0925099163888206],[-34.966137375390524,-8.092601448926235],[-34.966049873519061,-8.092750665707932],[-34.965985201590804,-8.0928845548910093],[-34.965793611181972,-8.0932616923769434],[-34.965733766611997,-8.0933414508109447],[-34.965665117698116,-8.0935239999280473],[-34.96548258938104,-8.0938516076889329],[-34.965629694377355,-8.0939295233853965],[-34.965549142374357,-8.0940914084092821],[-34.965537357194293,-8.0941244173000584],[-34.965461656780242,-8.0940833561550161],[-34.965422515443571,-8.0940590271541026],[-34.965369814082919,-8.0940372992644356],[-34.965377407416533,-8.0940288090535724],[-34.965307558964085,-8.0939699653142654],[-34.965324779025046,-8.0939515892155836],[-34.965315239741734,-8.0939456440941964],[-34.965049934269921,-8.0937803110250037],[-34.964974792092868,-8.0937492195073464],[-34.964968911462293,-8.0937610843733268],[-34.964896591487687,-8.0937174700919829],[-34.964878006272116,-8.0937336224869316],[-34.964826083474563,-8.0936975192840421],[-34.964809904320674,-8.0936849153301704],[-34.964768616022667,-8.0937426035998552],[-34.964709877481091,-8.0937006144557326],[-34.964734007988646,-8.0936722824043326],[-34.964670535460222,-8.0936348606322106],[-34.964727345972776,-8.0935697125799333],[-34.964708613378022,-8.0935548933627253],[-34.964638142557313,-8.0935104139963769],[-34.964646127035728,-8.0934997097360082],[-34.964509127469057,-8.0934132895077404],[-34.964476548441148,-8.0934084198492631],[-34.964328302427823,-8.0933862611148708],[-34.964244180303098,-8.0933579211406119],[-34.964260232347904,-8.093338866345281],[-34.964277076312364,-8.093318872964268],[-34.964206363585319,-8.0932566520269482],[-34.96419350379464,-8.0932691597890187],[-34.964181033157985,-8.0932812914068304],[-34.964076371484182,-8.0932158508840573],[-34.963876367472437,-8.0930823899779298],[-34.963802994308018,-8.0931715131315158],[-34.963637074450077,-8.0930691687232219],[-34.963688166903978,-8.0930011074643193],[-34.963696071324257,-8.0929894145866168],[-34.96358024684374,-8.0928961298937985],[-34.963551219875214,-8.0928582248901488],[-34.963475208935492,-8.0926952688197726],[-34.963110803695614,-8.0917212686231714],[-34.965326561671453,-8.0910315396303467],[-34.966213562541675,-8.0903811752212054],[-34.965957798106622,-8.0900285305457302],[-34.965942876894509,-8.0900061126588554],[-34.965799979532655,-8.0894298931203092],[-34.965780213474538,-8.089217135513584],[-34.965098744861258,-8.0892633821358828],[-34.965184751832062,-8.0883395386704304],[-34.965585007706764,-8.0871444728773128],[-34.964930940621507,-8.0869274185868782],[-34.964603883373968,-8.0869166243337514],[-34.96463789309059,-8.086686519746614],[-34.964851027657936,-8.0861861975824141],[-34.964895658581007,-8.0860173139724072],[-34.964950049391128,-8.0857727823985144],[-34.964939208477915,-8.0855938929944262],[-34.964896471865138,-8.0854595054307659],[-34.964749315708673,-8.0852241417645168],[-34.964690483628424,-8.0850628460260232],[-34.964662321912861,-8.0848649375445696],[-34.965957916558793,-8.0846998244490642],[-34.965629877360136,-8.0840269628816799],[-34.965285952318766,-8.0833355738866359],[-34.965257157540691,-8.0832746446312687],[-34.966053750769376,-8.0831141076204922],[-34.967051677329771,-8.0829082952618805],[-34.968192513980604,-8.0826541073735783],[-34.968431258098747,-8.0826434381582661],[-34.968520554700994,-8.0810581224189342],[-34.968520950194424,-8.0810321132162475],[-34.969030426625096,-8.0808933238597636],[-34.969361714863304,-8.0808239670390627],[-34.969959415920258,-8.0807480114962971],[-34.970058267059748,-8.0807188239137702],[-34.970178925581308,-8.08061963395844],[-34.970250807501358,-8.0805031525260418],[-34.970255213179733,-8.0804943359397345],[-34.970633051787679,-8.0807952977619006],[-34.971112291995816,-8.0811758450266993],[-34.971378692326006,-8.0813859697315245]]]},"properties":{"NMNOME":"Cavaleiro","CDTIPO":"ZEIS","CDID":0,"CDSETOR":" ","ELINK":" ","NMLEI":" ","INDEXADOR":"18","PROPOSTA":" ","CRIAÇÃO":"LUOS 14.511 de 17/01/1983","COMUL":" ","AREA_HA":71.750483149999994,"DB2GSE.ST_Area(SHAPE)":717504.83155819494,"DB2GSE.SdeLength(SHAPE)":5165.0642601140307,"OBJECTID":18,"ALTERACAO":" ","BAIRRO":"TEJIPIÓ","MODIFICADO":0,"COMPAREID":22,"AJSTDO_A_V":""}},{"type":"Feature","id":19,"geometry":{"type":"Polygon","coordinates":[[[-34.930837170554938,-8.1031861849132021],[-34.932054177632665,-8.1037746724230004],[-34.932389910932052,-8.1028857355048221],[-34.932079161373551,-8.1027904074570412],[-34.931692709033911,-8.1026631693841846],[-34.931027924360606,-8.1024485152513233],[-34.930465797922707,-8.1022602631764293],[-34.929892141963677,-8.1020852169595905],[-34.92979082589514,-8.1020546096088601],[-34.92972133286316,-8.1018020435503502],[-34.929643284877713,-8.1014233443970323],[-34.929588674835458,-8.1011268946207355],[-34.929560708160388,-8.1010021091248809],[-34.929539503254837,-8.1009753237543158],[-34.929516737640164,-8.1009741684967835],[-34.929240488563153,-8.1010743943876395],[-34.929078365013225,-8.1011381106556417],[-34.928886163753802,-8.1012019682262686],[-34.928736124282963,-8.1012581967950599],[-34.928617707631652,-8.1013002475408822],[-34.928499252768027,-8.1013344702206691],[-34.92840127467101,-8.1013795550076999],[-34.928339363303614,-8.1014103786239886],[-34.928308418389285,-8.1013455495544271],[-34.928268821641389,-8.101278411747046],[-34.928288236346972,-8.101263215889734],[-34.928339258119898,-8.1012232802665736],[-34.928319322649251,-8.1011929259307447],[-34.928285136898531,-8.1011377240987184],[-34.928307943657018,-8.1011238890807444],[-34.928287290677289,-8.1010508639894603],[-34.928275994086761,-8.1010044679193367],[-34.9282537816526,-8.100894657837733],[-34.92823823678993,-8.1008173947833377],[-34.928237006171322,-8.100811956377493],[-34.928260437217673,-8.1008038727294078],[-34.929034445204699,-8.1005032764383529],[-34.928955845242513,-8.1002524572782075],[-34.928889591660734,-8.1002711328792216],[-34.928877167204263,-8.100335375056698],[-34.928850392750796,-8.1003401114562763],[-34.92867113648947,-8.1003718208881175],[-34.928694940720092,-8.100101458081145],[-34.928695898148476,-8.1001013432590554],[-34.92912513452287,-8.1001385068549485],[-34.929196792942754,-8.100144581295579],[-34.929256953597353,-8.1001496505550588],[-34.929366212325569,-8.1001524443955137],[-34.929403867815495,-8.1001573208454474],[-34.929451570964332,-8.1001726322815539],[-34.929574740925126,-8.1002083175872155],[-34.929590480440588,-8.1001506267880306],[-34.929627753256234,-8.1000237516498323],[-34.92966484120609,-8.0999363421051616],[-34.929686431738808,-8.0998896485785288],[-34.929754422076883,-8.099924600432475],[-34.929779815984894,-8.0998789683510335],[-34.929808287267107,-8.0998293899742428],[-34.92983825856922,-8.0997804816372536],[-34.929871186936907,-8.0997267479281376],[-34.929902332496766,-8.0996737323364574],[-34.929942257104003,-8.0996152689583596],[-34.929982331546896,-8.0996417652427635],[-34.93005234613522,-8.0995056195993058],[-34.930052388853134,-8.0995056365742375],[-34.930086080445349,-8.099437503077132],[-34.930123359796482,-8.0993723965563067],[-34.930149212920625,-8.0993251042587495],[-34.93017197703626,-8.0992835058500514],[-34.930196560431767,-8.0992395175520873],[-34.930218389868564,-8.0991944321056977],[-34.930238159430424,-8.0991469371554388],[-34.930268869093034,-8.0990681390704609],[-34.930309035679763,-8.098963951963519],[-34.930348523083076,-8.0988744887950652],[-34.93037941466276,-8.09881750378762],[-34.930424814874868,-8.0987565789613214],[-34.93052958252072,-8.0986159827233912],[-34.930572418050112,-8.0985487597253769],[-34.930614045910474,-8.0984864415134279],[-34.930641992716431,-8.0984317314769765],[-34.930673098530107,-8.0983822147491473],[-34.930697433792481,-8.0983434765598776],[-34.930736529196359,-8.0982812408452016],[-34.930815796049224,-8.0982854935560749],[-34.930829436902556,-8.0981613267127273],[-34.930897292845145,-8.0981894543508695],[-34.930916981670968,-8.0981572111773534],[-34.930753114481341,-8.0979849199276774],[-34.930690617191303,-8.0980430299837067],[-34.930619947362544,-8.0979941738908856],[-34.930619322895446,-8.0979935322549554],[-34.930626414429639,-8.0979863403917882],[-34.930802254592258,-8.0978080097882774],[-34.931911712060987,-8.0988301799341116],[-34.932812553992378,-8.0996601398891119],[-34.932824505959069,-8.0996989268174531],[-34.932866660830932,-8.0998357291346963],[-34.932882731349089,-8.0999026505746876],[-34.932913070217879,-8.0998964514547254],[-34.932982393991622,-8.0998805885849166],[-34.932980196746449,-8.0998678346676289],[-34.933023123666715,-8.0998599576300538],[-34.93311021744428,-8.0998468320775139],[-34.933113395817074,-8.0998619662360305],[-34.933155288358613,-8.0998542378319947],[-34.933186805652234,-8.0998484236594024],[-34.93321105474746,-8.0998439511936358],[-34.933233960525335,-8.0999541443619929],[-34.933326425401667,-8.0999358320631103],[-34.933314330547574,-8.0998606549850525],[-34.933341247305009,-8.0998553544114813],[-34.933526080485485,-8.0998097267510669],[-34.933573949181742,-8.0998017539095404],[-34.933612801417951,-8.099795282043063],[-34.933655635687728,-8.0997881476101767],[-34.933702478271812,-8.0997803450607879],[-34.933744621169801,-8.0997745193494115],[-34.933785164280899,-8.0997706910390281],[-34.933782510681304,-8.099758121913915],[-34.933864757123629,-8.099716631024398],[-34.933934882863092,-8.0996899643896132],[-34.933998180423444,-8.0996735793674315],[-34.934039344857041,-8.0996613756550708],[-34.934057623380383,-8.0997738544169451],[-34.934165560950888,-8.0997652585680804],[-34.934157188003148,-8.0995754941922655],[-34.934248869264636,-8.099554025764423],[-34.934317291484881,-8.0995484921539838],[-34.934336661090377,-8.0996491280469076],[-34.934386739321958,-8.0996338787683229],[-34.934446418464105,-8.0996149017462731],[-34.934437862407115,-8.0995747029386198],[-34.934480765224798,-8.099546790260554],[-34.934542690301015,-8.0995055457056555],[-34.934534986745845,-8.0994746066856713],[-34.934527920439109,-8.0994462240160168],[-34.934591309331964,-8.0994330243639823],[-34.934575319659565,-8.0993697830656242],[-34.934665145493817,-8.0993659433436207],[-34.934724770159647,-8.0993574164942164],[-34.93472547601354,-8.0994307544075319],[-34.934839103545769,-8.1036697275167064],[-34.934808510096701,-8.1042241046809398],[-34.934828675854021,-8.1046180067090869],[-34.934832319019996,-8.1046891744930836],[-34.934559907320036,-8.1047119792711815],[-34.93424192227026,-8.1047968445433511],[-34.933953321178485,-8.1048197248523781],[-34.933737275071003,-8.1047804163476336],[-34.933343252410815,-8.1047634628762584],[-34.93306796269583,-8.104748634657799],[-34.932768787395503,-8.1047128252201475],[-34.932441602875038,-8.1046709365746974],[-34.932195877214298,-8.1046317678903428],[-34.932025648624446,-8.1045814848166344],[-34.931852645184591,-8.1045150819713978],[-34.931676648813855,-8.1043868468938278],[-34.931489923288261,-8.1042721076378896],[-34.931360078072963,-8.1042028113975135],[-34.931281689833547,-8.1041736039102137],[-34.931176064326763,-8.1040907477666764],[-34.931048801681875,-8.1039972385393249],[-34.930948572052444,-8.1039143567566398],[-34.930796948799184,-8.1038048281437742],[-34.930666834568228,-8.103679064748226],[-34.930536719510407,-8.1035533012957011],[-34.93037151639362,-8.1034250152536984],[-34.930107853251464,-8.1031900936723655],[-34.9299374796705,-8.1031454054044314],[-34.929791633124559,-8.1030220169006846],[-34.929467034795515,-8.1028374352596533],[-34.929263126209491,-8.1027225933561304],[-34.928938469195991,-8.1025256042020928],[-34.929029121811467,-8.1023886892141785],[-34.929387019218908,-8.1025937931340373],[-34.929670136330856,-8.1027827072586067],[-34.929819995021489,-8.1028771244876481],[-34.930177814300713,-8.1030656845885751],[-34.930489479092991,-8.1032658105244284],[-34.930837170554938,-8.1031861849132021]]]},"properties":{"NMNOME":"Caçote","CDTIPO":"ZEIS","CDID":0,"CDSETOR":" ","ELINK":" ","NMLEI":" ","INDEXADOR":"19","PROPOSTA":" ","CRIAÇÃO":"LUOS 14.511 de 17/01/1983","COMUL":"Decreto nº 17.597 de 21/02/97","AREA_HA":30.640746149999998,"DB2GSE.ST_Area(SHAPE)":306407.46156571002,"DB2GSE.SdeLength(SHAPE)":3747.7485838963635,"OBJECTID":19,"ALTERACAO":"LM 15.922 de 11/08/94\nLUOS 16.176 de 09/04/96","BAIRRO":"CAÇOTE","MODIFICADO":0,"COMPAREID":23,"AJSTDO_A_V":""}},{"type":"Feature","id":20,"geometry":{"type":"Polygon","coordinates":[[[-34.891988071679137,-8.0674216682138251],[-34.891784396325527,-8.0675431921108132],[-34.891711399801729,-8.0675867459676045],[-34.891684032657281,-8.0676030743368017],[-34.891679953314622,-8.0676059943610383],[-34.891636613001047,-8.0676370163270743],[-34.891612323484743,-8.0676525168072821],[-34.891449275423923,-8.0677669014643865],[-34.891308548525004,-8.0678656265436395],[-34.891299043879229,-8.0678722937047009],[-34.891041798773955,-8.0680532871640427],[-34.890920369247098,-8.0681132710650481],[-34.890834203142141,-8.0681603844015015],[-34.890753226190121,-8.0682060317605817],[-34.890752218297038,-8.0682065996542072],[-34.890802094833326,-8.0682872452717529],[-34.89082317982232,-8.0683201891721641],[-34.890873437511097,-8.0683987165719557],[-34.891013300383854,-8.0686172475948279],[-34.891102447822419,-8.0687565363763216],[-34.891309214113107,-8.069095827520119],[-34.891345973701661,-8.0691561476083837],[-34.891354419369179,-8.0691735816648009],[-34.891653335833531,-8.0696685752323756],[-34.890358898043381,-8.0704189708912288],[-34.88988370805064,-8.0706758235130618],[-34.889881883607423,-8.0706781201541258],[-34.889361041001308,-8.0708893400645803],[-34.888600786062604,-8.071041887499586],[-34.888363661681993,-8.0709959903165025],[-34.887985370323506,-8.0708341398508185],[-34.887832107070203,-8.0706564993683081],[-34.887590049717936,-8.0704036267959776],[-34.887330098212708,-8.0700980826665312],[-34.887032626788439,-8.0696659251450527],[-34.886796027341646,-8.0690862494663982],[-34.886555456887834,-8.0685352221308371],[-34.886507908262573,-8.0680160229275373],[-34.886349241248048,-8.0674278083270696],[-34.886232501658192,-8.0670316255986556],[-34.886033330345953,-8.0665581150505137],[-34.885749245366569,-8.0660940568527124],[-34.885529754358878,-8.0657355125286028],[-34.885045548664223,-8.065458219058895],[-34.884713464331959,-8.0652680408689825],[-34.884782028574257,-8.0651751684508],[-34.885052018658492,-8.0648094609664724],[-34.885056918988312,-8.0648028223642196],[-34.885109975294846,-8.0648233729227137],[-34.885143109840904,-8.0648402749817407],[-34.885266666313676,-8.0649033001588588],[-34.885905786285576,-8.0651287772086704],[-34.886155230049063,-8.0652106212506514],[-34.887009314752412,-8.0654908518467838],[-34.888062882261266,-8.0658374612980079],[-34.888675693278564,-8.0660396525687617],[-34.888931965002627,-8.0661219341978132],[-34.889114371647409,-8.0661804988712227],[-34.889487054929987,-8.0663010858859376],[-34.889583224819582,-8.066395996071094],[-34.889648378146859,-8.0664779257592159],[-34.889768862683347,-8.0666638663753627],[-34.889869200920799,-8.0668187146819186],[-34.890048120444696,-8.0671005051010347],[-34.890202677848464,-8.0673464038962042],[-34.890544407447955,-8.0678708911644339],[-34.890617344502246,-8.0679885679943393],[-34.890629947315503,-8.0680089021464436],[-34.89067178977335,-8.0679826869180573],[-34.890710977058454,-8.067956076208521],[-34.890968783204599,-8.0677808049559232],[-34.891438024991722,-8.0674752027375138],[-34.891463320475523,-8.0674651582397772],[-34.891491849491665,-8.067463427150976],[-34.891574524886252,-8.0674139991425911],[-34.891620064852141,-8.0673868572639975],[-34.891663035953286,-8.0673507651458749],[-34.891703228521024,-8.0673131082484595],[-34.891756057578903,-8.0672694767010302],[-34.891813275549396,-8.0672333178524323],[-34.8918223260169,-8.06722223185281],[-34.891841653774364,-8.0672083373265853],[-34.891858880561614,-8.0671985208463326],[-34.891988071679137,-8.0674216682138251]]]},"properties":{"NMNOME":"Coelhos","CDTIPO":"ZEIS","CDID":0,"CDSETOR":" ","ELINK":" ","NMLEI":" ","INDEXADOR":"20","PROPOSTA":" ","CRIAÇÃO":"LUOS 14.511 de 17/01/1983","COMUL":"Decreto nº 14.060 de 04/11/87","AREA_HA":25.643461169999998,"DB2GSE.ST_Area(SHAPE)":256434.611799245,"DB2GSE.SdeLength(SHAPE)":2535.5234544694372,"OBJECTID":20,"ALTERACAO":"LUOS 16.176 de 09/04/96","BAIRRO":"COELHOS","MODIFICADO":0,"COMPAREID":24,"AJSTDO_A_V":""}},{"type":"Feature","id":21,"geometry":{"type":"Polygon","coordinates":[[[-34.89604357517873,-8.0734620382841538],[-34.895991064119272,-8.0736131316517437],[-34.895833984593601,-8.074168557291614],[-34.895776059252547,-8.0743522341473941],[-34.895560380887908,-8.0750361280381497],[-34.895545035993536,-8.0750847849477658],[-34.895505407304285,-8.0752075762912323],[-34.895504375380128,-8.0752107724518076],[-34.895443853266947,-8.0751878443919018],[-34.894968771301649,-8.0752187495675152],[-34.894706192853263,-8.0751376055121291],[-34.894231878104598,-8.0749910283886344],[-34.893733323599292,-8.0748369595703444],[-34.893212453356107,-8.0747750823650932],[-34.892921936429957,-8.0746608234668766],[-34.892494259228727,-8.0745236141829739],[-34.892418223760032,-8.0747496998618224],[-34.892403121905978,-8.0747434945297059],[-34.892399136797856,-8.0747553635784968],[-34.892269412718179,-8.0750886532881818],[-34.89223311343634,-8.0751819147021493],[-34.891943235397363,-8.0750901618246349],[-34.891777655866015,-8.0750377525125518],[-34.891639737594922,-8.0749940977683625],[-34.891862272411714,-8.0743179134456788],[-34.891958144966885,-8.0740247043283677],[-34.891981052927427,-8.0739202834815007],[-34.891971483088817,-8.0739164763708846],[-34.892125745324371,-8.0732568205684725],[-34.891890813471662,-8.0732240600337128],[-34.891743877928306,-8.0732035704120388],[-34.891688266722959,-8.0731931575977374],[-34.891509295306456,-8.0737514740669649],[-34.891627512440728,-8.0737796319655146],[-34.891586231674339,-8.0738831586352298],[-34.891346871421163,-8.0738168102253045],[-34.891285230420443,-8.0739869085811247],[-34.891087919034675,-8.0739214568798605],[-34.890912058091338,-8.0738621160375992],[-34.890994975399259,-8.0736285084066512],[-34.890538335200105,-8.0734960666223721],[-34.890696510707556,-8.07300747921572],[-34.891421836236141,-8.072964222365588],[-34.891649885685446,-8.0729506214887614],[-34.891783465439708,-8.0729426547534135],[-34.893004878791899,-8.0728891664223692],[-34.893124948260194,-8.0728158998614497],[-34.893923931960785,-8.072985995814955],[-34.894019924324866,-8.0730295654888149],[-34.894036329102043,-8.0730370123624606],[-34.89410144949214,-8.0729150035660879],[-34.894101478174221,-8.0729149292992357],[-34.894108293597874,-8.072903671863271],[-34.894190373950934,-8.0727681011988945],[-34.894278170215465,-8.0726415140751708],[-34.89438983670788,-8.0725112462597757],[-34.8944919920228,-8.072390545071336],[-34.894634579192136,-8.0722315644374572],[-34.894830591521071,-8.0720032950145875],[-34.89491373732632,-8.0719041083375718],[-34.895007582383734,-8.0717941597420904],[-34.895302193835121,-8.0714511569282141],[-34.895497021879407,-8.0712252732581877],[-34.895611076025133,-8.0710949933167324],[-34.895782144600552,-8.070896598579294],[-34.895774983114087,-8.070897822412805],[-34.895957883455239,-8.0706755649693562],[-34.896081315115751,-8.0705071502039551],[-34.896146522827102,-8.0704032847430529],[-34.896248372718162,-8.0702171144817019],[-34.896334712298163,-8.0700345862504399],[-34.896365454269677,-8.0699677829026086],[-34.896416146423306,-8.0698247026920686],[-34.896492775023319,-8.0696088898827245],[-34.896510671843167,-8.0695482530557179],[-34.896537455893551,-8.0694575046798374],[-34.89658180364718,-8.0692346992413988],[-34.896637465490187,-8.0688355896198889],[-34.896662705671737,-8.0686546101485028],[-34.896731980317931,-8.0681424274362996],[-34.89673320736712,-8.0681495639299872],[-34.896782605858057,-8.0677291318548807],[-34.896787043856747,-8.0676687192121239],[-34.896899647657079,-8.0676744971744601],[-34.897022279788253,-8.0677159006548198],[-34.897197433269156,-8.0677750355290687],[-34.897255065192518,-8.0677944935634418],[-34.897640877051188,-8.0678671163624358],[-34.89828572686433,-8.0678739944099824],[-34.898521263277942,-8.0678765060326558],[-34.898587289098721,-8.0678631893917974],[-34.898685971201772,-8.0678432861316303],[-34.899074851352331,-8.0677648526895993],[-34.899825831825893,-8.0674409281256896],[-34.899858764811441,-8.0673912484821972],[-34.899925348656588,-8.0672908027840471],[-34.899980685594286,-8.06734425511711],[-34.900736634731011,-8.0680744558186923],[-34.901004158559857,-8.0683500214111188],[-34.901238631122695,-8.0686688743450379],[-34.904011774243457,-8.073706546399988],[-34.904011877603274,-8.0737075033283539],[-34.904016191087919,-8.0737086856687075],[-34.904160447357086,-8.0741242686126409],[-34.904196878056467,-8.074578740961325],[-34.904184416398913,-8.0750577820035296],[-34.904160468870565,-8.07518008292449],[-34.90387881268537,-8.0756862703374619],[-34.903806387920611,-8.0758041119917401],[-34.903731904200299,-8.075925302856108],[-34.902703507861879,-8.0775929096104839],[-34.902590189344181,-8.0779186903521314],[-34.902519449000728,-8.0781220608641551],[-34.90244794397168,-8.0783758060910991],[-34.902146817184892,-8.0783032629476033],[-34.902111832034322,-8.0784161008211353],[-34.901851325850409,-8.07832725798648],[-34.901846321632242,-8.0782308721217699],[-34.90192170142425,-8.07797344199078],[-34.901786518557373,-8.0779276457307247],[-34.9018064891061,-8.0778561313190078],[-34.90182052062265,-8.0777917857756041],[-34.901448519946626,-8.0776768587530032],[-34.901393489423796,-8.077658068545869],[-34.901342334881704,-8.0778219937385281],[-34.901335828516267,-8.0778428447286732],[-34.901332425592329,-8.0778536443009958],[-34.901600703581352,-8.0779583377500774],[-34.901508377290675,-8.0782314572455327],[-34.900500006724528,-8.0779007080775624],[-34.900598239055405,-8.0776149575720311],[-34.900588233926811,-8.0776106256515998],[-34.90044227961782,-8.0775601171977272],[-34.900347756003868,-8.077524845604751],[-34.900371694586724,-8.0774531265332126],[-34.900465546032834,-8.0771719475058141],[-34.900430308558988,-8.0771621094990707],[-34.900159377731406,-8.0770864725040532],[-34.900099377002569,-8.0772819727387191],[-34.900078509447624,-8.0773531992829],[-34.900032230815434,-8.0773382376336063],[-34.900011672730272,-8.0774102718835312],[-34.899964460037538,-8.07739556770664],[-34.899936365647896,-8.0774845204941883],[-34.899899071372097,-8.077475783213508],[-34.899935782223274,-8.0773597749462152],[-34.899817773574632,-8.0773411360136276],[-34.899805010481892,-8.0773976527379361],[-34.899747131428946,-8.0773764950945939],[-34.899756402690073,-8.0773476600737002],[-34.899790224828479,-8.0772530917179992],[-34.899757560748817,-8.0772401181317672],[-34.899618583256419,-8.0771849209556166],[-34.899586107650052,-8.0772801529681875],[-34.899580123424343,-8.0772935727701487],[-34.899516192189289,-8.0772711033628504],[-34.899512062332185,-8.0772830101773874],[-34.899502933515549,-8.0773093321205121],[-34.899421496347671,-8.0772789086122589],[-34.899347484821874,-8.0772558169759225],[-34.899273459871132,-8.0772300466227325],[-34.899145605927167,-8.0771871173995908],[-34.89909424890984,-8.0773304450799515],[-34.899092703752835,-8.0773441579797129],[-34.899042143665937,-8.0772595781654868],[-34.898989328921118,-8.0772678587737197],[-34.898940041348155,-8.077247465735935],[-34.898910816484978,-8.077169531214718],[-34.898827751176384,-8.0768260757727806],[-34.898783354665184,-8.0765540740006685],[-34.898709716258097,-8.0761771457543023],[-34.898645908101699,-8.075852702928449],[-34.898587292215225,-8.0756141960288232],[-34.898526870547322,-8.0754137905543324],[-34.89852486721459,-8.0754115731221532],[-34.898525494879394,-8.0754101987321558],[-34.898448065532904,-8.0751989365021846],[-34.89831671357981,-8.0749597065460108],[-34.898122931774729,-8.0746897293543984],[-34.897934892411271,-8.0744366550288706],[-34.897667554468669,-8.0741783042306121],[-34.897406222460532,-8.0739932890073742],[-34.897162061624364,-8.0738476964992358],[-34.896861357180939,-8.0737192946948007],[-34.896850053409061,-8.0737155979061068],[-34.896504083696371,-8.0736024421680739],[-34.89604357517873,-8.0734620382841538]]]},"properties":{"NMNOME":"Coque","CDTIPO":"ZEIS","CDID":0,"CDSETOR":" ","ELINK":" ","NMLEI":" ","INDEXADOR":"21","PROPOSTA":"Ampliação Lei Complementar nº 02 de 24/04/2021","CRIAÇÃO":"LUOS 14.511 de 17/01/1983","COMUL":"Decreto nº 14.062 de 04/11/87","AREA_HA":83.724441150000004,"DB2GSE.ST_Area(SHAPE)":837244.41154473496,"DB2GSE.SdeLength(SHAPE)":5469.1416731033523,"OBJECTID":21,"ALTERACAO":"LUOS 16.176 de 09/04/96","BAIRRO":"ILHA JOANA BEZERRA","MODIFICADO":1,"COMPAREID":25,"AJSTDO_A_V":""}},{"type":"Feature","id":22,"geometry":{"type":"Polygon","coordinates":[[[-34.90520402649495,-8.1138568796097967],[-34.905364815661073,-8.1136496148929531],[-34.905377986461758,-8.1136326372698822],[-34.905399449650581,-8.1136049700334549],[-34.905419059768285,-8.1137893712191609],[-34.905402138430269,-8.1138409840212482],[-34.905415665045012,-8.1139576665084352],[-34.905628084934641,-8.1139422047027292],[-34.905647324604622,-8.113939387999352],[-34.90562553115651,-8.1138517295081769],[-34.905650312741116,-8.1138099686022063],[-34.905658872385395,-8.1137955430337492],[-34.905662718028502,-8.1137862927066031],[-34.905873538452283,-8.1137546789917181],[-34.905983372751031,-8.1137318615975769],[-34.905978965893503,-8.1137107722673747],[-34.906171168324931,-8.1136645273497408],[-34.906200075712846,-8.1136575726604754],[-34.906219452865784,-8.1137458996630336],[-34.906271651073482,-8.1137337216355956],[-34.906439936128358,-8.1136945109944154],[-34.906461773417597,-8.113785086621446],[-34.906484731748215,-8.1138825279008273],[-34.906446164060078,-8.1138994336959094],[-34.906387135510059,-8.1139252951299099],[-34.906270074593415,-8.1139766516871408],[-34.906258484482727,-8.1139236372402728],[-34.906239996437591,-8.113927701680943],[-34.906120911913575,-8.1139539346217209],[-34.906036900489227,-8.1139724996093232],[-34.906024947875459,-8.1139237947231138],[-34.905919311762148,-8.113948266821529],[-34.90577609534796,-8.1139826081826509],[-34.905777090250346,-8.1139863915660495],[-34.905694484156527,-8.1140069008869169],[-34.905683209160799,-8.1140089950363237],[-34.905752127266794,-8.1142464529048333],[-34.905661160510164,-8.1142907041845369],[-34.905648175838664,-8.1143394769770456],[-34.905746858889316,-8.1145282263504459],[-34.905786950001044,-8.1146072005970158],[-34.905731642044586,-8.1146356175275773],[-34.905107820623797,-8.1149380632560408],[-34.905024793820388,-8.1149783165735645],[-34.904943205527367,-8.1146173914875455],[-34.904922739455849,-8.1145268535994273],[-34.904907337901086,-8.1145475193995349],[-34.904193296639747,-8.1154681732226983],[-34.904158451483283,-8.1154179552250163],[-34.904132008713368,-8.115397147021179],[-34.904255348366611,-8.1152253994416519],[-34.904188744540996,-8.1151663950808643],[-34.904103144022528,-8.115055861809072],[-34.904069690170608,-8.1150791443084973],[-34.903993896521477,-8.1151400260838589],[-34.903984917760802,-8.1151278875692636],[-34.903933884654037,-8.1150588773478773],[-34.903918040698066,-8.1150603608791734],[-34.903883911357404,-8.1149694781462127],[-34.903855691091252,-8.1149908014517784],[-34.9038526740161,-8.1149849002447283],[-34.903849469232611,-8.1149786319598025],[-34.903824446281213,-8.1149296879236772],[-34.903682749396587,-8.1150589613334159],[-34.90366745794195,-8.1150436826632824],[-34.903441462088225,-8.1147422471809616],[-34.903440428295369,-8.1147407982725976],[-34.903637063911695,-8.1146254574485255],[-34.903645637536471,-8.1146399963619977],[-34.903662500352901,-8.1146281212462803],[-34.903782085618928,-8.1145564888422079],[-34.903901385632665,-8.1147447021674992],[-34.904058096336513,-8.1146642631447001],[-34.904121863720732,-8.1147118244717102],[-34.904154968078316,-8.114733003843666],[-34.904408704701595,-8.1144755185446726],[-34.904284721841748,-8.1142661793547841],[-34.904424773359779,-8.1141846528135737],[-34.904449980421596,-8.114172330010252],[-34.904556597964714,-8.1143779469510768],[-34.904651554782554,-8.1143186561445795],[-34.904672677441106,-8.1143074662432344],[-34.904571732333274,-8.1141025415434758],[-34.904685845283048,-8.1140415817395866],[-34.90470083922974,-8.1140335711817535],[-34.904701594186605,-8.1140349517774482],[-34.904702391266298,-8.1140364153502915],[-34.904850998267761,-8.1143091914988403],[-34.904931526265095,-8.1142080338866425],[-34.90520402649495,-8.1138568796097967]]]},"properties":{"NMNOME":"Coqueiral","CDTIPO":"ZEIS","CDID":0,"CDSETOR":" ","ELINK":" ","NMLEI":" ","INDEXADOR":"22","PROPOSTA":"Ampliação Lei Complementar nº 02 de 24/04/2021","CRIAÇÃO":"LEI Nº 16.415 de 29/06/1998","COMUL":"Decreto nº 18.192 de 23/03/99","AREA_HA":2.0007831899999999,"DB2GSE.ST_Area(SHAPE)":20007.831905079998,"DB2GSE.SdeLength(SHAPE)":1238.1906284150971,"OBJECTID":22,"ALTERACAO":"LM 17.295 de 10/01/07","BAIRRO":"IMBIRIBEIRA","MODIFICADO":1,"COMPAREID":26,"AJSTDO_A_V":""}},{"type":"Feature","id":23,"geometry":{"type":"Polygon","coordinates":[[[-34.912761284232403,-8.1208105443056393],[-34.911904440368787,-8.1211985137283609],[-34.91163882634784,-8.1213133818256598],[-34.911564599224867,-8.1209014432634739],[-34.911444923460039,-8.1203655341678544],[-34.911567343066302,-8.1203398613517308],[-34.911962737786901,-8.1202569425718263],[-34.912307717691263,-8.1201910904217716],[-34.912522637136178,-8.1201483731632784],[-34.912618143109775,-8.1201292924181878],[-34.912631764031389,-8.1201265713523814],[-34.91264279372627,-8.1201772844543445],[-34.91264916952742,-8.1202113602620507],[-34.91273476081043,-8.1206687943967673],[-34.912761284232403,-8.1208105443056393]]]},"properties":{"NMNOME":"Coronel Fabriciano","CDTIPO":"ZEIS","CDID":0,"CDSETOR":" ","ELINK":" ","NMLEI":" ","INDEXADOR":"23","PROPOSTA":" ","CRIAÇÃO":"LEI Nº 15.164 de 21/12/1988","COMUL":" ","AREA_HA":1.2219487899999999,"DB2GSE.ST_Area(SHAPE)":12219.487915125001,"DB2GSE.SdeLength(SHAPE)":453.14225085545553,"OBJECTID":23,"ALTERACAO":"LUOS 16.176 de 09/04/96","BAIRRO":" ","MODIFICADO":0,"COMPAREID":27,"AJSTDO_A_V":""}},{"type":"Feature","id":24,"geometry":{"type":"Polygon","coordinates":[[[-34.912724603933611,-7.9937284973630973],[-34.911129303230183,-7.9919056747338715],[-34.911216573747403,-7.9918628242025935],[-34.911269297005632,-7.99183594378915],[-34.911332683528471,-7.9918036863760031],[-34.911376016066541,-7.9918005269432024],[-34.911423408592078,-7.9917766310902163],[-34.91147786892963,-7.9917402715983821],[-34.911492338119693,-7.9917193930135175],[-34.911513259472059,-7.991689202512231],[-34.911533258332121,-7.9916482678057923],[-34.911599571825349,-7.9916071188710447],[-34.911671815551188,-7.991564166002493],[-34.911739351053576,-7.991530114665137],[-34.911786097131497,-7.9914949751607374],[-34.911836367909402,-7.9914515317518502],[-34.911910287343112,-7.9914093024928263],[-34.911969026870125,-7.9913757447579883],[-34.911999213386075,-7.9913548874734515],[-34.912034766430288,-7.9913387417736006],[-34.912087496910992,-7.9913136368397746],[-34.912128941604315,-7.9912874006908581],[-34.91215556481589,-7.991266559884294],[-34.912247228258622,-7.99121085200008],[-34.912318382563633,-7.9911639967071411],[-34.91236929963938,-7.9911317968731179],[-34.912525087175787,-7.9910499837930802],[-34.912597311386676,-7.9910028875527903],[-34.912658353656873,-7.9909771528392328],[-34.912747891233167,-7.99095010191503],[-34.912788368622962,-7.9909418855572998],[-34.912846368725752,-7.9909301128606147],[-34.912941269133562,-7.9909071804227487],[-34.913034895049599,-7.9908653127386255],[-34.913118392946572,-7.9908163886572261],[-34.91319712108271,-7.9907633432997223],[-34.913210060250869,-7.9907366468555692],[-34.913256118309945,-7.9906813858697658],[-34.913346620461574,-7.9906063849507172],[-34.913411156035465,-7.9905658352945892],[-34.913440324765645,-7.9905426302622127],[-34.913473274110643,-7.9905164188785625],[-34.913578664725293,-7.9904508191085455],[-34.91363080735762,-7.9904269010748497],[-34.913672444649549,-7.9904103184592952],[-34.913712007087092,-7.9903945618198344],[-34.913802580790282,-7.9903349504436001],[-34.91387654726659,-7.9902795592916673],[-34.913932172234539,-7.9902384595760285],[-34.914014247162534,-7.9901683804495844],[-34.914057467443925,-7.990111799957992],[-34.914121306767775,-7.9900493533207895],[-34.914176917883786,-7.9900052937323878],[-34.914238506090989,-7.9899694931400278],[-34.914299478186479,-7.989928959889891],[-34.914357495728865,-7.9898914002329091],[-34.914394106007762,-7.9898474286227188],[-34.914445555154678,-7.9898022048622002],[-34.914489351744166,-7.9897712221482493],[-34.914520753640375,-7.989756278937481],[-34.914582499035994,-7.9897542173661673],[-34.914773057467158,-7.989616008732944],[-34.914814462243619,-7.9895814858984462],[-34.914862404128463,-7.9895481162033111],[-34.91491215478154,-7.9895206579559268],[-34.914957726957851,-7.989488482654119],[-34.915002043032324,-7.9894716777852484],[-34.915100497827076,-7.9894167914229532],[-34.915143683731358,-7.9893822603145841],[-34.915184011681518,-7.9893714181464119],[-34.915226043540557,-7.9893439956316818],[-34.915263308417096,-7.9893130431215891],[-34.915301749398182,-7.9892797174093708],[-34.915343723278006,-7.9892398642372617],[-34.915385719229761,-7.9892047464620193],[-34.915407845473787,-7.989177277842642],[-34.91547561188721,-7.9891267890505473],[-34.915496309149702,-7.9891083433069774],[-34.915564912290904,-7.9890488334674226],[-34.915595670368788,-7.9890232387542071],[-34.915656598003153,-7.9889732354738481],[-34.915718671361589,-7.9889143471365731],[-34.915787873986837,-7.9888560188236504],[-34.915829239617629,-7.9888059434486989],[-34.915853557497428,-7.9888071769087796],[-34.91588132146024,-7.9887762683939867],[-34.915940476125584,-7.9887280488907688],[-34.915984231059682,-7.9886881874258755],[-34.916040397145103,-7.9886358384279958],[-34.916082423338821,-7.9886072315551804],[-34.91612453511209,-7.9885969741181651],[-34.916173782620831,-7.9885890504495451],[-34.916225364825166,-7.9885722380226794],[-34.916278089087079,-7.9885459492980813],[-34.91632477177712,-7.9884971954033457],[-34.916334357381309,-7.9884756676446402],[-34.916348277147172,-7.9884444056038131],[-34.916381871821287,-7.9883903856144691],[-34.916412544197897,-7.988346441427578],[-34.916419517026426,-7.9883138527764199],[-34.916436552461256,-7.9882741160410937],[-34.916455370913383,-7.9882349613960191],[-34.916487918326567,-7.9882111339342057],[-34.916529358698206,-7.9881843053342196],[-34.916567866644129,-7.988165185736273],[-34.916589737148506,-7.9881437755124409],[-34.916617616988624,-7.9881377273484109],[-34.916636881265788,-7.9881443742405178],[-34.916661628601126,-7.9881529132371858],[-34.916713982822813,-7.9881425811493925],[-34.916769183025892,-7.9881695801185213],[-34.916803824829842,-7.9882107452765325],[-34.916833690525714,-7.9882436992442099],[-34.916838464269908,-7.9882556785881391],[-34.916856899452249,-7.9882615120361091],[-34.916879294304465,-7.9882539360985731],[-34.916901696469893,-7.9882454009120831],[-34.916963404305093,-7.9882163103537041],[-34.917012323489146,-7.9881479540252283],[-34.917014934358583,-7.9880750280966373],[-34.917001896351266,-7.9880149717795064],[-34.916962201406058,-7.9879585079571473],[-34.916966473450756,-7.9878798732844807],[-34.916981188519472,-7.9878023473980591],[-34.916963205145784,-7.9876764166345167],[-34.916915116515113,-7.9875610303358178],[-34.916882547552646,-7.9875403724407663],[-34.916834793354539,-7.9874966616425009],[-34.916799818231652,-7.9874575167973312],[-34.916766056985054,-7.9874299275177227],[-34.916746169111072,-7.9873930244221487],[-34.916712764769414,-7.9872251685249829],[-34.916717233504571,-7.9872246496698862],[-34.916727306939109,-7.9872233282414244],[-34.91691661206481,-7.987198492925673],[-34.917261637451716,-7.9871532286930149],[-34.917333398611845,-7.9871438146072968],[-34.918169654799513,-7.9872238984744559],[-34.918421260050515,-7.9872479935008291],[-34.918736856213521,-7.9873231549839714],[-34.918922677574443,-7.9874167828160738],[-34.919345065376078,-7.9876610190627622],[-34.919360378561514,-7.9877772450605331],[-34.919133218533361,-7.988235067441714],[-34.919076246195281,-7.988280508019459],[-34.918999400721447,-7.988285653543711],[-34.918879167336968,-7.9882586737811367],[-34.918760771606813,-7.9882053292428612],[-34.919042757476852,-7.9887197930988796],[-34.919061657114348,-7.9887570938744465],[-34.919141145305836,-7.9888041358498549],[-34.919170037045987,-7.9888176522014511],[-34.919088024604541,-7.9889363478881998],[-34.919017331175212,-7.9890386609015014],[-34.919041793530354,-7.9890514112841098],[-34.919142548602785,-7.9891039298889792],[-34.919101786004816,-7.9891835918472225],[-34.919054665808396,-7.9892756789519357],[-34.918934491143993,-7.9892114397745813],[-34.918813582299023,-7.9894185201908332],[-34.918690928173483,-7.9896148711186736],[-34.918715029347872,-7.9896314500984111],[-34.918730690699711,-7.9896422234712858],[-34.91863645395766,-7.9898012176178694],[-34.918628901066057,-7.9898175366948792],[-34.918698079324272,-7.9898602807311283],[-34.918649205764858,-7.9899395282964187],[-34.918607431356889,-7.9899959939194085],[-34.918568471673126,-7.9900531534549124],[-34.918496255620433,-7.9899887611969289],[-34.918418134392802,-7.9900785123148133],[-34.918295189922276,-7.990182477228795],[-34.918218500033667,-7.990073239634147],[-34.918203895400886,-7.9900826952234985],[-34.918126793058107,-7.9901529363676476],[-34.91804966633709,-7.9902179629675514],[-34.917997578994054,-7.9902672276139963],[-34.917954854556534,-7.9903049753171222],[-34.917865269859483,-7.9903909210126347],[-34.917824697001507,-7.9904411755104938],[-34.917734673024469,-7.990433248684611],[-34.917697282806138,-7.9904928753199664],[-34.917656782966922,-7.9905587752274103],[-34.917605966126295,-7.9906560136126652],[-34.917558155710665,-7.9907250764061155],[-34.917535438302927,-7.9907898505174648],[-34.917461606939099,-7.9908882389647315],[-34.917398258116044,-7.9909907510385461],[-34.917344252741962,-7.9910775749074796],[-34.917245856103108,-7.9912189173582897],[-34.917167126289641,-7.9912390246626748],[-34.917123613157706,-7.9913320577915918],[-34.91708325923107,-7.9914292476249891],[-34.917017909593547,-7.9915515869873852],[-34.916984412731203,-7.9917728678263522],[-34.91697465562666,-7.9919241542580215],[-34.916984947302282,-7.9919880149298104],[-34.91699406417424,-7.99204714374536],[-34.917064500130294,-7.992117743668234],[-34.917149608113029,-7.9921934910604078],[-34.917031577924256,-7.9924621004548824],[-34.916920310696256,-7.9923864743974704],[-34.91686047416664,-7.9923450302320163],[-34.916833537999565,-7.9924025226803241],[-34.91676610962665,-7.9925280006657999],[-34.916737055920784,-7.9925802873793712],[-34.91671537519003,-7.9926429710055134],[-34.916692414162348,-7.9926555943031126],[-34.916643927762571,-7.9928039314252777],[-34.916592905105176,-7.9928573624261254],[-34.91650968496517,-7.9929620532309142],[-34.916429400071777,-7.9930229220855313],[-34.916368162492574,-7.9931295966008538],[-34.916299561637651,-7.9932279607336154],[-34.916201853393083,-7.9933671392145946],[-34.916117635147032,-7.9934822639217256],[-34.9161104081996,-7.9935031587646259],[-34.916070822135666,-7.9935408918313655],[-34.916082507134689,-7.9935783871284389],[-34.916043009588876,-7.9936348945275864],[-34.91601561477983,-7.9935943431082732],[-34.916002970814198,-7.9935756269989398],[-34.915913336378601,-7.9936511416326841],[-34.915862255119919,-7.9936920569653038],[-34.915819472654263,-7.9937172889446453],[-34.915864859380584,-7.9938015652909895],[-34.915802317005415,-7.9938529639814941],[-34.915759135407555,-7.993792667707142],[-34.915738052401117,-7.99375938823884],[-34.91557177512675,-7.9939243810630973],[-34.915311122002741,-7.9942672353529671],[-34.915344231136288,-7.9942775853015986],[-34.915419853137095,-7.9942964551556406],[-34.915506607515901,-7.9943072769105932],[-34.915588847636251,-7.9943158756848023],[-34.91569242972961,-7.9943131505914611],[-34.915797116353019,-7.9943059298529793],[-34.915884606193565,-7.9942838961544158],[-34.915919709017345,-7.99427505523352],[-34.916038105893414,-7.9944244527612094],[-34.916193820668937,-7.9946206225832208],[-34.916277386856613,-7.9946842175269834],[-34.916292123668853,-7.9946931256402047],[-34.916225129063641,-7.9948146617184248],[-34.916171548142039,-7.9948709162455316],[-34.916096266957496,-7.9949499535379438],[-34.916050336569803,-7.9950006767528707],[-34.915976533767335,-7.9951110195098547],[-34.915928414320348,-7.9951752225544208],[-34.915862650730858,-7.9953192017741319],[-34.915837224034853,-7.9954203400664863],[-34.91577614836833,-7.9955683929648655],[-34.915748149362173,-7.9956362645088479],[-34.91564882543603,-7.9955862149615351],[-34.91551003337306,-7.9955240006704464],[-34.915400544060454,-7.9954672637976767],[-34.915300198549055,-7.9954396677599799],[-34.915117392737407,-7.9953563313584342],[-34.915062072274878,-7.9953251588572503],[-34.914988682439947,-7.9952828461256544],[-34.914968550578863,-7.9953121227267081],[-34.914939200747902,-7.9952965442977959],[-34.914819556598594,-7.9952353647166934],[-34.91477101281081,-7.9952086503505884],[-34.914799629441802,-7.9951574623392121],[-34.914815680865622,-7.9951287489075709],[-34.914747974554572,-7.9950976346676743],[-34.914604428555975,-7.9950231765597231],[-34.91449064849148,-7.9949708675011149],[-34.914447770690238,-7.9949519840719789],[-34.914457263225259,-7.9949219359049994],[-34.914465525043489,-7.994895779121566],[-34.914398918109526,-7.9948590472660337],[-34.914311421818027,-7.9948216066735975],[-34.914221948082904,-7.9947833208782955],[-34.914177011898559,-7.9948421162632304],[-34.914105863643101,-7.9947975472430368],[-34.914144261389318,-7.9947476402102966],[-34.914002858202565,-7.9946824114765693],[-34.913868409079193,-7.9945853815423522],[-34.913854117454356,-7.9946030897208162],[-34.91379628192179,-7.9945722459822033],[-34.913752297909703,-7.9945572966647136],[-34.913708312086008,-7.9945423473501638],[-34.913612413072521,-7.9945023833753437],[-34.91348246263729,-7.99440420868563],[-34.913428226035933,-7.9943640516865964],[-34.913368364477357,-7.9943250426770547],[-34.9133230997707,-7.9942769868555574],[-34.913170241605151,-7.9940958569052096],[-34.913040239092915,-7.9939864582601583],[-34.912991402650484,-7.9938968887609283],[-34.912909179222375,-7.9937924048300779],[-34.912724603933611,-7.9937284973630973]]]},"properties":{"NMNOME":"Dois Unidos","CDTIPO":"ZEIS","CDID":0,"CDSETOR":" ","ELINK":" ","NMLEI":" ","INDEXADOR":"24","PROPOSTA":" ","CRIAÇÃO":"LUOS 14.511 de 17/01/1983","COMUL":" ","AREA_HA":35.834881449999997,"DB2GSE.ST_Area(SHAPE)":358348.814559925,"DB2GSE.SdeLength(SHAPE)":3292.8897855148252,"OBJECTID":24,"ALTERACAO":"LUOS 16.176 de 09/04/96","BAIRRO":"DOIS UNIDOS","MODIFICADO":0,"COMPAREID":28,"AJSTDO_A_V":""}},{"type":"Feature","id":25,"geometry":{"type":"Polygon","coordinates":[[[-34.89029229900089,-8.0949232933103499],[-34.890225774014105,-8.0948708612748153],[-34.890124078142776,-8.0947928585005293],[-34.89029229900089,-8.0949232933103499],[-34.890213948391342,-8.0950364992554267],[-34.890122203339324,-8.095157711338075],[-34.890022809714942,-8.0952890257129262],[-34.889789939931347,-8.0956103294507251],[-34.889738988869588,-8.0956776459844164],[-34.889735166855367,-8.0956826939590485],[-34.889387114346867,-8.0954186509612107],[-34.889614435312794,-8.0951168324191993],[-34.889725906359807,-8.0951993664925936],[-34.889888179288974,-8.0949874366104471],[-34.889862053330091,-8.0950197291154673],[-34.889725906359807,-8.0951993664925936],[-34.889703358216202,-8.0951826044611295],[-34.889614435312794,-8.0951168324191993],[-34.889554596666322,-8.0951954512400093],[-34.889496112189327,-8.0952718795406184],[-34.889423419791285,-8.0953676593588924],[-34.889387114346867,-8.0954186509612107],[-34.889359695017326,-8.0953984696453141],[-34.889122290005247,-8.0952237285860704],[-34.889088339284818,-8.0952579187699847],[-34.888672168851464,-8.0956579340304398],[-34.888672360182952,-8.0956590840338727],[-34.888598700639328,-8.0958740525979529],[-34.888494819581716,-8.096516462686651],[-34.888459278123797,-8.096817496493097],[-34.888477912717342,-8.0969674109524412],[-34.888474318210093,-8.0970119406826964],[-34.888475423137919,-8.0970241993620551],[-34.888478327589539,-8.0970564370286073],[-34.888706490445848,-8.0974614593829486],[-34.888682404829403,-8.097474158325932],[-34.888673204329372,-8.0974753689809553],[-34.888682061376542,-8.0975427503569861],[-34.888689569714394,-8.0975998749040929],[-34.888693569865502,-8.0976406302162047],[-34.88864062028798,-8.0976471134460972],[-34.888635622677754,-8.0976064531570717],[-34.888589110628686,-8.0976121833196721],[-34.88856308794935,-8.0976151064090676],[-34.888500706342178,-8.0976221757247],[-34.888449114562015,-8.0976280197918449],[-34.888412664914448,-8.097632166432092],[-34.888397342507318,-8.0975975172083334],[-34.888394511273845,-8.0975911149876438],[-34.88839436008422,-8.0975911816849528],[-34.888346618946912,-8.0976121303992148],[-34.888304702132267,-8.0976305867373739],[-34.888258527938298,-8.0976504188897565],[-34.888214164706625,-8.0976695193958967],[-34.888171793029116,-8.0976877066052193],[-34.888148435669855,-8.097698030760899],[-34.888133940837307,-8.097704309748007],[-34.888073562326582,-8.0977304719621177],[-34.888045948848209,-8.09774244314616],[-34.887970912516252,-8.0977790429336896],[-34.887841573075875,-8.0978233092150376],[-34.887792300021751,-8.0978429793683251],[-34.887758628812499,-8.0978564205675418],[-34.887684842309937,-8.097888494147254],[-34.88763794694399,-8.0979093249674872],[-34.887499087351543,-8.0979744280621464],[-34.887415788084155,-8.0980094395612348],[-34.887384658978846,-8.0980260377638906],[-34.887199779875615,-8.0981052764463417],[-34.887149102956748,-8.0981322706276746],[-34.887050398200927,-8.0981706993136022],[-34.886976448656419,-8.0982067523864956],[-34.886889284291946,-8.0982492855137629],[-34.886801033405483,-8.098292275689845],[-34.886722195608272,-8.0983306115262135],[-34.886653956543945,-8.0983656436596352],[-34.886558625680948,-8.0983910560183734],[-34.886508145121212,-8.0984047131879677],[-34.886500521743187,-8.0983806936600686],[-34.886408163279683,-8.0979099048614795],[-34.886391552422772,-8.0978346422000751],[-34.88638546721122,-8.0978042897255946],[-34.886306086185627,-8.0973116064645261],[-34.886300186862179,-8.0972749941987132],[-34.88621401468049,-8.0968360408313451],[-34.886093679340604,-8.0961382777549797],[-34.886011476089863,-8.095674209589113],[-34.885942850744705,-8.0953212277086717],[-34.885917217746091,-8.0951891203015318],[-34.885794574228655,-8.0945371563454032],[-34.885775612291347,-8.0944213195048818],[-34.885749388614464,-8.0943068985446107],[-34.885678547431091,-8.0940613103677155],[-34.88557289626943,-8.0936985544576849],[-34.885440570525574,-8.0932095614280453],[-34.885259834730746,-8.0925814996362107],[-34.88518719648323,-8.0923154539053392],[-34.88516573460155,-8.0922368475900246],[-34.885084419967363,-8.092090160285462],[-34.884936829663445,-8.0915449331020213],[-34.884871808992607,-8.091304733998717],[-34.884802529589066,-8.0912108081646092],[-34.885033501562461,-8.0909938869553599],[-34.885085283848788,-8.0909499357264636],[-34.885184447803482,-8.090865767525381],[-34.885266414227992,-8.0907961972974149],[-34.885319436702439,-8.0907509086170997],[-34.885342963692494,-8.0907195604816913],[-34.885360308885055,-8.0906844383354883],[-34.885373274310261,-8.0906298173673559],[-34.885374326521308,-8.0906077421576779],[-34.885372253274035,-8.09057917472912],[-34.885349247953933,-8.090315267567842],[-34.885311119156867,-8.0898704265594379],[-34.885302176181767,-8.0896807045747678],[-34.885302253964774,-8.0896486456080261],[-34.885298774740654,-8.0896201027476522],[-34.885287410949068,-8.0895786055868246],[-34.885268987828972,-8.0895397058818421],[-34.885259442892362,-8.0895266986719196],[-34.885238871292472,-8.0894986641476585],[-34.885183710095895,-8.0894518804931277],[-34.884882936724161,-8.0891602822789235],[-34.884985993598569,-8.0890590525600103],[-34.885105173554763,-8.0889371281958056],[-34.885133889364973,-8.0889102394648535],[-34.885487976507619,-8.0892596774820689],[-34.885493140690187,-8.0892670200684851],[-34.885497171806001,-8.0892755314340885],[-34.885499657930879,-8.0892846113646417],[-34.885501666691681,-8.0892963822268289],[-34.88550603675229,-8.0893038451051478],[-34.88552185422229,-8.0893180990045259],[-34.885640579250925,-8.0894240440134055],[-34.885742182304575,-8.0894794324403314],[-34.885797685668173,-8.0895094591499355],[-34.885894740704458,-8.0893552038558916],[-34.88606851987506,-8.0891040315226039],[-34.886329906119101,-8.0887436244192354],[-34.8865323569757,-8.088469865016032],[-34.886505778471843,-8.0884448363373647],[-34.886238113903651,-8.0881927815799717],[-34.886014883146764,-8.0879929154330075],[-34.886021599596219,-8.0879858425603697],[-34.886323635672376,-8.0876678019445354],[-34.886364850141319,-8.0877015678751203],[-34.886367857178485,-8.0877052272562953],[-34.886533874947297,-8.0878474142135577],[-34.886586525429415,-8.0878831795533355],[-34.886675378311509,-8.0879435367407257],[-34.886714564361206,-8.0879501779162037],[-34.886760266951228,-8.0879551399508198],[-34.886807999899297,-8.0879603222373078],[-34.886948526415431,-8.0879482130248732],[-34.887234823799673,-8.087890663124659],[-34.887509102497511,-8.0878191797933248],[-34.887746177124221,-8.0877418199563795],[-34.887830948887604,-8.0877150616972564],[-34.888010460479627,-8.0879935610327962],[-34.88802235220647,-8.0880120098072528],[-34.887671425138265,-8.08836657335811],[-34.88769396670925,-8.0883880748129133],[-34.887739785208581,-8.088431779498535],[-34.887759925943655,-8.0884523988158854],[-34.88782893093488,-8.0885230408801831],[-34.887903547430717,-8.0885916770619612],[-34.887983595139346,-8.0885078770532957],[-34.888017686463542,-8.0884721946813336],[-34.888064049143665,-8.0884213303811077],[-34.888099017031713,-8.0883870669703253],[-34.888148017574672,-8.088335778212473],[-34.888174092283386,-8.0883084883674119],[-34.888230350158672,-8.0882496007426727],[-34.888249169333221,-8.088229912460875],[-34.888261766580115,-8.088216727938061],[-34.888323549192435,-8.0881506535757186],[-34.888327481240367,-8.0881464486195256],[-34.888392600568849,-8.0880772940065704],[-34.888398073013015,-8.0880715359577771],[-34.888617063032271,-8.0882858745067008],[-34.888653790620687,-8.0883230954801633],[-34.888646419496524,-8.08832924744795],[-34.888604002334084,-8.0883838463740858],[-34.888622757674575,-8.0884073497204483],[-34.888629561202812,-8.0884158744416492],[-34.888636852006243,-8.0884250107774971],[-34.888667009926301,-8.0884530785152489],[-34.888669630877608,-8.0884558373903648],[-34.88870010229229,-8.088487913253811],[-34.888849043237833,-8.0886245645616075],[-34.888990498514822,-8.0887694377262882],[-34.889066789748931,-8.0888345463257245],[-34.889084427376503,-8.0888500347493721],[-34.889130046757778,-8.0888900985344954],[-34.889687791418893,-8.0882771135025084],[-34.889735321521265,-8.0883234652708111],[-34.889739517560663,-8.0883284182752568],[-34.889949137853144,-8.0885265277093161],[-34.889962565900227,-8.0885392184687248],[-34.89015423213479,-8.0887241715400418],[-34.890156470419463,-8.0887219000887036],[-34.890166031670304,-8.0887296245638289],[-34.890448945509441,-8.0884824084839408],[-34.890586202693861,-8.08834189192876],[-34.890771391158225,-8.0886557370306278],[-34.890843657649974,-8.0885807520871627],[-34.890913567955387,-8.0885006537458963],[-34.890969871056264,-8.0884373609634732],[-34.89098081424266,-8.0884301681068695],[-34.891049698675033,-8.0883580882257],[-34.891124788798066,-8.0882795416875144],[-34.891204790028006,-8.088195879748179],[-34.891301477563985,-8.088095079738892],[-34.89136738774959,-8.0880279634108536],[-34.891449744875288,-8.0879593027024921],[-34.891561077878919,-8.0882414769401993],[-34.891700594632731,-8.0885885660551704],[-34.891710601432429,-8.0886114886354168],[-34.891818296747864,-8.0888581747360835],[-34.891827148415288,-8.0888662441912942],[-34.891854427705027,-8.0888911145994484],[-34.891901624191249,-8.0889139182477248],[-34.891969108474633,-8.0889172517815986],[-34.89199637635631,-8.0889101098488201],[-34.892054007980555,-8.0889006249305879],[-34.892146143812298,-8.0888864977570663],[-34.892524448051233,-8.0888301642355369],[-34.892756716595805,-8.0887987426798702],[-34.893103721615311,-8.0887546809515705],[-34.893155108802034,-8.0887494016535975],[-34.893364474184324,-8.08872697026551],[-34.893607294099446,-8.0887117554945185],[-34.893779938888947,-8.088694518081974],[-34.894017751246786,-8.0886707728509908],[-34.894088033056285,-8.0886624341327966],[-34.894556946426221,-8.0886068015019905],[-34.894900508394919,-8.0885843706874088],[-34.895221389221661,-8.0885549261622884],[-34.895348503373505,-8.0885445352728293],[-34.89542897830804,-8.08853529559007],[-34.895710652496895,-8.0885070723181425],[-34.895739316450566,-8.0885069392818441],[-34.895967918238604,-8.0885504282056466],[-34.896221695312853,-8.0886324618747789],[-34.896458479521776,-8.0886918061021511],[-34.896622335160437,-8.0887071359448317],[-34.896623849622117,-8.0887211926623817],[-34.89662443558975,-8.0887266125675659],[-34.896697262154298,-8.0894004944662328],[-34.896762385397068,-8.089892577810037],[-34.891967364900452,-8.0895861232619559],[-34.891064271558811,-8.0916084393959942],[-34.8910378363123,-8.0916795941068678],[-34.891296851031953,-8.0917915023053801],[-34.89172150471186,-8.0919677281252191],[-34.891776453701489,-8.0920205427081022],[-34.891826926045212,-8.0920471598580352],[-34.892184606138635,-8.0923487686953468],[-34.891999129699556,-8.0925987785769298],[-34.891592803133008,-8.0931492630564019],[-34.891297577710041,-8.0935741393940077],[-34.891143854816569,-8.0937585469701627],[-34.891023584140484,-8.0939313141752063],[-34.89098782507984,-8.0939826821250414],[-34.890786670277784,-8.0942581680139369],[-34.890499158497512,-8.0946244062344679],[-34.890374334201127,-8.094804762467799],[-34.890374067468954,-8.0948051470311171],[-34.89029229900089,-8.0949232933103499]]]},"properties":{"NMNOME":"Encanta Moça / Pina","CDTIPO":"ZEIS","CDID":0,"CDSETOR":" ","ELINK":" ","NMLEI":" ","INDEXADOR":"25","PROPOSTA":"Ampliação Lei Complementar nº 02 de 24/04/2021","CRIAÇÃO":"LUOS 14.511 de 17/01/1983","COMUL":"Decreto nº 14.497 de 25/11/88","AREA_HA":65.036362179999998,"DB2GSE.ST_Area(SHAPE)":650363.62185923499,"DB2GSE.SdeLength(SHAPE)":5430.5802032636893,"OBJECTID":25,"ALTERACAO":"LUOS 16.176 de 09/04/96","BAIRRO":" ","MODIFICADO":1,"COMPAREID":29,"AJSTDO_A_V":""}},{"type":"Feature","id":26,"geometry":{"type":"Polygon","coordinates":[[[-34.885057399203028,-8.0158848807622078],[-34.885289135391119,-8.0157435207547714],[-34.8853462215802,-8.0158317708974991],[-34.885389562649166,-8.0158070909839623],[-34.885378502264246,-8.0157873223293272],[-34.885446952487605,-8.0157481725278377],[-34.885509311112656,-8.0157058447209835],[-34.885528808438664,-8.0157348605795615],[-34.885582096913801,-8.0157017741934986],[-34.885564734680671,-8.0156770908681398],[-34.885639526567424,-8.0156290601690579],[-34.885714924038588,-8.0155805755527201],[-34.88580421609867,-8.0155346889533003],[-34.885917124048248,-8.0154555660310649],[-34.886018148710157,-8.0153836080692678],[-34.885990432747604,-8.0153458747355106],[-34.886200748041368,-8.015201092804082],[-34.886231821850885,-8.0152026240258802],[-34.886269639187809,-8.0151742173955949],[-34.886369990469042,-8.0151224840257793],[-34.886423261138084,-8.0150753310579201],[-34.886424963591175,-8.0150593861352508],[-34.886505611527049,-8.0150203566659393],[-34.88653258033149,-8.0150177795329896],[-34.886565902565145,-8.0149970618712345],[-34.88666064257859,-8.0149381459041962],[-34.886737609988494,-8.0148881269765422],[-34.88688528651906,-8.0148007079655219],[-34.886885949842835,-8.0147923105438785],[-34.886906951205688,-8.0147810218738247],[-34.886976224989716,-8.0147366343969786],[-34.887104056066157,-8.0146885559303929],[-34.887085046820879,-8.0146040717064579],[-34.887242480991553,-8.0145757519373841],[-34.887257352386612,-8.0144724731575874],[-34.887329933512795,-8.0144878202374645],[-34.887406219142662,-8.0144804063987554],[-34.887408316881675,-8.0144624652702721],[-34.887461218754083,-8.0144597096505983],[-34.887477848091279,-8.0145321931357305],[-34.887713661775678,-8.0144871512824931],[-34.887710005572316,-8.014464509981913],[-34.887806111892694,-8.0144417462262503],[-34.887814457108568,-8.0144743778249747],[-34.887889543810253,-8.0144581464773594],[-34.888043523803461,-8.0144258642997119],[-34.888132037912882,-8.0144053412096756],[-34.888253077425645,-8.0143632469182062],[-34.888314412747583,-8.0145190552172672],[-34.888464445257803,-8.0144654989974402],[-34.888415978762431,-8.0142920582700654],[-34.888418911037888,-8.0142888977337332],[-34.88855690351437,-8.0142474507596617],[-34.888551787200242,-8.014231146530971],[-34.888565631243921,-8.0142273148898759],[-34.888643627688069,-8.0141993242894802],[-34.888650021331294,-8.0142276821769407],[-34.888732890407333,-8.0142024935754463],[-34.888745529295086,-8.014233915694593],[-34.888884791000706,-8.0141850855192978],[-34.888891614868456,-8.0141938437026479],[-34.888993878572578,-8.0141573031469093],[-34.889037052397981,-8.0142590673071439],[-34.889055084809726,-8.0142514654286305],[-34.889166589754801,-8.014204463865191],[-34.88921869279725,-8.0142996831201927],[-34.889263177310497,-8.0143823778217183],[-34.889285806985285,-8.0143709694795433],[-34.88931126340259,-8.014426118225666],[-34.889245831922025,-8.0144633968171384],[-34.889395875871983,-8.0146445111025812],[-34.88946284867265,-8.0147216962709624],[-34.88958055985286,-8.0148450027122458],[-34.889600679868863,-8.0148844991653032],[-34.889616366434097,-8.0148715160887409],[-34.889678508211432,-8.0148200846978579],[-34.889767194432409,-8.0149239282494413],[-34.889800146904889,-8.0149652264356863],[-34.889777473687751,-8.0149878365451581],[-34.889798638447793,-8.0150098107622956],[-34.889803790314822,-8.0150058995983731],[-34.889859920088362,-8.0150618758881684],[-34.889825805718154,-8.0150979992972395],[-34.889785807189227,-8.0151381583736523],[-34.889847593253371,-8.0152012509437576],[-34.889898887630316,-8.0152507002498812],[-34.889332631947184,-8.0158654124871216],[-34.888912646484862,-8.0162954926591823],[-34.88873849512467,-8.0164624562307765],[-34.888621339335479,-8.0165425820684746],[-34.888489828582337,-8.0166227718713223],[-34.888352897551201,-8.0166868513813601],[-34.887774129653785,-8.0168892835036001],[-34.887641079770461,-8.0169306128578839],[-34.887450031080427,-8.0169719230974419],[-34.887332323667302,-8.0169869990205651],[-34.887265276220937,-8.0169914296618234],[-34.887160928871531,-8.0169954543432524],[-34.887092960156366,-8.0169954166932698],[-34.887158316146987,-8.0172455854562976],[-34.887291731332354,-8.0178344343887726],[-34.887530492951086,-8.0185888808202179],[-34.887536584460321,-8.0187108123560016],[-34.887585023033282,-8.0188582049039354],[-34.887561423001365,-8.0188642013229217],[-34.887605317200723,-8.0189891166638922],[-34.887611115500903,-8.0190108928771391],[-34.887665206638715,-8.0189905491074231],[-34.887700867430716,-8.0191025756297769],[-34.88772288416137,-8.0191853309097816],[-34.887791702540085,-8.0191644079143458],[-34.887821533468056,-8.0192676653441399],[-34.887772409529809,-8.0192839695492975],[-34.887782438983173,-8.019324013181599],[-34.88789642029473,-8.0196382903317325],[-34.887779717428245,-8.0196872423285761],[-34.887811664795777,-8.019759306536864],[-34.887830495326313,-8.0198011812672085],[-34.887853285537652,-8.0198616564588185],[-34.887939124509145,-8.0201144576676278],[-34.888071344465615,-8.020471953758836],[-34.888112510070698,-8.0205788270075633],[-34.888050522934677,-8.0206057969126157],[-34.888098022279344,-8.0207307579678506],[-34.888126947257796,-8.0208072596345534],[-34.887341410117436,-8.0211276844338393],[-34.886513711986041,-8.0214395840257033],[-34.886173708805458,-8.0206703823785457],[-34.886061403099184,-8.0204010793748228],[-34.885947112897874,-8.0201919664105219],[-34.885295108279927,-8.0192828344669156],[-34.884863683969989,-8.0184252331234962],[-34.88469292112665,-8.018072002487429],[-34.88409827897371,-8.0168142503904694],[-34.884021188791586,-8.0166574337600469],[-34.883985502163135,-8.0165848382652065],[-34.885154218159066,-8.0162706413433593],[-34.884903324114823,-8.0159891218678343],[-34.885057399203028,-8.0158848807622078]]]},"properties":{"NMNOME":"Fundão de Fora","CDTIPO":"ZEIS","CDID":0,"CDSETOR":" ","ELINK":" ","NMLEI":" ","INDEXADOR":"26","PROPOSTA":" ","CRIAÇÃO":"LUOS 14.511 de 17/01/1983","COMUL":" ","AREA_HA":23.648051070000001,"DB2GSE.ST_Area(SHAPE)":236480.51078352,"DB2GSE.SdeLength(SHAPE)":2645.5077439508368,"OBJECTID":26,"ALTERACAO":"LUOS 16.176 de 09/04/96","BAIRRO":"ÁGUA FRIA","MODIFICADO":0,"COMPAREID":30,"AJSTDO_A_V":""}},{"type":"Feature","id":27,"geometry":{"type":"Polygon","coordinates":[[[-34.940450067821473,-8.1093599115109889],[-34.939702308417246,-8.1093859432647974],[-34.939701358093004,-8.1093678622776029],[-34.939674796013762,-8.10852050371318],[-34.939672870366827,-8.1084590601072044],[-34.939672816827112,-8.1084573535163909],[-34.941848076220431,-8.1083792741345047],[-34.941873957226065,-8.1087497754123508],[-34.941629945942722,-8.1087648976843223],[-34.941051285737274,-8.10879107053238],[-34.94072663830822,-8.1088094539980222],[-34.940443796217536,-8.1088254702088598],[-34.940444446008215,-8.108871679397474],[-34.940444539672903,-8.1088783472183152],[-34.940448745063243,-8.1091771642680222],[-34.940450067821473,-8.1093599115109889]]]},"properties":{"NMNOME":"Greve Geral","CDTIPO":"ZEIS","CDID":0,"CDSETOR":" ","ELINK":" ","NMLEI":" ","INDEXADOR":"27","PROPOSTA":" ","CRIAÇÃO":"LUOS 16.176 de 12/04/1996","COMUL":" ","AREA_HA":1.5226880700000001,"DB2GSE.ST_Area(SHAPE)":15226.88074461,"DB2GSE.SdeLength(SHAPE)":683.26297626704149,"OBJECTID":27,"ALTERACAO":" ","BAIRRO":"IBURA","MODIFICADO":0,"COMPAREID":31,"AJSTDO_A_V":""}},{"type":"Feature","id":28,"geometry":{"type":"Polygon","coordinates":[[[-34.894707628600067,-8.1099222393474566],[-34.894645020607264,-8.1098231729400005],[-34.894582412648532,-8.1097241065153831],[-34.894522324120267,-8.1096205984023904],[-34.894462235626889,-8.1095170902729699],[-34.894654534029833,-8.1093943270838551],[-34.894594846952508,-8.1092990441670256],[-34.894524453911011,-8.1091841926396473],[-34.894461949245368,-8.1090684003399538],[-34.894297161364221,-8.1087889039501846],[-34.894245293263261,-8.1086910025579435],[-34.894237483945503,-8.1086762626964894],[-34.894199019566784,-8.108629841075917],[-34.894171222556231,-8.1085962926783068],[-34.894135899353898,-8.1085389090277769],[-34.894050247040674,-8.1085804090417479],[-34.893987113277809,-8.1086104302298789],[-34.893800692267369,-8.1082878229933186],[-34.893768856485515,-8.1082300569347261],[-34.894207266916048,-8.1080323000965056],[-34.894528284054829,-8.1077841486941047],[-34.894536690181866,-8.1077806470149998],[-34.894561908844864,-8.1077952010619736],[-34.894573621634166,-8.1078073723819699],[-34.894581085584086,-8.1078293446174055],[-34.894584866210437,-8.1078507228240504],[-34.89460878444099,-8.1079027829421086],[-34.894640073448635,-8.1079528415253304],[-34.894687138045391,-8.1079821949139053],[-34.894707941569244,-8.1079933095902987],[-34.894715849528119,-8.1079975346193986],[-34.894775061956722,-8.107965529967835],[-34.894829429440108,-8.1079361434304538],[-34.894858360077038,-8.107924661891003],[-34.894886244417961,-8.1079195137226989],[-34.894924928296838,-8.1079188501613455],[-34.89495838039435,-8.1079149119647411],[-34.895031444378091,-8.1078963479044521],[-34.895090013705619,-8.1078771632410298],[-34.895130354598763,-8.1078707863543737],[-34.895159333523949,-8.1078696200376577],[-34.8951855141325,-8.1078602134565543],[-34.895221955580588,-8.1078315033162429],[-34.895241173110854,-8.1078090634628506],[-34.895260360041121,-8.1077800900206292],[-34.895273012561574,-8.1077556167023985],[-34.895302838168313,-8.1077142152220674],[-34.895336811516692,-8.1076741686396598],[-34.895372457894283,-8.107623111714954],[-34.895410940582188,-8.1075479245655373],[-34.895438791017725,-8.1074935118197047],[-34.89546036316132,-8.1074579935502786],[-34.895499517514473,-8.1074192988624851],[-34.895548162686239,-8.1073754890866496],[-34.895671511071725,-8.107231782632299],[-34.895736699371788,-8.1071523920758253],[-34.895759057573699,-8.1071375019729146],[-34.895822110737434,-8.1071217345645739],[-34.895876926534385,-8.1071077250128702],[-34.895903752390218,-8.1071088397009099],[-34.895932313476834,-8.1071253932889906],[-34.895995347607411,-8.1071373258056649],[-34.896058240967669,-8.1071554220250857],[-34.896151857262112,-8.1071993583160928],[-34.896226551942796,-8.1072560667504341],[-34.896280623961246,-8.1073187620581333],[-34.89630313907444,-8.1073673759142242],[-34.896325458583057,-8.10741780605413],[-34.896359973427337,-8.1074526945005285],[-34.896428114089396,-8.1075069869604146],[-34.89653305934084,-8.1075611090268769],[-34.896614163985028,-8.1075892595498331],[-34.896691105553053,-8.1076019426835231],[-34.896839154464729,-8.1076036982060042],[-34.896941382227425,-8.1076015923191243],[-34.897036324389411,-8.1075991378999621],[-34.8971242951568,-8.1076198185534114],[-34.897261048938155,-8.1076439398872644],[-34.89733379190249,-8.1076550630273392],[-34.897416987324334,-8.107638629310415],[-34.897543351829349,-8.1076054889412692],[-34.897578651885524,-8.1075946022857419],[-34.897708091981272,-8.1076036812313816],[-34.897805759957208,-8.1076414035143003],[-34.897877159637083,-8.1076603277098691],[-34.89798666844105,-8.1076630271406227],[-34.898046938599968,-8.1076632047925301],[-34.898086970103954,-8.107664393430202],[-34.898127415154434,-8.1076554943228896],[-34.898151294644286,-8.1076462131047649],[-34.898224236099374,-8.1076014011970976],[-34.898507135992126,-8.1074941741710997],[-34.898549807594932,-8.1074696757642766],[-34.898613568887605,-8.1074294911137361],[-34.898706270807999,-8.1073800016315793],[-34.898778807210952,-8.1073471117062681],[-34.898825304571581,-8.1073371392352289],[-34.898882502578317,-8.1073254624508397],[-34.898916880815122,-8.107331007852892],[-34.898957866681151,-8.1073503782464211],[-34.899034048164076,-8.107375290217],[-34.899086488354172,-8.1073954226904767],[-34.899120220427896,-8.1074376501241794],[-34.899149130283455,-8.1075201908262731],[-34.89917361301324,-8.1076607319952387],[-34.899179678679005,-8.1077332454273101],[-34.899176795499443,-8.1077979893969037],[-34.899174115569693,-8.1078985037704943],[-34.899174646166344,-8.1080115661423875],[-34.898806876262086,-8.1082174254569317],[-34.898517879534168,-8.1084197758624974],[-34.898486496446097,-8.1084481887554123],[-34.898433244808786,-8.1085175322704384],[-34.898141778686352,-8.1088126173146531],[-34.898065239377317,-8.1087255981295971],[-34.898055451927412,-8.1087144703101757],[-34.897637269994554,-8.108239028771985],[-34.897486957299698,-8.1080830423582881],[-34.897387967461,-8.1079803153130481],[-34.897375011689235,-8.1079685232633896],[-34.897367018503516,-8.107970697705289],[-34.897352054121875,-8.1079795983493206],[-34.897315699789715,-8.1080107899191702],[-34.897290753053149,-8.1080321933338571],[-34.897073872043954,-8.1082182755262622],[-34.897050652009135,-8.1082381972566484],[-34.896911891986676,-8.1083572512803936],[-34.896833625278937,-8.1084286584659253],[-34.896761783203928,-8.1084971219135706],[-34.896733531015286,-8.1085240464894941],[-34.896579131509064,-8.1086717663155827],[-34.896383635268101,-8.1088616787457468],[-34.89614418772689,-8.109094287037971],[-34.896117951800107,-8.1091197746764916],[-34.896042287559027,-8.1091795595701193],[-34.895691114810042,-8.1095326163708581],[-34.895374071043115,-8.1098456428326546],[-34.895194932641367,-8.1100231852594593],[-34.895110703386507,-8.1101066622303293],[-34.895063704358215,-8.1100346228760287],[-34.894968367499047,-8.1098847733437527],[-34.894815920544474,-8.1099880521274006],[-34.894768920904113,-8.1100198933673511],[-34.894767701584271,-8.1100179507620727],[-34.894707628600067,-8.1099222393474566]]]},"properties":{"NMNOME":"Ilha do Destino","CDTIPO":"ZEIS","CDID":0,"CDSETOR":" ","ELINK":" ","NMLEI":" ","INDEXADOR":"29","PROPOSTA":" ","CRIAÇÃO":"LEI Nº 15.997 de 29/12/1994","COMUL":" ","AREA_HA":8.0611412799999993,"DB2GSE.ST_Area(SHAPE)":80611.412851235,"DB2GSE.SdeLength(SHAPE)":1697.86785680717,"OBJECTID":28,"ALTERACAO":"LUOS 16.176 de 09/04/96","BAIRRO":"BOA VIAGEM","MODIFICADO":0,"COMPAREID":33,"AJSTDO_A_V":""}},{"type":"Feature","id":29,"geometry":{"type":"Polygon","coordinates":[[[-34.900358431967945,-8.0884887382784392],[-34.900358484659435,-8.0884846877974184],[-34.900363719885014,-8.0880849765793457],[-34.900370443126782,-8.0875716203843329],[-34.900388203665237,-8.0862156416745563],[-34.901273896963176,-8.0858750912034392],[-34.902468065352338,-8.085415932842146],[-34.902931968379967,-8.0852375595761554],[-34.902934510113951,-8.0852555287739971],[-34.903098859524121,-8.0864172173656783],[-34.903347714273757,-8.0881762108948418],[-34.903350334865699,-8.0881947320981116],[-34.903339652572107,-8.0881957881035778],[-34.902579914587406,-8.0882708900822582],[-34.902325986587144,-8.0882959908386045],[-34.901234693413791,-8.0884038646225029],[-34.900446949928636,-8.0884817312377066],[-34.900370708348603,-8.0884892679031335],[-34.900358409298626,-8.0884904832399904],[-34.900358431967945,-8.0884887382784392]]]},"properties":{"NMNOME":"Ilha de Deus","CDTIPO":"ZEIS","CDID":0,"CDSETOR":" ","ELINK":" ","NMLEI":" ","INDEXADOR":"30","PROPOSTA":" ","CRIAÇÃO":"LEI Nº 16.103 de 21/10/1995","COMUL":" ","AREA_HA":8.9797612699999991,"DB2GSE.ST_Area(SHAPE)":89797.612775075002,"DB2GSE.SdeLength(SHAPE)":1213.9758001103626,"OBJECTID":29,"ALTERACAO":"LUOS 16.176 de 09/04/96","BAIRRO":"IMBIRIBEIRA","MODIFICADO":0,"COMPAREID":34,"AJSTDO_A_V":""}},{"type":"Feature","id":30,"geometry":{"type":"Polygon","coordinates":[[[-34.882313317751382,-8.0352470587266946],[-34.882465329801654,-8.035276008398732],[-34.882507926986577,-8.0352841209397887],[-34.882540864529503,-8.0352911530342865],[-34.882596576563898,-8.0353104341994523],[-34.882626774367331,-8.0353242567322702],[-34.882659201532448,-8.0353415832173116],[-34.882714471130583,-8.0353778278624937],[-34.882606619781093,-8.0354978287176237],[-34.88254527338691,-8.0355327197113926],[-34.883144690309962,-8.0362206552059448],[-34.883348039836569,-8.036411587624217],[-34.883457398321944,-8.0365052827338701],[-34.883535077644225,-8.0365741287519938],[-34.883530945531014,-8.0365795305860335],[-34.883527409385827,-8.0365841530833997],[-34.883475771004555,-8.0366516524413107],[-34.883427890634422,-8.0367142570584171],[-34.883407292459573,-8.0367363106717846],[-34.883586824986295,-8.0368957932659022],[-34.883437655159675,-8.0370353934380692],[-34.883398316936521,-8.0370703672666153],[-34.883735043155149,-8.037277391927411],[-34.88368362688432,-8.0377146783810129],[-34.883677758999887,-8.0377645852283504],[-34.883671569044537,-8.0378172302049435],[-34.883568081541405,-8.0377088025593189],[-34.883520275671252,-8.0376694057389635],[-34.883497466272829,-8.0376506086553636],[-34.883443930532621,-8.0376064916577423],[-34.883422691786258,-8.037588989246867],[-34.88340211225578,-8.0375720298783833],[-34.883380842552626,-8.0375545013880405],[-34.883356209401789,-8.0375342019318285],[-34.883174279240109,-8.0378173837770088],[-34.883060307310068,-8.0379974863850823],[-34.882993963515538,-8.0381125833822296],[-34.88290985499021,-8.0382355558587264],[-34.882856478992586,-8.0383128163950719],[-34.882728805012441,-8.038499656585067],[-34.882668950518941,-8.0386028324522147],[-34.882668497712196,-8.038602595849305],[-34.882665004291589,-8.0386086203794864],[-34.882305720522858,-8.0391147157829366],[-34.882227987868831,-8.0392387836773196],[-34.882027830662587,-8.0395014909275115],[-34.881915788410879,-8.0396863861644015],[-34.881824897489899,-8.0398363773675179],[-34.881971662402051,-8.0399037399866433],[-34.881832486430355,-8.0401616800394642],[-34.881917833153956,-8.0402022557619901],[-34.881763169380534,-8.0404996313883448],[-34.881562731428886,-8.0404118002338727],[-34.881482621996312,-8.0403721940407458],[-34.88148118113353,-8.040375835952748],[-34.881448731315331,-8.0403611639458568],[-34.881417732796322,-8.0403482618106477],[-34.879770509216712,-8.0395718247739687],[-34.880319107159636,-8.0385787682659036],[-34.880439714642272,-8.038366727061069],[-34.880056243279014,-8.0382156726910079],[-34.880584098511576,-8.0367645140857142],[-34.880589698116836,-8.0367468642807349],[-34.880932209002466,-8.0368484925576738],[-34.880942472488847,-8.0368063858707171],[-34.88102424429254,-8.0365617864744525],[-34.880997033451301,-8.0365564530574609],[-34.881014829644023,-8.0364737005225937],[-34.881023264198667,-8.0364344826129681],[-34.881031254721336,-8.0363973262349599],[-34.881039867767214,-8.0363557026498817],[-34.881042964042273,-8.0363233205263889],[-34.881042958183976,-8.0363057054140405],[-34.881011500375955,-8.0362981728117067],[-34.881015594609387,-8.0359202449604847],[-34.881035715006618,-8.0358720258746796],[-34.881126616074503,-8.0356541826304397],[-34.881143385793671,-8.0356095075110083],[-34.881146368768334,-8.0356015605385114],[-34.881721135121481,-8.0357527910788722],[-34.881764294743419,-8.0357652361872791],[-34.881794267647003,-8.0357698128594635],[-34.881870996068919,-8.0354684231227154],[-34.881936405246158,-8.0354919968670639],[-34.882006561208073,-8.0355191507293],[-34.882073448182425,-8.0355372561242504],[-34.882075392608151,-8.0355377824382632],[-34.88208686606378,-8.0355015991830996],[-34.882088900948901,-8.0354951835429329],[-34.882175297299717,-8.035523038719866],[-34.882177352259802,-8.0355237344946477],[-34.88221835155958,-8.0355376224187047],[-34.882313317751382,-8.0352470587266946]]]},"properties":{"NMNOME":"Ilha de Joaneiro","CDTIPO":"ZEIS","CDID":0,"CDSETOR":" ","ELINK":" ","NMLEI":" ","INDEXADOR":"31","PROPOSTA":"Ampliação Lei Complementar nº 02 de 24/04/2021","CRIAÇÃO":"LEI Nº 16.100 de 21/10/1995","COMUL":" ","AREA_HA":13.669227790000001,"DB2GSE.ST_Area(SHAPE)":136692.27791954001,"DB2GSE.SdeLength(SHAPE)":1850.2546452026263,"OBJECTID":30,"ALTERACAO":"LUOS 16.176 de 09/04/96","BAIRRO":" ","MODIFICADO":1,"COMPAREID":35,"AJSTDO_A_V":""}},{"type":"Feature","id":31,"geometry":{"type":"Polygon","coordinates":[[[-34.939262911437979,-8.076608328798196],[-34.939385312321257,-8.0766661375013786],[-34.939495007732781,-8.0767016221045012],[-34.939610310798052,-8.0767650062139289],[-34.939825404121095,-8.0768637816254412],[-34.939851965560905,-8.0768759796731864],[-34.939880632235337,-8.0768136703364082],[-34.939948887330353,-8.0766434800047193],[-34.940017415206491,-8.0764439890010529],[-34.940279207090903,-8.07653089039324],[-34.940432050035668,-8.076577905538219],[-34.940606004290352,-8.0766137178146824],[-34.940734228035254,-8.0766375341762071],[-34.940910331483956,-8.0766566826042485],[-34.94112642616011,-8.0766523266191026],[-34.941296778762982,-8.0766337544618469],[-34.94145485709312,-8.0766107998036478],[-34.941476488189949,-8.0766037874778149],[-34.941509432495323,-8.0767161039548618],[-34.941522439266976,-8.0767604491469012],[-34.941402128226855,-8.0767937649033925],[-34.941385563050346,-8.0767965375978825],[-34.941351656000755,-8.0769277062251081],[-34.941311992787689,-8.0770200442978233],[-34.941259042189344,-8.0771290989419988],[-34.941142112284133,-8.0773705742152959],[-34.94101876707694,-8.0776196305585604],[-34.940927716502621,-8.0778034790848174],[-34.940917008782137,-8.077825098731223],[-34.940822202166935,-8.0777663966531712],[-34.940866132711015,-8.0776700921578417],[-34.940911406151351,-8.0775708295653708],[-34.940955714985826,-8.0774709296747673],[-34.940989003689154,-8.0773958024306118],[-34.940730877164228,-8.0772846701860672],[-34.940715096958066,-8.0773277697220944],[-34.940691512369739,-8.0773164670930342],[-34.940691131415662,-8.07731628447441],[-34.940462311861083,-8.0772066239855782],[-34.940380942409242,-8.0771725792639764],[-34.94039906937801,-8.077136510249348],[-34.9401446541032,-8.0770477876377953],[-34.940103321974377,-8.0771740372820418],[-34.940096535058522,-8.0771947677146994],[-34.939818958046246,-8.0770744415623259],[-34.939773721384974,-8.0770539886005963],[-34.939544421191052,-8.0775591223690704],[-34.939489942660543,-8.0775815860204414],[-34.939361033992412,-8.0776477012328893],[-34.939293614413828,-8.0776794583978884],[-34.939165266476564,-8.0777399160644379],[-34.93913971785058,-8.0777253572214249],[-34.939109626181391,-8.0777358404352224],[-34.93909932846811,-8.0777394277166152],[-34.939077178109372,-8.0777471448494289],[-34.939059574988647,-8.0777390593049194],[-34.938971851987077,-8.0777983180968977],[-34.938885237574603,-8.0778564614452062],[-34.938856141464832,-8.0778288432050509],[-34.938768794875585,-8.0777337768178228],[-34.938692801240151,-8.0776830662990609],[-34.938729791888164,-8.0775947251532862],[-34.938744540217037,-8.0775630694958789],[-34.939134889496472,-8.0767252410203767],[-34.939207998415611,-8.0766205144817604],[-34.939235521449554,-8.0765749563311573],[-34.939262911437979,-8.076608328798196]]]},"properties":{"NMNOME":"Jardim São Paulo I","CDTIPO":"ZEIS","CDID":0,"CDSETOR":" ","ELINK":" ","NMLEI":" ","INDEXADOR":"32","PROPOSTA":" ","CRIAÇÃO":"LEI Nº 16.219 de 30/07/1996","COMUL":" ","AREA_HA":2.1933202700000001,"DB2GSE.ST_Area(SHAPE)":21933.20270944,"DB2GSE.SdeLength(SHAPE)":983.74916586834615,"OBJECTID":31,"ALTERACAO":" ","BAIRRO":"JARDIM SÃO PAULO","MODIFICADO":0,"COMPAREID":36,"AJSTDO_A_V":""}},{"type":"Feature","id":32,"geometry":{"type":"Polygon","coordinates":[[[-34.947203639133605,-8.0798442805973227],[-34.947285059959405,-8.0798328661716212],[-34.947445870408551,-8.0798060356939931],[-34.947478615928411,-8.0798002484197298],[-34.947503437376753,-8.0798622870188304],[-34.9476257516624,-8.0801679981041712],[-34.948619731571483,-8.080331165007193],[-34.94830564737601,-8.0810139167471817],[-34.948555771440958,-8.0811530687512505],[-34.948701680494665,-8.0808634184511821],[-34.948821134138981,-8.0809130362467609],[-34.948815213067107,-8.0809282831820184],[-34.948776528308969,-8.0810417463584123],[-34.948699135592385,-8.0812636589850602],[-34.948666652694733,-8.0813321208311386],[-34.948253039365923,-8.0811605271244655],[-34.948100252617586,-8.081074608724089],[-34.94791717892263,-8.0809716594897072],[-34.947772018572415,-8.0809061884803342],[-34.94752759752366,-8.0807938146154701],[-34.947384767112588,-8.0810919534838899],[-34.94730517750169,-8.0812580841506207],[-34.947670075677443,-8.0814026503724303],[-34.947533771153509,-8.081729164265381],[-34.947494227801698,-8.0817094817149737],[-34.947463675187677,-8.081694010770617],[-34.947347051338454,-8.0816430176193315],[-34.947341824017983,-8.0816627760524149],[-34.947301378983326,-8.0817675407094178],[-34.947233296338759,-8.0817466588075568],[-34.947053569542334,-8.081691531807941],[-34.947060334992734,-8.0816741563487948],[-34.947114180769375,-8.081535860963946],[-34.947090352680377,-8.0815237960452464],[-34.946958943997508,-8.0814664282307671],[-34.946862175454221,-8.0814237832394262],[-34.946857323118159,-8.081421483851889],[-34.946910813728316,-8.0812668052288661],[-34.947050780114111,-8.0813196310674549],[-34.947115535399114,-8.0811890024824553],[-34.947162353175685,-8.0810935453896189],[-34.947194343530001,-8.080694372072422],[-34.947201109312687,-8.0802035671850412],[-34.947098775811362,-8.0801981710090214],[-34.94707227364637,-8.0798676945020276],[-34.947203639133605,-8.0798442805973227]]]},"properties":{"NMNOME":"Jardim São Paulo II","CDTIPO":"ZEIS","CDID":0,"CDSETOR":" ","ELINK":" ","NMLEI":" ","INDEXADOR":"33","PROPOSTA":" ","CRIAÇÃO":"LEI Nº 16.219 de 30/07/1996","COMUL":" ","AREA_HA":1.9057069499999999,"DB2GSE.ST_Area(SHAPE)":19057.069596845002,"DB2GSE.SdeLength(SHAPE)":1017.3906595321959,"OBJECTID":32,"ALTERACAO":" ","BAIRRO":" ","MODIFICADO":0,"COMPAREID":37,"AJSTDO_A_V":""}},{"type":"Feature","id":33,"geometry":{"type":"Polygon","coordinates":[[[-34.938800770463487,-8.1007668991375201],[-34.939112173638847,-8.1008017623980315],[-34.939575882402352,-8.1008536765433252],[-34.93957252799855,-8.1008683281609066],[-34.939571826556126,-8.1008720751676826],[-34.939571683873581,-8.1008724004001866],[-34.939567510069992,-8.100880942728736],[-34.939561159730623,-8.1008949296526609],[-34.93954219494136,-8.100925913039438],[-34.939538195805127,-8.1009326636142536],[-34.939531549949976,-8.1009449921077259],[-34.939519526661456,-8.1009687435326505],[-34.939517852707574,-8.1009721064229279],[-34.939510580396366,-8.100988307229505],[-34.939504386996227,-8.1010049467937151],[-34.939503618038337,-8.1010072874198595],[-34.939493502617026,-8.1010196911764609],[-34.939490843448745,-8.1010232377539424],[-34.939482040330113,-8.1010351850527069],[-34.939478035220574,-8.1010404991203249],[-34.939473913844793,-8.1010454033021375],[-34.939465871808636,-8.101055449380377],[-34.939463910280068,-8.1010580542361819],[-34.939455158023371,-8.1010698250030675],[-34.939453894377287,-8.1010715387628913],[-34.93944329724745,-8.1010860268369651],[-34.939436218245092,-8.1010961831495667],[-34.939435282491544,-8.1010976024378696],[-34.939431545080332,-8.10110331301426],[-34.939426395460927,-8.1011102137079209],[-34.939426124149144,-8.1011105784262529],[-34.939418382320333,-8.1011209901207817],[-34.939411118826463,-8.1011305081472038],[-34.939411043102076,-8.1011306079528165],[-34.939400738922423,-8.1011450828806613],[-34.939397474564899,-8.1011501231143672],[-34.939391524146494,-8.1011595354508597],[-34.939384779752537,-8.101169474103953],[-34.939383212458878,-8.1011718094860132],[-34.939373880203917,-8.1011869252834217],[-34.93937146236901,-8.1011912355393001],[-34.939361756838032,-8.1012089142855519],[-34.939355854853581,-8.1012202954125954],[-34.939351523206561,-8.1012295978933402],[-34.93934691382271,-8.1012400073480766],[-34.939342692761606,-8.1012489124249534],[-34.939335588758723,-8.1012637003044148],[-34.939329129390778,-8.1012782229438454],[-34.939329051377776,-8.1012784131653337],[-34.939323805819711,-8.1012912340347061],[-34.939318178481138,-8.101304083841077],[-34.939315678429857,-8.1013099801917097],[-34.939309485019244,-8.1013266197557634],[-34.939308152870915,-8.1013306997402914],[-34.939306516531502,-8.1013328248069456],[-34.939302813689224,-8.1013377984178163],[-34.939293598573649,-8.1013504763387854],[-34.939286997228088,-8.1013599776550205],[-34.939280923343368,-8.1013695614436987],[-34.939277591370313,-8.1013750693925868],[-34.939274955513284,-8.101378748754092],[-34.939269470745593,-8.1013867033551605],[-34.939260138482723,-8.1014018191519845],[-34.939258432059169,-8.1014048431776544],[-34.939250114165134,-8.1014198013663599],[-34.939247409264659,-8.1014247865044879],[-34.939242525911737,-8.1014279965026894],[-34.939231572731003,-8.1014357646553918],[-34.939220102663327,-8.101444332638005],[-34.939217989333912,-8.1014459274871609],[-34.939206746973348,-8.1014544970988833],[-34.939205387584096,-8.1014555405085034],[-34.939191674578012,-8.1014668647564001],[-34.939183236979382,-8.1014746326989293],[-34.939181507703225,-8.101476294429558],[-34.939179722980839,-8.1014777439720742],[-34.939171238130832,-8.1014849272186815],[-34.939158474617876,-8.1014969439736024],[-34.939152854503348,-8.1015025884653511],[-34.939144771340231,-8.1015085954404285],[-34.939131058330524,-8.1015199196870729],[-34.939129319437079,-8.1015214675529794],[-34.939124037909274,-8.1015262090964697],[-34.939117041209684,-8.1015327162691069],[-34.939113297366632,-8.1015351903753938],[-34.939106088530508,-8.101540211394056],[-34.939102647710214,-8.1015426912918151],[-34.939095430639483,-8.1015480766817269],[-34.939081717626934,-8.1015594009273375],[-34.93906877805847,-8.1015715948074956],[-34.93905666611213,-8.1015846056297676],[-34.939045434143011,-8.1015983789022581],[-34.939043369852158,-8.1016011216614583],[-34.93903391971854,-8.1016118949592819],[-34.939024882736085,-8.101618580889582],[-34.939011169719073,-8.1016299051338088],[-34.939001296365717,-8.1016390630976698],[-34.938990788650216,-8.1016477901335158],[-34.938980456561474,-8.1016568200950161],[-34.938979483628415,-8.101657674528278],[-34.93896654405367,-8.1016698684066029],[-34.938954432101134,-8.1016828792272495],[-34.938945996005678,-8.1016930474131605],[-34.938941459240048,-8.1016977845101099],[-34.938934820411454,-8.1017021121222772],[-34.938920394493685,-8.1017125185270125],[-34.938910083748233,-8.1017208911414205],[-34.938902583956313,-8.101727291313793],[-34.938896412776124,-8.1017320931365671],[-34.938883500535631,-8.101742797008507],[-34.938870560955152,-8.1017549908850608],[-34.93885844899696,-8.1017680017041336],[-34.938857924820191,-8.1017686053897613],[-34.938847343071352,-8.1017808187933227],[-34.93883670738871,-8.1017938940131238],[-34.938835278478052,-8.1017957649585597],[-34.938834234539854,-8.1017965681983473],[-34.938820521511133,-8.1018078924387442],[-34.938814343376912,-8.1018135160755715],[-34.938804235726103,-8.1018230033208543],[-34.93879747427556,-8.1018295735593959],[-34.938785362312835,-8.1018425843773123],[-34.938774130327623,-8.1018563576460316],[-34.938765391607291,-8.1018684999066579],[-34.938764736708606,-8.1018694640257856],[-34.938757317932904,-8.1018787658130531],[-34.938747013713247,-8.1018932407338813],[-34.93873882587885,-8.1019063793508597],[-34.938733939066296,-8.1019147433527259],[-34.938733842671866,-8.1019148839388162],[-34.938731322261638,-8.1019186142806667],[-34.938721989968194,-8.1019337300724459],[-34.938718344658476,-8.1019403017683249],[-34.938716628182767,-8.101943501226673],[-34.938713392662748,-8.101948504255013],[-34.938705829130548,-8.1019609202796126],[-34.938697509273702,-8.1019766116582144],[-34.938692966710271,-8.1019863924783611],[-34.938691713915304,-8.1019892371526101],[-34.938689702278005,-8.1019929361459546],[-34.938688025396338,-8.1019960685163124],[-34.938680858527391,-8.1020096696731478],[-34.938677152283866,-8.1020169676110925],[-34.938676677964246,-8.1020179426243111],[-34.938673330495746,-8.1020228693405123],[-34.938663998198351,-8.1020379851319611],[-34.938655682835616,-8.1020536683525766],[-34.938655482698572,-8.1020539305746357],[-34.938645178471695,-8.1020684054946841],[-34.938635846172438,-8.1020835212859499],[-34.938629590305595,-8.102095080381936],[-34.938628664602817,-8.1020968946917602],[-34.93862660060838,-8.1021010269740952],[-34.93861932824813,-8.1021172277771392],[-34.938616116248838,-8.1021254391683382],[-34.938613114888874,-8.1021334976777037],[-34.938609578019673,-8.1021420668092539],[-34.938609343076507,-8.1021426383820003],[-34.938605320646161,-8.1021530558929022],[-34.938599971806369,-8.1021678064949967],[-34.938597800789793,-8.1021740285466262],[-34.938592712226765,-8.1021910362293035],[-34.938590540999272,-8.1021998673714588],[-34.938588776395505,-8.1022076053916514],[-34.938588555290579,-8.1022084146638935],[-34.938586390235955,-8.1022147451732511],[-34.938585877677681,-8.1022162600863599],[-34.938581856206774,-8.1022293418293554],[-34.938580960063703,-8.1022316459939727],[-34.938578869698816,-8.1022370919869395],[-34.93857493687252,-8.1022480352292607],[-34.938573667272642,-8.1022519178332733],[-34.938560144032891,-8.102294365816034],[-34.938556325067999,-8.1023074908948445],[-34.938552363720248,-8.1023247942676342],[-34.938550102831101,-8.1023382048516268],[-34.938542053748513,-8.1023534212202826],[-34.938539054151327,-8.1023597638336096],[-34.938534493317746,-8.1023670558896814],[-34.938529116834204,-8.1023760324531704],[-34.938522860970039,-8.1023875933572231],[-34.938522517802873,-8.1023881084892864],[-34.938513185493839,-8.102403224280355],[-34.938511652653332,-8.1024059364864591],[-34.938504952615567,-8.1024179479110661],[-34.938504772725587,-8.1024182706082293],[-34.938503612460309,-8.1024203572482865],[-34.938497888064866,-8.1024282894792385],[-34.938497544715879,-8.1024287666420527],[-34.938489250360782,-8.1024403128275591],[-34.93848353666781,-8.1024485858345887],[-34.93847420435624,-8.1024637016253838],[-34.938466303149092,-8.1024785412056897],[-34.938459592591016,-8.1024921456170507],[-34.938459173925494,-8.102492997414819],[-34.938458906216304,-8.1024935465420658],[-34.93845755102906,-8.1024950898703434],[-34.938446319017714,-8.102508863136535],[-34.938436014774382,-8.1025233380554909],[-34.938426682459713,-8.1025384538459608],[-34.938418362584152,-8.1025541452238041],[-34.938411090210849,-8.1025703460266829],[-34.938409855696001,-8.1025734093941697],[-34.938409091845173,-8.102574733843193],[-34.938400771968425,-8.1025904252209919],[-34.938393499594042,-8.1026066260238334],[-34.938389995625343,-8.102615626231028],[-34.938385846425227,-8.1026226830847818],[-34.93838432944036,-8.1026252966738852],[-34.938376009561956,-8.1026409880516077],[-34.938368737186046,-8.1026571888544137],[-34.938367082330657,-8.102661322807851],[-34.938364887103269,-8.1026657097520758],[-34.938364059767586,-8.1026674169162458],[-34.938362208532645,-8.1026712715475568],[-34.938355763491629,-8.1026857651861981],[-34.938349570030454,-8.1027024047488752],[-34.9383462971116,-8.1027128629952667],[-34.93834325998764,-8.1027233065599802],[-34.938343114527576,-8.1027238099035639],[-34.938337158087165,-8.1027372796424277],[-34.938330964624868,-8.1027539192051368],[-34.938328980199522,-8.1027600825106276],[-34.938321706535298,-8.1027739300760331],[-34.938315229631776,-8.102788211414266],[-34.938309430985875,-8.102802049255617],[-34.938308635509927,-8.1028039687202167],[-34.938302442045988,-8.1028206082829684],[-34.938297353468016,-8.1028376159662816],[-34.938296225277313,-8.1028420448487495],[-34.938294416151514,-8.1028465474841216],[-34.938289557424191,-8.1028583187180807],[-34.938289322480365,-8.1028588902908361],[-34.938286365756227,-8.1028664206225738],[-34.938283901522254,-8.1028729812790701],[-34.938281144642133,-8.1028792404697683],[-34.938280303851542,-8.1028811691902813],[-34.93827789572763,-8.1028867541094804],[-34.938275903787201,-8.1028905895205465],[-34.938275747383365,-8.1028908913128674],[-34.938268810853778,-8.1029042906745961],[-34.938262829668112,-8.1029154344089775],[-34.938259424680176,-8.1029219923051077],[-34.938259262034407,-8.1029223167283781],[-34.938253361213512,-8.1029297814989505],[-34.938243056954967,-8.1029442564168939],[-34.93823372462608,-8.102959372206664],[-34.938225976139975,-8.1029739018749822],[-34.938218570833442,-8.10298886656836],[-34.938217999430726,-8.1029900282774339],[-34.938212385485159,-8.1030022750157418],[-34.938208460419581,-8.1030114309132735],[-34.938206061621351,-8.1030149843864177],[-34.93819768029396,-8.1030284538994302],[-34.938190290406133,-8.1030411439281469],[-34.938189576014757,-8.1030423777369176],[-34.938181493201085,-8.1030564271353569],[-34.938181256588308,-8.1030568396031377],[-34.938172936696141,-8.1030725309803593],[-34.938172586341601,-8.1030732504619589],[-34.938165874136359,-8.103087082701272],[-34.938159477614946,-8.1031012913331288],[-34.93815565700887,-8.1031104756636605],[-34.938145962189942,-8.1031317371040448],[-34.938145310471405,-8.1031331767384405],[-34.938138899767559,-8.1031474550495766],[-34.938132496145982,-8.1031615073143861],[-34.938132171183014,-8.1031622248671997],[-34.938125915295956,-8.1031760594575939],[-34.938123919380132,-8.1031805810618458],[-34.938118809848426,-8.103192454741551],[-34.938117282434924,-8.103195922707906],[-34.93811427976366,-8.1032016252676282],[-34.938113457237421,-8.1032032004174805],[-34.938106057728682,-8.1032174825248049],[-34.938103222543305,-8.1032231137724242],[-34.938095950150391,-8.1032393145749833],[-34.938094701299335,-8.1032424159807306],[-34.938087968043284,-8.1032594323863574],[-34.938085878602251,-8.1032648837992323],[-34.938080996580652,-8.103278044669608],[-34.938078658428019,-8.1032846029186558],[-34.938076249132365,-8.1032916496932419],[-34.938073371499506,-8.1032988370137904],[-34.938068912856721,-8.1033094771865812],[-34.93806385893437,-8.1033212186105352],[-34.9380620470819,-8.1033255314081956],[-34.938060425379959,-8.1033295802232654],[-34.938055280204296,-8.1033427260716557],[-34.938052421298579,-8.1033473819613508],[-34.938044803693174,-8.1033600703599102],[-34.938042010604349,-8.103364830806612],[-34.938040991369228,-8.10336662657582],[-34.93803244406115,-8.1033818109571847],[-34.938025143394064,-8.1033957065648927],[-34.938017870996234,-8.1034119073673914],[-34.938013411650701,-8.1034235383830282],[-34.938011048364515,-8.1034301528027015],[-34.938008782785246,-8.1034353844644773],[-34.93800838353188,-8.1034363121101549],[-34.938001501129541,-8.1034494616959307],[-34.937999447881857,-8.103453756655945],[-34.93799319525413,-8.1034671364932436],[-34.937987976102185,-8.1034790423357155],[-34.93798178262017,-8.1034956818986146],[-34.937979649897912,-8.1035023259601076],[-34.937978335934041,-8.1035066074614956],[-34.93797749412311,-8.1035087025321388],[-34.937972008955441,-8.1035235966225567],[-34.937967440854116,-8.1035386617396892],[-34.937962788175582,-8.1035449642955122],[-34.937954032568769,-8.1035571907088553],[-34.937948553155529,-8.1035651371422901],[-34.93793922080522,-8.1035802529308327],[-34.937934558613449,-8.1035887379101528],[-34.937927159817747,-8.1036027921929019],[-34.937923502100631,-8.1036099985902315],[-34.937917383071778,-8.103623430227314],[-34.937911817012505,-8.1036365871167249],[-34.93791066363714,-8.1036393562820326],[-34.937908109132032,-8.1036458224422763],[-34.937902068059117,-8.1036617054943711],[-34.937898429077642,-8.1036718788970798],[-34.937893914454818,-8.1036867457730288],[-34.937891457960674,-8.1036909450122305],[-34.937883138048669,-8.1037066363887984],[-34.937876923033635,-8.1037202944947921],[-34.937870892482593,-8.1037345854635543],[-34.937869835090808,-8.1037371281599508],[-34.937868621192294,-8.103740140802584],[-34.937863206366131,-8.103753811378029],[-34.937857559661097,-8.1037679359850845],[-34.937856574642659,-8.1037704367511321],[-34.937853465962093,-8.1037784424317554],[-34.937848258769876,-8.1037903843793213],[-34.937845930980146,-8.1037958866479283],[-34.937842267592828,-8.1038053206531711],[-34.93783721339102,-8.1038190907682086],[-34.93783241232439,-8.1038317305206924],[-34.937828813656303,-8.1038417979579194],[-34.9378279695324,-8.103844357721643],[-34.937823774076683,-8.1038572965485258],[-34.937819529598436,-8.103871744469151],[-34.937816498890918,-8.1038844797727254],[-34.937815048483479,-8.1038869791346535],[-34.937806728565903,-8.1039026705111628],[-34.937805059675057,-8.1039061481904344],[-34.937803486117673,-8.1039079366497706],[-34.937792254051985,-8.1039217099115017],[-34.937781949757344,-8.1039361848269653],[-34.937772617394643,-8.1039513006149342],[-34.937766346213543,-8.1039628914236523],[-34.937760795568416,-8.1039737736479882],[-34.93775874682926,-8.1039778742155644],[-34.937751474414711,-8.1039940750178463],[-34.937746278449943,-8.1040077951798768],[-34.937741425475295,-8.1040184987022972],[-34.93773656300629,-8.104029872171461],[-34.93773148028977,-8.1040414763163682],[-34.937728975721747,-8.1040473835358569],[-34.937722782224988,-8.1040640230989656],[-34.937722495142239,-8.1040648842157914],[-34.937722331486214,-8.1040653767972763],[-34.937717034136348,-8.1040736460148981],[-34.937710549819563,-8.1040843003358649],[-34.937703282774415,-8.1040968849093638],[-34.937695333354874,-8.1041103803931467],[-34.937695141683669,-8.1041107058583961],[-34.937687291449542,-8.1041240752076575],[-34.937685846440367,-8.1041265655033268],[-34.93767906748338,-8.1041391558933018],[-34.937672338816455,-8.1041499334223488],[-34.937667313945362,-8.1041548590688155],[-34.937655201886471,-8.1041678698767328],[-34.937647793708955,-8.1041767448961117],[-34.937637665836959,-8.1041894162945773],[-34.937633841937405,-8.104194314535528],[-34.937632855711527,-8.104195615631836],[-34.937624334322237,-8.104206933263054],[-34.937615016241715,-8.1042201070809128],[-34.937610140761024,-8.1042280045361714],[-34.937598987173502,-8.1042378963326538],[-34.937586559682082,-8.1042496366391905],[-34.937574447617912,-8.1042626474459283],[-34.93756815407729,-8.1042701366813503],[-34.937561621072653,-8.1042782011271317],[-34.937558905281485,-8.1042812968480593],[-34.937555109426114,-8.1042846625891567],[-34.93755307517737,-8.1042864839753364],[-34.937544157215989,-8.1042945516195743],[-34.937543384170446,-8.104295093203902],[-34.9375423100538,-8.1042958477670535],[-34.937529236471782,-8.1043050869223325],[-34.937529113509349,-8.1043051733915661],[-34.937517646594138,-8.1043132865996625],[-34.937516849176397,-8.104313853613224],[-34.937505152012697,-8.1043221930240463],[-34.937504206344563,-8.1043228701323304],[-34.937491361377376,-8.10433211091242],[-34.937484974835101,-8.1043368486581393],[-34.937478569379145,-8.1043389611298728],[-34.937466058026381,-8.1043436050330477],[-34.937452132230682,-8.1043491651332982],[-34.937446996919221,-8.1043511079350026],[-34.937440564865291,-8.1043531599612066],[-34.937434863219018,-8.1043550494031198],[-34.937418225924304,-8.1043613799834198],[-34.93740203917848,-8.1043687815304697],[-34.937399301571446,-8.1043701623697704],[-34.93739229806117,-8.1043737449572362],[-34.937388456360743,-8.1043751138665865],[-34.937384575873146,-8.1043765290668368],[-34.937382906020105,-8.1043771526612982],[-34.937380634163361,-8.1043776624941142],[-34.937371842889732,-8.1043792194627216],[-34.937365111398172,-8.1043804990433159],[-34.937357258005768,-8.1043822160917998],[-34.937343082886898,-8.1043855335193005],[-34.937338930101895,-8.1043865395740458],[-34.937338780516001,-8.1043865601740368],[-34.937333822604778,-8.1043872807586119],[-34.937316913526871,-8.1043898978814912],[-34.937307865518072,-8.1043914542607851],[-34.93729456835316,-8.1043939728537246],[-34.937280133668146,-8.1043965086045642],[-34.937273004257761,-8.1043978578785492],[-34.937255679589015,-8.1044019704663111],[-34.937247317003461,-8.1044043905721352],[-34.937242157284849,-8.1044059727712536],[-34.937241190173488,-8.104406150040754],[-34.93723353811037,-8.1044055788812202],[-34.937215735986115,-8.1044050830759922],[-34.937200863254141,-8.1044055587653645],[-34.937198247916342,-8.1044053813425432],[-34.937186280041438,-8.104404355159641],[-34.937179450222388,-8.1044038551281119],[-34.9371616480977,-8.1044033593204681],[-34.937160527770516,-8.1044033673562286],[-34.937149122569892,-8.1044001127247345],[-34.937131759332303,-8.104396164971277],[-34.937127950330989,-8.1043954571176897],[-34.937127401020241,-8.1043953593782074],[-34.937118312756986,-8.1043926741370083],[-34.937101909718358,-8.1043876731202626],[-34.937091473904914,-8.1043847167378367],[-34.937079742493729,-8.1043819192959301],[-34.937071483201791,-8.1043801423021797],[-34.937062911952175,-8.1043778198395877],[-34.937060708327742,-8.1043772327324941],[-34.937043345091162,-8.1043732849748285],[-34.937041989436928,-8.1043730265292879],[-34.937038059459958,-8.1043709242986779],[-34.937028523510385,-8.104366059706992],[-34.937012266667644,-8.1043588123284156],[-34.937002161171741,-8.1043549295295438],[-34.937001541218386,-8.1043546666841486],[-34.936998151618319,-8.1043532598130152],[-34.936981454495779,-8.1043470876336343],[-34.936964387976694,-8.104342016534801],[-34.936948704601541,-8.1043383989061315],[-34.936934570855755,-8.1043355749034873],[-34.936932890995884,-8.1043352447697536],[-34.936915306425462,-8.1043324380660895],[-34.936913471938972,-8.1043322126328281],[-34.936897901603231,-8.1043252964861114],[-34.936881204482511,-8.104319124301977],[-34.936864314178493,-8.1043140993718321],[-34.936846541082367,-8.1043094312150306],[-34.936846364868835,-8.1043093850415584],[-34.936829001635246,-8.1043054372735686],[-34.936825055532722,-8.1043047047547443],[-34.936810463834277,-8.1043021062236882],[-34.936803985074334,-8.1043010331570891],[-34.936788479087156,-8.1042986550371321],[-34.936781319380273,-8.10429765391312],[-34.936763587909446,-8.1042959978534235],[-34.936745785785753,-8.1042955020263623],[-34.93673809269756,-8.1042956470604128],[-34.93672222788566,-8.1042931666765625],[-34.93670449641467,-8.1042915106141944],[-34.936686694290621,-8.10429101478449],[-34.936668897719002,-8.1042916797295543],[-34.93666058863851,-8.1042923900083466],[-34.936659979740853,-8.1042923522186392],[-34.936642177616378,-8.1042918563870074],[-34.936638734148161,-8.1042918944424063],[-34.936626360383137,-8.1042877539050906],[-34.936625986028602,-8.1042876291162678],[-34.936608919513127,-8.1042825580008859],[-34.936600144100218,-8.1042804145954364],[-34.936584839277721,-8.1042736264530735],[-34.93656814216105,-8.1042674542544937],[-34.936560423992255,-8.1042650111050687],[-34.936544932526665,-8.1042603583128887],[-34.936535584181179,-8.104257730343706],[-34.936534154511271,-8.1042573601455121],[-34.936527998110144,-8.1042557828903306],[-34.936521498278324,-8.1042537181745846],[-34.936508017070416,-8.104249813426776],[-34.936490653839407,-8.1042458656429837],[-34.936474861151709,-8.1042432908847353],[-34.93645866859071,-8.1042411356970074],[-34.936456876710565,-8.1042409037307852],[-34.936447046883472,-8.104239841151335],[-34.93641967190451,-8.104237384690002],[-34.936411770261252,-8.1042367911941628],[-34.936405843165517,-8.104236497504905],[-34.936391693998104,-8.1042359490525211],[-34.93638676550259,-8.1042358025004297],[-34.936370560780553,-8.1042354672224146],[-34.936363614247398,-8.1042354116199355],[-34.936361291063101,-8.1042354325991131],[-34.936351137656317,-8.1042342395626719],[-34.936350219084844,-8.1042341336313832],[-34.936335393142087,-8.1042324429582457],[-34.936323513854454,-8.1042313503317533],[-34.936312650382256,-8.10423059009136],[-34.936300870709026,-8.1042294608290035],[-34.936292821820587,-8.1042288083627358],[-34.93627753465114,-8.1042277970126477],[-34.936276012849788,-8.1042277002746008],[-34.936258210724652,-8.104227204425408],[-34.936240414150667,-8.104227869351238],[-34.936225342090971,-8.1042293467354956],[-34.936211634721914,-8.1042310752924482],[-34.936208991955525,-8.104231422343096],[-34.93619415399337,-8.1042338578131439],[-34.936194003543463,-8.1042338874573403],[-34.936184946642094,-8.1042354827283312],[-34.936177951377552,-8.1042368087449326],[-34.936166897500186,-8.1042392949501352],[-34.936161405838249,-8.1042397576885676],[-34.936145645278643,-8.1042412455723287],[-34.936134503095175,-8.1042425289034128],[-34.936116946168582,-8.1042455025378057],[-34.936116830164735,-8.1042455265940703],[-34.936110071914236,-8.1042469030149249],[-34.936089170955597,-8.104247564596605],[-34.936074085294578,-8.1042490438482524],[-34.936056950857605,-8.1042512054434912],[-34.936054321689461,-8.1042515506205124],[-34.93604818169969,-8.1042524567095544],[-34.936035870678431,-8.1042544172992983],[-34.936030038365807,-8.1042551637179159],[-34.936023284159177,-8.1042556785569957],[-34.936007259718522,-8.104257379236893],[-34.936006822740559,-8.1042574382673234],[-34.935991058184797,-8.1042596087234031],[-34.935973938232976,-8.1042625233216228],[-34.935956613543382,-8.1042666358559092],[-34.935940042808781,-8.1042717157607242],[-34.935921457904058,-8.1042723835127202],[-34.93591912184209,-8.1042725573353067],[-34.935887147651599,-8.1042750741695695],[-34.935875764363161,-8.1042762112784672],[-34.935857945885665,-8.1042783679776136],[-34.935853950402816,-8.1042788814667102],[-34.935847810411474,-8.1042797875529526],[-34.935836308883012,-8.1042816195340102],[-34.935827122692842,-8.1042827380721896],[-34.935823333929598,-8.1042832270740615],[-34.935812508496937,-8.1042849211403567],[-34.935802492651504,-8.1042866954389297],[-34.935793422409219,-8.1042879680186779],[-34.935776984195172,-8.1042907871587655],[-34.935771289316577,-8.1042920075485032],[-34.935761792318779,-8.1042941491396654],[-34.935753521918606,-8.1042957406671761],[-34.935753038796435,-8.1042958252299009],[-34.935751599321144,-8.1042956810883329],[-34.935736543119923,-8.1042942156915263],[-34.935726594866971,-8.1042934302967158],[-34.935708792733912,-8.1042929344240182],[-34.935703520570371,-8.1042930100841986],[-34.93568868082626,-8.1042933671303317],[-34.935676156406217,-8.1042939563724374],[-34.935658441568989,-8.1042957807841383],[-34.935653581554966,-8.1042964864190132],[-34.935638043972915,-8.1042988854136766],[-34.935625347049509,-8.1043011533935765],[-34.935610949724435,-8.1043044871872922],[-34.935595843119025,-8.1043084183102465],[-34.935584194193041,-8.1043111089297124],[-34.93557395446846,-8.1043136834678773],[-34.935556937216099,-8.1043189164553144],[-34.935540299875164,-8.1043252469655052],[-34.935539644393131,-8.1043255221972395],[-34.935529433795772,-8.1043298251434077],[-34.935524330364004,-8.1043304695529823],[-34.935521704818399,-8.1043308138055341],[-34.93550414787736,-8.1043337874154542],[-34.935486823175388,-8.1043378999315916],[-34.935474182418204,-8.1043416701749269],[-34.935465432652968,-8.1043445124686713],[-34.935455128609448,-8.1043474859964881],[-34.935451393601269,-8.1043485931114532],[-34.935450907152784,-8.1043487409732791],[-34.93543756100695,-8.1043512660687878],[-34.935433948373571,-8.1043519739157084],[-34.935428360424375,-8.1043531702880642],[-34.93542271386417,-8.1043544410708801],[-34.935416789397053,-8.1043552674753769],[-34.935414946357476,-8.1043555302638417],[-34.93541433434897,-8.1043554111223592],[-34.935396749772636,-8.1043526043508702],[-34.93537901829071,-8.1043509482301488],[-34.935373004085918,-8.1043506513233901],[-34.935357600325013,-8.1043461273466804],[-34.935349242467929,-8.104344226928843],[-34.935351126770193,-8.1043415890001587],[-34.935398346721236,-8.1042868188509463],[-34.935399587067849,-8.1042853493023053],[-34.935480923803667,-8.1041868500111427],[-34.935559444247652,-8.1040985202025979],[-34.935644473562647,-8.1040040969113143],[-34.935713465239708,-8.1039279745390509],[-34.935779535445349,-8.1038578544715296],[-34.935781891659254,-8.1038552549835892],[-34.935784849203671,-8.1038516798806874],[-34.935833887461676,-8.1037892211530931],[-34.935834164273295,-8.1037888672585208],[-34.935869161970864,-8.1037438320868898],[-34.935869671359406,-8.1037431697103823],[-34.935873106452277,-8.103738344748221],[-34.935873832326145,-8.1037372338381601],[-34.935903819155541,-8.1036905725639556],[-34.935906204397284,-8.1036866448858333],[-34.935907064317355,-8.1036851093389561],[-34.935937337305468,-8.1036298048746609],[-34.935939250112924,-8.1036261099729838],[-34.935940382561768,-8.1036237043383252],[-34.935972123472567,-8.1035536252183231],[-34.935972561483844,-8.1035526440504348],[-34.93603707884197,-8.1034055648972529],[-34.936105741930355,-8.1032525978580399],[-34.936105991444045,-8.1032520370652321],[-34.936143077253078,-8.1031678890252827],[-34.936143191221269,-8.1031676290212626],[-34.936171240813714,-8.1031034392446113],[-34.936172043666353,-8.1031015423480284],[-34.936172895176277,-8.1030993866615884],[-34.936184977459064,-8.1030676196758264],[-34.936186190470742,-8.1030642291463195],[-34.936186604436337,-8.1030629624123147],[-34.936200360555759,-8.1030198325896468],[-34.936201643116924,-8.1030154300961321],[-34.936201789201696,-8.1030148670823028],[-34.936214913939189,-8.1029637719470795],[-34.936216088338746,-8.1029585671693543],[-34.936216592768474,-8.1029557296681016],[-34.93622349803573,-8.1029130093679189],[-34.936223931819114,-8.1029100058566499],[-34.936224212100548,-8.1029075319445241],[-34.936227393616022,-8.1028754790553865],[-34.936227667574627,-8.1028720622474442],[-34.936227701085677,-8.1028714816871776],[-34.936229522525274,-8.1028380547698156],[-34.936229655594019,-8.1028332518157278],[-34.936229700391294,-8.1027925331182011],[-34.936229699672552,-8.1027920033473624],[-34.936229695078794,-8.1027914220639765],[-34.936229265581119,-8.1027532026091915],[-34.936229047773892,-8.1027478724510669],[-34.936228933822107,-8.1027464283176833],[-34.936222576074016,-8.1026731381132215],[-34.936222079479677,-8.1026686970575685],[-34.936221632386975,-8.102666071102524],[-34.936221642403417,-8.1026656994897532],[-34.936221420002923,-8.1026597880481805],[-34.936220809456977,-8.1026539028591351],[-34.936220776543806,-8.1026536598255401],[-34.936218155872801,-8.1026349095823473],[-34.936213594288816,-8.1025915864875167],[-34.93621325525956,-8.1025887936738012],[-34.936212629596369,-8.1025848694444367],[-34.936204703357049,-8.102541367954915],[-34.9362043870318,-8.1025397186586812],[-34.93619378277188,-8.1024871007712047],[-34.936193730735042,-8.1024868424595127],[-34.936193543219375,-8.1024859501468818],[-34.936191723819469,-8.1024774941504614],[-34.936337223539148,-8.1023918802512114],[-34.93633956291211,-8.1023905040244149],[-34.936542349552909,-8.1022722276717936],[-34.936533641079471,-8.1020135448626824],[-34.936496834552976,-8.1016284562903298],[-34.936514742623402,-8.1014299120535682],[-34.937660729604822,-8.1015772668336403],[-34.937664955938267,-8.101512949746521],[-34.937678224851574,-8.1014108763061916],[-34.937691441705304,-8.1013092985337813],[-34.937713316751335,-8.1011550385472066],[-34.937719795498445,-8.1011039749944231],[-34.938649914343046,-8.1012306482803584],[-34.938722354987789,-8.1012396264821014],[-34.938800770463487,-8.1007668991375201]]]},"properties":{"NMNOME":"Jardim Uchôa","CDTIPO":"ZEIS","CDID":0,"CDSETOR":" ","ELINK":" ","NMLEI":" ","INDEXADOR":"34","PROPOSTA":" ","CRIAÇÃO":"LEI Nº 15.463 de 28/02/1991","COMUL":"Decreto nº 15.736 de 29/01/92","AREA_HA":8.23502066,"DB2GSE.ST_Area(SHAPE)":82350.206661714998,"DB2GSE.SdeLength(SHAPE)":1502.9034581084388,"OBJECTID":33,"ALTERACAO":"LUOS 16.176 de 09/04/96","BAIRRO":" ","MODIFICADO":0,"COMPAREID":38,"AJSTDO_A_V":""}},{"type":"Feature","id":34,"geometry":{"type":"Polygon","coordinates":[[[-34.888361918486673,-8.0447388760738328],[-34.888394629686879,-8.0447542531826208],[-34.888353711514398,-8.045136863757536],[-34.888349085237373,-8.0451801180566669],[-34.888340621662856,-8.0452781491204242],[-34.888237337414623,-8.0452733253191298],[-34.888115701136989,-8.0452672921481678],[-34.888021552107162,-8.0452636675821303],[-34.88798291082356,-8.0452699306171436],[-34.887890834772016,-8.0452744114974575],[-34.88780387544157,-8.0452849541846039],[-34.887718943579259,-8.0452939659685558],[-34.887674698730393,-8.0452987340789264],[-34.887601462606639,-8.0453061705042241],[-34.887479880256471,-8.0453118004160107],[-34.887479941273533,-8.0453249861233225],[-34.887321241820473,-8.0453363656866888],[-34.887128510329063,-8.0453605804116979],[-34.88710356930185,-8.0453421144154724],[-34.887077453226894,-8.0453227795734694],[-34.886983227623702,-8.0453024197162986],[-34.886893418916365,-8.0452835095695949],[-34.88688187333959,-8.045281078218915],[-34.886847233927512,-8.0452726161070096],[-34.886755613166955,-8.0452721972467351],[-34.886775706228804,-8.0452154399510398],[-34.886770226388471,-8.0450736160317717],[-34.886631531722244,-8.0449012831040196],[-34.886453092792152,-8.0446710546461002],[-34.886418112614429,-8.0446245919819859],[-34.886538043136198,-8.0445358155246804],[-34.887078660900869,-8.0441356352237339],[-34.887411175575636,-8.0442919456473767],[-34.887712429229609,-8.0444335608115782],[-34.888361918486673,-8.0447388760738328]]]},"properties":{"NMNOME":"João de Barros","CDTIPO":"ZEIS","CDID":0,"CDSETOR":" ","ELINK":" ","NMLEI":" ","INDEXADOR":"35","PROPOSTA":" ","CRIAÇÃO":"LEI Nº 15.098 de 12/07/1988","COMUL":"Decreto nº 14.475 de 09/11/88","AREA_HA":1.9000391999999999,"DB2GSE.ST_Area(SHAPE)":19000.392097165,"DB2GSE.SdeLength(SHAPE)":573.48692346314442,"OBJECTID":34,"ALTERACAO":"LUOS 16.176 de 09/04/96","BAIRRO":" ","MODIFICADO":0,"COMPAREID":39,"AJSTDO_A_V":""}},{"type":"Feature","id":35,"geometry":{"type":"Polygon","coordinates":[[[-34.909568027810799,-8.0052537876409158],[-34.90945061499032,-8.00530288046469],[-34.909202403466793,-8.005453499802762],[-34.908920512148498,-8.0055809281800361],[-34.90887327639399,-8.0061795041693831],[-34.908818544562898,-8.0064320054439992],[-34.908796940371225,-8.0065928634184189],[-34.908779253425188,-8.006595000208856],[-34.908731765721484,-8.0065972721768404],[-34.908300142325118,-8.0065923475336369],[-34.907834916645605,-8.0065874973806572],[-34.907251589617964,-8.006581414445284],[-34.907153164538549,-8.0065856891931357],[-34.907074300785929,-8.0065891149710691],[-34.90702239778642,-8.0065913691849424],[-34.906814640337025,-8.0065934949198247],[-34.906639586835411,-8.0065843610806553],[-34.906607899286726,-8.006575669344457],[-34.906558354241987,-8.0065544890376898],[-34.906512433102023,-8.0065303031180939],[-34.90632654406761,-8.0063675226788966],[-34.906311747942496,-8.0063558815290641],[-34.906298495211232,-8.0063484706258397],[-34.906049505031071,-8.0062092261668045],[-34.905898764876696,-8.0061333685940692],[-34.905792418958647,-8.0060798497851451],[-34.905691137948736,-8.0060314752156518],[-34.905484726388984,-8.0059328849951648],[-34.90526911344714,-8.0058738640408365],[-34.905235937616027,-8.0058647821654176],[-34.905200640778432,-8.0058598859871353],[-34.905156770915795,-8.0058601952589861],[-34.905042775261983,-8.0058862065376939],[-34.904928270406678,-8.005912334052347],[-34.904848854894624,-8.0059383293579724],[-34.904801643295727,-8.0059596275778215],[-34.904668346476974,-8.0060264897542304],[-34.904645531162636,-8.00603793395425],[-34.904561933624969,-8.0060754663939377],[-34.904426311634879,-8.0061121577155152],[-34.90431237105382,-8.0061291685303519],[-34.904158001640795,-8.0061324386988826],[-34.904156722928107,-8.0061324653946659],[-34.904149009715098,-8.0061302561860632],[-34.904120441849777,-8.0061220723921416],[-34.9040479534588,-8.00609529746378],[-34.903973530021879,-8.0060647108432619],[-34.90384082266705,-8.0059937415872096],[-34.903796574765785,-8.0059700782813223],[-34.903786118525566,-8.0059584233218324],[-34.903765618132724,-8.0059355725767496],[-34.903743225589984,-8.0059013519111204],[-34.90373924118051,-8.0058931360094103],[-34.903719331955173,-8.0058520826585866],[-34.903693985239705,-8.005784821842008],[-34.903670877110073,-8.0057226731646267],[-34.903635805314359,-8.0056283504208796],[-34.903615540445912,-8.0055954706078669],[-34.903567329721334,-8.0055361942583314],[-34.903332405287898,-8.0052268404981408],[-34.903237462759662,-8.0050886335616909],[-34.903161182247743,-8.0049775928646056],[-34.903099193061955,-8.0048816158775207],[-34.903046333322251,-8.0047981037047737],[-34.904052959133665,-8.0035290734983651],[-34.904078963779575,-8.0035097338475278],[-34.903830985914503,-8.0032022006210735],[-34.903724088028738,-8.0030569238749667],[-34.90353926778085,-8.0028205641109373],[-34.903118547762361,-8.0022327860623683],[-34.902908963578497,-8.001941118565199],[-34.902515322316667,-8.0014272961641915],[-34.902758844236743,-8.0012227012758128],[-34.902908524376997,-8.0011108555631409],[-34.903103729139922,-8.0010010682549986],[-34.903510173168605,-8.0008041044783198],[-34.903934784990916,-8.0005991179413467],[-34.904250347326219,-8.000434330984854],[-34.904412606620454,-8.0003360385649369],[-34.90466069624788,-8.0001711304800178],[-34.905008121074289,-7.9999340376103039],[-34.905125879198167,-7.999844195462849],[-34.905499300035672,-7.9996073783287462],[-34.905903977903613,-7.9994101967038569],[-34.906222653408889,-7.9992461274527553],[-34.906690262709262,-7.9990101448746467],[-34.906947387096857,-7.9989193296819545],[-34.907115643986344,-7.9988722388429103],[-34.907565077544803,-7.9987464542974323],[-34.907611619339129,-7.9987381360987628],[-34.907724127733921,-7.9988872064843077],[-34.908218473954271,-7.9995214100632825],[-34.908794696297285,-8.0001498576248924],[-34.908846624905479,-8.0001907156282357],[-34.90887756515253,-8.0002381166858516],[-34.908908012524442,-8.0003027768991313],[-34.908944443158148,-8.0003643247554326],[-34.90902415010158,-8.0004679097114604],[-34.909066408122641,-8.0005152584074892],[-34.909077029368035,-8.0005393841089649],[-34.909082048463212,-8.0005756240304482],[-34.909100821704996,-8.0006142178266675],[-34.909145498320065,-8.000659943367852],[-34.909202371125637,-8.0007209247203992],[-34.90925519044962,-8.0007795064228695],[-34.909284390847297,-8.0008003231771898],[-34.909333841908293,-8.0008299106650256],[-34.90936795266083,-8.0008635985370322],[-34.909390011709192,-8.0009134580894585],[-34.909444639482992,-8.0010131294770623],[-34.909491789214989,-8.001069320780184],[-34.909576156354042,-8.0011317859219933],[-34.909641835573254,-8.0011741912169487],[-34.909664419633977,-8.001055707013748],[-34.909701711054176,-8.0009756129715317],[-34.909757305912457,-8.0009056592739789],[-34.909826029748643,-8.0008395621642023],[-34.910184352755124,-8.0005563184091795],[-34.910375284321567,-8.0004194086930909],[-34.910428715115366,-8.0003864838679739],[-34.910466583028004,-8.0003677019860877],[-34.910556639695919,-8.0003301279907451],[-34.910677234889285,-8.0003078044115998],[-34.910829759054906,-8.0003250849134382],[-34.910913814044633,-8.0003371005730681],[-34.910987257624711,-8.0003417230424176],[-34.911061502975109,-8.0003371998459674],[-34.91119928080257,-8.0003091090839238],[-34.911316718460917,-8.0002744530829304],[-34.911440968069307,-8.0002329425098608],[-34.911540347647438,-8.0001952682052337],[-34.911680059624651,-8.0001338380628315],[-34.911773164607951,-8.000085029333535],[-34.911874398721842,-8.0000124972621709],[-34.911947425349716,-7.9999601760624266],[-34.91195633913982,-7.9999738404535847],[-34.912375167401777,-8.0006158744458329],[-34.912359792602679,-8.0006464136596893],[-34.912348041099115,-8.0006697532696194],[-34.912351594778308,-8.0007201828887169],[-34.912405391517154,-8.0008704428800854],[-34.912448851096457,-8.0009388810797226],[-34.912517699898004,-8.0010930437780026],[-34.912532898100622,-8.0011448379201902],[-34.912530829902543,-8.0012215974284313],[-34.912482565629432,-8.0014084477506167],[-34.912461319731072,-8.0014780120410602],[-34.912338085521746,-8.0016490214725202],[-34.912272389799462,-8.0017636126678724],[-34.91224314835344,-8.0018235106411204],[-34.91216774062422,-8.0020178132885089],[-34.912163438995897,-8.0020306727891555],[-34.912027498416101,-8.0023830799100448],[-34.911988251684832,-8.0025064816674032],[-34.911929681107011,-8.0027189693970637],[-34.911883090939945,-8.0029013784359897],[-34.91185562744203,-8.0031179585280992],[-34.911845860928793,-8.0032200197103727],[-34.911857333907456,-8.0033081086683673],[-34.911928047538964,-8.0039632529221336],[-34.911963165175813,-8.0041841655513259],[-34.911949971750829,-8.0041898572180834],[-34.911519376630224,-8.0043755994792942],[-34.911388517736739,-8.0044233428806439],[-34.911279178669332,-8.0044602362921093],[-34.911161631464878,-8.0045161883901272],[-34.911005251581734,-8.004606226494424],[-34.91087531398243,-8.0046738134146409],[-34.910739658683802,-8.0047604474787963],[-34.910567518730304,-8.0048513847610465],[-34.910448312467835,-8.0049073443852397],[-34.91032412496439,-8.0049624998225326],[-34.910166000184596,-8.0050343522869216],[-34.909904427858052,-8.005161263124343],[-34.909818263299307,-8.0051864714382592],[-34.909690664600127,-8.0052217954858946],[-34.909568027810799,-8.0052537876409158]]]},"properties":{"NMNOME":"Linha do Tiro","CDTIPO":"ZEIS","CDID":0,"CDSETOR":" ","ELINK":" ","NMLEI":" ","INDEXADOR":"36","PROPOSTA":" ","CRIAÇÃO":"LUOS 14.511 de 17/01/1983","COMUL":" ","AREA_HA":62.040813790000001,"DB2GSE.ST_Area(SHAPE)":620408.13797392999,"DB2GSE.SdeLength(SHAPE)":3491.2169666227624,"OBJECTID":35,"ALTERACAO":"LUOS 16.176 de 09/04/96","BAIRRO":"LINHA DO TIRO","MODIFICADO":0,"COMPAREID":40,"AJSTDO_A_V":""}},{"type":"Feature","id":36,"geometry":{"type":"Polygon","coordinates":[[[-34.920967853846044,-8.0751810047752457],[-34.921081028996724,-8.0751547076164734],[-34.921113040642098,-8.0754980098625566],[-34.921119747170422,-8.075562896236578],[-34.921403465104035,-8.0755487080226285],[-34.921408189056862,-8.075518326586133],[-34.921507727618469,-8.0745869807492756],[-34.922442594388876,-8.0742830713207834],[-34.922754323500456,-8.0741464730829833],[-34.922920266985805,-8.0740356203554455],[-34.923072560074729,-8.0738971639004529],[-34.923278005163539,-8.073697852149051],[-34.923459362544776,-8.0734958708739715],[-34.92405406260675,-8.0729742806657097],[-34.924158852592356,-8.0729223650703492],[-34.924440317125033,-8.0728218689627553],[-34.924751176878551,-8.0727028684837503],[-34.924881600084262,-8.0726159382246774],[-34.925214000455519,-8.0723902042510858],[-34.925657410770555,-8.072230288467475],[-34.926367526775209,-8.071943040689499],[-34.926831815520174,-8.0717792429962447],[-34.926671190046143,-8.0728326849051495],[-34.927439236334507,-8.072985898531579],[-34.929041858434893,-8.0732556634435539],[-34.929560032646059,-8.0733321905493121],[-34.929999810156787,-8.0732827403854674],[-34.930447593791371,-8.0731976105089398],[-34.930815439904713,-8.0730945710425495],[-34.931188760987396,-8.0728910865940389],[-34.931569152122769,-8.0726363501748466],[-34.931713776183066,-8.0735957930244435],[-34.931944083075614,-8.0735288380591594],[-34.933139756637694,-8.0731812288107836],[-34.933143818510494,-8.0731804303268664],[-34.933159831131256,-8.0731494061869693],[-34.933191359320844,-8.0730883221689176],[-34.933239946252748,-8.0729853938659843],[-34.933458374328389,-8.0725226604895894],[-34.933683159900646,-8.0725927067844534],[-34.933707263644244,-8.0726039649857242],[-34.933686537162892,-8.0727347837222663],[-34.933566184873946,-8.0730447097900964],[-34.933419702675366,-8.0734819235904318],[-34.933373308193225,-8.073596662065528],[-34.933301320357565,-8.0737746940669215],[-34.933297421706008,-8.0738227729163494],[-34.933038445567576,-8.0742440273805229],[-34.932751550684856,-8.074932481333585],[-34.932732931857643,-8.0749793369365577],[-34.932595178879417,-8.0752781485019547],[-34.932519301665486,-8.0754922127933408],[-34.932440397197013,-8.0756564644167135],[-34.932371137739231,-8.075759041975175],[-34.932251675219419,-8.0758804105837356],[-34.932155183978445,-8.0759425409697982],[-34.931826313721118,-8.0760602074061243],[-34.931550430608603,-8.076185482369695],[-34.931401768729216,-8.0763527067620267],[-34.931324341058385,-8.0764686142156616],[-34.931305547534464,-8.0763890746744114],[-34.931266535570643,-8.0762668552175647],[-34.931204272637189,-8.0761240788196318],[-34.931168696607621,-8.0760586693200143],[-34.931001702217102,-8.0758091473388571],[-34.931015623655064,-8.0758049274887806],[-34.930975940986336,-8.0757072209794316],[-34.93100189212786,-8.075628648171822],[-34.930471509585978,-8.0755667844649626],[-34.930223681073912,-8.0756386971650684],[-34.930090829429908,-8.0756866920031758],[-34.92975220749544,-8.0757735519596974],[-34.929669901651437,-8.0757897295578331],[-34.929552743270918,-8.0758060715384516],[-34.929416588897965,-8.0758256600483662],[-34.929255145615613,-8.0758580001623717],[-34.928865542434778,-8.0758851003795726],[-34.928865737317253,-8.075926151760445],[-34.928739178252485,-8.0759646429370608],[-34.928583967779289,-8.0759748483348464],[-34.928538296937852,-8.0757506487722246],[-34.928537718776411,-8.0757358638435548],[-34.928349562473961,-8.0757588251941055],[-34.928250448703373,-8.0757826911955313],[-34.928028721431424,-8.0758256763958762],[-34.927993037238572,-8.0758362050728021],[-34.927955731566364,-8.0758472114987043],[-34.927898185993513,-8.0758558714526938],[-34.927740686400853,-8.0758981126301332],[-34.927674145823026,-8.0759188208222596],[-34.927696367445293,-8.0759870592024878],[-34.927584905228585,-8.076022462068595],[-34.92748484014502,-8.0760326458705087],[-34.927466208303507,-8.0760269947079113],[-34.92742903257605,-8.0760342332743349],[-34.927414631149041,-8.0759866211545042],[-34.927332177583317,-8.0760068952921067],[-34.927321272204559,-8.0760095765761228],[-34.927333838324707,-8.0760439529102275],[-34.927282413451344,-8.0760660878517871],[-34.927265984781329,-8.0760274969173196],[-34.927244672134933,-8.0760349852860838],[-34.927128447843771,-8.0760758248751188],[-34.927009040510903,-8.0761174451678812],[-34.926958162387663,-8.076130929285716],[-34.926868434742261,-8.0761522004291084],[-34.92686570012301,-8.0761528479589675],[-34.926882856599313,-8.0762150331965312],[-34.926902018727475,-8.0762844866465038],[-34.926796503496838,-8.0763237352035802],[-34.926774628137849,-8.0763013272137094],[-34.926768338798311,-8.0762955319962746],[-34.92672988071353,-8.0762636335684945],[-34.926724783605479,-8.0762546441234342],[-34.926703741652069,-8.0761929698867103],[-34.926692300019219,-8.0761961970204634],[-34.926626574501014,-8.0762147369122648],[-34.926681637173196,-8.0763766591635342],[-34.92648219235393,-8.0763941346595782],[-34.926329523653571,-8.0764130414926001],[-34.926201985114531,-8.0764580114471283],[-34.925963971262874,-8.0764726352127134],[-34.925816903168808,-8.0764810446959849],[-34.925656285672318,-8.0764895170111934],[-34.925507536863506,-8.0765519481570944],[-34.925373510941213,-8.0772702041895226],[-34.925140085862182,-8.0782532142540884],[-34.925035051806987,-8.0787285246406562],[-34.924538044525733,-8.079046257492255],[-34.923359052063141,-8.0797999760144545],[-34.923041407565208,-8.0800030418674069],[-34.922973470558318,-8.079961251214236],[-34.922862016656239,-8.0798958929614422],[-34.922711150305524,-8.0798164720294601],[-34.922573772699948,-8.0797511587364674],[-34.922442807742073,-8.0796958322169594],[-34.92227199342215,-8.0796318729850292],[-34.922116247568546,-8.0795786635263429],[-34.921963465945829,-8.0795320993704305],[-34.921801453361887,-8.0794859139412605],[-34.921565694920815,-8.0794238615955489],[-34.920517681186205,-8.0791407416476773],[-34.919827075679791,-8.0789575582103055],[-34.919727127840865,-8.0805219074088157],[-34.919718612283525,-8.0806811091348028],[-34.919663154465091,-8.0806737853712924],[-34.919599642783737,-8.0806711905878306],[-34.919599838846977,-8.0806550973810474],[-34.919570507081708,-8.080653077107657],[-34.919570189560666,-8.0806576775569994],[-34.919462656163681,-8.0806498397607225],[-34.919468430285114,-8.0805445266006011],[-34.919473229958939,-8.0804574050125613],[-34.919406711059452,-8.080452294746463],[-34.919377256604044,-8.0804500318391259],[-34.919309656457777,-8.0804468531870768],[-34.919262061248688,-8.0804446148599052],[-34.919261187595737,-8.080477801623573],[-34.919260799924494,-8.0804925116151693],[-34.919210635656192,-8.0804925662897684],[-34.919082690229196,-8.0804817160375872],[-34.919078174519008,-8.0804813331186054],[-34.919079616456138,-8.0804672347468252],[-34.919041871533175,-8.0804655133878853],[-34.919040728172071,-8.0804731128696883],[-34.918996813589288,-8.0804711492475167],[-34.918995470390207,-8.080505950160866],[-34.918995377483171,-8.0805083653447891],[-34.918993509800551,-8.080556761282141],[-34.918863283217085,-8.0805478979499128],[-34.918775635829043,-8.0805436660481416],[-34.918706857799208,-8.0805404051328455],[-34.918619753014823,-8.0805362031965906],[-34.918620960303429,-8.0805215888007407],[-34.918631482559796,-8.0803941887945872],[-34.918506337767106,-8.0803803309562348],[-34.918368724375277,-8.0803760667202855],[-34.918365342991983,-8.0803759623459452],[-34.918159032350538,-8.0803661412545669],[-34.918163709223947,-8.0801809421477433],[-34.918167251316987,-8.0800406892752026],[-34.91811033763851,-8.0800393235429322],[-34.918103682150978,-8.0800391640087419],[-34.918109350578909,-8.079808830381543],[-34.918109476864096,-8.0798036856773887],[-34.917745611791851,-8.0797790444847326],[-34.917745612553816,-8.0797790137430301],[-34.917741046541984,-8.079778735010219],[-34.917741350196032,-8.0797627407290928],[-34.917742558085905,-8.0796823549105437],[-34.917744507498085,-8.0796022440650681],[-34.917744092479765,-8.0795210784198197],[-34.917750717509008,-8.0794412123432924],[-34.917751029968379,-8.0792768524027494],[-34.917703008711193,-8.0792725428440821],[-34.917704857405575,-8.0792519776111185],[-34.917714498174696,-8.0791447269117569],[-34.917745492102313,-8.0784167582687427],[-34.917692787964604,-8.0784027619229164],[-34.91770354948455,-8.0780811673118649],[-34.91780950701515,-8.0780829495823117],[-34.917810891494739,-8.0780220852495734],[-34.917811807251368,-8.0779818348253087],[-34.9178172788789,-8.0779825658664848],[-34.917830288067861,-8.0779843048481794],[-34.917827702566008,-8.0779744672169009],[-34.917798511997475,-8.0778633999508216],[-34.917779362235855,-8.0777845651312941],[-34.917767686627883,-8.0777132893830146],[-34.917755637086813,-8.0776396648252096],[-34.917748256013496,-8.0775659279690952],[-34.917755076108726,-8.0774849037791174],[-34.917756844446174,-8.0774726788963669],[-34.91775844643302,-8.077470949146397],[-34.917816268519665,-8.077408483065545],[-34.917816876989576,-8.0773976775748046],[-34.917821006736354,-8.0773243821717973],[-34.917964964843009,-8.0773231511199093],[-34.918008046233759,-8.0773227827437992],[-34.918002942309165,-8.0773107808463784],[-34.917986214205008,-8.0772714439982742],[-34.91792527739657,-8.0771278066965024],[-34.917886747736482,-8.077037042343326],[-34.91787218973267,-8.077002749016053],[-34.917864597385865,-8.0769701479763967],[-34.917855804229184,-8.076952198372144],[-34.917826230259138,-8.0768942058500492],[-34.917793484650524,-8.0768176949216794],[-34.917777174545307,-8.0767506357426502],[-34.917759659551159,-8.0766814133656748],[-34.917746953522482,-8.0766347347344567],[-34.917733672646115,-8.0766378861818335],[-34.917718708338299,-8.0765486413297349],[-34.917700126000575,-8.0764685318085032],[-34.91768626626132,-8.0764084287372562],[-34.917669751687569,-8.0763370536065811],[-34.917657553646372,-8.0762782599603842],[-34.917640867751032,-8.076194607560188],[-34.917627012046879,-8.0761255515351014],[-34.917610582705393,-8.0760435903320325],[-34.917596591252867,-8.0759734455444789],[-34.917583148862008,-8.0759062354794899],[-34.917563698882482,-8.0758352429516567],[-34.91754367024626,-8.0757615762051778],[-34.917524414345223,-8.0756944141780487],[-34.917503458787721,-8.0756223148944386],[-34.917486123383483,-8.0755626701787993],[-34.917388499084652,-8.0755781351914298],[-34.917310131969558,-8.075596068424213],[-34.917270653564884,-8.075402206398266],[-34.917256208366517,-8.0753275786513576],[-34.917423593941407,-8.0752809464422182],[-34.918401283535154,-8.0750721389508158],[-34.919377881183308,-8.0750081244176251],[-34.919397852342605,-8.0750063880417411],[-34.919398144946321,-8.0750988703365287],[-34.919457785096753,-8.0758684403032568],[-34.919458068136322,-8.075872092286799],[-34.919487438757201,-8.0762510770815634],[-34.919488563211395,-8.0762655892206254],[-34.919759223704361,-8.076240994268284],[-34.919758113750348,-8.0762264811600541],[-34.919731062290005,-8.0758728155435104],[-34.919737282910589,-8.0758723397444232],[-34.920000677221445,-8.0758521996531076],[-34.920051731834086,-8.075848912432356],[-34.920050987668937,-8.0758336788814553],[-34.9200402946229,-8.0756300296647723],[-34.920773143692799,-8.0755713024335449],[-34.920765080431899,-8.0755197139107118],[-34.920742722569912,-8.0752228349636344],[-34.920898353956112,-8.0751971521694941],[-34.920967853846044,-8.0751810047752457]]]},"properties":{"NMNOME":"Mangueira","CDTIPO":"ZEIS","CDID":0,"CDSETOR":" ","ELINK":" ","NMLEI":" ","INDEXADOR":"37","PROPOSTA":" ","CRIAÇÃO":"LUOS 14.511 de 17/01/1983","COMUL":"Decreto nº 14.710 de 28/06/89","AREA_HA":76.315152780000005,"DB2GSE.ST_Area(SHAPE)":763151.52780392999,"DB2GSE.SdeLength(SHAPE)":5924.7857544041235,"OBJECTID":36,"ALTERACAO":"LM 15.953 de 23/09/94 - LM 16.840 de 27/01/03","BAIRRO":"MANGUEIRA","MODIFICADO":0,"COMPAREID":41,"AJSTDO_A_V":""}},{"type":"Feature","id":37,"geometry":{"type":"Polygon","coordinates":[[[-34.906094369601938,-8.0494424114829002],[-34.905713979206972,-8.0496199825256909],[-34.905699289494237,-8.0495414663250688],[-34.905676898280227,-8.0494339372340136],[-34.905655146917077,-8.0494363128785],[-34.905356001245501,-8.0494689836023561],[-34.905095033716435,-8.0494974854183425],[-34.904978905353907,-8.0495103994112291],[-34.90497697388161,-8.0493752282602156],[-34.904973850522396,-8.0492732501354247],[-34.904965792707578,-8.0490982831487621],[-34.904965522948864,-8.0490405514130323],[-34.904965463940066,-8.0490279227370767],[-34.904973057103625,-8.0489097147310638],[-34.904984981663567,-8.0487499907246463],[-34.904954324589312,-8.0487504006265667],[-34.904881809729972,-8.0487513718580068],[-34.904770605658904,-8.0487482834554722],[-34.904770461963778,-8.0487464551891268],[-34.904765801872045,-8.0486869438187174],[-34.904752626084978,-8.0485186780124423],[-34.904740684514216,-8.0483616024753832],[-34.90473291826396,-8.048262012730337],[-34.905022875283407,-8.0482925806768435],[-34.905069009040687,-8.0482941755900246],[-34.905073366727287,-8.0481740334316036],[-34.905103122101579,-8.0481771120005838],[-34.905120982768999,-8.0481789601911942],[-34.905199763681061,-8.0481890817195829],[-34.90527509527022,-8.048198676802004],[-34.905339298764247,-8.0482041593840989],[-34.905368920047451,-8.0482066888809882],[-34.905427732246181,-8.0482124351507167],[-34.905556630310528,-8.0482250289160309],[-34.905657362690306,-8.0482356225207923],[-34.905687501023124,-8.0482397091127069],[-34.905701848781632,-8.0482412056311254],[-34.905788574740257,-8.0482542437450686],[-34.905881565449683,-8.0482666189963012],[-34.905919576235142,-8.0486661622456506],[-34.906071159169471,-8.0486705708004482],[-34.906071212495974,-8.0486711120902044],[-34.906076586359305,-8.0487530699327348],[-34.906081716060719,-8.0488313059515679],[-34.906082330872181,-8.0489434076713575],[-34.906082032585282,-8.0489921347677065],[-34.906081649963163,-8.0490546411735817],[-34.906090650947299,-8.0493842835488678],[-34.906094369601938,-8.0494424114829002]]]},"properties":{"NMNOME":"Mangueira da Torre","CDTIPO":"ZEIS","CDID":0,"CDSETOR":" ","ELINK":" ","NMLEI":" ","INDEXADOR":"38","PROPOSTA":" ","CRIAÇÃO":"LEI Nº 15.766 de 21/05/1993","COMUL":"Decreto nº 21.153 de 22/06/05","AREA_HA":1.74549916,"DB2GSE.ST_Area(SHAPE)":17454.991669020001,"DB2GSE.SdeLength(SHAPE)":593.29455802955158,"OBJECTID":37,"ALTERACAO":"LUOS 16.176 de 09/04/96","BAIRRO":"MADALENA","MODIFICADO":0,"COMPAREID":42,"AJSTDO_A_V":""}},{"type":"Feature","id":38,"geometry":{"type":"MultiPolygon","coordinates":[[[[-34.908931940198009,-8.0745124333996294],[-34.908940936120054,-8.0744438676913983],[-34.908989022407894,-8.0741662657285946],[-34.909794175665127,-8.0738488741975871],[-34.909700106145088,-8.0736220725613013],[-34.909648697725153,-8.0735356016724715],[-34.90966094021806,-8.0731867186618995],[-34.909632415095565,-8.0731738386492662],[-34.909603961682706,-8.0731534382751384],[-34.90955779118817,-8.0731110116304325],[-34.909541609978191,-8.0730834100490192],[-34.909525430386722,-8.0730586625966723],[-34.909320407738193,-8.072573124759618],[-34.909267975305028,-8.0724848883852882],[-34.909256703206275,-8.0724659176043261],[-34.909216441594921,-8.072456661557684],[-34.908026951435616,-8.0722517124327275],[-34.908060693744346,-8.0720774163970148],[-34.908345614139947,-8.0722368310626447],[-34.908871638271386,-8.0723330160758646],[-34.9092705737458,-8.072410435417579],[-34.909312586773268,-8.0724175180489901],[-34.909332681647761,-8.0724807378870018],[-34.909354060756151,-8.072530384403656],[-34.909512133880476,-8.0728974518416425],[-34.909600471437535,-8.0731046666184731],[-34.91002124755336,-8.0731639379356412],[-34.910122089803821,-8.0731720775543163],[-34.910495019067575,-8.0732520424578453],[-34.910751894880541,-8.0732766523353003],[-34.91075276063377,-8.0732568537714045],[-34.910918801602755,-8.0732856820458831],[-34.910966566183404,-8.0732897442587976],[-34.911061293421866,-8.0733061590783031],[-34.911074570907189,-8.0733084602964098],[-34.911312938292774,-8.0733032786864385],[-34.911275945104258,-8.0731526533396014],[-34.911336547754743,-8.0731348314070654],[-34.911273088957806,-8.0729059996213124],[-34.911270125911031,-8.0728937633717841],[-34.911334402973274,-8.072875298673333],[-34.912147921904293,-8.0726415953142237],[-34.912284478480018,-8.0726023653992787],[-34.912460889724109,-8.0725531916218358],[-34.912834016677948,-8.072457088682178],[-34.913117509979465,-8.0723617471075002],[-34.913305330157975,-8.0723064868552079],[-34.913557594897625,-8.072216195569883],[-34.913820432245807,-8.0721159461682763],[-34.913988067696799,-8.0720481276600395],[-34.913992302075556,-8.0711099974597005],[-34.91409901389904,-8.0710582777793398],[-34.914309762418029,-8.0709677572837712],[-34.914240873071734,-8.0708636618653884],[-34.914225557365164,-8.0708733012023455],[-34.914182993227335,-8.0708046105666522],[-34.914215881060095,-8.0707466961067649],[-34.914212924561426,-8.070741256617886],[-34.914409412649547,-8.0704344928157727],[-34.914213762364156,-8.0700639160670224],[-34.914070655219511,-8.070123653173761],[-34.914046974581119,-8.0699878984083373],[-34.914466594608754,-8.0698022285535025],[-34.914466753437488,-8.0698030170586623],[-34.914472554235296,-8.0698000869808215],[-34.914472312907925,-8.0697993088061821],[-34.914473633675797,-8.0698000819326783],[-34.914408981607544,-8.0695549308770058],[-34.914385296074869,-8.0694757552141958],[-34.914371850031536,-8.0694753868521527],[-34.914370043738622,-8.0694753374386199],[-34.914365650157208,-8.0694553980558794],[-34.914355047158722,-8.0694072763875244],[-34.914334263791638,-8.069348972836238],[-34.914303495469341,-8.0692379819081346],[-34.91428548620992,-8.0691808641680201],[-34.91425782145204,-8.0691042384717306],[-34.914256861756542,-8.0691046298984581],[-34.914248671736154,-8.0691079671228039],[-34.91401852818916,-8.0692017612622955],[-34.914023324152645,-8.068746737728949],[-34.914015750004531,-8.0684445688361262],[-34.913943569859001,-8.0683658214127423],[-34.913670079611521,-8.0681134201529776],[-34.914204800686761,-8.0679629117889338],[-34.914162138919423,-8.0678573890445069],[-34.914389971705269,-8.0677588585632058],[-34.914326768204262,-8.0675848604141613],[-34.914350531080032,-8.0675756679965129],[-34.914332641266533,-8.0675059343683504],[-34.914292044239822,-8.0674299260057509],[-34.914246820117746,-8.0673452530161001],[-34.914224663814977,-8.0673037687279336],[-34.91421429090186,-8.0672752117187301],[-34.914487609709674,-8.0671946819072584],[-34.91445339021346,-8.0670787021876595],[-34.914497634816421,-8.0670620350436586],[-34.914812780278154,-8.0669351100352582],[-34.914797275034296,-8.0668790175581275],[-34.914796512788783,-8.0668762610147606],[-34.914779858653617,-8.0668160152131971],[-34.91476175107276,-8.0667505091283243],[-34.91472418125727,-8.0666146005458135],[-34.914704902657228,-8.0665448607722645],[-34.914687381117332,-8.0664814782966019],[-34.914671899003061,-8.066425471583635],[-34.914638358432107,-8.0664331050016678],[-34.914630391324714,-8.0664105551109433],[-34.914608252412549,-8.0663478948636982],[-34.914573075267953,-8.0663554943392555],[-34.914531296926725,-8.0662674529845653],[-34.914501685695754,-8.0661987062383211],[-34.914525448099219,-8.0661848045613382],[-34.914631709919355,-8.0660897743381472],[-34.914856448333616,-8.0659490213413942],[-34.914970895530864,-8.0658992391636506],[-34.914962448359908,-8.0658826194727435],[-34.915006071407362,-8.0658595851790515],[-34.915010782985789,-8.0658626857859321],[-34.915049720165683,-8.0658458680444323],[-34.915089235382531,-8.0659131119793912],[-34.915153185044119,-8.0658961022330118],[-34.915375196434162,-8.0657856126450707],[-34.915414836491529,-8.0657658841178463],[-34.91542651596906,-8.0657850688772026],[-34.915473842295306,-8.0657607985449804],[-34.915440328946524,-8.0656896165135894],[-34.915681475739007,-8.0655867001560839],[-34.915724858177796,-8.0655615170641823],[-34.915777929805444,-8.0655350772035028],[-34.915781133291262,-8.0655388448214325],[-34.915843791359954,-8.0655122525303646],[-34.915926059631268,-8.0657300010501221],[-34.915926847878353,-8.0657296104236114],[-34.916095200431236,-8.0656623271843308],[-34.916157928787783,-8.0656454613345723],[-34.916178670802438,-8.0657021268165696],[-34.916183729646995,-8.0657283047129322],[-34.916188562415243,-8.0657632973803377],[-34.916201437877852,-8.0658565183972328],[-34.916204782546281,-8.0658804369215336],[-34.916210711415353,-8.0659228142730068],[-34.916214478563958,-8.0659497648567786],[-34.916215734267389,-8.0660251217005978],[-34.916217902184684,-8.0660894302384474],[-34.916219396253659,-8.0661337377197473],[-34.916220622625616,-8.0661701277627866],[-34.916254966308948,-8.066173364542303],[-34.916259063010244,-8.0661739890671473],[-34.916597755653306,-8.0662256037971272],[-34.916598587775823,-8.0662299050515589],[-34.916600498631027,-8.0662302025865191],[-34.91663380538769,-8.0663716537355139],[-34.916944485196332,-8.0663051179616279],[-34.916984605710525,-8.0664797569508035],[-34.917043212177497,-8.0667348568739463],[-34.917043728023799,-8.066737103767613],[-34.91704950130373,-8.0667356627874582],[-34.91705857622005,-8.0667824860208199],[-34.917087197450059,-8.066907071123012],[-34.917347752139861,-8.0668246357139282],[-34.917351046433275,-8.0668349618635027],[-34.917548447324933,-8.0667738550433334],[-34.917599915728772,-8.0670003764443781],[-34.91778595967601,-8.0669400386980534],[-34.917785147579018,-8.0669367173593667],[-34.917844400583711,-8.0669215219323913],[-34.91784580962598,-8.0669263972707537],[-34.917856069482561,-8.0669619041892684],[-34.918062902588716,-8.0669162332102324],[-34.918066542849147,-8.0669383665915468],[-34.918129171042999,-8.0669167961426709],[-34.918224307563271,-8.0669055126199218],[-34.918268164607603,-8.0668946247846396],[-34.918561729263246,-8.0668231440505451],[-34.918565776688716,-8.0668215899911484],[-34.918816709627706,-8.0667252156772609],[-34.919058851790972,-8.0666367486725079],[-34.919067940513699,-8.0666389599083832],[-34.919220755135747,-8.0666761429527583],[-34.91922866261924,-8.0666760064477412],[-34.919283454406688,-8.0668551914512658],[-34.919392908422694,-8.0672277783755622],[-34.919474196340282,-8.0675044822928683],[-34.919532734684125,-8.0677015238446117],[-34.919580895248352,-8.0678874904517066],[-34.919592933659551,-8.0679290488711679],[-34.91961555038656,-8.0679219065306427],[-34.919635676287285,-8.067915551551275],[-34.919688946117859,-8.0679022977889083],[-34.919794379348012,-8.0678769969308775],[-34.919853987965134,-8.0678612335892161],[-34.919905365054028,-8.0678484506516863],[-34.919957298088249,-8.0678352609862287],[-34.920013310019627,-8.0678210360238936],[-34.920066992685896,-8.0678076193591419],[-34.920122902777699,-8.0677937293637338],[-34.92017577615529,-8.067780667257102],[-34.920226826384564,-8.0677680187135596],[-34.920387358057951,-8.0677306278807688],[-34.920431517098514,-8.0677204996097238],[-34.920539697541372,-8.0676934119284969],[-34.920604662591472,-8.067676316094758],[-34.920879083354983,-8.067605392662518],[-34.920981904759905,-8.0675773916022511],[-34.92103867503684,-8.067554738919517],[-34.92104613044873,-8.0675389732852292],[-34.921104891145504,-8.0675290476655466],[-34.921106875510297,-8.0675589275087436],[-34.921107145865847,-8.0675600879584302],[-34.921153078684831,-8.0675487091164744],[-34.921351713441794,-8.0674995021069904],[-34.921371560872146,-8.0675507713761849],[-34.921508697031264,-8.0678336304214788],[-34.921880100819145,-8.0676041690213278],[-34.921945163922032,-8.0675579373780923],[-34.92193361683087,-8.0675522507924544],[-34.921950815399569,-8.067534947719663],[-34.921943053742709,-8.0675177618004668],[-34.922176783666131,-8.0673886036656199],[-34.922200757737833,-8.0674274262894663],[-34.922272132440632,-8.0675430080249662],[-34.922286762602731,-8.0675666989497365],[-34.922358106776976,-8.0676926991903848],[-34.922371301324958,-8.0677354580527876],[-34.922193242552027,-8.0678205586973508],[-34.922056122696191,-8.067877540690592],[-34.921894137607275,-8.0680021726653788],[-34.921843522335998,-8.0680423534329613],[-34.921810015282752,-8.0680689517560413],[-34.921718299110026,-8.0681287265579975],[-34.921578002871499,-8.0681940696239653],[-34.921532806006049,-8.0682151194252256],[-34.92152636159657,-8.0682181213156561],[-34.921496852727003,-8.0682484961036618],[-34.921495897651852,-8.0682494787792596],[-34.921467932424093,-8.0682782651200533],[-34.92138859202398,-8.0683774503646291],[-34.921357415685762,-8.0684164260684241],[-34.92136476903152,-8.0684399233548394],[-34.921364245111569,-8.0684400053707748],[-34.921377586480034,-8.0684990683261066],[-34.921389994286812,-8.0685525304853982],[-34.921439613960537,-8.06873454900051],[-34.921444204572509,-8.0687513899938015],[-34.921465611026157,-8.0688373235476902],[-34.921482818758626,-8.068906418787293],[-34.921556864343138,-8.069216503031484],[-34.921568647487874,-8.0693370177491968],[-34.921580217091929,-8.0694553393119506],[-34.921609066301244,-8.0695850025666012],[-34.921626176072216,-8.0696899758824934],[-34.921651267855403,-8.0698042353011914],[-34.921691050802231,-8.0699853958296934],[-34.921623104788601,-8.0700011606602544],[-34.921617816696696,-8.0700023878840401],[-34.921607128421314,-8.0700056926743677],[-34.921562271922291,-8.0700153054650485],[-34.921558417287031,-8.0700058309244156],[-34.921481409843643,-8.0700236443784874],[-34.921460766551149,-8.0699579527934819],[-34.921444935343509,-8.069961721996922],[-34.921395438355866,-8.0699735073104133],[-34.921375436578892,-8.069980224338682],[-34.92135869974566,-8.0699858438814349],[-34.921322607032522,-8.0699947329474178],[-34.921307577913225,-8.0699275151620071],[-34.921258831329865,-8.0699418445797182],[-34.921233964424822,-8.0699483068880866],[-34.921177952973366,-8.0699628665742367],[-34.92116980160224,-8.0699653448890931],[-34.921167773920935,-8.0699587556665726],[-34.921115492961604,-8.069973605218081],[-34.921108012992903,-8.069975729605444],[-34.921092042075671,-8.0699802651911607],[-34.921020494330762,-8.0699980448034818],[-34.920974242482146,-8.0700095381985548],[-34.920889054765638,-8.0700315965289082],[-34.920746535807062,-8.0700653575095114],[-34.920608119842072,-8.070098385891372],[-34.920324955091793,-8.0701761201606725],[-34.920227631614054,-8.0702002206179184],[-34.919974210825671,-8.0702656582364298],[-34.919972187523364,-8.0702630667422142],[-34.919913272659983,-8.0702732877421894],[-34.919824951658953,-8.0702991965043029],[-34.919736784565814,-8.0703269659904038],[-34.91973329012999,-8.0703280672522144],[-34.919728218753235,-8.0703296641026032],[-34.919691172383473,-8.0704731948526884],[-34.91969101203938,-8.070473816694836],[-34.919490827256077,-8.0705217151304609],[-34.919460780655939,-8.0703827209630159],[-34.919471972771362,-8.0703800674964636],[-34.919476716188449,-8.070378942298694],[-34.919446275337108,-8.0702302150401657],[-34.919412752758333,-8.070066434229501],[-34.919379104058947,-8.0700723219440196],[-34.919167481125257,-8.0701093518472184],[-34.919100401199479,-8.0701216596134273],[-34.919032674715638,-8.0701311307427233],[-34.918852391677071,-8.0701416782541529],[-34.918747652567092,-8.0701460141831394],[-34.918742139314418,-8.0701462425350794],[-34.918787687478911,-8.0703214170347319],[-34.918818606203665,-8.0704686151950664],[-34.918823800127463,-8.0704966357495227],[-34.91883994151776,-8.0705451226680189],[-34.918720750147557,-8.0705761681611161],[-34.918704058321929,-8.0705800018758946],[-34.9186252584988,-8.0705980980814669],[-34.918521510739083,-8.0706228132184705],[-34.918439510149248,-8.0706425444730669],[-34.91843892688609,-8.0706498520277403],[-34.918438910589778,-8.0706500509977523],[-34.918437086369778,-8.0706504320210453],[-34.918393780885282,-8.0706594839419683],[-34.918369674827339,-8.0706643884478648],[-34.918369717376351,-8.0706734062673444],[-34.918369733692153,-8.0706768642281954],[-34.918361485120059,-8.0706781685731137],[-34.918326120019714,-8.0706807752822609],[-34.91826883440968,-8.0706900843706926],[-34.918219016273405,-8.0707023038913821],[-34.918171275289367,-8.0707191099246973],[-34.918193974698596,-8.0707619465015821],[-34.918207283742198,-8.0707607676149227],[-34.918240308810034,-8.0707578418979082],[-34.918241290395542,-8.0707613215531939],[-34.918252301917349,-8.0708003670183714],[-34.918205367385148,-8.0708117973414168],[-34.918205598707551,-8.0708223737841838],[-34.918137445386208,-8.070835621256208],[-34.918140037452631,-8.0708537888951852],[-34.91814082267301,-8.0708592927621368],[-34.918117986954321,-8.0708642817097171],[-34.918145934368113,-8.070981407603858],[-34.918030059125819,-8.071012055881841],[-34.917981838050245,-8.0710213242736852],[-34.917984482213832,-8.0710339994926841],[-34.918153943713087,-8.0718087849037197],[-34.918181009582199,-8.0719737858966898],[-34.918262192929518,-8.0727811486512415],[-34.918262282278732,-8.0727823976461135],[-34.918488089030099,-8.0727581408694054],[-34.918509312071784,-8.0727558607755512],[-34.918520929970121,-8.0727540334434114],[-34.918489024659941,-8.0725548825735434],[-34.918468707207474,-8.0724280628965861],[-34.918434549421605,-8.072258086701364],[-34.918401326173743,-8.0720927584176927],[-34.918364772945701,-8.0719337732626339],[-34.918404114266551,-8.0719250635499229],[-34.918467008717144,-8.0719111381893587],[-34.918615102395684,-8.0718661259441991],[-34.918672355560197,-8.0719000753785579],[-34.918684255959306,-8.0719064076892888],[-34.918715103443645,-8.0719170033260763],[-34.918728232090125,-8.0719193022816196],[-34.918747542934568,-8.0719204918990588],[-34.918779948057832,-8.0719166993168585],[-34.918808390713814,-8.0719069096829408],[-34.919166154043026,-8.0717940796190906],[-34.919364712655863,-8.0717314987233699],[-34.919422509633286,-8.0717132829541605],[-34.919392225684682,-8.0717845764253742],[-34.919305567053073,-8.0719885883279758],[-34.919264339328109,-8.0721399353342864],[-34.919232500778598,-8.0722568143592355],[-34.919225554724001,-8.0722823107311701],[-34.91921329973389,-8.072327300061497],[-34.919070490183223,-8.0728515470990558],[-34.919065987178975,-8.0728628671781735],[-34.919047370942934,-8.0729096682476378],[-34.919034187361689,-8.0729428133034578],[-34.919022687362393,-8.0729717257841234],[-34.91889007187622,-8.0730218052670697],[-34.91853827796912,-8.0730665839391964],[-34.918521344990602,-8.0730687390536442],[-34.918499488412948,-8.073071521164211],[-34.918284667595458,-8.0730953919840296],[-34.917890206180388,-8.0731422786189935],[-34.917550534998469,-8.0731952175981849],[-34.917086458795886,-8.0732585789842073],[-34.916324584908445,-8.0733531063111652],[-34.915849618530686,-8.073416764186641],[-34.915437073129816,-8.0734703202639828],[-34.915146650149815,-8.0735224581856126],[-34.914577222616494,-8.0736090064886472],[-34.914319273647997,-8.0736440705547476],[-34.914275804937468,-8.0732410776354335],[-34.913207887964262,-8.0733800571304073],[-34.912993234632999,-8.0734432178556741],[-34.912964402547878,-8.0734528272444255],[-34.912910670021269,-8.0734707357283231],[-34.912781753427922,-8.0735138981308019],[-34.912775726219706,-8.0735178843010758],[-34.912769214302287,-8.0735221909679211],[-34.912752692826793,-8.0735401035885115],[-34.912745564602538,-8.0735530053679057],[-34.912718117650861,-8.0736154237338766],[-34.91270227557888,-8.0736514497327807],[-34.912571636438564,-8.0739396488428827],[-34.912443794992527,-8.0742119061532112],[-34.912390045281363,-8.0743593943062262],[-34.912370246439771,-8.0743601757450705],[-34.912273326429982,-8.0743640000014381],[-34.912270329846898,-8.0743641179743868],[-34.912166561408341,-8.074368212887256],[-34.912089462787215,-8.0743698804832515],[-34.912093982897844,-8.0744315563776823],[-34.911792141798962,-8.0744377340324238],[-34.911796071738813,-8.0744886986205895],[-34.911836020563896,-8.0748085736386415],[-34.911839249997286,-8.0748344247572934],[-34.91184589355921,-8.0748945339374298],[-34.911907016747243,-8.0754475108663861],[-34.911874141028427,-8.0754514453114048],[-34.911571443994227,-8.0754821714465663],[-34.911276247937607,-8.0755121345503884],[-34.911134524199184,-8.0755280310715154],[-34.911123741149801,-8.0753104674433516],[-34.911119078288813,-8.0751078989819973],[-34.911121142563324,-8.075004635106211],[-34.911147804245985,-8.0748911009589204],[-34.911176365648657,-8.0748468545628853],[-34.911222081003245,-8.0747760361997809],[-34.911246478604454,-8.0747371730740181],[-34.911266441838052,-8.0747053751416082],[-34.911275827774112,-8.0746881902126812],[-34.911186071553068,-8.0746575666058273],[-34.911214982292883,-8.074620287116657],[-34.91106094620919,-8.0745892612879473],[-34.911024186194396,-8.074530110916692],[-34.910995376602955,-8.0745283315741947],[-34.910887412892301,-8.0744350697561824],[-34.911071007897064,-8.0742759618814173],[-34.911066506980241,-8.0742723467524549],[-34.911043988752418,-8.0742542630337439],[-34.911006889807872,-8.0742150443631129],[-34.910975495588005,-8.0741711557619507],[-34.910974965403462,-8.0741702939514148],[-34.910904553233216,-8.0740554475478454],[-34.910886293110543,-8.0740192382049152],[-34.910870310242657,-8.0739875448823746],[-34.910810561440549,-8.0740085387743754],[-34.910502812035737,-8.0740781424318957],[-34.910478777921554,-8.0740835768905157],[-34.910173007868444,-8.0741356548026229],[-34.910111342440374,-8.0741534119559599],[-34.910098511292141,-8.0741571071067533],[-34.910069829620383,-8.0741867876923568],[-34.910052958963881,-8.0742147849164496],[-34.910048713308889,-8.0742158769588901],[-34.909642592667126,-8.0743203489207982],[-34.90956378741501,-8.0743457159695478],[-34.909437651882108,-8.0743863177247217],[-34.909270484663388,-8.0744401276734621],[-34.908973672686436,-8.0745242446905188],[-34.908956350779107,-8.0745311259010393],[-34.908929710621038,-8.0745439405821546],[-34.908931940198009,-8.0745124333996294]]],[[[-34.908929710621038,-8.0745439405821546],[-34.908928586413118,-8.0745915801979553],[-34.908932683613166,-8.0746706940395381],[-34.908944196770967,-8.0747490762429965],[-34.908944783148556,-8.0747520524067706],[-34.908953980656086,-8.0748351194380454],[-34.908995027173383,-8.0752058483803548],[-34.909031866762327,-8.0755385791182466],[-34.909038178809929,-8.0755955899372616],[-34.909047506191357,-8.0756798316351599],[-34.909061403883072,-8.075797128183396],[-34.909078313825162,-8.0759398366392681],[-34.909116056734021,-8.0762583774042298],[-34.909169945674115,-8.0767131814394197],[-34.909193026338556,-8.0769682898678195],[-34.909194764986907,-8.0769848216483826],[-34.909200034010439,-8.0770196524324795],[-34.909206266370177,-8.0770492631601307],[-34.909217194776346,-8.0770857852525815],[-34.909224887415888,-8.07711149173244],[-34.909322078638532,-8.0775566116843187],[-34.909323278294337,-8.0775621064237484],[-34.90937445641066,-8.0777964871846617],[-34.9093943592747,-8.0779102333936965],[-34.909402126575714,-8.0779591487054088],[-34.909413689084026,-8.0780662925779811],[-34.909417886390372,-8.0781739744012917],[-34.909417741372444,-8.078188281023726],[-34.909417412160671,-8.0782207177479073],[-34.909418049945614,-8.0782298024446391],[-34.909373496209014,-8.0782381353082062],[-34.909285138558431,-8.0782493188790294],[-34.909126385300382,-8.078263172598831],[-34.908839508626365,-8.0782602969704573],[-34.908721554402035,-8.0782453445827862],[-34.908567192889969,-8.0782212447589963],[-34.908463839158728,-8.078203815718485],[-34.908372128592482,-8.0781827368441235],[-34.908340025805593,-8.0781753575792514],[-34.908197324629064,-8.0781305976995785],[-34.908096696759422,-8.0780957679180005],[-34.908060527552252,-8.0780812980181373],[-34.908018013719065,-8.0780642901649831],[-34.907894549321597,-8.0780100733740579],[-34.907785632315516,-8.0779550093709567],[-34.907724188124874,-8.0779284741297595],[-34.90772402805662,-8.0779283862778488],[-34.907722870419661,-8.0779275852499328],[-34.907721868838898,-8.0779265972562317],[-34.907721055194955,-8.077925450174094],[-34.907720453242653,-8.0779241800554225],[-34.907720082209714,-8.0779228247813251],[-34.907719953181058,-8.0779214267912618],[-34.907720028577344,-8.0779202900271034],[-34.907732586379893,-8.0778293862579904],[-34.907708483121219,-8.0776843660711464],[-34.907705873020703,-8.0776686610376807],[-34.907686023908326,-8.077580359355558],[-34.907699333059277,-8.0775760427357479],[-34.908243696357516,-8.0773525510737105],[-34.908580307411192,-8.0772124520844351],[-34.908642481333516,-8.0771865741509465],[-34.908665740986677,-8.0771768933499182],[-34.908651161053264,-8.07714608660471],[-34.908587079896684,-8.0769826428690052],[-34.908541671565409,-8.0768503655716302],[-34.908503456583631,-8.0767302026442298],[-34.908498910440819,-8.0767219841910336],[-34.908470911779212,-8.0766713785976041],[-34.908446993579751,-8.0766281492292311],[-34.908379213294758,-8.0765245619631312],[-34.9083707648211,-8.0765154079230594],[-34.908244281226835,-8.0763783655661268],[-34.908243254576099,-8.0763772538328418],[-34.908121992590601,-8.0762802110108804],[-34.908061245058263,-8.0762315942937768],[-34.907945610561747,-8.0761514592310686],[-34.907942075853761,-8.0761503808924662],[-34.907935897677504,-8.0761475447200723],[-34.907930307945932,-8.076143682398909],[-34.907925475937752,-8.0761389115722864],[-34.907921548381239,-8.0761333771106489],[-34.907918644897485,-8.0761272466125913],[-34.907916853447851,-8.0761207068097693],[-34.907916475851358,-8.0761181464446175],[-34.90790460187602,-8.0760135189852793],[-34.907780949697909,-8.0760082246752951],[-34.907780891025858,-8.0760059683971264],[-34.907605513310244,-8.0760280969529585],[-34.907595370783895,-8.0760298565543511],[-34.907556192353063,-8.076031900728454],[-34.907517332831354,-8.0760265174024521],[-34.907480198281519,-8.0760139016264656],[-34.907446131592053,-8.0759945109253177],[-34.907416361576843,-8.0759690438382474],[-34.907391965702715,-8.0759384229152609],[-34.907373825449881,-8.0759037542420913],[-34.907362596199121,-8.0758662896096176],[-34.907361328579483,-8.0758592564509133],[-34.907394030144715,-8.0756715199254234],[-34.907468322969649,-8.0752450015663193],[-34.90751864810268,-8.0749306713027433],[-34.907611463627106,-8.0743509410983023],[-34.907897062568807,-8.0743724235560883],[-34.90793700889855,-8.0744781370007424],[-34.907945243172641,-8.0745033157485526],[-34.907953690952873,-8.0745291444286718],[-34.907960927592114,-8.074551274793043],[-34.907980990974387,-8.0746126198271639],[-34.908083800772708,-8.0748488260426683],[-34.908100818571782,-8.0748805282492295],[-34.908145448656676,-8.0749636660411745],[-34.908174147162491,-8.0750061038029077],[-34.908204258660987,-8.0750438374382281],[-34.908505422806691,-8.0748614158270087],[-34.908541560637538,-8.0748395261355626],[-34.908765959880199,-8.0746888019648342],[-34.908846517570417,-8.0746064055700391],[-34.908871494629111,-8.0745832823467723],[-34.908912006831336,-8.0745541089513448],[-34.908929710621038,-8.0745439405821546]]]]},"properties":{"NMNOME":"Mustardinha","CDTIPO":"ZEIS","CDID":0,"CDSETOR":" ","ELINK":" ","NMLEI":" ","INDEXADOR":"39","PROPOSTA":"Ampliação Lei Complementar nº 02 de 24/04/2021","CRIAÇÃO":"LUOS 14.511 de 17/01/1983  LM 16.101 de 20/10/95","COMUL":"Decreto nº 15.630 de 01/09/91","AREA_HA":61.03522701,"DB2GSE.ST_Area(SHAPE)":610352.270178415,"DB2GSE.SdeLength(SHAPE)":7874.7797304669175,"OBJECTID":38,"ALTERACAO":"LUOS 16.176 de 09/04/96","BAIRRO":"MUSTARDINHA","MODIFICADO":1,"COMPAREID":43,"AJSTDO_A_V":""}},{"type":"Feature","id":39,"geometry":{"type":"Polygon","coordinates":[[[-34.922851313999693,-8.0616026839685464],[-34.922868531931719,-8.0616911070405681],[-34.922955043065002,-8.0616978503798649],[-34.922997471937407,-8.0618216313480211],[-34.92299008323576,-8.0618324803887393],[-34.922992201338374,-8.0618321061124281],[-34.922993958717342,-8.0618317950050411],[-34.923000226299564,-8.0618499471426137],[-34.92301426645556,-8.0618918459099245],[-34.923041430854553,-8.0619726218505523],[-34.923062858976813,-8.0620363433991198],[-34.923089856834757,-8.0621169989691914],[-34.923113201002131,-8.0621873003073894],[-34.92314185570698,-8.0622736228766669],[-34.923153612043421,-8.0623090366804302],[-34.923170833410701,-8.0623609175972888],[-34.923199689667229,-8.0624478467384453],[-34.923234859380827,-8.0625537965891301],[-34.923254803404959,-8.062616137346442],[-34.923276311932355,-8.0626801550207325],[-34.923299411221983,-8.0627489106348609],[-34.923322793886321,-8.062818508403236],[-34.923345750367154,-8.0628890954021717],[-34.923262190826371,-8.0629180875888125],[-34.923278751324204,-8.0629748399550998],[-34.923329592773051,-8.0632154825971707],[-34.923379900627069,-8.0633382175351933],[-34.923404792571304,-8.0633989457026516],[-34.923457605183152,-8.0635153928775072],[-34.923489766637395,-8.0635722889484818],[-34.923197258939915,-8.0636806043521858],[-34.923050653579679,-8.0637376543705024],[-34.922814791757219,-8.0638294368896908],[-34.922679910764693,-8.0638796377572906],[-34.922472316697657,-8.0639516738579307],[-34.922245392258382,-8.0640304173928143],[-34.922041558719329,-8.0641053141922168],[-34.922021642809142,-8.0640510284002627],[-34.921960055400433,-8.0638831503531083],[-34.921895963543456,-8.0637050880384855],[-34.92186674914484,-8.0636235486472767],[-34.921814821057112,-8.0634786145884689],[-34.921805443482683,-8.0634478762202768],[-34.921618218890671,-8.0635642445729392],[-34.921555579001605,-8.0635645383845453],[-34.921370537709279,-8.0635646884381984],[-34.921359492182248,-8.0636652039963579],[-34.921229744699346,-8.0636342381647275],[-34.921087344535209,-8.063613537563441],[-34.92106179832232,-8.0637494545419361],[-34.920945929682865,-8.0637310433265998],[-34.920918945975387,-8.0638387766183239],[-34.920775332638144,-8.0638193572401651],[-34.920767295534056,-8.0638961777350957],[-34.920622031841006,-8.0638832246569976],[-34.920527356744827,-8.063875040152201],[-34.92047041671033,-8.063909108128799],[-34.920433556529012,-8.0639249953186809],[-34.920311650317359,-8.0639775394582429],[-34.920326374938909,-8.0639234672367586],[-34.920367255588161,-8.0637244435946869],[-34.920418751539401,-8.0635074544134735],[-34.920455186197024,-8.0633539277092545],[-34.920472156319697,-8.0632826542399112],[-34.920650322069626,-8.0625577464871494],[-34.920520524561638,-8.0630795073452362],[-34.920301952483044,-8.0630434870492227],[-34.920363132281643,-8.0625011540467657],[-34.920278592386779,-8.0624964142950457],[-34.92028195174386,-8.0624509323996492],[-34.919812585393863,-8.0624032701850243],[-34.919116100115545,-8.0628107815731038],[-34.919022884354362,-8.0628925457982206],[-34.918459207780735,-8.0634716590948319],[-34.918284599492118,-8.0635493292460243],[-34.918287028094035,-8.0635168728841773],[-34.918292805199208,-8.0633828990494383],[-34.918271011725075,-8.0631840088263971],[-34.918296209568375,-8.0630155435817255],[-34.918316513800946,-8.0629510340700783],[-34.918354709725939,-8.0628936759975094],[-34.91842531727368,-8.0627896015284115],[-34.918523323420878,-8.0626910717525089],[-34.918592406266683,-8.0626455352087891],[-34.918706079871363,-8.062559169426887],[-34.918869466773792,-8.0624783938722917],[-34.919648862841726,-8.0622928096569755],[-34.919761130286354,-8.0622889901681827],[-34.919827717409532,-8.0622897856572209],[-34.920210649030935,-8.0623067921255132],[-34.920243983270481,-8.0623276372526913],[-34.920341685305758,-8.0623260863495645],[-34.920487652192925,-8.0623134387709943],[-34.920549240784027,-8.0623266386887611],[-34.920586545784431,-8.0623737118773402],[-34.920656463310635,-8.0623967143453132],[-34.920659215395759,-8.0623861347774994],[-34.920665873146405,-8.0623399358759222],[-34.920682082978395,-8.062298241434565],[-34.920682621601848,-8.0622968556961023],[-34.920713789248587,-8.0622166875240158],[-34.920769501903649,-8.0621071109042362],[-34.921642129773637,-8.0619564268478001],[-34.921621110921926,-8.0618217986744494],[-34.921773394570664,-8.061790728854751],[-34.921759912539422,-8.061730992088215],[-34.921822499056503,-8.0617194556627343],[-34.921834114866947,-8.0617722037487543],[-34.921888217601726,-8.0617614864019309],[-34.9218958719865,-8.0618068985309801],[-34.922117574865105,-8.0617436665016768],[-34.922328249354173,-8.0616879491231348],[-34.922333419491224,-8.0617103618389283],[-34.922851313999693,-8.0616026839685464]]]},"properties":{"NMNOME":"Novo Prado","CDTIPO":"ZEIS","CDID":0,"CDSETOR":" ","ELINK":" ","NMLEI":" ","INDEXADOR":"40","PROPOSTA":"Ampliação Lei Complementar nº 02 de 24/04/2021","CRIAÇÃO":"LUOS 14.511 de 17/01/1983","COMUL":"Decreto nº 17.597 de 21/02/97","AREA_HA":7.5295557899999999,"DB2GSE.ST_Area(SHAPE)":75295.557985749998,"DB2GSE.SdeLength(SHAPE)":1947.531701124034,"OBJECTID":39,"ALTERACAO":"LUOS 16.176 de 09/04/96","BAIRRO":"BONGI","MODIFICADO":1,"COMPAREID":44,"AJSTDO_A_V":""}},{"type":"Feature","id":40,"geometry":{"type":"Polygon","coordinates":[[[-34.953533794913945,-8.0722998110596542],[-34.953393815402301,-8.0725843246146347],[-34.953313807455849,-8.0727513769604489],[-34.953122354886936,-8.0730833941872131],[-34.953090300657159,-8.0731864572262442],[-34.953008075272884,-8.073359113469456],[-34.952850082571807,-8.0736473454232431],[-34.952734557010288,-8.0738973424554263],[-34.952583185292049,-8.0741620530115306],[-34.952314129308618,-8.074694668239923],[-34.952143906436177,-8.0750397903550457],[-34.951892193456843,-8.0754942458885015],[-34.951902132678548,-8.0764362861129086],[-34.951912523340539,-8.0774209995536435],[-34.951927918610068,-8.0788799417214499],[-34.951928034867805,-8.0788909198819603],[-34.952070541760662,-8.0789747659503259],[-34.952146890834548,-8.0790196868540658],[-34.952226525708149,-8.0790665402676396],[-34.954456083132946,-8.0803783130866353],[-34.954550975827651,-8.080434143353644],[-34.954693154348632,-8.0805177936400252],[-34.955161249858868,-8.0808254729297975],[-34.956012006096252,-8.0813593283532885],[-34.957120247826232,-8.0819880058766032],[-34.95719774256834,-8.0820323414943243],[-34.956996490456028,-8.0824117631189374],[-34.95693393816768,-8.0825073440778734],[-34.957085522332811,-8.0828509333897198],[-34.956446678302498,-8.0832979198533987],[-34.956167228620657,-8.0834746624372915],[-34.955487130581353,-8.0839283417691998],[-34.955071302880476,-8.0842118465509092],[-34.954191956750108,-8.0848029048494503],[-34.953778310926218,-8.0850885634717535],[-34.95374954375508,-8.085060033810425],[-34.953749507588348,-8.0850600583925196],[-34.953343588129698,-8.0844925149707283],[-34.95337987756249,-8.0840207092621146],[-34.953404534953449,-8.0837260820669954],[-34.953442483435261,-8.0830329396142311],[-34.952702336431685,-8.0822624775134138],[-34.952550650844891,-8.0820982909449217],[-34.952487760131056,-8.0820396214691161],[-34.952230366583983,-8.0817502539991235],[-34.952215562168952,-8.0817349279257051],[-34.951885702773851,-8.0811198454329638],[-34.951609905566087,-8.0805441141646792],[-34.951301295196586,-8.0799966874513114],[-34.951277285411322,-8.0798982819564422],[-34.95102579376325,-8.0794819435563223],[-34.950411728396745,-8.0780633632920171],[-34.950367996058233,-8.077949352972178],[-34.950288821849767,-8.0779560462116144],[-34.950154616258338,-8.0779040662372257],[-34.949350407268767,-8.0774984037377582],[-34.949154446119515,-8.0774637137731879],[-34.948627080121533,-8.0774964291354348],[-34.948623541863249,-8.0774569870893558],[-34.948608924866704,-8.0772940201351382],[-34.94860736948165,-8.0772766870352282],[-34.948679574755744,-8.0772750005079832],[-34.948724703326789,-8.0772643600283587],[-34.948851093251434,-8.0772430397815231],[-34.948926453710051,-8.0772156940077799],[-34.948945986667255,-8.0771987025020859],[-34.948974665967015,-8.0771737570089677],[-34.949001468712851,-8.0771214504639044],[-34.949083754141554,-8.077113414637088],[-34.949163578733668,-8.0771252641635147],[-34.949226070290358,-8.0771478992787014],[-34.949298864186552,-8.0771862816751359],[-34.949343422175971,-8.0772013576281427],[-34.949383819181733,-8.0772016749708655],[-34.949435460123389,-8.0772009189535776],[-34.94947691365563,-8.0772083659804679],[-34.94950614497337,-8.077226062568208],[-34.949536530646142,-8.0772712728028786],[-34.949575476004888,-8.0772889230804275],[-34.949615997740921,-8.0773152293089208],[-34.949649801395445,-8.0773267891224521],[-34.949702455763003,-8.0773239905179732],[-34.949774524424285,-8.0773180409683398],[-34.949828183955034,-8.077311670192417],[-34.94988247737831,-8.0773307760074307],[-34.949964428216347,-8.0773594331832843],[-34.950026315265951,-8.0773627045770215],[-34.950140491853176,-8.0773937556630617],[-34.950235653849447,-8.0774050228501508],[-34.950325729490253,-8.0774219202538884],[-34.950397351054484,-8.0774292224120021],[-34.950471594867835,-8.0774502725239135],[-34.950519777229026,-8.0774745034893325],[-34.950582735515162,-8.0774879627940201],[-34.950658501897024,-8.0775064561982095],[-34.950720379164693,-8.0775076898091687],[-34.95075624700744,-8.0775233169177145],[-34.950772161653965,-8.0775354655058127],[-34.950833021292041,-8.0775660076684961],[-34.950862429020624,-8.0775675362603447],[-34.950884426980657,-8.0775493205945548],[-34.950885699828234,-8.0775410452231924],[-34.950894629067164,-8.0774839266519383],[-34.950911211533331,-8.0774232051168848],[-34.950931047769302,-8.0774011973491255],[-34.95097800870235,-8.0773841562924016],[-34.951069948700024,-8.0773633333022801],[-34.951123571459455,-8.0773493179311711],[-34.951169182055899,-8.077370503602797],[-34.951197813721322,-8.0773698580317976],[-34.951226309852338,-8.0773411840989819],[-34.951249652009103,-8.0773038712923029],[-34.951319050263564,-8.0772739833572711],[-34.951341929766201,-8.0772468649563809],[-34.95135931504614,-8.0772467820101514],[-34.951410037993057,-8.0772679432632284],[-34.951431968636534,-8.0772561176866624],[-34.95145632571932,-8.077217272195524],[-34.951475004985568,-8.0771672418320222],[-34.951495991919288,-8.0771449663833046],[-34.951512143215993,-8.0771278245714928],[-34.951549356422916,-8.0771042051323914],[-34.951617284375224,-8.0770875738534311],[-34.951741473514026,-8.0770742414546248],[-34.951741842724978,-8.0770576296815086],[-34.95174108395539,-8.076666125940406],[-34.951732227194498,-8.0762243245306937],[-34.95172019134047,-8.0759028530578476],[-34.951716776053708,-8.0758116367828912],[-34.951722596853543,-8.0756214486426323],[-34.951744491091048,-8.0755061291178194],[-34.951765326827633,-8.0754042378991286],[-34.951993265922106,-8.0749568316850606],[-34.952087730798489,-8.0747617455965521],[-34.952278899988166,-8.0743704444238578],[-34.952383460537895,-8.0741741918507426],[-34.952560307567843,-8.0738388886110215],[-34.95266542930942,-8.0736159992995322],[-34.952856058682585,-8.0732641341715983],[-34.952974956440286,-8.0730069149281007],[-34.953102635849042,-8.0728090015494161],[-34.953248645117512,-8.0725044789752189],[-34.95336404741272,-8.0722287543512312],[-34.953533794913945,-8.0722998110596542]]]},"properties":{"NMNOME":"Planeta dos Macacos","CDTIPO":"ZEIS","CDID":0,"CDSETOR":" ","ELINK":" ","NMLEI":" ","INDEXADOR":"41","PROPOSTA":" ","CRIAÇÃO":"LEI Nº 15.952 de 24/09/1994","COMUL":"Decreto nº 16.906 de 15/02/95","AREA_HA":25.715887469999998,"DB2GSE.ST_Area(SHAPE)":257158.87476800499,"DB2GSE.SdeLength(SHAPE)":4120.3559212574582,"OBJECTID":40,"ALTERACAO":"LUOS 16.176 de 09/04/96","BAIRRO":"CURADO","MODIFICADO":0,"COMPAREID":45,"AJSTDO_A_V":""}},{"type":"Feature","id":41,"geometry":{"type":"Polygon","coordinates":[[[-34.919831915348041,-8.0591470902667286],[-34.919829934925751,-8.0591399185799677],[-34.919802656521178,-8.059041118480291],[-34.919793411463445,-8.0590076355533888],[-34.91973197217272,-8.0587851118449016],[-34.919666475230422,-8.0585478898885405],[-34.919610689860882,-8.0583405396416268],[-34.919569468122447,-8.058187328731016],[-34.919551651844486,-8.058124353836229],[-34.919498346957447,-8.057935937451445],[-34.919436238632777,-8.0577195598476461],[-34.919390159040752,-8.0575546730662246],[-34.91938429196307,-8.0575315637785607],[-34.919335031920724,-8.0573392870359211],[-34.919294610345062,-8.0571898892480576],[-34.919254623633257,-8.057042101355556],[-34.919221815903107,-8.056923443083857],[-34.919177595383616,-8.0567645694881698],[-34.919300788482118,-8.0567283113092714],[-34.919358820146499,-8.0567112313345461],[-34.919620181306655,-8.0566343061479646],[-34.919732220844359,-8.0566020915083811],[-34.919913596309598,-8.0565515161534798],[-34.920085208939113,-8.0565036624688862],[-34.92022656572302,-8.0564642460848095],[-34.920362017882049,-8.056426475582473],[-34.92049373049732,-8.0563897477619051],[-34.920591973215608,-8.0563623529018411],[-34.920592073951518,-8.0563608245661182],[-34.921271418585171,-8.0561781659440665],[-34.921274235570763,-8.0561790423411033],[-34.921395807807187,-8.056147138838762],[-34.921525828064219,-8.0561130178333649],[-34.921624899896308,-8.0560870183574611],[-34.921778431490679,-8.0560467280821264],[-34.921856125418259,-8.0560263380952595],[-34.921949417826688,-8.0560021827999204],[-34.922060117618081,-8.0559744959960433],[-34.922177002704814,-8.0559452613494908],[-34.922181568990744,-8.0559441198133079],[-34.922169094148181,-8.0559068713226747],[-34.922042403696537,-8.0555285895874782],[-34.921835294203525,-8.055581227345872],[-34.921814790557661,-8.0555337228242454],[-34.921408768586097,-8.0546804858059797],[-34.92076296791187,-8.0550006230948892],[-34.920322244276647,-8.0542273067985235],[-34.920595023749335,-8.0541811799334759],[-34.921677790406108,-8.0534920856700847],[-34.92185294917229,-8.05338061066651],[-34.922283999606613,-8.0540175158213714],[-34.922316457838853,-8.0540654750922016],[-34.922449264046215,-8.0541300118865191],[-34.92246738705682,-8.0541453221868462],[-34.923035304334064,-8.0538229054153341],[-34.923946009168638,-8.0554571525673637],[-34.923689182965163,-8.0555352585712168],[-34.923554359189787,-8.0555762618155438],[-34.923257005646775,-8.0556666937897727],[-34.923256714831574,-8.0556667692866633],[-34.922511753359615,-8.0558604904390219],[-34.922495722292759,-8.0558646582804325],[-34.92240626360654,-8.0558879205820588],[-34.922570969702065,-8.0564644126843383],[-34.922894061366883,-8.0575055665960225],[-34.922920096340363,-8.0575889272141907],[-34.923011467595167,-8.0578872615972177],[-34.923048127153798,-8.0580090111859821],[-34.923091491145968,-8.0581538434197437],[-34.923108103336524,-8.0582093281200589],[-34.923107906777226,-8.0582093869020035],[-34.923115533891384,-8.0582348175908223],[-34.923124225438841,-8.0582637953378544],[-34.92283611088223,-8.0583504964661934],[-34.922834657985362,-8.0583509336138075],[-34.922818264889294,-8.0583558662142369],[-34.922676617414716,-8.0583984916492621],[-34.922622933593168,-8.0584146467604079],[-34.922483785155151,-8.0584565199917364],[-34.922386151153567,-8.0584859005650031],[-34.922346846818968,-8.0584977273742027],[-34.922327673821307,-8.0585034974971173],[-34.922300480894023,-8.0585116801946874],[-34.922180863979925,-8.0585520767258707],[-34.922008498012545,-8.0586102864539768],[-34.921904957047438,-8.0586452536940225],[-34.921946896962737,-8.0588082146964144],[-34.921727467598039,-8.0588664117543125],[-34.92170767529425,-8.0588716613063287],[-34.921541085428359,-8.0589158444214775],[-34.921585854605844,-8.0590957505964447],[-34.921538158131241,-8.0591066818895918],[-34.92149954807882,-8.0591155310215488],[-34.921449745139313,-8.058937082265583],[-34.921222169151953,-8.0589981858580071],[-34.921186912780165,-8.0590076520836842],[-34.921009319089507,-8.0590553355754846],[-34.920935815815952,-8.0590750712521277],[-34.920930269542737,-8.0590742275370655],[-34.920918356859701,-8.0590338655000124],[-34.920895787111043,-8.0589645285183593],[-34.920872056037076,-8.05888013712371],[-34.920543637349986,-8.0589668042204341],[-34.920336926911681,-8.0590202407893337],[-34.920235037807089,-8.0590449053757354],[-34.920249504144316,-8.0590895561058353],[-34.920400307328073,-8.0595549981596548],[-34.920498185146037,-8.0599075710083721],[-34.919971653575267,-8.0600618804473001],[-34.919888711584001,-8.0601038865610519],[-34.919947944414908,-8.0603035296635159],[-34.920055878207691,-8.0606555284768167],[-34.919881026714272,-8.0607039980145601],[-34.919696955249314,-8.0607608777675868],[-34.919269111353088,-8.0592924845137439],[-34.919632411831252,-8.0591988763039453],[-34.919831915348041,-8.0591470902667286]]]},"properties":{"NMNOME":"Prado","CDTIPO":"ZEIS","CDID":0,"CDSETOR":" ","ELINK":" ","NMLEI":" ","INDEXADOR":"43","PROPOSTA":"Ampliação Lei Complementar nº 02 de 24/04/2021","CRIAÇÃO":"LUOS 14.511 de 17/01/1983","COMUL":"Decreto nº 16.739 de 12/09/94","AREA_HA":17.632341069999999,"DB2GSE.ST_Area(SHAPE)":176323.410788145,"DB2GSE.SdeLength(SHAPE)":2931.4799012746466,"OBJECTID":41,"ALTERACAO":"LUOS 16.176 de 09/04/96","BAIRRO":"BONGI","MODIFICADO":1,"COMPAREID":47,"AJSTDO_A_V":""}},{"type":"Feature","id":42,"geometry":{"type":"Polygon","coordinates":[[[-34.973766580121186,-8.0302213678661527],[-34.973803933035285,-8.0300492122622504],[-34.973829888397582,-8.0299196290165575],[-34.973855369541404,-8.0298204968460265],[-34.973874252537257,-8.0297702359166916],[-34.973909621915908,-8.0296893630034383],[-34.973928509365685,-8.0296512929626047],[-34.973942573364184,-8.0296013797066603],[-34.974017166852796,-8.0294631202873123],[-34.974100906651131,-8.029334113163161],[-34.974198311090262,-8.0294200849984119],[-34.974351586231435,-8.0295558007473335],[-34.974467354190324,-8.0296837300964317],[-34.974549000284547,-8.029779564526331],[-34.974685336374101,-8.0298940062998128],[-34.974733173684278,-8.0299211815473264],[-34.974788394395141,-8.0299338152055029],[-34.974850363795682,-8.0299334480822981],[-34.974893466473475,-8.0299331923247479],[-34.974964383523059,-8.0299272305509231],[-34.975064093147154,-8.0299030868984929],[-34.975121685064771,-8.0298891413678337],[-34.97521385619703,-8.0298418228039861],[-34.975262007505847,-8.0298093600566922],[-34.975299157475952,-8.0297843153002972],[-34.975340909996383,-8.029752051424289],[-34.975402811019663,-8.0296902635755565],[-34.975441991228372,-8.0296493550163106],[-34.975500586568003,-8.0295476699335158],[-34.975520739186095,-8.0294976090015702],[-34.975576754416586,-8.0293584631956492],[-34.975602053099678,-8.0292937285837986],[-34.975662178026965,-8.0292090283740247],[-34.97570050454749,-8.0291512040076256],[-34.975751051457102,-8.0290970518968248],[-34.975806207527292,-8.0290505610295941],[-34.975848197910324,-8.0290208073919409],[-34.975900096088139,-8.0289921470546872],[-34.975954926128225,-8.0289656495437516],[-34.976009922416452,-8.028948589341022],[-34.976076621209423,-8.0289333270931422],[-34.976141870257294,-8.0289314948917792],[-34.976229237287534,-8.0289366313975883],[-34.976400256168539,-8.0289466871517554],[-34.976598110508725,-8.0289583198078489],[-34.976737111535272,-8.0290289051218213],[-34.976805267456172,-8.0290666365196408],[-34.976884902272346,-8.0291176861058364],[-34.976949128341147,-8.0291681904589947],[-34.977090501816832,-8.0292953250555055],[-34.977117252370917,-8.0293264046171462],[-34.977203389013155,-8.0293711705773827],[-34.977258236849856,-8.0293793008985137],[-34.977375467461741,-8.0293833072915923],[-34.977534201094464,-8.0293875164321769],[-34.977672535011372,-8.0293856047424033],[-34.977743554235104,-8.0293803788161888],[-34.97778940438203,-8.02937700511111],[-34.977796459155897,-8.0293764857270684],[-34.97790136595065,-8.0293687662493074],[-34.977963046942897,-8.0293557002125002],[-34.978112859839015,-8.0293502626019446],[-34.978381231515094,-8.0293491058105371],[-34.979114885090226,-8.0293498528795801],[-34.980019095184105,-8.0296279229551981],[-34.98034649241292,-8.0294805302643368],[-34.98078168861479,-8.0290949286182514],[-34.981020904838395,-8.028734546403923],[-34.981197152140993,-8.0292144423862037],[-34.981938694420371,-8.0336767306189163],[-34.982023764131647,-8.034088446294545],[-34.982004873010183,-8.0340749543098724],[-34.981972236776173,-8.0340516466298784],[-34.981717170444732,-8.0338878146518073],[-34.981598704741764,-8.0338117229448827],[-34.981280472683423,-8.0336073192998505],[-34.981202075203676,-8.0335569637693531],[-34.981177648865668,-8.0335911860334317],[-34.981153781060854,-8.0336246245230072],[-34.981107566130511,-8.0336893733168484],[-34.981043633573584,-8.0337579836157733],[-34.981015917103065,-8.0337865073494541],[-34.980870063700394,-8.0339611917576548],[-34.980789180168294,-8.0340514972805952],[-34.980717480213521,-8.0340969665238582],[-34.980651351016448,-8.0341338296654108],[-34.980525366056334,-8.034246974007953],[-34.980377403824725,-8.0343786998809996],[-34.980271972575743,-8.0344496381042916],[-34.980151918179693,-8.0345135609454577],[-34.979960109801887,-8.034606431997668],[-34.979728555348345,-8.034705790062965],[-34.979617103290856,-8.0347488650706058],[-34.979446723010547,-8.0348120799528395],[-34.979427589486519,-8.0348174371623102],[-34.979248328181889,-8.0348676350946455],[-34.979242770036812,-8.0348685622706242],[-34.97905974544198,-8.0348990911469382],[-34.978906514649545,-8.0349130972754885],[-34.97869602593024,-8.0349164745177131],[-34.978415067266084,-8.034915834272077],[-34.978260656498151,-8.0349156344565529],[-34.977859132639011,-8.0349170403413304],[-34.977809313666569,-8.0349061631416969],[-34.977116088041377,-8.0347444358058304],[-34.97684084674205,-8.0346742260186499],[-34.976542020792316,-8.0346197737122722],[-34.976197012040011,-8.0345639891394054],[-34.976057657628246,-8.0345400195600618],[-34.975740400785433,-8.0344833643899225],[-34.975612269997946,-8.0344620943940743],[-34.975241482476378,-8.0344153059275847],[-34.975029006294712,-8.0343837968769911],[-34.974824052838706,-8.0343363514198369],[-34.97476649910783,-8.034263587337497],[-34.974747733553464,-8.0342540865755954],[-34.97469974269633,-8.0342297906382498],[-34.974696377808378,-8.0342266200796573],[-34.974228846469778,-8.0341339716522988],[-34.974193647265189,-8.0341335422053284],[-34.974162293135592,-8.0341281067335526],[-34.974082451052226,-8.0341236896880055],[-34.973941324160201,-8.0341081019078544],[-34.973781171067891,-8.034076182724073],[-34.973564762109021,-8.0340369504762315],[-34.973376271818339,-8.0339983254095912],[-34.973229322063098,-8.0339679219652282],[-34.973037268049545,-8.0339326479129696],[-34.972990679812959,-8.0339241864191564],[-34.973009374008846,-8.0338197800929834],[-34.973067247956564,-8.0335080740150069],[-34.973081182385876,-8.0334547811746617],[-34.973110588500042,-8.0333215100416631],[-34.973159728296778,-8.0330682682548797],[-34.9731673071865,-8.0330292101148331],[-34.973228070228117,-8.0327361747923227],[-34.973270240462362,-8.0325460003084928],[-34.973320022917299,-8.0323005780712027],[-34.973360064940202,-8.0320908016719184],[-34.973382141638865,-8.0319793376028628],[-34.973482840625337,-8.031512438316561],[-34.973572332863952,-8.0310887695370923],[-34.973585393202129,-8.0310148887956441],[-34.973625064608314,-8.0308405089756594],[-34.973659036211515,-8.0306897418767296],[-34.973694852913418,-8.0305409114092647],[-34.973731321496317,-8.0303991681615674],[-34.973753376495026,-8.0303061383899106],[-34.973760767849157,-8.03025868357979],[-34.973766580121186,-8.0302213678661527]]]},"properties":{"NMNOME":"Rosa Selvagem","CDTIPO":"ZEIS","CDID":0,"CDSETOR":" ","ELINK":" ","NMLEI":" ","INDEXADOR":"44","PROPOSTA":" ","CRIAÇÃO":"LEI Nº 16.089 de 03/10/1995","COMUL":"Decreto nº 18.022 de 31/08/98","AREA_HA":50.78119607,"DB2GSE.ST_Area(SHAPE)":507811.96075447998,"DB2GSE.SdeLength(SHAPE)":3107.4806301002463,"OBJECTID":42,"ALTERACAO":"LUOS 16.176 de 09/04/96","BAIRRO":" ","MODIFICADO":0,"COMPAREID":48,"AJSTDO_A_V":""}},{"type":"Feature","id":43,"geometry":{"type":"Polygon","coordinates":[[[-34.928486002171397,-8.0866808355945725],[-34.928615082913524,-8.0865666379228447],[-34.928946938899394,-8.0867581160729962],[-34.928971869533349,-8.0867034611815178],[-34.929179490493688,-8.0868903309635769],[-34.929192616846159,-8.0869836244972397],[-34.92961935817501,-8.0871597061939067],[-34.929651563943388,-8.0873302985312669],[-34.929877419651007,-8.0874627343733714],[-34.929779162029547,-8.0876738019154164],[-34.930048345798582,-8.0878538764260597],[-34.929897837282567,-8.0881741566847243],[-34.929775645873207,-8.0885859291751423],[-34.929631059532689,-8.0893798505118504],[-34.929620094171405,-8.0894292926834535],[-34.928403449606378,-8.0899798596917325],[-34.928548027285828,-8.0903098264151598],[-34.928018423344632,-8.0906035581213196],[-34.927977605676624,-8.0905569243398343],[-34.926810683456686,-8.0892339584683199],[-34.926760726084268,-8.0893573891006589],[-34.926528612332724,-8.0899308752030326],[-34.926479433558391,-8.0898693203209717],[-34.926373466086361,-8.0897366860197426],[-34.926336480429626,-8.0898130489983675],[-34.926069590489412,-8.0904471479639],[-34.925948366079531,-8.0906235245310381],[-34.925698164552315,-8.091123786758855],[-34.925447978855594,-8.0917700135088317],[-34.925187413557943,-8.0924307152659356],[-34.925151294646781,-8.0923975737737219],[-34.925009017583619,-8.0922670197695652],[-34.924873559390228,-8.0921423216738706],[-34.924579028468401,-8.0920545004643962],[-34.923496152915263,-8.0925403187123699],[-34.922498273500459,-8.0930198489725704],[-34.922107754362465,-8.0932119580125423],[-34.922226922136652,-8.093481618369788],[-34.922362077130344,-8.0937874579394435],[-34.922452476172019,-8.0939920185436574],[-34.922468401339124,-8.0940394428000406],[-34.921324579597332,-8.0946330720405602],[-34.920546758785683,-8.0929452365297774],[-34.920545143847157,-8.092941749031171],[-34.920600764153136,-8.0928141034914898],[-34.920636169955351,-8.0927819747810439],[-34.920677340469823,-8.0927446142737143],[-34.920742998724208,-8.0927047319442735],[-34.920860469628515,-8.0926731211630223],[-34.920889662022063,-8.0926710066274605],[-34.920963980142041,-8.0926656213217605],[-34.921046334579856,-8.0926487030665673],[-34.921121125122298,-8.0926268109952986],[-34.921226892945626,-8.0925651997266357],[-34.92131265129229,-8.0925242201305458],[-34.921394424783223,-8.0924907738183283],[-34.921465630912643,-8.0924548729835291],[-34.921529852566252,-8.0924300245950391],[-34.921592184158627,-8.0924307338170944],[-34.921627762729948,-8.0924075227797054],[-34.921688984746389,-8.0923861962398895],[-34.921748189403893,-8.0923633748334929],[-34.921803718568299,-8.0923075101720521],[-34.921848244298893,-8.0922632186369956],[-34.921915499536667,-8.0922219336809462],[-34.921968135099625,-8.0922120603749477],[-34.922028027472322,-8.0922283091438416],[-34.922060334150025,-8.0922572108034956],[-34.922128379924949,-8.0922969655854331],[-34.922160199189136,-8.0923007393938118],[-34.922181188141003,-8.0923032288955987],[-34.922224950927202,-8.092310035636249],[-34.922283356118307,-8.0923307999071845],[-34.922323042939077,-8.0923261044976886],[-34.922366326920795,-8.0923379228682677],[-34.922389937293751,-8.0923348066012331],[-34.922434698067953,-8.0923401060722302],[-34.922463822292194,-8.0923339578405411],[-34.922499474415346,-8.0923262754168643],[-34.922537608440024,-8.0923120702695108],[-34.922607453079017,-8.0923072328165198],[-34.922681317591753,-8.092301875571934],[-34.922705455727503,-8.0923042661375924],[-34.922745871825356,-8.0923401142983327],[-34.922785022649236,-8.0923354502990961],[-34.922843176053419,-8.0923031166723636],[-34.922887822795374,-8.0922843722800195],[-34.922931361238831,-8.0922534391578598],[-34.923043673893837,-8.0921469092520706],[-34.923111444278398,-8.0921096547105886],[-34.923179097863454,-8.0920477768627812],[-34.923236094348837,-8.0920182675010288],[-34.923304066446093,-8.0919677024341556],[-34.922384663987451,-8.0921256710201472],[-34.922248619289078,-8.0920342195862407],[-34.922129260761857,-8.092064065823724],[-34.922094842828329,-8.0919336681359297],[-34.92203554321712,-8.0918952906285568],[-34.921987771847341,-8.0918207534222546],[-34.92207962791467,-8.0916454334393926],[-34.92206706075077,-8.0914331164056534],[-34.922464858601181,-8.0912062368440374],[-34.922438998284925,-8.0909708584216862],[-34.922807482252971,-8.090931808366097],[-34.922837855866717,-8.0910443553820919],[-34.922972288225331,-8.091001883362118],[-34.923091425944001,-8.0910160457781615],[-34.924263135734307,-8.0908243746661057],[-34.924354568648184,-8.0913628826958668],[-34.924540486264789,-8.0912626423036862],[-34.924651450196023,-8.0912159499315894],[-34.924794688970728,-8.0911367871298889],[-34.924840621011924,-8.0910534668884537],[-34.924957264795601,-8.0909020975553432],[-34.925054459066153,-8.0906700694546174],[-34.925195032345862,-8.0905670194674659],[-34.925291805578567,-8.0904588356893044],[-34.925441162163914,-8.090367332447002],[-34.925493446015203,-8.0903209166009464],[-34.925618073912887,-8.0902249128922321],[-34.925733670119712,-8.0901781984740619],[-34.925852361481709,-8.0901330090423116],[-34.925919941206303,-8.0900557414851288],[-34.926007106113893,-8.0898752710975952],[-34.926089937863793,-8.0897579189227375],[-34.926142784130896,-8.0897178360084769],[-34.926122275095153,-8.0896658427627219],[-34.926099214140557,-8.0895981616903647],[-34.92608932142668,-8.0895631535233097],[-34.92608563039775,-8.0895496254397266],[-34.926083400201534,-8.0895300513633295],[-34.926081735126154,-8.0895154369924764],[-34.92608289951923,-8.0894954870916287],[-34.92612064585542,-8.0893685936823463],[-34.926189174686947,-8.0891095410306608],[-34.926200629578119,-8.0890662405210829],[-34.926357399985989,-8.0890359511114251],[-34.926364768124976,-8.0890360076686108],[-34.92641117681741,-8.0890321490398698],[-34.926456405627754,-8.0890210996761596],[-34.92646179337131,-8.0890188457621086],[-34.926461750653921,-8.0890014464790916],[-34.926506452519327,-8.0889774327045743],[-34.926547422177379,-8.088905245765373],[-34.926594510407682,-8.0889564174871094],[-34.92669991915426,-8.0890709678359354],[-34.926700556823356,-8.0890701918589762],[-34.926723046311757,-8.089097574523727],[-34.926839683172815,-8.0889495879441533],[-34.926896461478947,-8.0888935976207694],[-34.926922917405349,-8.0888194648951188],[-34.927125836749198,-8.088716372581704],[-34.927181606925167,-8.0886649199322012],[-34.927218080612995,-8.0886368441196481],[-34.927188656039363,-8.0886046999926222],[-34.927051218717672,-8.0884867253382779],[-34.92706705128905,-8.0884477924668392],[-34.92714920082274,-8.0883091601193531],[-34.927173616804346,-8.0882396721190535],[-34.927188830410458,-8.0882457479253063],[-34.927268067124153,-8.0883062993558887],[-34.92731863768347,-8.0883475008942103],[-34.927368409189242,-8.0883896852877637],[-34.927551803031363,-8.0885396219377252],[-34.927709296171336,-8.0886683829532924],[-34.927888491866668,-8.0884508538145408],[-34.928080900124506,-8.0882264845606855],[-34.927757426911228,-8.087994734013618],[-34.927659520053346,-8.0879209712111724],[-34.927823387417639,-8.0876761252016696],[-34.927856793631591,-8.0876340536742397],[-34.927900244851806,-8.0876720097338808],[-34.928062369491741,-8.0874344459450267],[-34.928079493926802,-8.0874509156804226],[-34.928377201823153,-8.0877282418081169],[-34.928420141196881,-8.0877682415739436],[-34.928669671216916,-8.0874519601541124],[-34.928767317749156,-8.0873450221073053],[-34.928597577282019,-8.0870869877107197],[-34.928553455724277,-8.0871244205184603],[-34.92852840157471,-8.0871531051631731],[-34.928492639158954,-8.0871179751155911],[-34.928368460082069,-8.0869959929793787],[-34.928356601866668,-8.0869843441375266],[-34.928298432465674,-8.0869174111652402],[-34.928263915573119,-8.0868776943553549],[-34.928266599076025,-8.0868752488735147],[-34.92827795629595,-8.0868648944489046],[-34.928486002171397,-8.0866808355945725]]]},"properties":{"NMNOME":"Iraque / Rua do Rio","CDTIPO":"ZEIS","CDID":0,"CDSETOR":" ","ELINK":" ","NMLEI":" ","INDEXADOR":"45","PROPOSTA":"Ampliação Lei Complementar nº 02 de 24/04/2021","CRIAÇÃO":"LEI Nº 15.122 de 12/10/1988","COMUL":"Decreto nº 14.856 de 11/10/89","AREA_HA":18.769312840000001,"DB2GSE.ST_Area(SHAPE)":187693.12846639499,"DB2GSE.SdeLength(SHAPE)":4154.7358196971745,"OBJECTID":43,"ALTERACAO":"LUOS 16.176 de 09/04/96","BAIRRO":"AREIAS","MODIFICADO":1,"COMPAREID":49,"AJSTDO_A_V":""}},{"type":"Feature","id":44,"geometry":{"type":"Polygon","coordinates":[[[-34.877268589335635,-8.0447580086129822],[-34.877264207288249,-8.0447302253564743],[-34.877004111375783,-8.0443459961469408],[-34.87667634512129,-8.0445699558788757],[-34.876495820878304,-8.0442968840446305],[-34.876479157457588,-8.0443218297405927],[-34.876454395502066,-8.0443631067542594],[-34.876430151409473,-8.0444041707494272],[-34.876403531162865,-8.0444364452457027],[-34.876361990662538,-8.0444758705153507],[-34.876310605987946,-8.0445279879999028],[-34.876257064751215,-8.0445788288227291],[-34.876197103729147,-8.0446329365005873],[-34.876037189507876,-8.0447569218794399],[-34.87584450438635,-8.0445104871359661],[-34.875629991959343,-8.0441857985419389],[-34.875518591495876,-8.0440992250041781],[-34.875316289013107,-8.043945860502431],[-34.875756550868992,-8.0432601746225973],[-34.875807253037458,-8.0431884489381247],[-34.875852764141072,-8.0431240510608397],[-34.876031358215428,-8.0428854619714141],[-34.876116691093408,-8.0427753994993978],[-34.876127133013021,-8.042761921626262],[-34.876270565070897,-8.0425767879856291],[-34.876358376226463,-8.0424634332476224],[-34.876467431363622,-8.0423227549479588],[-34.87649286007354,-8.0422899886740709],[-34.876514547533361,-8.0422523827508705],[-34.876605088019922,-8.0421173509489101],[-34.876685624555414,-8.0419965580650796],[-34.876710679657684,-8.0419614555309238],[-34.876755440746471,-8.0418918173513916],[-34.876823822672741,-8.0417907899318521],[-34.87690994746103,-8.0416622876873394],[-34.876743484270634,-8.0413390922820316],[-34.876726164308749,-8.0413054752866753],[-34.876720650177823,-8.0413099982976028],[-34.876545613060159,-8.0414535754509053],[-34.876512621314831,-8.0414788597085991],[-34.876457376831567,-8.0415174452486564],[-34.876413623604662,-8.041549830518095],[-34.876380352244666,-8.0415734886939845],[-34.876343653211691,-8.0416013213134185],[-34.876314542014612,-8.0416215050720794],[-34.876297449266993,-8.0416333561351205],[-34.876209399352909,-8.0416983099469093],[-34.876104984994733,-8.0417749107702861],[-34.875890993026061,-8.0419296728870489],[-34.875686587370829,-8.04207824337578],[-34.875609482015818,-8.0421343277753561],[-34.874016064022328,-8.0432844100996306],[-34.873938804941055,-8.0431842961238971],[-34.87552105006025,-8.0420313539970127],[-34.875446517115499,-8.0419210614478587],[-34.875355676766638,-8.0417854747052306],[-34.875316699423756,-8.0417265390619086],[-34.875249746873273,-8.041625302417799],[-34.875165646557818,-8.0414988748569947],[-34.875105257342319,-8.0414096144602727],[-34.875085515508189,-8.0413771575131445],[-34.875061849085263,-8.0413427909689688],[-34.874964882360359,-8.0411972645036656],[-34.874888781560834,-8.0410830524949333],[-34.874855576005814,-8.0410231212540282],[-34.874823341814164,-8.0409649413084949],[-34.874744632352353,-8.0408228817711596],[-34.874729627172179,-8.0407947427868027],[-34.874620932468687,-8.040591186737764],[-34.874595406137708,-8.0405434771009237],[-34.874583598075048,-8.0405202055787761],[-34.874556979143549,-8.0404715968375093],[-34.874553399715033,-8.0404624819076709],[-34.874527718845776,-8.0404152873924879],[-34.874496865775868,-8.0403585892212703],[-34.874475181052617,-8.0403178234997892],[-34.874439862983316,-8.0402513535431428],[-34.874362403693482,-8.040105721545963],[-34.874329426125868,-8.0400436465018235],[-34.874291158227003,-8.039972215699537],[-34.874261261556477,-8.0399155773216417],[-34.874245670502582,-8.0399117382750038],[-34.874154560593169,-8.0398893031253955],[-34.873995099158662,-8.0398499794905796],[-34.873923723039063,-8.0398324041438425],[-34.873873323793525,-8.0398199768092606],[-34.873834002980686,-8.0398102111994998],[-34.873776470911388,-8.0397960805378013],[-34.873740923531827,-8.0397873102851474],[-34.873691160055834,-8.0397750608433967],[-34.873675813107496,-8.0397712432616082],[-34.873660209581146,-8.0397905714467193],[-34.873649319364468,-8.0397559964294434],[-34.87363885441448,-8.0397227719845468],[-34.873620245790512,-8.0396962586371465],[-34.873583968610284,-8.0397166195350014],[-34.873489158752456,-8.0397759828960478],[-34.873362317531601,-8.0398566723147464],[-34.873318173340273,-8.0398888936063972],[-34.873103421313729,-8.0401131684222893],[-34.872936959778606,-8.0402592184757538],[-34.872916599448807,-8.0402287161128498],[-34.872899215100304,-8.0401910732701811],[-34.872801157743048,-8.0399222888055828],[-34.872778334208036,-8.0398546984768569],[-34.872741716796192,-8.0397665216873726],[-34.872621559771915,-8.0395307203811548],[-34.872518794392541,-8.039284308045751],[-34.87247676340786,-8.0391855780653643],[-34.872454497000305,-8.0391462803503817],[-34.872449634773773,-8.0391377001247584],[-34.872464717344648,-8.0391267986294945],[-34.872556707168528,-8.0390603078809448],[-34.872622616420315,-8.0390126686467358],[-34.872655771293395,-8.0389887048166138],[-34.872758920415649,-8.0389134586360793],[-34.872787339054305,-8.0388901917371562],[-34.872797240577029,-8.0388820857756773],[-34.872858514334418,-8.0388159872153881],[-34.872900873241846,-8.0387702932966203],[-34.873038439816959,-8.038628403698457],[-34.873145640006186,-8.0385178344267985],[-34.873184051472485,-8.0384786995491879],[-34.873198018157566,-8.0384620323414921],[-34.873230730080508,-8.0384229966735177],[-34.873275418455997,-8.0383573832353541],[-34.873286789094486,-8.0383335946213457],[-34.87340002449745,-8.0380966626287123],[-34.873442827802776,-8.0380071013077306],[-34.87349794775799,-8.0379121298391993],[-34.873505826664761,-8.0378997124626714],[-34.87353028289435,-8.0378710544543761],[-34.873544730645584,-8.0378598014282403],[-34.873560025287688,-8.0378478890784884],[-34.873588891427531,-8.0378336121486935],[-34.873593838202844,-8.0378311657417054],[-34.873630336073234,-8.0378215697283117],[-34.873668025856446,-8.0378194920807982],[-34.873699026053743,-8.0378219599347727],[-34.87372283418901,-8.0378309573387074],[-34.873762815612615,-8.0378522886742143],[-34.873957225010635,-8.0379860034169113],[-34.874077562611134,-8.0380603789518794],[-34.874140667302846,-8.038099381826397],[-34.874342156032945,-8.0381997936961245],[-34.874435179968415,-8.0382428884568764],[-34.875159872219037,-8.0385786141911026],[-34.87554507272872,-8.0387570629660665],[-34.875998747482534,-8.0389672340248826],[-34.87620337044558,-8.0390651903428871],[-34.876477845077211,-8.0391965851525438],[-34.876818497958929,-8.0393596603444166],[-34.877097064996931,-8.0394877704033227],[-34.877297808356182,-8.0395800914454725],[-34.877478748587357,-8.0396633038058294],[-34.877660717857374,-8.0397469905311247],[-34.878171177453922,-8.0399821755344139],[-34.878225185207945,-8.0400070585469905],[-34.87882145342828,-8.0402918442895768],[-34.878981459408834,-8.0403567995946137],[-34.879153479268801,-8.0404335234723323],[-34.879595804212521,-8.0406354222416052],[-34.880150279320191,-8.0408950563078019],[-34.880512972862697,-8.0410621187674813],[-34.880695511257152,-8.0411450816047036],[-34.880828041477393,-8.041204850349807],[-34.881129062979255,-8.0413522043477972],[-34.88152871817141,-8.0415432354428287],[-34.882072613772181,-8.0417950737029571],[-34.88235884167274,-8.0419280589100044],[-34.882666513400707,-8.0420710062033613],[-34.882926280811468,-8.0421932153180169],[-34.882979946033373,-8.042218462581042],[-34.8829955592159,-8.0422258957816073],[-34.882531076024414,-8.0425474802047763],[-34.88246725414205,-8.0425068576183545],[-34.881905730968256,-8.0422559480492097],[-34.881880679526624,-8.0422539725909399],[-34.881817072036554,-8.0422515562905641],[-34.881797597998137,-8.0422778693037742],[-34.881726649496088,-8.0424272747079559],[-34.88165424597328,-8.0425851290917372],[-34.881603712429815,-8.0426805622152404],[-34.881562934694891,-8.0427575706620029],[-34.881442610313442,-8.0430015223975246],[-34.881347531433249,-8.0431945346148641],[-34.881295752541611,-8.0432996462081565],[-34.881191000411363,-8.0434833843581934],[-34.881151013971952,-8.0435425914152336],[-34.881129179877185,-8.0435677751820709],[-34.881122785068044,-8.0435847026698077],[-34.881117276294049,-8.0435933302429348],[-34.881108693856291,-8.0436038153182459],[-34.881096120153735,-8.0436180055218056],[-34.881067898065702,-8.0436476295633703],[-34.881030781397023,-8.0436871262364491],[-34.880977081725646,-8.0437402166974827],[-34.88092794528859,-8.0437800758071134],[-34.880843470791355,-8.0438440603633214],[-34.880790300054905,-8.0438781002811606],[-34.880767850289125,-8.0438895701232749],[-34.880725739599058,-8.0439155709116434],[-34.880630780697402,-8.0439786821939876],[-34.880496898127326,-8.0440639761636614],[-34.880425032524727,-8.0441104062162587],[-34.880367300551889,-8.0441477054041286],[-34.880284976668989,-8.0442008925228681],[-34.880206402962351,-8.0442555352090483],[-34.880189962487968,-8.0442744777804336],[-34.880084079946087,-8.0443520491589844],[-34.880162864905586,-8.0444550178235925],[-34.880250468096506,-8.0445844700533193],[-34.88028870403447,-8.0446370228591491],[-34.880326129560238,-8.0446875198706369],[-34.880420187519348,-8.0448216762560474],[-34.880355841626816,-8.0448805437052417],[-34.880315492785662,-8.0449156902445278],[-34.880262229892601,-8.0449579161173013],[-34.880247357376192,-8.044969500422642],[-34.879949828291949,-8.0452012618542472],[-34.879689085698246,-8.0454043679946103],[-34.878872346058834,-8.0460405665893298],[-34.878752777765435,-8.0461337036267526],[-34.878727677526584,-8.0461532906307163],[-34.878652890172035,-8.046211651490859],[-34.878507573093017,-8.0460951761892812],[-34.878506735248841,-8.0460962251430654],[-34.878304839999501,-8.0459367762629181],[-34.878047372973874,-8.0457334386750574],[-34.878040587848076,-8.0457280795666488],[-34.877836551333395,-8.0459307436959744],[-34.877643169997164,-8.0461268903182344],[-34.877635251100742,-8.0461380992004052],[-34.877631808033321,-8.0461477976826004],[-34.877629376679103,-8.0461607182121604],[-34.87762542878064,-8.0461689299775063],[-34.87762122891391,-8.0461763970262492],[-34.877617274155952,-8.0461831188931878],[-34.877610844611148,-8.0461933273758266],[-34.877593002803749,-8.0462135185061623],[-34.877574817739173,-8.0462367796657883],[-34.877484657758608,-8.0463226975143467],[-34.877137030667015,-8.0466461238113141],[-34.876974185478552,-8.0467527854435925],[-34.87689452943075,-8.0468123336878339],[-34.876621254141398,-8.046419270365444],[-34.877056545591131,-8.0460919602224035],[-34.876856051816098,-8.0458106136790608],[-34.877501849406535,-8.0453123813205867],[-34.877408781369368,-8.0452410135918964],[-34.877011352493547,-8.0449255414491638],[-34.877025841416817,-8.0449151361116691],[-34.877067118470151,-8.0448854905560712],[-34.877268589335635,-8.0447580086129822]]]},"properties":{"NMNOME":"Santo Amaro","CDTIPO":"ZEIS","CDID":0,"CDSETOR":" ","ELINK":" ","NMLEI":" ","INDEXADOR":"47","PROPOSTA":"Ampliação Lei Complementar nº 02 de 24/04/2021","CRIAÇÃO":"LUOS 14.511 de 17/01/1983","COMUL":" ","AREA_HA":42.929639420000001,"DB2GSE.ST_Area(SHAPE)":429296.39428297,"DB2GSE.SdeLength(SHAPE)":4585.5533985122192,"OBJECTID":44,"ALTERACAO":"LUOS 16.176 de 09/04/96  - LM 15.098 de 12/07/88","BAIRRO":"SANTO AMARO","MODIFICADO":1,"COMPAREID":51,"AJSTDO_A_V":""}},{"type":"Feature","id":45,"geometry":{"type":"Polygon","coordinates":[[[-34.919102669937615,-8.0959163697202357],[-34.919670597929532,-8.095714204039858],[-34.919959526903881,-8.0965679791213336],[-34.919887963831641,-8.0966616040010955],[-34.919993374279102,-8.0968728000478336],[-34.91993264570516,-8.096973548584911],[-34.919947471700141,-8.0970631796768],[-34.919994819230027,-8.0971777734302055],[-34.920074042306311,-8.0971809879404244],[-34.920254207202653,-8.0970796709833586],[-34.920385997614517,-8.0970288039820293],[-34.920584917183035,-8.0970758299066574],[-34.920705069690612,-8.097121289112529],[-34.920798686368983,-8.0970514925693102],[-34.920993580997212,-8.0970951081299649],[-34.921374230386604,-8.0972789192600061],[-34.921674378372238,-8.0975573690491949],[-34.921721871679537,-8.0976233975315211],[-34.921909883069866,-8.0975715917074371],[-34.922079602012467,-8.0979450735715712],[-34.922316013386073,-8.0984501775949074],[-34.922756994495003,-8.0991329410848216],[-34.922992804505938,-8.0994114105417694],[-34.923721155765328,-8.1004448451024871],[-34.923613495151301,-8.1006210547813069],[-34.923536704559027,-8.1007700875185407],[-34.923442993416977,-8.1009443744604379],[-34.923312144959205,-8.1010796709236814],[-34.923078923305901,-8.1011936098698047],[-34.922882381957955,-8.1013401352298651],[-34.922638669859801,-8.1015524027600616],[-34.92253719514018,-8.1017203200604175],[-34.922430365955861,-8.1020137522775197],[-34.922428980123826,-8.1020191750266708],[-34.922419256160865,-8.102266872390949],[-34.922411411961349,-8.1025380872130821],[-34.92251474071,-8.1027608519136916],[-34.922589196430842,-8.1030565520248157],[-34.9225755082864,-8.1032507486918384],[-34.922480597497987,-8.1037753531552017],[-34.922475955210338,-8.1040378223649352],[-34.922244039166877,-8.1041986197034035],[-34.921683723430633,-8.1043210400435495],[-34.921280533710181,-8.1044335041289859],[-34.921099371998629,-8.1044422765352735],[-34.920422874735259,-8.1043547659392647],[-34.920176009310723,-8.1043896167577909],[-34.920033648649202,-8.1043453699594661],[-34.919452846822999,-8.104331693576146],[-34.918934445713909,-8.1043168583550997],[-34.918260712843335,-8.1042638832960172],[-34.917863763410764,-8.1042709329692482],[-34.917593442952487,-8.1042946632580186],[-34.91742313799238,-8.1043896168424752],[-34.917114099818924,-8.104657116519224],[-34.916796156006683,-8.1048745575506906],[-34.916491480585691,-8.1051801878151046],[-34.916432225074324,-8.10526497266377],[-34.916365202528723,-8.1053649732205937],[-34.915842172711621,-8.105503507610182],[-34.915774191879329,-8.1055421466946065],[-34.915670012408881,-8.1055869552521447],[-34.915585701581811,-8.1056013346111495],[-34.915048954327062,-8.1057128531969074],[-34.915049148870594,-8.1056997072161021],[-34.914698658982644,-8.1057638751153949],[-34.914696121352435,-8.1057644059676921],[-34.914670796770771,-8.1056128259427549],[-34.914651839975932,-8.1054783525065197],[-34.914557289469883,-8.1054879086637701],[-34.91432627160043,-8.1054888002096757],[-34.914287907469024,-8.105309649586582],[-34.9142579212158,-8.1051696172797492],[-34.914231094678748,-8.1050443443218665],[-34.914202688321879,-8.1049116907747756],[-34.914174281997646,-8.1047790381245921],[-34.914145875697493,-8.1046463845632477],[-34.914117469429989,-8.1045137318988143],[-34.914088182830646,-8.104376968066326],[-34.914076865561015,-8.1043546944650604],[-34.9133797131066,-8.1044425982666244],[-34.913145710585127,-8.1032004203474557],[-34.912375242778829,-8.1034207705504766],[-34.912223420695518,-8.1028781980865929],[-34.912126529672427,-8.1025312839702472],[-34.912168097807076,-8.1025034056992169],[-34.911924624185282,-8.1014424872191455],[-34.912003594354779,-8.1014295522997344],[-34.912302495232836,-8.1013628385321308],[-34.912520208102904,-8.1013062420816375],[-34.912635667247066,-8.1012743476766325],[-34.912612903877388,-8.1011816866402544],[-34.912641966600738,-8.1011755762887159],[-34.912531585309026,-8.1003345036236531],[-34.912684608182431,-8.1003305314288152],[-34.913084662712272,-8.0997319696102306],[-34.913406433502296,-8.0997014787852279],[-34.917659633660357,-8.0987309735620343],[-34.918565229031564,-8.0984924489977672],[-34.918664317727121,-8.098469225064461],[-34.918686006716641,-8.0984160230482498],[-34.918771300156003,-8.098400116350069],[-34.91902070436339,-8.098353602803261],[-34.919102813668573,-8.0983382896181446],[-34.919176486712573,-8.0983043065711939],[-34.919312376591542,-8.0982416243317896],[-34.919364043882837,-8.0982282407392319],[-34.919451865856672,-8.098167595436891],[-34.919484114587064,-8.0981351506732686],[-34.919513908145767,-8.0980907585489312],[-34.91957731489439,-8.0980486004163534],[-34.919671996820419,-8.0980218431485991],[-34.919746589416917,-8.0980609598167934],[-34.919795940737053,-8.0980918236473158],[-34.919849288167079,-8.09807807860747],[-34.919656823019878,-8.0975208300704455],[-34.919102669937615,-8.0959163697202357]]]},"properties":{"NMNOME":"Sítio Grande / Dancing Days","CDTIPO":"ZEIS","CDID":0,"CDSETOR":" ","ELINK":" ","NMLEI":" ","INDEXADOR":"48","PROPOSTA":"Ampliação Lei Complementar nº 02 de 24/04/2021","CRIAÇÃO":"LEI Nº 15.767 de 21/05/1993","COMUL":"Decreto nº 16.920 de 10/03/94","AREA_HA":76.626682779999996,"DB2GSE.ST_Area(SHAPE)":766266.82782173005,"DB2GSE.SdeLength(SHAPE)":4289.1287278673854,"OBJECTID":45,"ALTERACAO":"LUOS 16.176 de 09/04/96","BAIRRO":" ","MODIFICADO":1,"COMPAREID":52,"AJSTDO_A_V":""}},{"type":"Feature","id":46,"geometry":{"type":"Polygon","coordinates":[[[-34.952815665177205,-8.0446101137064474],[-34.951805518938912,-8.0451113145809163],[-34.951764498461195,-8.0451316670874],[-34.951733800415809,-8.044663020943803],[-34.951705250346656,-8.0442271543070785],[-34.95156218920706,-8.0433717207844211],[-34.951499641947628,-8.0433825374901744],[-34.951011429091423,-8.0434846783397926],[-34.950921235582001,-8.0435029418492991],[-34.950876292108632,-8.0432984928232933],[-34.950842876598436,-8.0431464806649515],[-34.950824856833158,-8.0430697159911677],[-34.950857698856154,-8.043064050727331],[-34.950861475352283,-8.0430633990516842],[-34.950828401755871,-8.0429297699481008],[-34.950794323749591,-8.0427920828222721],[-34.950701637670619,-8.0424175996210501],[-34.950696465522562,-8.0423947816434538],[-34.951135650393226,-8.0422983329905513],[-34.951214079853202,-8.0422811089867139],[-34.951406512377027,-8.0422388491214107],[-34.951408665904381,-8.042254070258835],[-34.951443805806136,-8.0425024391364719],[-34.951513535126601,-8.0424945301106661],[-34.951965648705794,-8.0424163179505719],[-34.951952518242699,-8.0423863063648415],[-34.951942528790092,-8.0423170379331488],[-34.951938259266562,-8.042284400471793],[-34.951937460916078,-8.0422782992443249],[-34.951936979254505,-8.0422769662576474],[-34.951914194066369,-8.0422139034329163],[-34.951895017877781,-8.0421589752359832],[-34.951878381707253,-8.042111319767951],[-34.951877165039065,-8.0421078359326454],[-34.951853658926716,-8.0420085857604082],[-34.951853107191347,-8.0420062559438357],[-34.95145061716218,-8.0420629219419304],[-34.951384129681195,-8.0420700805489336],[-34.951369150666132,-8.0419586864390951],[-34.951355743184642,-8.0418589750812011],[-34.951321828605735,-8.0416067545301892],[-34.951258822771507,-8.0416193072771289],[-34.951111568628569,-8.0416505273631653],[-34.950848731604538,-8.04170625269259],[-34.950736937197938,-8.0417299552499006],[-34.950621527196283,-8.0417519192914284],[-34.950480894890163,-8.0417800502412788],[-34.950243578312765,-8.0418286594257733],[-34.950013914948599,-8.0418757006973731],[-34.949587943204492,-8.0419629518024891],[-34.949575477357151,-8.0419655052371066],[-34.949678280571135,-8.0419070669550798],[-34.949805241331845,-8.0418348954166756],[-34.949951195267182,-8.0417558858783345],[-34.950141760369796,-8.0416527280574019],[-34.950244756723386,-8.0415969728678682],[-34.95049623806166,-8.0414608380792814],[-34.9507016352294,-8.0413496504078381],[-34.951032954100633,-8.0411702979863104],[-34.951172357544735,-8.0410948341659747],[-34.951260962058704,-8.0410467348042651],[-34.951728447393499,-8.0407925093372263],[-34.951733330325752,-8.0408026439991716],[-34.951904034950616,-8.0411390574316997],[-34.952518640961301,-8.040816624266558],[-34.952539230465398,-8.0408054301493781],[-34.952630757364787,-8.0409736764471731],[-34.952692781318525,-8.0410876891349261],[-34.952761709588671,-8.0412143952309236],[-34.952846937293273,-8.0413710616289382],[-34.952878411445674,-8.0414289164529915],[-34.952882147721638,-8.0414357857077228],[-34.952726398857266,-8.0415148119569189],[-34.952414767629108,-8.0416944852049639],[-34.95255745009954,-8.0419500514545259],[-34.952561802319018,-8.0419476467972615],[-34.952562955306391,-8.041950521605326],[-34.952848554182538,-8.0417934546875642],[-34.952994672228215,-8.0417130954955667],[-34.95302417916924,-8.0416968686176435],[-34.953282585308351,-8.042195688059989],[-34.953115104919981,-8.0422887703396189],[-34.953018941410832,-8.0423423918017427],[-34.952959167009666,-8.0423757215963043],[-34.952858929964165,-8.0424316152808544],[-34.952671497648616,-8.0425361281160708],[-34.952528197951366,-8.0426160327015364],[-34.952469730609224,-8.0426582954317638],[-34.952398910850555,-8.0427006575590045],[-34.952259099310879,-8.0427776841894278],[-34.952163565248235,-8.0428262344309758],[-34.952004338811726,-8.0428729809568491],[-34.951868218614962,-8.0429010656906286],[-34.951844356131964,-8.0429055646247107],[-34.951902479997919,-8.0429879000938875],[-34.952035264662996,-8.0432118683053737],[-34.95210885897157,-8.0433364711712461],[-34.952133479158199,-8.0433805646872774],[-34.952161036798159,-8.0434340445040249],[-34.952177980966717,-8.0434594146516432],[-34.952241349353237,-8.0435718632748365],[-34.952347526703065,-8.0437678094187408],[-34.952363047389873,-8.0437970818522686],[-34.952815665177205,-8.0446101137064474]]]},"properties":{"NMNOME":"Sítio Wanderley","CDTIPO":"ZEIS","CDID":0,"CDSETOR":" ","ELINK":" ","NMLEI":" ","INDEXADOR":"49","PROPOSTA":" ","CRIAÇÃO":"LEI Nº 16.102 de 21/10/1995","COMUL":" ","AREA_HA":6.4545054799999999,"DB2GSE.ST_Area(SHAPE)":64545.054869129999,"DB2GSE.SdeLength(SHAPE)":2122.1243585966963,"OBJECTID":46,"ALTERACAO":"LUOS 16.176 de 09/04/96","BAIRRO":" ","MODIFICADO":0,"COMPAREID":53,"AJSTDO_A_V":""}},{"type":"Feature","id":47,"geometry":{"type":"Polygon","coordinates":[[[-34.915514928227708,-8.0545575160105845],[-34.915442276708234,-8.0543283134349934],[-34.915485435975555,-8.0543197393293724],[-34.915476777967484,-8.0542647638449196],[-34.915704508153176,-8.0542333616290804],[-34.915622120247342,-8.0539634891385461],[-34.915964463584416,-8.0538637331491305],[-34.916133887062578,-8.0544758463391073],[-34.916159856994788,-8.0545580671370036],[-34.916245072453073,-8.0548278638106172],[-34.916310903464911,-8.055043600314173],[-34.916435595463064,-8.055461511403978],[-34.916453158102065,-8.0555206518228495],[-34.916566613698222,-8.0554841832486908],[-34.916844224624882,-8.0553949501588509],[-34.916983083554797,-8.0553466732032977],[-34.917007201431083,-8.0553382882816074],[-34.917145795650278,-8.0552888987110958],[-34.917175437354786,-8.0552783353827309],[-34.917193344809242,-8.0552719539598581],[-34.917238573405484,-8.0553979623928722],[-34.917315430151739,-8.0556272812143561],[-34.917384713752611,-8.0557914560751787],[-34.917453100074944,-8.055985639151702],[-34.917498319134708,-8.0561095781596492],[-34.917547773551483,-8.0562510849911799],[-34.91765718867034,-8.0565609489624155],[-34.917680360956219,-8.0566322272048456],[-34.91784849568716,-8.0571525001339843],[-34.917717842002325,-8.0571904101993628],[-34.917613156159305,-8.0572207854563338],[-34.917516887382796,-8.0572489045612645],[-34.917398467774959,-8.0572845721993644],[-34.917288847974241,-8.0573175886258426],[-34.917185065122105,-8.0573488473552377],[-34.91701196412393,-8.0574009840650511],[-34.9169109438999,-8.0574314098315387],[-34.916744132682574,-8.0574816519525037],[-34.916651188523275,-8.0575096459463786],[-34.916469079150573,-8.0575644951757095],[-34.916425886955004,-8.0575775049478597],[-34.916304031850267,-8.0576133420628313],[-34.916119679476076,-8.0576653728268859],[-34.915883868403604,-8.0577319291139045],[-34.915779242608437,-8.0577614583841779],[-34.915617395808255,-8.0578071385082826],[-34.915364152594265,-8.0578786136347169],[-34.915178912553195,-8.0579315648979115],[-34.914966699128982,-8.0579939250182875],[-34.914943269721995,-8.0580008104222749],[-34.914772276211202,-8.0580510569186998],[-34.914584451328928,-8.0581062512523882],[-34.914445627538107,-8.0581470445638352],[-34.914269083400221,-8.0581996076991267],[-34.914250790662955,-8.0581227183430215],[-34.91420224131879,-8.0578669772123117],[-34.914355118376243,-8.0578219018193273],[-34.914359085009259,-8.0578207324225524],[-34.914346790848754,-8.0577679635283701],[-34.914343898451456,-8.0577454504567765],[-34.914316173899493,-8.0576237996994546],[-34.914283805297075,-8.0574769119578793],[-34.914253348994109,-8.0573516658194251],[-34.914240415323839,-8.0572957971505037],[-34.914233013109737,-8.057261553195076],[-34.914207874226307,-8.057167966973676],[-34.914206179157851,-8.0571608843082814],[-34.914201946800347,-8.0571439221171701],[-34.914178444160434,-8.0570497234316267],[-34.91415127453957,-8.0569471060334887],[-34.914125327033425,-8.0568422263789312],[-34.914124505013767,-8.0568389023541442],[-34.914124365395871,-8.0568383388695466],[-34.914098626349926,-8.0567359281413911],[-34.914089637320671,-8.0567002568344392],[-34.914067082187614,-8.0566200486285613],[-34.914029003474255,-8.0564136502885439],[-34.914018514335403,-8.0563697183061471],[-34.914011050524671,-8.0563327787033856],[-34.913515018867891,-8.0564506423890414],[-34.913076863176613,-8.0565489771088501],[-34.912924390645145,-8.0565862787163418],[-34.912674260429824,-8.0566334227511067],[-34.912671392645791,-8.0566263645284248],[-34.912646309408458,-8.0565646298937796],[-34.912646771375904,-8.0565646855990316],[-34.912687885249461,-8.0564614041284734],[-34.912720201023255,-8.0564044220179341],[-34.912754326385766,-8.0563474323694013],[-34.912798259400837,-8.056258823386532],[-34.912846177484994,-8.056178963439331],[-34.912882377018356,-8.056153587416107],[-34.91290898984284,-8.0561234374451498],[-34.912922675665499,-8.0561079330664089],[-34.912846062515257,-8.0560136709805885],[-34.912849066100577,-8.056007346592482],[-34.912912417225847,-8.0559201396384932],[-34.912960343023109,-8.0558492723934361],[-34.912961080164791,-8.0558329804086029],[-34.912961696509932,-8.0558193595964624],[-34.912910251534754,-8.0557118141961599],[-34.912878008066137,-8.0556532166264905],[-34.91280417212527,-8.0555055546796765],[-34.912768705076338,-8.0554307622355132],[-34.912776425855171,-8.0554272211610201],[-34.912899019801038,-8.055358079571203],[-34.912883618670008,-8.0553293406541435],[-34.912821606971498,-8.0552136292670937],[-34.912872142897562,-8.0551793771789963],[-34.913057159568915,-8.0552398938412964],[-34.913167277889919,-8.0552454084364662],[-34.913180480589304,-8.0552369390353604],[-34.913183689265281,-8.0552441556843224],[-34.913200075714244,-8.0552372092446856],[-34.913296725268566,-8.055246882960077],[-34.91333491168934,-8.0552465239846889],[-34.913334090506815,-8.0552261872527247],[-34.913367934917261,-8.0552283790113659],[-34.913377311031674,-8.0552161312889634],[-34.913486699862091,-8.0551957314628737],[-34.913586662887184,-8.0551770029101366],[-34.91374377634812,-8.0551472348028401],[-34.91398490057508,-8.0550901903802661],[-34.914064970124819,-8.0552357038129418],[-34.915054913401562,-8.0550049982504568],[-34.915208996164232,-8.0549690889033236],[-34.915179600810454,-8.054848188245245],[-34.915178564852624,-8.0548439277077559],[-34.915142705833766,-8.054779209565055],[-34.915450752916747,-8.0546936314916984],[-34.915397849817879,-8.0545636897125394],[-34.915474425432812,-8.0545600376653077],[-34.915514928227708,-8.0545575160105845]]]},"properties":{"NMNOME":"Sítio do Berardo","CDTIPO":"ZEIS","CDID":0,"CDSETOR":" ","ELINK":" ","NMLEI":" ","INDEXADOR":"50","PROPOSTA":"Ampliação Lei Complementar nº 02 de 24/04/2021","CRIAÇÃO":"LUOS 14.511 de 17/01/1983","COMUL":"Decreto nº 14.473 de 09/11/88","AREA_HA":13.5108234,"DB2GSE.ST_Area(SHAPE)":135108.23403769499,"DB2GSE.SdeLength(SHAPE)":1977.2503390403972,"OBJECTID":47,"ALTERACAO":"LUOS 16.176 de 09/04/96","BAIRRO":"PRADO","MODIFICADO":1,"COMPAREID":54,"AJSTDO_A_V":""}},{"type":"Feature","id":48,"geometry":{"type":"Polygon","coordinates":[[[-34.961744041896189,-8.0938448599372741],[-34.961598191543239,-8.0937034975107505],[-34.961502779619536,-8.093537832546966],[-34.961376388826707,-8.0932590837084533],[-34.96165033981589,-8.0929242050324106],[-34.961695431546261,-8.0929638709246046],[-34.961805221356805,-8.0930312664612707],[-34.961875681397792,-8.0930803272267866],[-34.961929478832332,-8.0931006518267878],[-34.962084377609223,-8.0930999073371392],[-34.962144360712522,-8.0931181436784794],[-34.962262576311709,-8.0931184767673088],[-34.962352018819871,-8.0931245350970222],[-34.962426230319927,-8.0931311303991524],[-34.962487144528815,-8.0931173972207358],[-34.962512348509954,-8.0931155231218259],[-34.962569396509828,-8.0931508941838768],[-34.96261905659798,-8.0931877291360728],[-34.962634765281329,-8.0932095991401081],[-34.962643172721236,-8.0932504628337583],[-34.962648332637833,-8.0932885233494893],[-34.962658911573094,-8.0932973022278123],[-34.962664519367948,-8.0933019563755586],[-34.962703755980158,-8.0933083409850575],[-34.962744778099172,-8.0933052218919457],[-34.962777722788729,-8.0932984911273937],[-34.962798873106863,-8.0932775757583961],[-34.962820382826145,-8.0932551977349583],[-34.962843791195802,-8.0932466866633046],[-34.962879305603316,-8.0932410383258944],[-34.96291003041172,-8.0932406573421165],[-34.962927302226916,-8.0932404422990434],[-34.962965041101,-8.0932402608248228],[-34.962989640829917,-8.0932507324329475],[-34.963012093880188,-8.0932718033603948],[-34.963037130806619,-8.0932968785015085],[-34.963059620990229,-8.0933256172973458],[-34.96306299262978,-8.0933409380886534],[-34.963055363859183,-8.093354484720269],[-34.963027315063634,-8.0933885788924762],[-34.963003202030464,-8.0934029361624411],[-34.962972877485591,-8.0934209747115116],[-34.962935951105493,-8.0934375840800961],[-34.962915184945039,-8.0934621490190395],[-34.962904677402491,-8.0934866655308131],[-34.962903378833253,-8.0935056827931202],[-34.962902282695822,-8.0935217311248202],[-34.96291751675696,-8.0935654765956855],[-34.962923572185105,-8.0936052495624597],[-34.962945396617755,-8.0936478676444406],[-34.962972341977512,-8.0936886349406212],[-34.963035413129703,-8.0937745081495986],[-34.963061347488612,-8.0938335382498643],[-34.963087667787867,-8.0938965840353791],[-34.963107254588706,-8.0939287630868417],[-34.963124233481842,-8.0939566586908516],[-34.963158552582016,-8.0940068847075164],[-34.963164221210526,-8.0940426419784917],[-34.963164373287334,-8.0940740448140946],[-34.96315839245527,-8.0941392221725703],[-34.96316009275089,-8.0941737527652791],[-34.963171648005357,-8.0942142288253169],[-34.963202706894215,-8.0942721394661259],[-34.963242629255909,-8.0943446131054415],[-34.96328000167972,-8.0943914315589147],[-34.963317482635766,-8.0944421142466929],[-34.963358450548768,-8.0945032624739426],[-34.963368052286036,-8.0945189185187996],[-34.963427584874658,-8.0945929847257254],[-34.963481070180343,-8.0946370270829995],[-34.963529779494266,-8.0946992563341276],[-34.963575410810876,-8.0947399345642701],[-34.963631264537398,-8.0947728946528024],[-34.963664294217367,-8.0947836908661355],[-34.963694326623376,-8.0947809897505518],[-34.963736761698627,-8.094766909502134],[-34.963787940880245,-8.0947425634153145],[-34.963840912614543,-8.0947101754201558],[-34.963914782288214,-8.0946802416721741],[-34.963986908027685,-8.0946685751509992],[-34.964035246493907,-8.0946628649774048],[-34.964120907154054,-8.0946602595595465],[-34.964231070967195,-8.0946397501678859],[-34.964294146120501,-8.094636508483525],[-34.964351417011514,-8.0946520987016193],[-34.964407565600986,-8.0946794467972385],[-34.964451294059998,-8.0946992155493689],[-34.964507471138738,-8.0947324397330043],[-34.964522274516995,-8.0947452962110304],[-34.964579081107175,-8.0947867440903138],[-34.964668453106526,-8.0948562402512607],[-34.964705129735698,-8.0948807439080213],[-34.964763055805086,-8.0949098462569662],[-34.964858227308127,-8.0949593361276957],[-34.964901378482956,-8.094981458094539],[-34.965087228176252,-8.0950927235276797],[-34.964265825041721,-8.0973714001698518],[-34.962919108956719,-8.0972190211871755],[-34.963097439510811,-8.0975041113000756],[-34.963220376923331,-8.0977316998118827],[-34.963290386857899,-8.0979068800445173],[-34.963260143998653,-8.0982507407372175],[-34.962894536564072,-8.0995310338309228],[-34.960718209239921,-8.0989154656417011],[-34.960686518806597,-8.0986466844140512],[-34.960661851398818,-8.0978940086956808],[-34.960566770878081,-8.0971760943790692],[-34.960524363215463,-8.0967916692328963],[-34.960835111112274,-8.0967677269363207],[-34.961327915182714,-8.0968147469928855],[-34.961367082921363,-8.0968400010843951],[-34.96147070866656,-8.0968409991378874],[-34.961548768887219,-8.0968346373393683],[-34.961667383146739,-8.0968295776481138],[-34.961833965541196,-8.0968063276637849],[-34.962014151051271,-8.0968009718343588],[-34.96221106456764,-8.0968389365565212],[-34.962280580167892,-8.0966186009091441],[-34.962358917792308,-8.0963593112232903],[-34.96231706670806,-8.0960901235269098],[-34.96226073393629,-8.0959876676315421],[-34.962128824173647,-8.0958303257125621],[-34.961901703324749,-8.0955982399222712],[-34.961679676007869,-8.0953359047326945],[-34.961488734158451,-8.0950668267959927],[-34.961509644663757,-8.0949565836330084],[-34.961578465341056,-8.0945925770509817],[-34.961706608727603,-8.094074135011228],[-34.961744041896189,-8.0938448599372741]]]},"properties":{"NMNOME":"Tejipió","CDTIPO":"ZEIS","CDID":0,"CDSETOR":" ","ELINK":" ","NMLEI":" ","INDEXADOR":"51","PROPOSTA":" ","CRIAÇÃO":"LUOS 14.511 de 17/01/1983","COMUL":" ","AREA_HA":18.303350640000001,"DB2GSE.ST_Area(SHAPE)":183033.50646336001,"DB2GSE.SdeLength(SHAPE)":2410.1410912994074,"OBJECTID":48,"ALTERACAO":"LUOS 16.176 de 09/04/96","BAIRRO":"TEJIPIÓ","MODIFICADO":0,"COMPAREID":55,"AJSTDO_A_V":""}},{"type":"Feature","id":49,"geometry":{"type":"Polygon","coordinates":[[[-34.902879892626409,-8.0305976352645203],[-34.902876701672803,-8.0305939306767087],[-34.902875799245088,-8.0305945297306476],[-34.902705183531694,-8.0304512669596946],[-34.90270451932318,-8.0304506263332307],[-34.902582445318437,-8.030332889612728],[-34.902581859412116,-8.0303323128128561],[-34.902467105089443,-8.0303509313480248],[-34.902359292000924,-8.0304113853144372],[-34.902263113674955,-8.0304300128140635],[-34.902164991707046,-8.0304299639242434],[-34.902121675419366,-8.0304299427393762],[-34.90202741436498,-8.0304249550988516],[-34.90198602741517,-8.0304039053050751],[-34.901979138529832,-8.0304004013339547],[-34.901977769110871,-8.0303965463748295],[-34.901936883822181,-8.0304425510820003],[-34.901860685704342,-8.0303230361166573],[-34.901801261944115,-8.0301861052771955],[-34.901796204976733,-8.030169675450388],[-34.90175948350096,-8.0301754522829629],[-34.901747650335501,-8.0301189202156973],[-34.901705012588224,-8.0299152237645934],[-34.901686863154694,-8.0299199546009365],[-34.901650763766384,-8.0298015307280686],[-34.901652423347883,-8.0297609247921677],[-34.901648028363475,-8.0297099572482651],[-34.901696131747059,-8.0296733016698241],[-34.902274991281061,-8.0292961189110965],[-34.902279044795499,-8.0293019657853684],[-34.902294801358472,-8.0293246927125956],[-34.902378893311699,-8.0294459846795903],[-34.90249686722116,-8.0296161450190908],[-34.902694685629712,-8.0298664589426281],[-34.902769983758397,-8.0299636997505122],[-34.902927335416742,-8.0301700042327155],[-34.903023939239368,-8.0302828989421808],[-34.903050256907321,-8.0303066989129039],[-34.903182132953063,-8.0302235687427341],[-34.903199442296163,-8.0302534703729922],[-34.903236084882323,-8.030319376691045],[-34.903254020177606,-8.0303516350468627],[-34.903271884961434,-8.0304104291242631],[-34.903291088159158,-8.0304510325164813],[-34.903362696187671,-8.0306480517811867],[-34.903455753316926,-8.0308527585185079],[-34.903444767437783,-8.0308586189208846],[-34.903278825557962,-8.0309471296676893],[-34.903248255146394,-8.0309070553269333],[-34.903075399554609,-8.0307674573927397],[-34.902969583243006,-8.0306756810630269],[-34.902914929735104,-8.0306282803102178],[-34.902879892626409,-8.0305976352645203]]]},"properties":{"NMNOME":"Tamarineira","CDTIPO":"ZEIS","CDID":0,"CDSETOR":" ","ELINK":" ","NMLEI":" ","INDEXADOR":"52","PROPOSTA":" ","CRIAÇÃO":"LEI Nº 16.090 de 03/10/1995","COMUL":" ","AREA_HA":1.44295167,"DB2GSE.ST_Area(SHAPE)":14429.516722460001,"DB2GSE.SdeLength(SHAPE)":611.96838032008236,"OBJECTID":49,"ALTERACAO":"LUOS 16.176 de 09/04/96","BAIRRO":"TAMARINEIRA","MODIFICADO":0,"COMPAREID":56,"AJSTDO_A_V":""}},{"type":"Feature","id":50,"geometry":{"type":"MultiPolygon","coordinates":[[[[-34.936193086511921,-8.0519093115869627],[-34.93630436191593,-8.0515066299261466],[-34.93639657219731,-8.0511823301998913],[-34.936455382900256,-8.0509754971966139],[-34.936550577175431,-8.0506236884226539],[-34.936581901095558,-8.0505059919343207],[-34.936616949117088,-8.0503743021081355],[-34.936656276137079,-8.0502457553709323],[-34.936697110832355,-8.0501122789482604],[-34.936736110916847,-8.0499848014438147],[-34.937031586238234,-8.0503592370771475],[-34.937170662444274,-8.0505357306429968],[-34.937277524849101,-8.0506697193884325],[-34.937286304236125,-8.0506763923392572],[-34.938312779258951,-8.0521058637187934],[-34.938335743834983,-8.0520783190294942],[-34.938344363282106,-8.0520744306564129],[-34.938554716419162,-8.0520140404704748],[-34.938781576286516,-8.0519489108891111],[-34.938825815649494,-8.0519659240134409],[-34.938877775997334,-8.051789628738403],[-34.938883112432755,-8.0517801380914324],[-34.938884662178573,-8.0517773806404165],[-34.938905825139067,-8.051718349074946],[-34.939058248732799,-8.0517592205116983],[-34.939095888580439,-8.0517724777268356],[-34.93926959957264,-8.0518222211757564],[-34.939268665192849,-8.0518260108584077],[-34.939275877844246,-8.0518278562885133],[-34.939229807098044,-8.0519835384695853],[-34.93922075149063,-8.0520141391386275],[-34.939193809199487,-8.0521247253826704],[-34.939151288504561,-8.0522992484090921],[-34.939130872911228,-8.0523830438627719],[-34.939125219056422,-8.0524257129172057],[-34.939113458895541,-8.0524765852751319],[-34.939116679230345,-8.0525042810573719],[-34.939118424153534,-8.0525192845940836],[-34.939119531618438,-8.0525236567792842],[-34.939147792258716,-8.0526352143031357],[-34.939234915881478,-8.0529791278358864],[-34.939239140124847,-8.053018401582003],[-34.939241275718736,-8.0530182884238517],[-34.939274606321788,-8.0531516340139788],[-34.93931683667293,-8.0533336867118557],[-34.939353043016524,-8.0534897682481894],[-34.939422475575228,-8.0537873340936716],[-34.93946707655877,-8.0539749707075519],[-34.939508986882821,-8.0541512886437872],[-34.939568794256971,-8.0544054683695254],[-34.939593346088337,-8.0545261317667638],[-34.939801389523765,-8.0553821571259991],[-34.939818705446839,-8.0554490166218233],[-34.939866973137335,-8.0556388967814829],[-34.939919305427999,-8.0558447675432596],[-34.939933813689166,-8.0559018421959898],[-34.939974656755453,-8.0560723989854157],[-34.94002151822697,-8.0562680834228892],[-34.940070187157616,-8.0564781572140145],[-34.940087076251061,-8.0565515477532212],[-34.940132782593082,-8.0567501549881833],[-34.94015455764692,-8.0568447748383765],[-34.9403623641659,-8.0576671018875849],[-34.940577155195747,-8.0585584641422834],[-34.940629138384161,-8.0587732719098515],[-34.940739442382053,-8.0592290739483232],[-34.940783769100676,-8.0593902000988962],[-34.940832301791261,-8.0595731689828511],[-34.940855788574822,-8.0596602869276914],[-34.940885641021673,-8.0597703828195222],[-34.94091121947676,-8.0598721346660813],[-34.940944327135817,-8.0600259214684904],[-34.940963481349655,-8.0601106641772233],[-34.940990035176966,-8.0602101756708855],[-34.94102745310942,-8.0603504029725475],[-34.941066742156963,-8.0605438501029916],[-34.941091039948958,-8.0606653849930332],[-34.94112330288884,-8.0608268809702839],[-34.941142251451417,-8.0609287735623969],[-34.941170964635951,-8.0610890405572473],[-34.941219388917638,-8.0612558191644084],[-34.941236344513683,-8.0613177314046034],[-34.941268693861701,-8.0614434843853697],[-34.941291073411612,-8.0615336496270587],[-34.941324895743385,-8.0616934114235388],[-34.941385286116628,-8.0619327710326942],[-34.941422892482869,-8.0620700058231929],[-34.941442155820816,-8.0621693872293516],[-34.941480310570363,-8.0623662343023401],[-34.941498648559616,-8.0624513189083462],[-34.94154991216525,-8.0626847811682527],[-34.941567408958477,-8.0627644635280031],[-34.941624331502162,-8.0630333793008546],[-34.94168019273183,-8.0633096798381292],[-34.94170684044191,-8.0634414870310245],[-34.941732201488051,-8.0635669276652333],[-34.942322414181234,-8.0636041539103989],[-34.942827984182031,-8.063736790901288],[-34.942646975026044,-8.0637988390010769],[-34.942503421222114,-8.0638470293480822],[-34.942194357566812,-8.0639489401179709],[-34.941808476468445,-8.064076181075972],[-34.941331253230217,-8.0642306036595706],[-34.941198012216617,-8.0642762423333973],[-34.940915218946252,-8.0643753400512921],[-34.940619494870717,-8.0644778411411124],[-34.940309303042937,-8.0645764508390201],[-34.940135849570915,-8.0646315923268865],[-34.939941389770013,-8.0646934102101664],[-34.939739309201876,-8.0647576517023136],[-34.939567306479134,-8.0648123313765403],[-34.939425394315926,-8.0648574455888653],[-34.939193211027067,-8.0649198169601881],[-34.938983947656119,-8.064976030708733],[-34.93884918337416,-8.0650017669170992],[-34.938767243760857,-8.0650075845032099],[-34.938599781683358,-8.0650057390906102],[-34.938451010608155,-8.065007411417433],[-34.938334094276286,-8.0650091851783952],[-34.938299362334547,-8.065011200130721],[-34.938289659151039,-8.0650117622611308],[-34.938292537412536,-8.0648885824002328],[-34.938292849595818,-8.0648373925927199],[-34.938293400325726,-8.064746973934346],[-34.938284783302244,-8.0646659257616449],[-34.938248227423863,-8.0645529674714087],[-34.938212011523227,-8.0644885244235613],[-34.938154565904853,-8.0643987056287365],[-34.938051839564871,-8.0642483659216069],[-34.937942420930213,-8.0640593869948596],[-34.937803446796963,-8.0638193630898272],[-34.937583039360383,-8.063455368218591],[-34.937226788713254,-8.0629173398478446],[-34.937180933712732,-8.0629729841325801],[-34.937121499422815,-8.0630640320402485],[-34.937073813074861,-8.063145803062131],[-34.937047107731971,-8.0631952002007949],[-34.937007611459805,-8.0632443865986811],[-34.936951586516983,-8.0633275531200592],[-34.93692022028803,-8.0633666064230667],[-34.936893285357137,-8.0634184672842402],[-34.93683343464302,-8.0635066657644892],[-34.936759786579557,-8.0636237235538868],[-34.936790347077554,-8.0636410272955228],[-34.936958609796434,-8.0637254061978592],[-34.936787861022957,-8.0639315329277785],[-34.936913687598576,-8.0640172533650691],[-34.937014512065268,-8.0637984479011138],[-34.937354505759679,-8.0639354314222409],[-34.937123816272745,-8.0644463176351895],[-34.937095109299989,-8.0645283714081604],[-34.937006758090099,-8.0644809693363531],[-34.936975789883583,-8.0644643546362715],[-34.936866343736042,-8.0644240677254349],[-34.936627971182908,-8.0643363236403154],[-34.936364047502643,-8.0642391732612797],[-34.936359171520358,-8.0642373782591878],[-34.936153678822471,-8.0641617364815392],[-34.936045568557823,-8.0641219420361576],[-34.935982600090099,-8.0640955980827833],[-34.935762783110235,-8.0640036341868306],[-34.935514716761595,-8.0638998511289053],[-34.935307755093312,-8.0638149203101079],[-34.935172338633159,-8.0637598169688882],[-34.935130100864647,-8.0637426306319799],[-34.935024400106805,-8.0636996187104746],[-34.934910891465876,-8.0636534306264576],[-34.934867459839417,-8.0635427327574174],[-34.934731936524877,-8.0631701558325783],[-34.93464516978392,-8.0629506842699161],[-34.934604484499459,-8.0628446509427274],[-34.934565419851978,-8.0627406422673751],[-34.934516717014851,-8.0626109732170157],[-34.934425931827562,-8.0623782589506892],[-34.934391412092602,-8.062289772181531],[-34.934334004465327,-8.0621380409557357],[-34.934247910761556,-8.0619150139919],[-34.934226395293479,-8.0618656999493954],[-34.934198825324295,-8.0618025110330009],[-34.93424570659225,-8.0617766362938532],[-34.934342949540039,-8.0617229673398416],[-34.934441297029835,-8.0616694350906837],[-34.93432398367716,-8.0614762401259608],[-34.934233955915886,-8.0613340957269273],[-34.934174450160029,-8.0612401406884828],[-34.934106391793676,-8.0611326832664272],[-34.934013956021019,-8.0609920924632448],[-34.933989012398001,-8.0609543429580395],[-34.933889572342494,-8.0608038486989138],[-34.933857910083773,-8.0607548546133359],[-34.933723149291346,-8.0605396321147573],[-34.933671352010847,-8.0604569087106093],[-34.933600047000205,-8.0603388438157904],[-34.933548642070427,-8.0602537291161021],[-34.933505883424168,-8.0601829300028633],[-34.933478702699674,-8.0602001141278041],[-34.933460320552157,-8.0602117356814169],[-34.933392063454711,-8.06025144102097],[-34.933286623711993,-8.0600666135073578],[-34.933217397760401,-8.0599452669206784],[-34.933134946292583,-8.0598007367279241],[-34.933009539986713,-8.0595809096503235],[-34.932826262336931,-8.0593922722752946],[-34.932673758968107,-8.0592616466387756],[-34.93262385990294,-8.0592168030125713],[-34.932553613521236,-8.0591536731565032],[-34.932532069297395,-8.0591316588288535],[-34.932480269655812,-8.0590787301314606],[-34.932673080212602,-8.0589353844695335],[-34.932427963977105,-8.0584543359916836],[-34.932372505761656,-8.0583521887447436],[-34.932302274464824,-8.0582264357162465],[-34.932258645994061,-8.0581519157585397],[-34.932200880440405,-8.058053245491589],[-34.93216342389124,-8.0579892666412558],[-34.932114889240722,-8.0579063647750964],[-34.932029342552248,-8.0577602431451432],[-34.932000693489563,-8.0577113078308962],[-34.931931946177514,-8.0575933415531082],[-34.931886942601018,-8.0575161167393965],[-34.931860587027849,-8.057470890788478],[-34.931841688473583,-8.0574384636706995],[-34.931815031446767,-8.0574002464702907],[-34.931908076885854,-8.0572922688088831],[-34.932026894766068,-8.0571568952367691],[-34.932126792296579,-8.0570434048768345],[-34.932171763988961,-8.0569923145090421],[-34.932210800011333,-8.0569479665317463],[-34.932280649275285,-8.0568686129585814],[-34.932317650852553,-8.0568244870172379],[-34.932348508968609,-8.0567872780261975],[-34.93242515547162,-8.0566948559273008],[-34.932508101814172,-8.0565948380902483],[-34.932553644861528,-8.0565399226633101],[-34.932573877429398,-8.0565134099009317],[-34.932666592565418,-8.0563919144709608],[-34.932690495896175,-8.0563605911031093],[-34.932761198028601,-8.0562679420511287],[-34.932802377972791,-8.0562139792589331],[-34.932838918053491,-8.056166096410017],[-34.932858029460284,-8.0561374842862037],[-34.932952243575578,-8.0559964388034757],[-34.932983781567501,-8.0559492241204769],[-34.933032905202609,-8.0558756827214335],[-34.933059476865324,-8.0558359028917401],[-34.93308478310059,-8.0557888477673227],[-34.93313580207198,-8.0557333776262574],[-34.93319073751492,-8.0556736499043602],[-34.933265581178929,-8.0555915252855321],[-34.933369416699321,-8.0554725313171343],[-34.93341965135118,-8.0554152287203813],[-34.933510546515066,-8.0553151543302874],[-34.933597186940716,-8.0552218469525982],[-34.933690769624469,-8.0551198523144798],[-34.933729060258997,-8.0550754300347709],[-34.933743159214124,-8.0550590733907761],[-34.933749283582031,-8.055051967571611],[-34.933778260608001,-8.0550889893919333],[-34.933846876345292,-8.0551723885310782],[-34.933862065615038,-8.055195970590546],[-34.933874571956117,-8.0552153876642993],[-34.933913614156026,-8.0552415811523623],[-34.933926273930972,-8.0552503269428684],[-34.933948783148132,-8.0552589810807493],[-34.933969812099676,-8.0552619186281973],[-34.933984613825714,-8.0552592758834081],[-34.934015216827454,-8.0552484411114342],[-34.934041304060244,-8.0552335159943489],[-34.934136853298966,-8.0551772155790768],[-34.934194866842404,-8.0551430326847253],[-34.934269480644808,-8.0550983396022939],[-34.934350793574879,-8.0550495358178065],[-34.934412675549225,-8.0550132137424875],[-34.934448889454814,-8.0550745439346105],[-34.934497791004198,-8.0551573615024648],[-34.934515374459693,-8.0551871394723182],[-34.934546953596772,-8.0552407066998963],[-34.934552954401774,-8.0552509430246086],[-34.934605375041833,-8.0553403634535634],[-34.934637779585373,-8.0553956381490739],[-34.93468674810314,-8.0554791686582039],[-34.934734090704922,-8.0555599268608873],[-34.934772943290199,-8.0556262014800915],[-34.934835284315994,-8.0557325423377399],[-34.934877940953321,-8.0558058316269285],[-34.934990661916878,-8.0560012010222035],[-34.935020470628338,-8.056052866270484],[-34.935048138264001,-8.0561008205322597],[-34.93504861019354,-8.0561016373781431],[-34.935073053861082,-8.0561440035240288],[-34.935087899665099,-8.0561687741559318],[-34.935212661680026,-8.0560952155419479],[-34.935274678358063,-8.0560792203358762],[-34.935263659836757,-8.0560617788956215],[-34.93525930818388,-8.0560542424468409],[-34.935249201873944,-8.0560367370330379],[-34.935227552488257,-8.0560038331022294],[-34.935209480362531,-8.0559787079441474],[-34.935195239616959,-8.0559589094701138],[-34.935187137211955,-8.0559464057675516],[-34.935185882604998,-8.055939505620124],[-34.935186448412338,-8.0559362167136275],[-34.935187071588828,-8.0559325930364309],[-34.935191023968407,-8.0559259675571955],[-34.935247832045455,-8.055837194381068],[-34.935259217266633,-8.0557636193652247],[-34.935385085793143,-8.0553416466994658],[-34.935942356549404,-8.0555819056507705],[-34.935947274268294,-8.0555682673868709],[-34.936033288143541,-8.0553297128028998],[-34.93611869469234,-8.0551534774993296],[-34.936138565086537,-8.0551124743608966],[-34.936204729694907,-8.0550024162125009],[-34.936261114466575,-8.0549086229549776],[-34.936292118470334,-8.0548609983962915],[-34.936348014275801,-8.0547809409197217],[-34.936463613182681,-8.0546153746204112],[-34.936561725149573,-8.0544758643327761],[-34.936613132006059,-8.0544055854867249],[-34.936605570303215,-8.0544020682632436],[-34.936308800356201,-8.0542640273771191],[-34.935960280357165,-8.0541375799925259],[-34.935591756635652,-8.0540116343916228],[-34.935602017994533,-8.0539762519250306],[-34.935778411736813,-8.0533680074104108],[-34.935901510098219,-8.0529509623480813],[-34.935991514562758,-8.0526336776004346],[-34.936193086511921,-8.0519093115869627]]],[[[-34.93607217154959,-8.0472761428522261],[-34.936081901126869,-8.0471157810901737],[-34.936927113710652,-8.047143262055334],[-34.936928282398853,-8.047187268573806],[-34.936941589992422,-8.0474120764105681],[-34.937150717442989,-8.0473814284462932],[-34.937266297324079,-8.0481734827165763],[-34.93735902055861,-8.0488088936607962],[-34.937606581325852,-8.0495322628600672],[-34.937779030887334,-8.0499139253359751],[-34.937159938872185,-8.0504988253843237],[-34.936739458402933,-8.0499682857656332],[-34.936673537983225,-8.0499058456337558],[-34.936441598735371,-8.0497318467363517],[-34.936185662560895,-8.0494997850254446],[-34.936202921844746,-8.0494096046964962],[-34.936950765427575,-8.0489091319460471],[-34.936652394705128,-8.048371872415764],[-34.936515271869979,-8.0481249597144568],[-34.936469854337382,-8.0480620258525661],[-34.936267850999734,-8.0481777936784056],[-34.936189097775632,-8.0482207434152873],[-34.936188194762721,-8.0480305835803598],[-34.935893403558893,-8.0479543908954358],[-34.935933453266841,-8.0477548770947536],[-34.935945004413519,-8.0476973374412868],[-34.936041275278569,-8.0474340758113758],[-34.93607217154959,-8.0472761428522261]]]]},"properties":{"NMNOME":"Torrões","CDTIPO":"ZEIS","CDID":0,"CDSETOR":" ","ELINK":" ","NMLEI":" ","INDEXADOR":"53","PROPOSTA":"Ampliação Lei Complementar nº 02 de 24/04/2021","CRIAÇÃO":"LUOS 14.511 de 17/01/1983","COMUL":"Decreto nº 14.059 de 04/11/87","AREA_HA":101.38906918000001,"DB2GSE.ST_Area(SHAPE)":1013890.691868725,"DB2GSE.SdeLength(SHAPE)":6654.3995561987413,"OBJECTID":50,"ALTERACAO":"LUOS 16.176 de 09/04/96","BAIRRO":"TORRÕES","MODIFICADO":1,"COMPAREID":57,"AJSTDO_A_V":""}},{"type":"Feature","id":51,"geometry":{"type":"Polygon","coordinates":[[[-34.959524735720876,-8.1219701127195147],[-34.95922707900278,-8.1224200663148043],[-34.959206492794074,-8.1224763975911873],[-34.959198285345188,-8.1224988554787743],[-34.959199646973374,-8.1225498999991164],[-34.959210137876788,-8.1226464035396031],[-34.959235609770907,-8.1227317360354014],[-34.959275220953216,-8.1228188401407859],[-34.959333992869588,-8.1229243684659629],[-34.959367966248578,-8.1230401794371332],[-34.959395186416955,-8.1231415962809788],[-34.959367568236011,-8.1231877864847615],[-34.959372348236975,-8.1232549064212787],[-34.95938320389147,-8.1232947367028494],[-34.959409200058907,-8.1233901258812899],[-34.959437388935477,-8.1234615718730208],[-34.959526475209898,-8.123574343705334],[-34.959554683697071,-8.1236049469255072],[-34.959611004925229,-8.1236660498537585],[-34.959642443509026,-8.1237186146815308],[-34.959662950068385,-8.1238134046767296],[-34.959666662801261,-8.1238899633803818],[-34.959683287678878,-8.12397919596369],[-34.959699213549406,-8.1240857198427712],[-34.959755807456119,-8.124211593970923],[-34.959824793847986,-8.1243183855845462],[-34.959895072849207,-8.1243901774260401],[-34.95995819266119,-8.1245035705365094],[-34.960004095138345,-8.1246084898852473],[-34.960014490620246,-8.1247282501873457],[-34.960022557585098,-8.1248048918454714],[-34.960031211335881,-8.1248871022629547],[-34.960064780663288,-8.1249786316533488],[-34.960140180475427,-8.1250944109339969],[-34.960217736656205,-8.1251490523418877],[-34.960340614808807,-8.1251888045144138],[-34.960415836566796,-8.1251953794723359],[-34.96047317137343,-8.1252003907807193],[-34.960556773005862,-8.1252366645493588],[-34.96058364036481,-8.1252694121666753],[-34.960619715095163,-8.1253133824146122],[-34.960651381162471,-8.1254063845297164],[-34.960617576557929,-8.1254717774848917],[-34.96049426853881,-8.1257553296136837],[-34.96048007664465,-8.1258088854551005],[-34.960460534083239,-8.1258826388977052],[-34.960488029458041,-8.1259864228001213],[-34.960586522760075,-8.1260719282457128],[-34.96061151483147,-8.1261065137578417],[-34.960728702638079,-8.1262640188078272],[-34.960743292196753,-8.1263033780686058],[-34.960767149717526,-8.1263677371976293],[-34.960720998923236,-8.1264645417497388],[-34.960666670848859,-8.1265916890889685],[-34.960580058662863,-8.1267476320355119],[-34.960581689803853,-8.1268307577001462],[-34.960572205929651,-8.1269458703002044],[-34.960566009984639,-8.1271389177250555],[-34.960523593022664,-8.1272467073241472],[-34.960466579636588,-8.1273802410895524],[-34.960414348576286,-8.1274880780153005],[-34.960364309334253,-8.1275421113903779],[-34.960229945985539,-8.1276637928262687],[-34.960144525015679,-8.1277583413053414],[-34.959984157534393,-8.1278715407282096],[-34.959971796600463,-8.1278836719487728],[-34.95984991570765,-8.1279773773262232],[-34.959793324965787,-8.1280588120100248],[-34.959709874577385,-8.1281932217464163],[-34.959581657159752,-8.1283173179512556],[-34.959458251752949,-8.1284218302548812],[-34.959349576945826,-8.1285168342717391],[-34.959269428613133,-8.1286162932886636],[-34.959207913608878,-8.1286626586985289],[-34.95912125972459,-8.1287559907453879],[-34.959024968804606,-8.1288860460826129],[-34.958923261004252,-8.1290458640660841],[-34.958757602804468,-8.1292549981824376],[-34.958609448282822,-8.1294712079090434],[-34.958579198891464,-8.1295667722803895],[-34.958560971863186,-8.1296243533781194],[-34.958559440326553,-8.1297615396339573],[-34.958570825481395,-8.1298552770043493],[-34.958564146737167,-8.129995903522639],[-34.958534632949409,-8.1302344444479395],[-34.958490019272787,-8.1304458773105299],[-34.95848551620437,-8.1304902629172329],[-34.958431818705925,-8.1307899810013442],[-34.958437361937662,-8.1309649599650395],[-34.958427234598183,-8.131064785748956],[-34.958379931705913,-8.1312217939736104],[-34.958375718849304,-8.1313648540424701],[-34.958376335740795,-8.1315665349403261],[-34.958373829218722,-8.1315912390381087],[-34.958361249384708,-8.1319224093780793],[-34.958358304656556,-8.1320740209666322],[-34.95833442012654,-8.1322086173116013],[-34.958299448001299,-8.1323244558547589],[-34.958261972246284,-8.1324485883675912],[-34.958252858268963,-8.1325928934198295],[-34.958258821065989,-8.1327249447814616],[-34.958264078883026,-8.1328825856515721],[-34.958241760055998,-8.1330868604975688],[-34.95822580039858,-8.1333375614503467],[-34.958207156207472,-8.1335405963269842],[-34.958190954160479,-8.1337411740077634],[-34.958178999559493,-8.1338060268221639],[-34.958136327339695,-8.1338612478123427],[-34.958071475868991,-8.1338970141117706],[-34.957986722533832,-8.1339100086611094],[-34.957935634926464,-8.1339389084192746],[-34.957898899771322,-8.1339822027197268],[-34.957855000033611,-8.1340374296095437],[-34.957794239411591,-8.1341575329626625],[-34.957711519059728,-8.134303415960586],[-34.957681247022137,-8.1342960601383094],[-34.953167536343706,-8.1331793461728363],[-34.95323061351236,-8.1327005598945519],[-34.953114042592809,-8.1319088750923783],[-34.95304690594655,-8.1318457874064993],[-34.952953604131764,-8.1318178091705082],[-34.952591814815911,-8.1319363627855026],[-34.952423366485881,-8.1320785264493569],[-34.952419475444358,-8.1322064011065969],[-34.951420368539452,-8.133244978074007],[-34.950553840201358,-8.1323897823563787],[-34.950479641254802,-8.1323096832484456],[-34.950997769617175,-8.1321608175206599],[-34.951123175590695,-8.1321247868019082],[-34.95094037013309,-8.1311399911739315],[-34.951092477997697,-8.1310616686859145],[-34.9512606669186,-8.1309541723225554],[-34.951343664630478,-8.1308368521342675],[-34.951319264434439,-8.1307148575382797],[-34.951211157894868,-8.130450106060799],[-34.951082819813266,-8.1302588083965155],[-34.950944632538082,-8.1301839570856274],[-34.950750849523835,-8.1301904010494592],[-34.950750727988499,-8.1300789249907286],[-34.950766730937119,-8.1287775062314207],[-34.950692253918774,-8.1287575913944838],[-34.949852058296912,-8.1285729071827291],[-34.950025957324108,-8.128140058622991],[-34.950692989966697,-8.1275595408545964],[-34.951082523641219,-8.1272205295164053],[-34.951215450633711,-8.1257887491110932],[-34.951284128420689,-8.1249010019545107],[-34.95130096267188,-8.1244894306574391],[-34.95129857638937,-8.1239955480597477],[-34.951382740238415,-8.1239868424236228],[-34.953277457782605,-8.1240259325949573],[-34.953532366458838,-8.1239088146272938],[-34.953787723620046,-8.1236423331287764],[-34.953950173995459,-8.1234076012220253],[-34.953982141440513,-8.1226754695516554],[-34.953993650001891,-8.1224119051145216],[-34.954091597990448,-8.1222071356706884],[-34.954808393509218,-8.1223818747210768],[-34.954919906574105,-8.1219935847209292],[-34.955425075442136,-8.1202345780959426],[-34.955447374670776,-8.1202400425345456],[-34.956044157760395,-8.1203862810933529],[-34.956448768484101,-8.1204854282832066],[-34.959784155252386,-8.1213027230631187],[-34.959524735720876,-8.1219701127195147]]]},"properties":{"NMNOME":"UR-5 / Três Carneiro","CDTIPO":"ZEIS","CDID":0,"CDSETOR":" ","ELINK":" ","NMLEI":" ","INDEXADOR":"54","PROPOSTA":" ","CRIAÇÃO":"LUOS 16.176 de 12/04/1996","COMUL":"Decreto nº 17.597 de 21/02/97","AREA_HA":116.29326797,"DB2GSE.ST_Area(SHAPE)":1162932.6797418999,"DB2GSE.SdeLength(SHAPE)":5169.8086114661764,"OBJECTID":51,"ALTERACAO":" ","BAIRRO":"COHAB","MODIFICADO":0,"COMPAREID":58,"AJSTDO_A_V":""}},{"type":"Feature","id":52,"geometry":{"type":"Polygon","coordinates":[[[-34.935433177918213,-8.0672897136803954],[-34.935447513289297,-8.0674537668759925],[-34.935464838040474,-8.0675433842624784],[-34.935483267620945,-8.0676387145614541],[-34.935503867861513,-8.0677471894772648],[-34.935505258818566,-8.067754512062983],[-34.935515786068891,-8.0678163519863091],[-34.935522586160175,-8.0678562925614266],[-34.935523650243283,-8.0678946175852921],[-34.935527545013926,-8.0680546645307025],[-34.935527020852945,-8.0682020322222279],[-34.935527084880874,-8.0682166296687026],[-34.935653624085198,-8.068565378446257],[-34.935491918929074,-8.0686188926120455],[-34.935241255486545,-8.0687002625276119],[-34.934943439162502,-8.06879176268734],[-34.934729564264678,-8.0688535927344063],[-34.934688802726392,-8.0688648256596345],[-34.934451836534983,-8.0689245506695215],[-34.934432097325399,-8.0688637622365178],[-34.934401809148014,-8.0687704903594337],[-34.934350725015427,-8.0686269139150593],[-34.934296878770091,-8.0684789423371051],[-34.934254159344377,-8.0683615475263686],[-34.934223937101436,-8.0682784938268401],[-34.934200169797592,-8.0682131797149577],[-34.934155748251143,-8.0680911072081454],[-34.934110972888,-8.0679680635988102],[-34.934053049999903,-8.0678009389246785],[-34.933986718517716,-8.0676082809651071],[-34.933925877417792,-8.0674315725900811],[-34.933887324025129,-8.0673195958962172],[-34.933867070976596,-8.0672607725224825],[-34.933788129707715,-8.0670382516463199],[-34.933751056032101,-8.0669379446980507],[-34.933723477540575,-8.0668633295238052],[-34.933714437248696,-8.0668388696278921],[-34.933683377922591,-8.0667548361726915],[-34.933635718439731,-8.0666258917314568],[-34.933585256298599,-8.0664893619324065],[-34.933541538214264,-8.0663659497495885],[-34.933517864895499,-8.066298592838633],[-34.933433269055733,-8.0660578917392467],[-34.933375106112038,-8.0658924024915208],[-34.933344332269144,-8.0658048418137369],[-34.933265818999359,-8.065584043606842],[-34.933213043945351,-8.0654390825519684],[-34.933165886409775,-8.0653095515899356],[-34.933065601976011,-8.0650340911238469],[-34.932985336920865,-8.0648127893582924],[-34.932935455652526,-8.0646750641762317],[-34.93292979001933,-8.0646594200253823],[-34.933003335935418,-8.0646313139671211],[-34.933075149401319,-8.0646041852203307],[-34.933139959974845,-8.064579701325858],[-34.933233349662395,-8.0645422983078134],[-34.933282683011939,-8.0645293743574609],[-34.93332472465864,-8.0645255090897265],[-34.933366800242226,-8.0645289773484965],[-34.933437725468345,-8.0645527880775081],[-34.93352739273962,-8.0645908558627291],[-34.933692387201695,-8.0646609024470326],[-34.933893146088785,-8.0647474635196588],[-34.934113832638005,-8.0648412125359012],[-34.934402786683499,-8.064961035586137],[-34.934599692908129,-8.0650431086312064],[-34.934856182371071,-8.0651503465104817],[-34.934995199759264,-8.0652112115556776],[-34.93505747818115,-8.0655684660478979],[-34.935139401647092,-8.0660384074633402],[-34.935183120107226,-8.0662891941928638],[-34.935201336798073,-8.0663769956819884],[-34.935243482039382,-8.0665630532564609],[-34.935278073895049,-8.0666918991307348],[-34.935301952606117,-8.0667796738474955],[-34.935345455334897,-8.0669108959373563],[-34.935379031365159,-8.0670319328536593],[-34.935393133064991,-8.0671009431221794],[-34.935400960178022,-8.0671584708280157],[-34.935426640868478,-8.0672646326854487],[-34.935433177918213,-8.0672897136803954]]]},"properties":{"NMNOME":"Vietnã","CDTIPO":"ZEIS","CDID":0,"CDSETOR":" ","ELINK":" ","NMLEI":" ","INDEXADOR":"55","PROPOSTA":" ","CRIAÇÃO":"LUOS 14.511 de 17/01/1983","COMUL":" ","AREA_HA":7.7509032500000004,"DB2GSE.ST_Area(SHAPE)":77509.032591705007,"DB2GSE.SdeLength(SHAPE)":1264.2821648031893,"OBJECTID":52,"ALTERACAO":"LUOS 16.176 de 09/04/96","BAIRRO":" ","MODIFICADO":0,"COMPAREID":59,"AJSTDO_A_V":""}},{"type":"Feature","id":53,"geometry":{"type":"Polygon","coordinates":[[[-34.961219549454682,-8.046214257189563],[-34.961219505383667,-8.0462147121326488],[-34.961195181237628,-8.0462514582627591],[-34.961166334809576,-8.0462950370401849],[-34.961156750572862,-8.0462824859202566],[-34.961156735921506,-8.0462824570609381],[-34.961156368187851,-8.0462827544390283],[-34.961119285188822,-8.046235654770129],[-34.961022663421559,-8.0461536524219763],[-34.961000536298592,-8.0461340382718536],[-34.960981536957142,-8.0461567454186476],[-34.960971922299777,-8.0461682365033376],[-34.960940754716702,-8.0461388060613945],[-34.960923601561063,-8.0461249937878279],[-34.960927626208708,-8.0461204932327988],[-34.960905974829025,-8.0461062549436519],[-34.960908209272397,-8.0461029454252575],[-34.960913564376561,-8.046095014912181],[-34.96091085613844,-8.0460927867303003],[-34.960875658703394,-8.0460669609559794],[-34.960869546529473,-8.0460745777662943],[-34.960847498882266,-8.0461020529155984],[-34.960819030926331,-8.0460730570671224],[-34.960832430462894,-8.046054170028901],[-34.960827466365053,-8.0460506083117647],[-34.960808071193917,-8.0460381519529918],[-34.9608127016186,-8.046032871030361],[-34.960814780036891,-8.0460305015562668],[-34.960798769676344,-8.04601667296863],[-34.960809030581302,-8.0460037630727204],[-34.960737606522876,-8.0459459409061491],[-34.960812230136277,-8.0458380235018723],[-34.960795541506712,-8.0458289497916002],[-34.960703396017053,-8.0457373033361996],[-34.960560205904372,-8.0455908616754677],[-34.960415561550711,-8.0454426450179675],[-34.960255918606087,-8.045276692990015],[-34.960300527228725,-8.0452422963965766],[-34.959997212376756,-8.0448734978612837],[-34.959993133603582,-8.0448750406413936],[-34.959926001447272,-8.0447984262500238],[-34.959851868843856,-8.0447418245750733],[-34.959731601203707,-8.0446490346053778],[-34.959712305785459,-8.0446344767013969],[-34.959646245659236,-8.0445846357454407],[-34.959689376875289,-8.0445636740056887],[-34.959737100553959,-8.0445404799620412],[-34.959709281746861,-8.044496468375506],[-34.959683680260873,-8.044455964733773],[-34.959660650520767,-8.0444619698991566],[-34.959598834744618,-8.0444780874472066],[-34.959462027508891,-8.0441031913878547],[-34.95939079024695,-8.0441262589229208],[-34.959344979311787,-8.0439973920801826],[-34.959414304692146,-8.0439764346736595],[-34.95940360881513,-8.043934668348415],[-34.959358372188163,-8.0439482179082464],[-34.959342048931845,-8.0438981088102199],[-34.959330195564171,-8.0438619810887104],[-34.959368227429323,-8.0438491448463054],[-34.95935522833458,-8.0438133643201919],[-34.959326622446767,-8.0437346285735529],[-34.959292349559185,-8.0436224892924759],[-34.959275124557244,-8.0435747964723436],[-34.95931479516635,-8.0435628546560292],[-34.959295439256231,-8.0434986696214796],[-34.959311561025736,-8.043493801281528],[-34.959304280156964,-8.0434697885029145],[-34.959322031938299,-8.0434643699608355],[-34.959302145124951,-8.0433972900039574],[-34.959351351615396,-8.0433895625383371],[-34.959308806067398,-8.0432049648837189],[-34.959308505250227,-8.0432037087965238],[-34.959277393676061,-8.0430736742755276],[-34.959274447464388,-8.0430745815245839],[-34.959219970117772,-8.0430913465124654],[-34.95919051029761,-8.0430026793875911],[-34.959475042676438,-8.0429091639034684],[-34.959596613898924,-8.0429216789006208],[-34.959607581389257,-8.042920670093709],[-34.959618206047054,-8.0429177779951502],[-34.959752571633693,-8.0428545319607565],[-34.959826738405518,-8.0428114584609656],[-34.959869481174998,-8.042777078101798],[-34.959920858955485,-8.0427540483616742],[-34.959969376029797,-8.0427310331724335],[-34.959990784524066,-8.0427234581977487],[-34.960021185643974,-8.0427127448679148],[-34.960035014379088,-8.0427078720831151],[-34.960065767014164,-8.0426991504846566],[-34.960109010207425,-8.0426873805113352],[-34.960126440554305,-8.04268454361344],[-34.960201828229067,-8.0426734022139801],[-34.960220266173977,-8.0426697875478759],[-34.960247950948144,-8.0426645945888957],[-34.960293999162673,-8.0426587815000428],[-34.960332937954476,-8.0426553953377979],[-34.960349082064099,-8.0426516008622375],[-34.960375027455648,-8.0426173991798358],[-34.960387373475321,-8.0425993715229982],[-34.96038786676548,-8.0425727261636393],[-34.960350450637286,-8.0425481213625165],[-34.960377489776178,-8.0424829338650561],[-34.960387435111187,-8.0424828863951401],[-34.960387532099674,-8.0423520476321499],[-34.960364863772014,-8.0422918481270838],[-34.960421962891303,-8.0422725744505161],[-34.960480040932914,-8.0422846889318418],[-34.960607412251647,-8.0422279038147337],[-34.961052061017945,-8.0420905970735088],[-34.961081616059651,-8.042244503657793],[-34.961095492174763,-8.0424063186130788],[-34.961068182468168,-8.0427197670434545],[-34.961042890741467,-8.0429078786287498],[-34.961054021079349,-8.043043596176485],[-34.961065026847081,-8.0431532056107731],[-34.961091576295424,-8.0432777017929986],[-34.961462013531602,-8.0435671142948646],[-34.961874678641941,-8.0442825046947775],[-34.962302601784145,-8.0449511557368183],[-34.962446927464974,-8.0451384566019595],[-34.962532152724528,-8.0452927504135303],[-34.962540548145398,-8.0454043294141027],[-34.962507732490593,-8.0455258970639836],[-34.962061357048754,-8.0457164153548284],[-34.961908200705288,-8.0457976945641274],[-34.961846138032136,-8.0458190579960416],[-34.961805746371098,-8.0458223491557668],[-34.961767814915348,-8.0458200515295246],[-34.961752596390454,-8.0458194245218486],[-34.961727399409803,-8.0458183859410326],[-34.961700692642218,-8.0458234704074822],[-34.96167593802241,-8.0458465133520853],[-34.961611588856861,-8.0459094003212321],[-34.961534779499317,-8.0459667706956406],[-34.961464686833885,-8.045998705425383],[-34.961385233378024,-8.0460232491323751],[-34.961330651678047,-8.0460489134432063],[-34.961300977494709,-8.0460831330276044],[-34.961253474206558,-8.0461589513415248],[-34.961219549454682,-8.046214257189563]]]},"properties":{"NMNOME":"Vila Arraes","CDTIPO":"ZEIS","CDID":0,"CDSETOR":" ","ELINK":" ","NMLEI":" ","INDEXADOR":"56","PROPOSTA":" ","CRIAÇÃO":"LUOS 16.176 de 12/04/1996","COMUL":" ","AREA_HA":8.5177315300000007,"DB2GSE.ST_Area(SHAPE)":85177.315364295006,"DB2GSE.SdeLength(SHAPE)":1412.5736098784541,"OBJECTID":53,"ALTERACAO":" ","BAIRRO":" ","MODIFICADO":0,"COMPAREID":60,"AJSTDO_A_V":""}},{"type":"Feature","id":54,"geometry":{"type":"Polygon","coordinates":[[[-34.92737412959103,-8.0310949066794741],[-34.92734226107406,-8.0310540614651416],[-34.927235827404481,-8.0309176458901756],[-34.927248004180456,-8.0309095770614451],[-34.927249030439761,-8.0309088969205114],[-34.927253085749747,-8.0309062100399871],[-34.927376277871758,-8.0308138707834154],[-34.927399498332193,-8.03079807293161],[-34.927357973465327,-8.0307406364696536],[-34.927396322412555,-8.030714522027008],[-34.927413883788979,-8.0307354129975721],[-34.927453702792164,-8.0307757851971076],[-34.927539838019506,-8.03070371227202],[-34.927503509953432,-8.0306606097367581],[-34.927527922212995,-8.0306403872557013],[-34.92758555555563,-8.030588953760132],[-34.92763062501281,-8.0305485119242999],[-34.927724545567514,-8.0304617332340911],[-34.927732373759,-8.030450521474819],[-34.927803951849206,-8.0305283527339917],[-34.927840961300319,-8.0304970950202161],[-34.927879839924898,-8.0304642600015352],[-34.927955280592698,-8.0304003121987826],[-34.927982141988075,-8.0303759087010533],[-34.927991351415869,-8.0303683193561834],[-34.928082045289557,-8.0302901298272253],[-34.928128867095012,-8.0302441297253768],[-34.928021698415868,-8.0301568479714422],[-34.927892292900445,-8.0300469776216126],[-34.927718024337857,-8.0298868718820593],[-34.927645721788231,-8.0298263666429985],[-34.927664926155586,-8.0297442785086197],[-34.9277147100645,-8.0295570894573203],[-34.927683575241282,-8.029467548197637],[-34.927667025999973,-8.0294395095159459],[-34.92763796691623,-8.0293937194923366],[-34.927616572654927,-8.0293576573857379],[-34.92757881013862,-8.0292934644308698],[-34.927684901831348,-8.0292295927798296],[-34.927715916188838,-8.0292107189655137],[-34.927783818644436,-8.0293173663015551],[-34.927801627871865,-8.0293433197381159],[-34.927833426290633,-8.0293929843622323],[-34.927838519966286,-8.0293960342914374],[-34.928150192307697,-8.0298862521820293],[-34.928214083252314,-8.0299867425709586],[-34.92824351579528,-8.0300330361459089],[-34.928304142384796,-8.0299833903462527],[-34.928345685929742,-8.0299454059496078],[-34.928405332340574,-8.0298992905637814],[-34.928435315369846,-8.0298717570300315],[-34.928458596031945,-8.0298531689329629],[-34.928486911620091,-8.0298305612921155],[-34.928472594695293,-8.0298096804736048],[-34.928712486244294,-8.0295721797640383],[-34.928741679668043,-8.0295472400471546],[-34.928499704733404,-8.0288590091330505],[-34.928571051155757,-8.0288326251395326],[-34.92872099769221,-8.0287785827472842],[-34.928726478384192,-8.0287588937834613],[-34.928745252782001,-8.0286914525140229],[-34.92876411191132,-8.028623707988185],[-34.928787653463871,-8.0285391386822997],[-34.928811819360121,-8.0284523316178031],[-34.928915163115327,-8.028081095517912],[-34.9289030666001,-8.0279971652123372],[-34.928883271326733,-8.0279155311429538],[-34.928870379767908,-8.0278745473309652],[-34.928830480498057,-8.0276915902355661],[-34.928942737264101,-8.0276795824432305],[-34.929076875849759,-8.0276639615739178],[-34.929190159165358,-8.0278871586221694],[-34.929308064655977,-8.0281091803558962],[-34.929333866845688,-8.0281828666652526],[-34.929377235735245,-8.0283014474809562],[-34.929422838578297,-8.0283737092450274],[-34.929498262307149,-8.028480576806162],[-34.92969586508044,-8.0287579995030196],[-34.929783907267357,-8.0288704228920587],[-34.929981394027656,-8.0290938022364191],[-34.929893312698347,-8.0291928590005295],[-34.929362959247804,-8.0297507429581589],[-34.929234410406714,-8.0298859646318945],[-34.928422898600708,-8.0309285447652332],[-34.928105432246859,-8.0313478320558627],[-34.927960030595671,-8.0315398685524748],[-34.92793790410316,-8.031566261399778],[-34.927939563336295,-8.0315669000235204],[-34.927739379235895,-8.0318533166548001],[-34.927458772595202,-8.0314236823918641],[-34.927332393269587,-8.0312284003353707],[-34.927313579896158,-8.031200141727501],[-34.927402645403774,-8.0311381742064327],[-34.92737618645031,-8.0310975432212537],[-34.92737412959103,-8.0310949066794741]]]},"properties":{"NMNOME":"Vila Esperança / Cabocó","CDTIPO":"ZEIS","CDID":0,"CDSETOR":" ","ELINK":" ","NMLEI":" ","INDEXADOR":"57","PROPOSTA":" ","CRIAÇÃO":"LEI Nº 15.926 de 13/08/1994","COMUL":"Decreto nº 16.880 de 03/01/95","AREA_HA":4.4165244299999999,"DB2GSE.ST_Area(SHAPE)":44165.244354920003,"DB2GSE.SdeLength(SHAPE)":1464.8697002063213,"OBJECTID":54,"ALTERACAO":"LUOS 16.176 de 09/04/96","BAIRRO":"MONTEIRO","MODIFICADO":0,"COMPAREID":61,"AJSTDO_A_V":""}},{"type":"Feature","id":55,"geometry":{"type":"Polygon","coordinates":[[[-34.956270344550212,-8.0223829498752952],[-34.956281090928769,-8.0223798124065944],[-34.956374777853782,-8.02235892228064],[-34.956436933712489,-8.0223430240289453],[-34.956476594221776,-8.0223333223083237],[-34.956484022252084,-8.0223321470108537],[-34.956546027633344,-8.0223223363893474],[-34.956567976637025,-8.0223210007764614],[-34.95668759365595,-8.0223056801271841],[-34.956787873128299,-8.0222866299564775],[-34.956826457709262,-8.0222829488280798],[-34.956868444685114,-8.0222808462587878],[-34.956922238416546,-8.0222725988315062],[-34.95696037794054,-8.0222644258037406],[-34.957016033487548,-8.0222462747545027],[-34.957122794448964,-8.0222168451104849],[-34.957141445733889,-8.0222094626258489],[-34.957166382788344,-8.0222654716520854],[-34.957188787548198,-8.0223157936201535],[-34.95720933431128,-8.0223542588423058],[-34.957256896060045,-8.0224002067824394],[-34.957301404069916,-8.0224461692320208],[-34.957423653685382,-8.0225683797790825],[-34.957473812326413,-8.0226249712987343],[-34.957521416321192,-8.0226795444732968],[-34.957640608991859,-8.0228012631932124],[-34.957679970439052,-8.0228355797539095],[-34.957776154878474,-8.0229360958980909],[-34.957897449415654,-8.0230715043860314],[-34.957940939956693,-8.0231174715697016],[-34.958049876886044,-8.0232235085304513],[-34.958148107369475,-8.0233260452925332],[-34.958221274570199,-8.0234038373385967],[-34.958282712815446,-8.0234771188370893],[-34.958358421067871,-8.0235538844213945],[-34.958377358080227,-8.023575105343884],[-34.958445396604908,-8.0236448043235065],[-34.958527266796366,-8.02373270367044],[-34.958592737645638,-8.0237978476037206],[-34.958665375248053,-8.0238710757275964],[-34.958758003997069,-8.0239731308499191],[-34.958825024125609,-8.024042833676523],[-34.958848050481564,-8.0240675870907303],[-34.958916605270844,-8.0241388059040553],[-34.958994349908835,-8.0242155616208741],[-34.959041934856394,-8.0242660754622435],[-34.959069566639975,-8.0242958813313674],[-34.959167802502535,-8.0243994320341372],[-34.959306446949739,-8.0245433827758283],[-34.959467097873507,-8.0247115835913991],[-34.959539734894648,-8.0247848123893206],[-34.959594489797141,-8.0248444255404525],[-34.959668145386559,-8.0249176485508169],[-34.959742327741367,-8.0249944210161264],[-34.9597857476153,-8.0250372891825226],[-34.95979040618893,-8.0250418884652674],[-34.959918831438046,-8.0251777692529842],[-34.959926865337003,-8.0251866177319862],[-34.960014802455753,-8.0252834811502805],[-34.960018063886125,-8.025286108134118],[-34.960000382809191,-8.0253049855669047],[-34.959954546814785,-8.0253539226864348],[-34.959933547060338,-8.0253790456774166],[-34.959957840176919,-8.0254040831594828],[-34.960153834920739,-8.0255585735902031],[-34.960168013816151,-8.0255725557792186],[-34.960238879504509,-8.0256377830080705],[-34.960263423325316,-8.0256592971214396],[-34.960035753528246,-8.0260319021519262],[-34.960025600510498,-8.0260485197943758],[-34.960019737458239,-8.0260581151976123],[-34.959919330296628,-8.0262224420231885],[-34.959834313708335,-8.0263615803452986],[-34.959811422124432,-8.02639904439439],[-34.959431979672281,-8.0261745432088532],[-34.959416133957298,-8.0261984618741895],[-34.959321429577003,-8.0263430867853707],[-34.959231504552847,-8.0264832672623694],[-34.959181298826444,-8.0265629436167085],[-34.959114312520548,-8.0266696285794659],[-34.959079443578801,-8.0267153330242778],[-34.959063224701154,-8.0267448567186701],[-34.959058569557619,-8.0267095570271962],[-34.95904651188453,-8.0266181144567188],[-34.959034971730013,-8.0265301879549824],[-34.959025425942905,-8.0264874757921749],[-34.959018491676758,-8.0264595874422593],[-34.958989476186396,-8.0263543684241263],[-34.958961503727117,-8.0262529287580229],[-34.958925743075994,-8.0261301256572626],[-34.958904311332418,-8.0260507189143766],[-34.95887245454626,-8.0259256696559529],[-34.958836836959115,-8.0259190416902335],[-34.95875247157209,-8.0259344386001743],[-34.958694226975041,-8.0259502834343071],[-34.958579228920136,-8.0259861517035329],[-34.958574568733248,-8.0259893579216097],[-34.958542179747056,-8.0259997114781179],[-34.958523549316837,-8.0260035193745836],[-34.958405117037479,-8.0260404589640277],[-34.958429701812364,-8.0261284735140528],[-34.958436847301286,-8.0261501012856318],[-34.958465631712997,-8.0262553965160208],[-34.958466489031075,-8.0262601739197326],[-34.958482394240242,-8.0263488237226923],[-34.958485770057827,-8.026367755494876],[-34.958032420574852,-8.0264967799138294],[-34.957962907643761,-8.0262068169259209],[-34.957952338534852,-8.0261808868142381],[-34.957946532578347,-8.0261465445180349],[-34.958113564442463,-8.0260935250226062],[-34.958054066863674,-8.025874071352721],[-34.958329893240901,-8.0257903798027055],[-34.958333642737649,-8.0257892418514398],[-34.958246545691935,-8.0254831160343159],[-34.958232603548794,-8.0254318191566547],[-34.95820103134448,-8.0253231424599942],[-34.957981638449596,-8.0245520211098036],[-34.957968162359244,-8.0245559906812485],[-34.957962616976531,-8.0245351426979639],[-34.957935637274346,-8.0244450773366065],[-34.957917959598255,-8.0243860659138164],[-34.957879931650176,-8.0242614707215836],[-34.957864183511028,-8.024210299923805],[-34.957837372148127,-8.0241231782134772],[-34.95781772609071,-8.0240591876290885],[-34.95773972209669,-8.0238063794264214],[-34.957723570835896,-8.0237528374168683],[-34.957704581282705,-8.0236825515523087],[-34.957687521506458,-8.0236194029722423],[-34.957662972937399,-8.0235206715902176],[-34.957630464603739,-8.02339577706352],[-34.957629378377014,-8.0233918695281954],[-34.957583989373227,-8.0232285746109433],[-34.957568874224968,-8.0231739527490156],[-34.95756559314659,-8.0231620973536799],[-34.957546238900811,-8.0230921567378832],[-34.957516010910005,-8.0229752385664774],[-34.957505658445477,-8.0229320030829516],[-34.95740853375117,-8.0228010223436286],[-34.957391593222326,-8.0227781211904805],[-34.957373947941427,-8.0227542669084961],[-34.957302675138983,-8.022661951214376],[-34.957227704254102,-8.0225705128260021],[-34.957202307396301,-8.0225348017811378],[-34.95718307883071,-8.0225470236506844],[-34.957145466244526,-8.0225709290831801],[-34.957075046389988,-8.022606443798205],[-34.957005904234535,-8.0226250386720963],[-34.956961269219356,-8.0226361328153519],[-34.956829566916284,-8.0226536156203991],[-34.956711613883279,-8.0226846208227922],[-34.956620131515081,-8.0227154992900278],[-34.956560468028087,-8.0227293145709258],[-34.956479121016976,-8.0227506731729328],[-34.956482596965508,-8.0227511312777544],[-34.956491228196761,-8.0227819226885888],[-34.956691452932773,-8.023467727324876],[-34.956710716665505,-8.0235506197758291],[-34.956721681722179,-8.0236077827976615],[-34.95682390854725,-8.0240205019400399],[-34.956847175596351,-8.0240785186496861],[-34.956845791953334,-8.0240787964405094],[-34.956875130604644,-8.0241569489839275],[-34.956897530634251,-8.0242394260057566],[-34.956900946614155,-8.0242521793867869],[-34.956907208779022,-8.0242755580258578],[-34.956960320385171,-8.0244738371842939],[-34.956975135899143,-8.0245291457632728],[-34.956992464245239,-8.0245938381215396],[-34.957055513651667,-8.0248292180607788],[-34.957116046569389,-8.025043816929303],[-34.957206611745548,-8.025364881412905],[-34.957208437662509,-8.0253713538194287],[-34.957296291131371,-8.0256533863974511],[-34.957381269860406,-8.0259261905594812],[-34.957454276186738,-8.0262140994271114],[-34.957458255936686,-8.0262297945827861],[-34.957492972875343,-8.0263025288084435],[-34.957498558853459,-8.0263142331067918],[-34.957516399709419,-8.0263516127111316],[-34.957523492311893,-8.0263775467198677],[-34.957605550831531,-8.026677607093756],[-34.957617926346266,-8.0267227892689004],[-34.957740598792668,-8.0271706419360083],[-34.957750737594814,-8.0272076585725873],[-34.957819295629541,-8.0274601182683814],[-34.957868328249454,-8.0276406773514122],[-34.957875879984535,-8.0276653127592414],[-34.957891209205052,-8.0277153211028871],[-34.957922940044384,-8.0278479731650769],[-34.95795804356149,-8.0279947276128265],[-34.957987283865727,-8.0281169687959153],[-34.958067914367305,-8.0282391443984356],[-34.958136610428539,-8.0283022044384147],[-34.95815953920458,-8.028259390120013],[-34.958311902329896,-8.027974895751198],[-34.958737222987629,-8.0282362712629656],[-34.958668257669544,-8.0283562804027664],[-34.958644402553745,-8.0283965605957377],[-34.958667480397764,-8.0284102292453916],[-34.958956236559978,-8.0285738991895776],[-34.959003483927859,-8.0285177022197107],[-34.959157975698098,-8.0286066647568752],[-34.959058770374106,-8.0287872513958014],[-34.958888292386675,-8.0291181526759168],[-34.958527214305086,-8.028885939014538],[-34.958171640312322,-8.0293519093109502],[-34.958139836850144,-8.029325509855866],[-34.958095558176616,-8.0293666231486558],[-34.957973963666731,-8.0294322631901718],[-34.957857042578127,-8.0294783382588637],[-34.957805694443813,-8.0294985728483255],[-34.957787339934917,-8.029453985999611],[-34.957749532433141,-8.0293621361319438],[-34.957911880351389,-8.0292966954499363],[-34.957921630169864,-8.0293282227556428],[-34.958019323159654,-8.0292827888589517],[-34.958055319698943,-8.0292493704331811],[-34.958081247434954,-8.0292138293238295],[-34.958104027208066,-8.0291474798469729],[-34.958107374897942,-8.0290948413696537],[-34.958099266379634,-8.0290302969306158],[-34.957820522088326,-8.028276723023728],[-34.957663277763864,-8.0277121919034453],[-34.957649646863388,-8.0277154850972501],[-34.957639413084031,-8.027620571257863],[-34.95728115683395,-8.0263801295934165],[-34.957256285243872,-8.0262912719081392],[-34.956896230891566,-8.0250187903859338],[-34.956675625309188,-8.0242389648176946],[-34.956644957399007,-8.0241305565992995],[-34.956644967404614,-8.0241303730307951],[-34.956613421754717,-8.0241387859416431],[-34.956578313629812,-8.0240050521323134],[-34.956621449634454,-8.0239926479265229],[-34.956273407571942,-8.0228005730713559],[-34.956401790358001,-8.0227605123279009],[-34.956272135088689,-8.022796215295811],[-34.956260645172335,-8.02276298388378],[-34.955933551332194,-8.0228614126942261],[-34.955851807556883,-8.022537482291483],[-34.955959079114443,-8.022482580840828],[-34.956055072419339,-8.0224440220248727],[-34.956134920948926,-8.0224243440214558],[-34.956175424545712,-8.0224143625871953],[-34.95623994392124,-8.0224009067082491],[-34.956274134919475,-8.0223937758774362],[-34.95627288065949,-8.0223901936850037],[-34.956269209236559,-8.0223913429932363],[-34.956270344550212,-8.0223829498752952]]]},"properties":{"NMNOME":"Vila Felicidade","CDTIPO":"ZEIS","CDID":0,"CDSETOR":" ","ELINK":" ","NMLEI":" ","INDEXADOR":"58","PROPOSTA":"Ampliação Lei Complementar nº 02 de 24/04/2021","CRIAÇÃO":"LEI Nº 15.927 de 13/08/1994","COMUL":"Decreto nº 16.879 de 03/01/95","AREA_HA":8.7124448599999997,"DB2GSE.ST_Area(SHAPE)":87124.448613860004,"DB2GSE.SdeLength(SHAPE)":3688.2231358067838,"OBJECTID":55,"ALTERACAO":"LUOS 16.176 de 09/04/96","BAIRRO":"CAXANGÁ","MODIFICADO":1,"COMPAREID":62,"AJSTDO_A_V":""}},{"type":"Feature","id":56,"geometry":{"type":"Polygon","coordinates":[[[-34.92630380844016,-8.0274078953212626],[-34.92637043572271,-8.0274111625731273],[-34.926432282708959,-8.0274243661119371],[-34.926447111860362,-8.0274275323136663],[-34.92645087216944,-8.0274786944257901],[-34.926452439756616,-8.0274922244747646],[-34.926476021943436,-8.0276958221912551],[-34.926504487558155,-8.0277312184526011],[-34.926518227886561,-8.0277406467431422],[-34.926478778002135,-8.027795633735936],[-34.926476201972513,-8.0277992665557765],[-34.926333244504988,-8.0280008875388962],[-34.92629682869984,-8.0280876669461811],[-34.9262516221536,-8.0281182549990273],[-34.926170714371665,-8.028115682931352],[-34.926134185266157,-8.0281145222631771],[-34.926130154797832,-8.0281143937699611],[-34.926099601051639,-8.0281216924380434],[-34.926057584667532,-8.0281317298217552],[-34.926034004056426,-8.0280753156795797],[-34.926023000380354,-8.0280489894376448],[-34.926008807311277,-8.0279819746409178],[-34.925954668868499,-8.0277723957789782],[-34.92590980909047,-8.0275685594484667],[-34.925897989822317,-8.0275131163426092],[-34.926049747717556,-8.0274704142333686],[-34.926189034361542,-8.0274312221562383],[-34.926251624113391,-8.0274136100834337],[-34.92630380844016,-8.0274078953212626]]]},"properties":{"NMNOME":"Vila Inaldo Martins","CDTIPO":"ZEIS","CDID":0,"CDSETOR":" ","ELINK":" ","NMLEI":" ","INDEXADOR":"59","PROPOSTA":" ","CRIAÇÃO":"LEI Nº 15.951 de 24/09/1994","COMUL":" ","AREA_HA":0.37862901999999998,"DB2GSE.ST_Area(SHAPE)":3786.2902288099999,"DB2GSE.SdeLength(SHAPE)":243.12622929766755,"OBJECTID":56,"ALTERACAO":"LUOS 16.176 de 09/04/96","BAIRRO":"MONTEIRO","MODIFICADO":0,"COMPAREID":63,"AJSTDO_A_V":""}},{"type":"Feature","id":57,"geometry":{"type":"Polygon","coordinates":[[[-34.941231947286269,-8.0205022052569976],[-34.941257463131528,-8.0204793552974003],[-34.941257382842167,-8.0204792553260731],[-34.941255817236012,-8.0204773135695664],[-34.941253158630197,-8.020474017270768],[-34.941254116216911,-8.0204732117665571],[-34.941352312859337,-8.0203905596756915],[-34.941361879606312,-8.0203832595585176],[-34.941491612345381,-8.0205667075503015],[-34.941497184543081,-8.020572560330864],[-34.941603946655704,-8.0207240190913822],[-34.941706628952737,-8.0208696894119811],[-34.941860935355102,-8.0207751474263311],[-34.942002557567825,-8.0206779584844448],[-34.942430988020874,-8.0203886402021087],[-34.942425782251185,-8.0205321901835962],[-34.942379240993922,-8.0206129959644059],[-34.942201358242087,-8.0207516124286506],[-34.942075503044933,-8.0209311259713232],[-34.942032485745919,-8.0209686435830641],[-34.941820970408472,-8.0210997648553501],[-34.94160835911962,-8.0212021866618386],[-34.941597942676793,-8.0212574905323955],[-34.941534950860991,-8.0212577875444939],[-34.941291853033405,-8.0212320236652204],[-34.941220160311317,-8.0211514354134206],[-34.941223935477126,-8.0210597394890772],[-34.941221154236672,-8.0210594623994638],[-34.941221151843152,-8.0210589579495952],[-34.941220296934404,-8.0208787789466509],[-34.941061671212118,-8.0208668392127223],[-34.940984768503668,-8.0208595904804518],[-34.94083454100879,-8.0208481200523671],[-34.94060628975474,-8.0210940439217229],[-34.940655269744283,-8.0211507828657904],[-34.940685096776541,-8.0211853335018581],[-34.940564432124937,-8.021226364845738],[-34.940293267413068,-8.0211531758366483],[-34.939926721493357,-8.0210646286131642],[-34.939953533245699,-8.0212693335620155],[-34.939969838099856,-8.0213938225739323],[-34.940031108083154,-8.0214309201093865],[-34.940194831312816,-8.0215300519535546],[-34.940275687093028,-8.0217869119204135],[-34.940298861666058,-8.0218605354429275],[-34.940082637858666,-8.0219497708754925],[-34.940000357165346,-8.021679122623004],[-34.93964401673761,-8.0207646222801294],[-34.939591620028473,-8.0206301516027665],[-34.939713997330898,-8.020565641470295],[-34.939757677141699,-8.0205432737724358],[-34.939786091761455,-8.0205318871829654],[-34.939843301033179,-8.0207501535193728],[-34.939851091511834,-8.0207798755321047],[-34.940436047665074,-8.0208014774844365],[-34.940454797950764,-8.0208020671705889],[-34.940525853095245,-8.0208043016609949],[-34.94049687527955,-8.0208019258499963],[-34.940897767709771,-8.020662560020769],[-34.940938587848905,-8.0206474896382645],[-34.940940316577368,-8.0206469173617059],[-34.940954518066945,-8.0206417226416331],[-34.94098307677325,-8.0206312755110059],[-34.941006124687071,-8.0206206536535039],[-34.941011055185335,-8.0206183811320155],[-34.941052339973005,-8.0205993551292813],[-34.941059197239341,-8.0205961947866946],[-34.941119366877039,-8.020568465050399],[-34.941139960396292,-8.0205589748768364],[-34.941179158211092,-8.0205409097643425],[-34.941179035238406,-8.0205407982415338],[-34.941183062425921,-8.020539110377932],[-34.941198872960179,-8.0205318242259214],[-34.941219652681731,-8.0205132158046286],[-34.941231947286269,-8.0205022052569976]]]},"properties":{"NMNOME":"Vila Marcionila / Mussum","CDTIPO":"ZEIS","CDID":0,"CDSETOR":" ","ELINK":" ","NMLEI":" ","INDEXADOR":"60","PROPOSTA":"Ampliação Lei Complementar nº 02 de 24/04/2021","CRIAÇÃO":"LEI Nº 16.220 de 30/07/1996","COMUL":" ","AREA_HA":1.42160218,"DB2GSE.ST_Area(SHAPE)":14216.021860385001,"DB2GSE.SdeLength(SHAPE)":1082.9659163683748,"OBJECTID":57,"ALTERACAO":" ","BAIRRO":" ","MODIFICADO":1,"COMPAREID":64,"AJSTDO_A_V":""}},{"type":"Feature","id":58,"geometry":{"type":"Polygon","coordinates":[[[-34.945654511904564,-8.0555910838181664],[-34.946225814235092,-8.0554299482373395],[-34.946225993522077,-8.0557847094959065],[-34.946222021465729,-8.0560988923572623],[-34.946217403624139,-8.0563337245405933],[-34.946209494007796,-8.0566533973876204],[-34.946198534172964,-8.0570788411800223],[-34.946193403529804,-8.0572050128107389],[-34.946179687224564,-8.057572187503764],[-34.946153367920196,-8.0578436552924817],[-34.946126303513758,-8.0581228200723132],[-34.946104065320071,-8.0583521913756062],[-34.946073930495935,-8.0584903401151351],[-34.945876917574367,-8.0585591043063509],[-34.945668393971694,-8.0586318854978938],[-34.945169735425857,-8.0587501185709609],[-34.944773133263382,-8.058855106265435],[-34.944770327494012,-8.0588113853067362],[-34.944669056170376,-8.0575683572203065],[-34.944638641040861,-8.0572189825708342],[-34.944591380221389,-8.056562271328584],[-34.944567230511453,-8.0562972463369427],[-34.944552373769525,-8.0561922011935199],[-34.944509759677906,-8.0559155346109517],[-34.945108758618112,-8.0557424151523627],[-34.945654511904564,-8.0555910838181664]]]},"properties":{"NMNOME":"Vila Redenção","CDTIPO":"ZEIS","CDID":0,"CDSETOR":" ","ELINK":" ","NMLEI":" ","INDEXADOR":"61","PROPOSTA":" ","CRIAÇÃO":"LUOS 14.511 de 17/01/1983","COMUL":" ","AREA_HA":5.6669633099999999,"DB2GSE.ST_Area(SHAPE)":56669.633105740002,"DB2GSE.SdeLength(SHAPE)":1011.6943321005408,"OBJECTID":58,"ALTERACAO":"LUOS 16.176 de 09/04/96","BAIRRO":"ENGENHO DO MEIO","MODIFICADO":0,"COMPAREID":65,"AJSTDO_A_V":""}},{"type":"Feature","id":59,"geometry":{"type":"Polygon","coordinates":[[[-34.930091180389844,-8.0199738497112047],[-34.929941990259543,-8.0199322009705671],[-34.929925612576291,-8.0199871784532561],[-34.929892740801634,-8.019983803048726],[-34.929749923964728,-8.0199798163631897],[-34.929748904368282,-8.0199797876905166],[-34.929636151982983,-8.019976640091631],[-34.929460896170028,-8.0199596991580364],[-34.929396582756787,-8.0199581019343729],[-34.929272541293528,-8.0199411659857862],[-34.929151908179541,-8.0199267020010847],[-34.929135394430581,-8.0199253328602378],[-34.929070363104202,-8.0199253662521066],[-34.928998524780653,-8.0199244370518787],[-34.928945467640233,-8.0199248663685445],[-34.928916205984422,-8.0199323262938815],[-34.92889753978686,-8.019936120358663],[-34.928866747484228,-8.0199679002986901],[-34.928862216798734,-8.0199813160508899],[-34.928816797056747,-8.0199703103072864],[-34.928770941154426,-8.0199591339255303],[-34.928661360124636,-8.0199324349385908],[-34.928618775311257,-8.0199075015262071],[-34.928544579659878,-8.0198626885174651],[-34.928487799882184,-8.019829370415664],[-34.928460798709992,-8.0198118676999695],[-34.928491271357089,-8.0197769187479668],[-34.928443402914262,-8.0197388107920027],[-34.928431029958205,-8.019749065606101],[-34.928399658377415,-8.0197095125584497],[-34.928393981005172,-8.0196963199919651],[-34.928365577641884,-8.0197024920943836],[-34.92828982533026,-8.0197228590178682],[-34.928235947154455,-8.019739989146224],[-34.928135644094709,-8.0198059306901346],[-34.92782504774582,-8.0194502189096983],[-34.927966087144625,-8.0193295267974385],[-34.928081426710229,-8.0192234443158785],[-34.928090426278082,-8.0192158252683363],[-34.928138215596682,-8.0191753691197665],[-34.92825529738262,-8.0190548451517891],[-34.928318607983762,-8.0189899338574584],[-34.928392043608412,-8.0189048734050914],[-34.928459978114404,-8.0188365194924316],[-34.928449242107824,-8.0188234437256689],[-34.928481068097881,-8.018791031571384],[-34.928505411062247,-8.0187716358321293],[-34.928537069465101,-8.018734842486765],[-34.928577304576102,-8.0186880833216581],[-34.928536703981166,-8.0186636360021595],[-34.928609411940457,-8.0185879721119591],[-34.928601549832997,-8.0185802087033515],[-34.928600717874168,-8.0185793862888719],[-34.928611060574418,-8.0185698217404688],[-34.928669649916493,-8.0185156365825563],[-34.928633356470947,-8.018483839898062],[-34.928673695402743,-8.018401956656918],[-34.92868546856721,-8.0183745239208335],[-34.92869333288759,-8.0183561979895721],[-34.928732114802038,-8.0183758053472136],[-34.928732239031,-8.0183756067766758],[-34.928775060839619,-8.0183071028251138],[-34.928781690057534,-8.0183096094778072],[-34.928798280927403,-8.0182653866051901],[-34.928812833255627,-8.0182206661008841],[-34.92886739463259,-8.0182401995618164],[-34.928959989478678,-8.0181178464323821],[-34.928963554366803,-8.0181210138337971],[-34.929005909560928,-8.0181598129692677],[-34.92905539044429,-8.0180967012684778],[-34.92910694942816,-8.0180309381742543],[-34.929200161792359,-8.0181046552461837],[-34.929267377273419,-8.0181566610319983],[-34.929411812399266,-8.0182714490880098],[-34.929504902541005,-8.0183280690850989],[-34.929508911917388,-8.0183849228086324],[-34.929536976185673,-8.0184509431081494],[-34.929578467092384,-8.0185493751871455],[-34.929599280603441,-8.018613023743324],[-34.929623900989526,-8.0187163462385751],[-34.929740083483644,-8.0187891698933775],[-34.929856289610072,-8.018866804792367],[-34.929932477577324,-8.0189025305922303],[-34.930023049447037,-8.0189243912417378],[-34.930106316121076,-8.0189258055698378],[-34.930184122970367,-8.0189209306211318],[-34.93027635764534,-8.0189051628550594],[-34.930378463031694,-8.0188713074309632],[-34.930467902270848,-8.0188384145023139],[-34.930551967676948,-8.018817272374184],[-34.93061799648946,-8.0188097467071078],[-34.930700457774613,-8.0188023320506439],[-34.930810123071637,-8.0188142777265696],[-34.930916008677812,-8.0192040811239114],[-34.931136827357555,-8.0200169905082355],[-34.931076921447747,-8.0201715253109587],[-34.931029385770351,-8.0202873834864992],[-34.930991857738697,-8.0202700342958089],[-34.930777391185913,-8.0201874588034823],[-34.930703778243533,-8.0201591163550621],[-34.930537937142731,-8.0200985661325088],[-34.930091180389844,-8.0199738497112047]]]},"properties":{"NMNOME":"Vila São João","CDTIPO":"ZEIS","CDID":0,"CDSETOR":" ","ELINK":" ","NMLEI":" ","INDEXADOR":"62","PROPOSTA":" ","CRIAÇÃO":"LEI Nº 15.947 de 13/09/1994","COMUL":"Decreto nº 16.878 de 03/01/95","AREA_HA":4.7329365599999997,"DB2GSE.ST_Area(SHAPE)":47329.365641119999,"DB2GSE.SdeLength(SHAPE)":1057.6094778866748,"OBJECTID":59,"ALTERACAO":"LUOS 16.176 de 09/04/96","BAIRRO":"MACAXEIRA","MODIFICADO":0,"COMPAREID":66,"AJSTDO_A_V":""}},{"type":"Feature","id":60,"geometry":{"type":"Polygon","coordinates":[[[-34.932256828334147,-8.0305096227214925],[-34.932247934745796,-8.030374327244429],[-34.932252219944488,-8.030319754537258],[-34.932251243041435,-8.0303091943221716],[-34.932251986893924,-8.0302994324420442],[-34.93222711175634,-8.0301211753290147],[-34.932212669004358,-8.0300409159425374],[-34.932188942100439,-8.0299090613585236],[-34.932180745977469,-8.0297599296228341],[-34.932167428199868,-8.0295176091888329],[-34.93216811027235,-8.0294755935723643],[-34.932135243044584,-8.0294687360831869],[-34.931756256539224,-8.0294453668977592],[-34.931783981036425,-8.0294042603320293],[-34.93185725669219,-8.0292956156540178],[-34.932161283545575,-8.0288448391397935],[-34.932202841454732,-8.0287470763647732],[-34.932224008502494,-8.0286734229085468],[-34.932226709601494,-8.0286640252112988],[-34.932230552417792,-8.0286634086776196],[-34.932278379139817,-8.0286557301047985],[-34.932319669364496,-8.0286536873781209],[-34.932360660703509,-8.0286590258644459],[-34.932397628499785,-8.0286697280270598],[-34.9324822480732,-8.0286961801300443],[-34.932641812162011,-8.0287128336717437],[-34.933199203810275,-8.0287732980897122],[-34.933293683738718,-8.0287819579583033],[-34.933456518490004,-8.0287968826121094],[-34.933525703292737,-8.02880507818697],[-34.933622048179316,-8.0288227797147176],[-34.933683753394654,-8.0288389489299519],[-34.933716797794574,-8.0288476081556226],[-34.933738629864536,-8.028855915063831],[-34.933766496057885,-8.0288731844421459],[-34.933781422282145,-8.0288866968153094],[-34.933893999850227,-8.0289825824554661],[-34.933990833404216,-8.0290523678480206],[-34.934018338407483,-8.0290759157597567],[-34.934078627765203,-8.0291275323467737],[-34.934092966364403,-8.0294023041618612],[-34.934097447471835,-8.0294673750951358],[-34.934108066913595,-8.0295793313229478],[-34.934116892135016,-8.0296441069966971],[-34.93412709542573,-8.0297054986384282],[-34.934179861625758,-8.0299635970589449],[-34.934190076911541,-8.0300177435369839],[-34.934226636402649,-8.0302378366089808],[-34.934231730997929,-8.0302747984658378],[-34.934249397270193,-8.0304293206284072],[-34.934270465669414,-8.0305522020235216],[-34.934296051467243,-8.0307014271379948],[-34.934233202319383,-8.0307132584480598],[-34.934120622952733,-8.0307340197132522],[-34.934071011351961,-8.0307434816025918],[-34.933957405663904,-8.0307662537522955],[-34.933910230626324,-8.030775977192004],[-34.93376082552615,-8.0308042289431345],[-34.933701906538047,-8.0308151249886581],[-34.933644226676691,-8.0308258606074379],[-34.933587531910135,-8.0308379549038449],[-34.933528221139824,-8.0308494395006864],[-34.933348349823142,-8.030883941233359],[-34.933226984194569,-8.0309066520376469],[-34.933041800046489,-8.0309445299555957],[-34.932463611583543,-8.0310581258679345],[-34.932323515694677,-8.0310746584182127],[-34.932312929895957,-8.0309801013587379],[-34.932299583339535,-8.0308621846963302],[-34.932285670798699,-8.0307396600021033],[-34.932272179639043,-8.0306295188988983],[-34.932256828334147,-8.0305096227214925]]]},"properties":{"NMNOME":"Vila União","CDTIPO":"ZEIS","CDID":0,"CDSETOR":" ","ELINK":" ","NMLEI":" ","INDEXADOR":"63","PROPOSTA":" ","CRIAÇÃO":"LUOS 16.176 de 12/04/1996","COMUL":" ","AREA_HA":5.1829951100000002,"DB2GSE.ST_Area(SHAPE)":51829.951154114999,"DB2GSE.SdeLength(SHAPE)":939.15530674843433,"OBJECTID":60,"ALTERACAO":" ","BAIRRO":"IPUTINGA","MODIFICADO":0,"COMPAREID":67,"AJSTDO_A_V":""}},{"type":"Feature","id":61,"geometry":{"type":"Polygon","coordinates":[[[-34.922782626794543,-8.0823658238340794],[-34.922569474935578,-8.0829373810728242],[-34.922722368111558,-8.0830185036356639],[-34.922836496345091,-8.0830819533318188],[-34.922876013088803,-8.0831487871400167],[-34.922953699229261,-8.0832519454602227],[-34.92301413455705,-8.0833082317075693],[-34.923146821185078,-8.08339868590474],[-34.923205055724644,-8.0834696906052113],[-34.923207178327196,-8.0835320869100862],[-34.923208971187705,-8.0835771557622493],[-34.923187069712313,-8.0836270408381505],[-34.923141817162417,-8.0836726303174],[-34.922958296224429,-8.0837759743993765],[-34.922855515679018,-8.0837861666904445],[-34.922672351226673,-8.0837363278942664],[-34.92227576766112,-8.0834188868574408],[-34.922062572358854,-8.08342744025353],[-34.921865960842162,-8.0835092700610875],[-34.921706359552665,-8.0836351541821134],[-34.921637386246346,-8.0832400635037676],[-34.921615423470904,-8.0830587725731124],[-34.92214302091179,-8.0830599513182975],[-34.922207839343677,-8.0830474470993856],[-34.922257886989648,-8.0830163932337502],[-34.922275722306793,-8.0829777105283398],[-34.922385861975741,-8.0826739709480826],[-34.922432090332471,-8.0825131889383357],[-34.922590002858179,-8.0820683758251572],[-34.922733491657816,-8.0817741184804976],[-34.922804294671543,-8.0818185978585024],[-34.922709691611239,-8.0821421880181923],[-34.922745254525886,-8.0821662269267431],[-34.922695638567781,-8.0823288203334034],[-34.922782626794543,-8.0823658238340794]]]},"properties":{"NMNOME":"Vila do Siri","CDTIPO":"ZEIS","CDID":0,"CDSETOR":" ","ELINK":" ","NMLEI":" ","INDEXADOR":"64","PROPOSTA":" ","CRIAÇÃO":"LUOS 16.176 de 12/04/1996","COMUL":" ","AREA_HA":1.28055319,"DB2GSE.ST_Area(SHAPE)":12805.531974615,"DB2GSE.SdeLength(SHAPE)":731.14591886757819,"OBJECTID":61,"ALTERACAO":" ","BAIRRO":"JIQUIÁ","MODIFICADO":0,"COMPAREID":68,"AJSTDO_A_V":""}},{"type":"Feature","id":62,"geometry":{"type":"Polygon","coordinates":[[[-34.911315717593368,-8.0369355653721435],[-34.911385280221126,-8.0374385187458],[-34.911330982448639,-8.0374508315260851],[-34.911196016860394,-8.0374805837106305],[-34.911193494256878,-8.0374811396901205],[-34.911178484589001,-8.0374844487630543],[-34.911169872703972,-8.037438046889017],[-34.91116648099684,-8.0374197733858299],[-34.911067446700464,-8.0374390032504763],[-34.911054921848276,-8.037441434667933],[-34.91107825364098,-8.0375815243721842],[-34.911014729921156,-8.0375875551660396],[-34.910994755739054,-8.0375894516600699],[-34.91101204499153,-8.0377756994910285],[-34.911015558116745,-8.0378526608499161],[-34.910927848071324,-8.037859860964927],[-34.910814047823507,-8.037853883546239],[-34.910675052101368,-8.0378443057141737],[-34.91051825157767,-8.0378162202712691],[-34.91038377877382,-8.0377768765875555],[-34.910066525994729,-8.0376181387227046],[-34.910054190353549,-8.0376119661257661],[-34.91009843468219,-8.0375368639161255],[-34.91016977036513,-8.0374157733466305],[-34.91018353301461,-8.0373692629105076],[-34.910220047358614,-8.037330193881921],[-34.910285367773085,-8.0372872951315415],[-34.910344617661799,-8.0372227531903206],[-34.910408296163951,-8.0371429932858831],[-34.910458451793993,-8.0371165937215832],[-34.910530039524453,-8.0371040686935071],[-34.910658111168772,-8.0370877976991792],[-34.910790121915845,-8.0370587004332421],[-34.911315717593368,-8.0369355653721435]]]},"properties":{"NMNOME":"Vila do Vintém","CDTIPO":"ZEIS","CDID":0,"CDSETOR":" ","ELINK":" ","NMLEI":" ","INDEXADOR":"65","PROPOSTA":" ","CRIAÇÃO":"LEI Nº 15.979 de 11/12/1994","COMUL":" ","AREA_HA":0.92153529000000001,"DB2GSE.ST_Area(SHAPE)":9215.35293447,"DB2GSE.SdeLength(SHAPE)":433.73434221907843,"OBJECTID":62,"ALTERACAO":"LUOS 16.176 de 09/04/96","BAIRRO":"PARNAMIRIM","MODIFICADO":0,"COMPAREID":69,"AJSTDO_A_V":""}},{"type":"Feature","id":63,"geometry":{"type":"Polygon","coordinates":[[[-34.91607175774228,-8.0342213339082882],[-34.915831997046595,-8.0343303549762872],[-34.915537443374809,-8.0344602972518313],[-34.914768250908836,-8.0348265868915831],[-34.915235499617161,-8.0340686879137131],[-34.915627611604137,-8.0334165057927454],[-34.915850573530392,-8.0338147119216021],[-34.91607175774228,-8.0342213339082882]]]},"properties":{"NMNOME":"Lemos Torres","CDTIPO":"ZEISII","CDID":0,"CDSETOR":" ","ELINK":" ","NMLEI":"LEI Nº 17.862 /2013","INDEXADOR":"75","PROPOSTA":" ","CRIAÇÃO":"LEI Nº 17.862 de 10/04/2013","COMUL":" ","AREA_HA":0.79390764999999996,"DB2GSE.ST_Area(SHAPE)":7939.0765038299996,"DB2GSE.SdeLength(SHAPE)":442.65542052564865,"OBJECTID":63,"ALTERACAO":" ","BAIRRO":"CASA FORTE","MODIFICADO":0,"COMPAREID":70,"AJSTDO_A_V":""}},{"type":"Feature","id":64,"geometry":{"type":"Polygon","coordinates":[[[-34.877146361250666,-8.035307576127126],[-34.877059612325368,-8.0356245129503971],[-34.87711519332931,-8.0356411474432381],[-34.877222884944956,-8.0356858598759526],[-34.877203631033289,-8.0357200317776893],[-34.877346104373025,-8.0358132250594831],[-34.877460369847412,-8.0358870188978955],[-34.877516972316215,-8.0359235963696722],[-34.877586760104172,-8.0357767762122254],[-34.87772129577943,-8.0353667020486412],[-34.877741273696103,-8.0353014109704244],[-34.877935422085976,-8.0353520478439524],[-34.877885808125697,-8.0355185599287751],[-34.877836186394163,-8.03567510271772],[-34.877810845135627,-8.0357512573629748],[-34.877805124124308,-8.0357845483613826],[-34.877774273914909,-8.0358217567306998],[-34.877583121341232,-8.0360112218218784],[-34.877618236394227,-8.0360532821465895],[-34.877606120253517,-8.0360813640956614],[-34.877611386473561,-8.0360825153495323],[-34.877700134127927,-8.0361104077809014],[-34.877568939657401,-8.0364795822346231],[-34.877523929712844,-8.0366961966235007],[-34.877798522339866,-8.0367827775617222],[-34.877706999836526,-8.0370590353138383],[-34.877439375820792,-8.036963155659258],[-34.877328772720183,-8.036927638544233],[-34.876892554238239,-8.0367294159014708],[-34.876632135662661,-8.0381081856066441],[-34.874515864968117,-8.0371365363604195],[-34.873825440485909,-8.036970500444033],[-34.874628678441695,-8.0360130454837133],[-34.874085452141088,-8.0355975202893113],[-34.873921878351574,-8.035449139738617],[-34.874233047719798,-8.035154630113734],[-34.874241071590696,-8.0349138978824879],[-34.874452719004701,-8.0347408890443681],[-34.874597765896596,-8.034300513913859],[-34.874784970290733,-8.0337438719338206],[-34.874880295491778,-8.033770425124656],[-34.874788050823518,-8.0339652530590051],[-34.874646101617074,-8.0344172532628875],[-34.874681166700718,-8.034428756077757],[-34.874774313571017,-8.0344468650872205],[-34.875126807592352,-8.0344818648634231],[-34.875013909617323,-8.035047013621762],[-34.875030885368361,-8.0351343856580772],[-34.875194586405094,-8.0351830273450044],[-34.875442019697317,-8.035280285671984],[-34.875980233159574,-8.0354878840860255],[-34.876075138244026,-8.0352220758607267],[-34.876129685851744,-8.0352434074248382],[-34.876571453526751,-8.0354129980541629],[-34.876587954393571,-8.0353718772895384],[-34.876545799784836,-8.0353572427353068],[-34.876567042326457,-8.0352425982513438],[-34.876576768814218,-8.0351879471437648],[-34.877096555762989,-8.0352963243927107],[-34.877146361250666,-8.035307576127126]]]},"properties":{"NMNOME":"Chié","CDTIPO":"ZEIS","CDID":0,"CDSETOR":" ","ELINK":" ","NMLEI":"LEI Nº 17.930 /2013","INDEXADOR":"66","PROPOSTA":" ","CRIAÇÃO":"LEI Nº 17.930 de 05/11/2013","COMUL":" ","AREA_HA":9.4494285100000006,"DB2GSE.ST_Area(SHAPE)":94494.285156280006,"DB2GSE.SdeLength(SHAPE)":1988.1959085228839,"OBJECTID":64,"ALTERACAO":" ","BAIRRO":" ","MODIFICADO":0,"COMPAREID":71,"AJSTDO_A_V":""}},{"type":"Feature","id":65,"geometry":{"type":"Polygon","coordinates":[[[-34.909030086026931,-8.1204051647711903],[-34.909431992234978,-8.1209818802878893],[-34.909543720298664,-8.1215870791758586],[-34.909316831996271,-8.1215700627647944],[-34.909299328653631,-8.1217057546098435],[-34.908873109949212,-8.1217439172962926],[-34.908882694676862,-8.1218523601079422],[-34.908891894953221,-8.1218794388840223],[-34.908919154041882,-8.1218883516248823],[-34.908910423666839,-8.1219607177788191],[-34.908937682761511,-8.1219696305170377],[-34.908929251429967,-8.1221052798061208],[-34.908747766137999,-8.1220970907322236],[-34.908763176656677,-8.1215184168688044],[-34.907855580575358,-8.1214413081753065],[-34.90784813079491,-8.1217848879645178],[-34.907529257255923,-8.1217696580285388],[-34.90756371815057,-8.1211134160712799],[-34.907225779650233,-8.1210568689495144],[-34.907199562868563,-8.1220758739295249],[-34.906518297419133,-8.1220516740710558],[-34.906551639659092,-8.1208888888462631],[-34.90555814482115,-8.1209496856332102],[-34.905542034181558,-8.1212462949311153],[-34.905259911384348,-8.1212326991006449],[-34.90522771026567,-8.1220995786728398],[-34.905037405497353,-8.1220873609271269],[-34.905026221544027,-8.1223514008097286],[-34.904618710046691,-8.1223361317149116],[-34.903497262510093,-8.1223333345900244],[-34.903536461272047,-8.1225464207049907],[-34.903297580044942,-8.1225837011769464],[-34.90320352716148,-8.122146662854048],[-34.90297137652059,-8.1221875278709188],[-34.902971197655191,-8.1221495578576359],[-34.902377481510783,-8.1222414758577788],[-34.902443781218182,-8.1226997091526005],[-34.902323739258414,-8.1227159109332234],[-34.90224914743736,-8.1222306847242312],[-34.902542673819667,-8.1221804019723081],[-34.90257097192243,-8.1215815957496567],[-34.902302311476248,-8.1215756195175768],[-34.902289021744942,-8.1214506490225276],[-34.901967850062007,-8.1214869572560655],[-34.901948514083685,-8.1212339084974481],[-34.909030086026931,-8.1204051647711903]]]},"properties":{"NMNOME":"Entra a Pulso","CDTIPO":"ZEIS","CDID":0,"CDSETOR":" ","ELINK":" ","NMLEI":" ","INDEXADOR":"67","PROPOSTA":" ","CRIAÇÃO":"LUOS 16.176 de 09/04/1996","COMUL":"Decreto nº 14.523 de 05/12/88","AREA_HA":8.8346350200000003,"DB2GSE.ST_Area(SHAPE)":88346.350250000003,"DB2GSE.SdeLength(SHAPE)":2758.5308236237893,"OBJECTID":65,"ALTERACAO":"LM 18.429 de 13/12/2017","BAIRRO":" ","MODIFICADO":2,"COMPAREID":72,"AJSTDO_A_V":"Aj. vertice. Lei16176-96"}},{"type":"Feature","id":66,"geometry":{"type":"Polygon","coordinates":[[[-34.870620785983625,-8.0561145894547543],[-34.870650416863228,-8.0561097195789877],[-34.87079475762544,-8.0560938299301448],[-34.871012731328833,-8.0560630611298212],[-34.871097326714484,-8.0560519508543393],[-34.871170044543106,-8.0560426333203026],[-34.871227063691244,-8.0560377848888116],[-34.871274778075346,-8.0560330042259185],[-34.871281191990505,-8.0560343392227232],[-34.871285388973412,-8.056037655244662],[-34.871287813397693,-8.0560427314749603],[-34.871314266156041,-8.0562079518809213],[-34.871335912418893,-8.0563540673641594],[-34.871339820776932,-8.0563804470404641],[-34.871375266502987,-8.0565867017413062],[-34.871431483436744,-8.0570362289941109],[-34.87143672609546,-8.0570710810966286],[-34.871437346506966,-8.0570935755475652],[-34.871434006481685,-8.0571048150238642],[-34.871431119073499,-8.0571103232395451],[-34.871425136161882,-8.0571149424021709],[-34.871420003642875,-8.0571159051746317],[-34.871443157119948,-8.0572672294210914],[-34.871450272190145,-8.0573157319106041],[-34.871503815901832,-8.0576807012684259],[-34.871504106805844,-8.0576855756774215],[-34.871503557629588,-8.0576904286068878],[-34.871502184040054,-8.0576951162356014],[-34.871500027135944,-8.0576995018589557],[-34.871497150722242,-8.0577034549972186],[-34.87149363863054,-8.0577068604487803],[-34.871489594718987,-8.0577096182900174],[-34.871485137438157,-8.0577116457083875],[-34.871480398054125,-8.0577128851472075],[-34.871389163368484,-8.0577285634912847],[-34.871227914228342,-8.0577586018481036],[-34.87108066001133,-8.057790438693111],[-34.870801222388891,-8.057835006116802],[-34.870687457504566,-8.0578506271040951],[-34.870687610940898,-8.0578565807184077],[-34.870686781725439,-8.0578624791468467],[-34.870684992703275,-8.0578681613577512],[-34.870682291248222,-8.057873474344337],[-34.870678751984236,-8.0578782731121894],[-34.870674470468884,-8.0578824279409105],[-34.870669563201723,-8.0578858261921464],[-34.870664163101324,-8.0578883750425181],[-34.870658415901758,-8.0578900069246],[-34.87029347589047,-8.057961839048339],[-34.870286055950949,-8.0579626748238145],[-34.870278598637221,-8.0579622857320228],[-34.870271307195587,-8.0579606835029587],[-34.870264377752626,-8.0579579097339575],[-34.870257998428912,-8.057954040414204],[-34.870252343871478,-8.0579491805251191],[-34.870247565263448,-8.0579434613737266],[-34.870243793036956,-8.0579370387720299],[-34.870241128676085,-8.0579300858417877],[-34.870239646522855,-8.0579227911980471],[-34.870176479498149,-8.05738953881702],[-34.870083586485329,-8.0572995086405079],[-34.870029894931498,-8.0573072420886689],[-34.869755711601073,-8.0573467336506752],[-34.869755686219193,-8.0573467373827903],[-34.869684012242182,-8.0573570616377967],[-34.869679782954293,-8.0573075866742734],[-34.869679101981546,-8.0572748437435529],[-34.869671766922721,-8.0570862945593635],[-34.869667812540278,-8.0569178712098335],[-34.869668646196985,-8.0567797500128826],[-34.869724848727216,-8.0567716552940887],[-34.870003123667232,-8.0567315756025142],[-34.870125113746859,-8.0567204531580376],[-34.870129765244108,-8.0566797245240895],[-34.870139250040246,-8.0566398381526803],[-34.870244598116933,-8.056291050940187],[-34.870318810547502,-8.0560888334658038],[-34.870321999306022,-8.0560819813124862],[-34.870326287624202,-8.0560757542924417],[-34.870331557466677,-8.056070325624642],[-34.87033765986169,-8.0560658478751126],[-34.870344425748854,-8.0560624447707507],[-34.870351665076086,-8.0560602121074858],[-34.870359176752743,-8.0560592122804273],[-34.870366750455474,-8.0560594724673784],[-34.870374175707283,-8.0560609863956607],[-34.870428433551716,-8.0560768551597874],[-34.870439748546119,-8.0560801640381339],[-34.870487972392546,-8.0560942675127727],[-34.870486544023436,-8.0560935471425825],[-34.870533277079872,-8.0561069666891765],[-34.870547279656151,-8.0561128065003373],[-34.870554044516709,-8.0561188592407031],[-34.870620785983625,-8.0561145894547543]]]},"properties":{"NMNOME":"Pilar","CDTIPO":"ZEIS","CDID":0,"CDSETOR":" ","ELINK":" ","NMLEI":" ","INDEXADOR":"69","PROPOSTA":"Criação de ZEIS I","CRIAÇÃO":" ","COMUL":" ","AREA_HA":2.9636918799999998,"DB2GSE.ST_Area(SHAPE)":29636.918858339999,"DB2GSE.SdeLength(SHAPE)":749.57513092126328,"OBJECTID":66,"ALTERACAO":" ","BAIRRO":" ","MODIFICADO":9,"COMPAREID":73,"AJSTDO_A_V":""}},{"type":"Feature","id":67,"geometry":{"type":"Polygon","coordinates":[[[-34.930423610343688,-8.0387175517768341],[-34.930367788657364,-8.0384731788697135],[-34.930356543903059,-8.0384221036454235],[-34.930336325133489,-8.0383543780643514],[-34.930196462116733,-8.0378856874013884],[-34.930149296756412,-8.0377618315884281],[-34.93007234857231,-8.0375014673720777],[-34.930001016191426,-8.0372313662630415],[-34.929853564033166,-8.0367875905805324],[-34.930330243723404,-8.0367089999221406],[-34.930346551459515,-8.036752408483899],[-34.930358924892893,-8.0368085628398127],[-34.930385328466819,-8.0368816376287278],[-34.930444295501971,-8.0370909455282415],[-34.930473148082861,-8.037158835784588],[-34.930488075515974,-8.0372178159673773],[-34.930535568080991,-8.0373813320871612],[-34.93060074385167,-8.0373736723215892],[-34.930612408096593,-8.0373985685982401],[-34.930713593146379,-8.0373744349858143],[-34.930784792481248,-8.0376677002265584],[-34.930909406602275,-8.038005147039053],[-34.930975826927025,-8.0382180223965705],[-34.931012935057332,-8.038327230762679],[-34.930932249260586,-8.038375433613707],[-34.930854494863013,-8.0384261052193153],[-34.930423610343688,-8.0387175517768341]]]},"properties":{"NMNOME":"Abençoada por Deus","CDTIPO":"ZEIS","CDID":0,"CDSETOR":" ","ELINK":" ","NMLEI":"LEI Nº 17.738/2007","INDEXADOR":" ","PROPOSTA":" ","CRIAÇÃO":" ","COMUL":" ","AREA_HA":1.31832591,"DB2GSE.ST_Area(SHAPE)":13183.25918859,"DB2GSE.SdeLength(SHAPE)":564.13351924394158,"OBJECTID":67,"ALTERACAO":" ","BAIRRO":" ","MODIFICADO":0,"COMPAREID":74,"AJSTDO_A_V":""}},{"type":"Feature","id":68,"geometry":{"type":"Polygon","coordinates":[[[-34.934401397912467,-8.0285441583438928],[-34.934356393636236,-8.0290324342332475],[-34.933901107424859,-8.0290075507040477],[-34.933219118133557,-8.0290312094510767],[-34.933202311729161,-8.0280147469853418],[-34.933542267404128,-8.028008073251133],[-34.933666277691721,-8.0280056389477537],[-34.933868228646737,-8.0276695093020631],[-34.933896517290222,-8.0276681549641591],[-34.934266169745058,-8.0276653008849213],[-34.934283542379937,-8.0276784826147587],[-34.934283650700849,-8.0276785643745985],[-34.934296775250324,-8.0277079197384911],[-34.934335800000952,-8.027739310416468],[-34.934340896955881,-8.0277514857797225],[-34.934417789839642,-8.0278738326349597],[-34.934622039426664,-8.0278131269041921],[-34.93471774684155,-8.0282599781361323],[-34.935014206235522,-8.0282777191787513],[-34.935007234272057,-8.0285791422577066],[-34.934401397912467,-8.0285441583438928]]]},"properties":{"NMNOME":"Casarão do Barbalho","CDTIPO":"ZEISII","CDID":0,"CDSETOR":" ","ELINK":" ","NMLEI":"LEI Nº 18.391/2017","INDEXADOR":" ","PROPOSTA":" ","CRIAÇÃO":" ","COMUL":" ","AREA_HA":2.0644299300000002,"DB2GSE.ST_Area(SHAPE)":20644.299327680001,"DB2GSE.SdeLength(SHAPE)":666.55622838599129,"OBJECTID":68,"ALTERACAO":" ","BAIRRO":" ","MODIFICADO":0,"COMPAREID":75,"AJSTDO_A_V":""}},{"type":"Feature","id":69,"geometry":{"type":"Polygon","coordinates":[[[-34.94747533884761,-8.1378779998607094],[-34.944130642660987,-8.1375396468405867],[-34.943791241116863,-8.1374217703562284],[-34.937196286471185,-8.136797952079629],[-34.937321459465622,-8.1353295533238246],[-34.937560300156058,-8.1351270016956843],[-34.938588978920116,-8.135136638491538],[-34.938945840850089,-8.1352938271015152],[-34.939390700915034,-8.1359791354643054],[-34.939691163344591,-8.1361322693364357],[-34.939996212730122,-8.1361118462249546],[-34.940283011409512,-8.1359023985665768],[-34.9412350063105,-8.1342012707706175],[-34.940293042725905,-8.1336836362939433],[-34.941069311343149,-8.1317788090923049],[-34.938579643423488,-8.1308169839900426],[-34.938655885204554,-8.1305896767911321],[-34.939063536554457,-8.128549006248651],[-34.938638444177094,-8.1284640624831486],[-34.938720741018791,-8.12807929352212],[-34.9435715338617,-8.1248113938775575],[-34.943710793487547,-8.1246139145762779],[-34.943756141461122,-8.1249600806790578],[-34.943939371516166,-8.1288234240376784],[-34.944097029362858,-8.1295955240149524],[-34.944437739239817,-8.1303065213229235],[-34.947153859609266,-8.133628221844166],[-34.947495125819636,-8.1347372372606568],[-34.94747533884761,-8.1378779998607094]]]},"properties":{"NMNOME":"Jordão","CDTIPO":"ZEIS","CDID":0,"CDSETOR":" ","ELINK":" ","NMLEI":" ","INDEXADOR":" ","PROPOSTA":" ","CRIAÇÃO":"LEI Nº 15.168 de 26/12/1988","COMUL":"Decreto nº 14.711 de 28/06/89","AREA_HA":85.435811799999996,"DB2GSE.ST_Area(SHAPE)":854358.11803845502,"DB2GSE.SdeLength(SHAPE)":5161.0149805269348,"OBJECTID":69,"ALTERACAO":"LUOS 16.176 de 09/04/96","BAIRRO":"COHAB","MODIFICADO":0,"COMPAREID":0,"AJSTDO_A_V":"Limite (Lei 18.771-2020)"}},{"type":"Feature","id":70,"geometry":{"type":"Polygon","coordinates":[[[-34.939063536554457,-8.128549006248651],[-34.938713317814866,-8.1303167976045003],[-34.937807378776071,-8.130180191432185],[-34.936500290719799,-8.1298800362978287],[-34.93639740448225,-8.130461967466232],[-34.935676000419278,-8.1303401009322549],[-34.93547441808154,-8.1303604366324009],[-34.935403638060691,-8.130207011822927],[-34.935352460953801,-8.1301137820878537],[-34.935314906053101,-8.1300583916202793],[-34.935271983882046,-8.1300012845982064],[-34.935223486275589,-8.1299442674004183],[-34.935103680376812,-8.129821514430736],[-34.935068108881751,-8.1297909361106377],[-34.934705475352182,-8.1295450880435229],[-34.934680162138989,-8.1295309977534274],[-34.934664286659945,-8.1295242368848015],[-34.93435352040769,-8.1294425378520998],[-34.932959349143999,-8.1291971072739457],[-34.933180307943381,-8.1279755859772731],[-34.932406623418757,-8.1274458734423884],[-34.932835852916668,-8.1261419974799924],[-34.932073018418833,-8.1259828934530276],[-34.932866879476499,-8.1212509258043664],[-34.933925315109626,-8.1206220999822349],[-34.933194757051574,-8.1196220734845124],[-34.933493222772718,-8.1194308044381263],[-34.933354808177924,-8.1189432737494887],[-34.933977289961021,-8.1171074867224977],[-34.934829835521576,-8.1163870238483398],[-34.935938399675507,-8.1179591193418972],[-34.938691541273336,-8.1161556994414585],[-34.939345130461078,-8.1171614006639974],[-34.939454481636552,-8.11708939827043],[-34.939362015829488,-8.1169542531132421],[-34.940561639760389,-8.1161374512568774],[-34.940682053747395,-8.1162837200766198],[-34.940805756706688,-8.1162059327079188],[-34.941924117343582,-8.1178174451227338],[-34.943031056552144,-8.1169589375005575],[-34.943397840533144,-8.1174198490230545],[-34.943150099879048,-8.1183610250903904],[-34.942988428769553,-8.1189792867193837],[-34.942986703534963,-8.1190308564011389],[-34.942847457524358,-8.1195376160686692],[-34.942823291964039,-8.1196638063008226],[-34.942803830057294,-8.1197865531608802],[-34.942792935452445,-8.1198709148442152],[-34.942788382347679,-8.1199183140994595],[-34.94277469329473,-8.1201118754698047],[-34.942771081089063,-8.1202368483619569],[-34.942780698942045,-8.1205550642413051],[-34.942803186348698,-8.120808517786692],[-34.942881017968396,-8.1212492200386475],[-34.942922522738328,-8.1214298873676398],[-34.943563938553226,-8.1238454532621205],[-34.9437107935006,-8.1246139172883556],[-34.9435715338617,-8.1248113938775575],[-34.938720741018791,-8.12807929352212],[-34.938638444177094,-8.1284640624831486],[-34.939063536554457,-8.128549006248651]]]},"properties":{"NMNOME":"Ibura","CDTIPO":"ZEIS","CDID":0,"CDSETOR":" ","ELINK":" ","NMLEI":" ","INDEXADOR":" ","PROPOSTA":" ","CRIAÇÃO":"LEI Nº 15.168 de 26/12/1988","COMUL":"Decreto nº 14.711 de 28/06/89","AREA_HA":143.54789854000001,"DB2GSE.ST_Area(SHAPE)":1435478.9854265801,"DB2GSE.SdeLength(SHAPE)":5608.2321735121986,"OBJECTID":70,"ALTERACAO":"LUOS 16.176 de 09/04/96","BAIRRO":"COHAB","MODIFICADO":0,"COMPAREID":0,"AJSTDO_A_V":"Limite (Lei 18.771-2020)"}},{"type":"Feature","id":71,"geometry":{"type":"Polygon","coordinates":[[[-34.907378766699608,-8.1035430090281988],[-34.907284960736526,-8.1035407862926903],[-34.907150220777517,-8.1035432563602878],[-34.906884432103212,-8.1035481781946928],[-34.906722369258702,-8.103538890146087],[-34.906491088637033,-8.1035105497433353],[-34.906359244537029,-8.1034960963399048],[-34.906061734533395,-8.1034716535868387],[-34.905826200596856,-8.1034576847368616],[-34.905692162739307,-8.1034360657809295],[-34.905503413199085,-8.1034175728935427],[-34.905464506319227,-8.1034127308233899],[-34.905447890037038,-8.103401326823489],[-34.905298065163876,-8.103391263163946],[-34.905252714586261,-8.1033943455009378],[-34.905180660470677,-8.1033846352970826],[-34.90497878719038,-8.1033317585044529],[-34.90495640453122,-8.1033189466670699],[-34.904875245353878,-8.1032215825758431],[-34.905031572447754,-8.1029156814805106],[-34.905143868529002,-8.1027489403743331],[-34.905250048252505,-8.1025521205805742],[-34.905382881351819,-8.1023404987047449],[-34.905450201961273,-8.1021981696116043],[-34.905477210687032,-8.1021952489334055],[-34.905481464150057,-8.1021947887769166],[-34.905522284980407,-8.1021084132856078],[-34.905539862312501,-8.1020838471966741],[-34.905558641928963,-8.1020576011565346],[-34.905586125901657,-8.1019678968301001],[-34.905597170049042,-8.1019318479726117],[-34.9056343971193,-8.1017034973664579],[-34.905649996870679,-8.1016078103113731],[-34.905735317183442,-8.101387278460777],[-34.905857584736886,-8.1012383333836144],[-34.905866200800347,-8.10122783667744],[-34.905912146838205,-8.1011718663267516],[-34.906049995565688,-8.1008843896201963],[-34.905978111023309,-8.1007779760257517],[-34.905950884842788,-8.1005031122372575],[-34.905970094757521,-8.1004748246126965],[-34.906243766807243,-8.1000718171088391],[-34.90627145961291,-8.100074726254789],[-34.906268237921971,-8.1000844989073091],[-34.906441582242543,-8.1001048149701678],[-34.90652070972186,-8.1001140888018366],[-34.906824755300249,-8.1001497225009071],[-34.906861682667291,-8.1001540503090368],[-34.90695598734402,-8.1001621673128419],[-34.906957349581283,-8.1001622848011028],[-34.907039018402237,-8.1001693136005706],[-34.907068423305375,-8.1001718883164848],[-34.907181281360366,-8.1001816633663459],[-34.9072041027284,-8.1001836396254134],[-34.907229516439209,-8.1001861109427384],[-34.907224616238338,-8.100234560181466],[-34.907215048159159,-8.1003384125569671],[-34.907207805399864,-8.1004330597025689],[-34.907199865910989,-8.1005304015125699],[-34.907193349057664,-8.1006185305605989],[-34.907187412563118,-8.1007197098080148],[-34.907187369417358,-8.100720565256756],[-34.907181869685367,-8.100828766155022],[-34.907177768485219,-8.1009259101078985],[-34.907174552596203,-8.1010255361037942],[-34.907171097509,-8.1011269586943708],[-34.907169251817493,-8.1012243443340104],[-34.907169118595633,-8.101303748218065],[-34.907167283300048,-8.101350937321758],[-34.907167809408605,-8.1013923456295824],[-34.907169152120737,-8.1014981286969352],[-34.907178757725781,-8.1017835057157885],[-34.907193095875904,-8.1020456984100448],[-34.90720630525319,-8.102308793209934],[-34.90724055282061,-8.1026553768727325],[-34.907258928884794,-8.1028504996593522],[-34.907279090268126,-8.1029961074107941],[-34.907295857159262,-8.103125962309452],[-34.90732484992197,-8.1033287326353296],[-34.907353595259316,-8.1034783884009585],[-34.907378766699608,-8.1035430090281988]]]},"properties":{"NMNOME":"Quadra L e Quadra K","CDTIPO":"ZEISII","CDID":0,"CDSETOR":" ","ELINK":" ","NMLEI":" ","INDEXADOR":"70","PROPOSTA":" ","CRIAÇÃO":"LEI Nº 18.093 de 17/12/2014","COMUL":" ","AREA_HA":6.7291649299999996,"DB2GSE.ST_Area(SHAPE)":67291.649365470003,"DB2GSE.SdeLength(SHAPE)":1163.7092072329472,"OBJECTID":71,"ALTERACAO":" ","BAIRRO":" ","MODIFICADO":0,"COMPAREID":0,"AJSTDO_A_V":"Mod conforme L.18093-2014"}},{"type":"Feature","id":72,"geometry":{"type":"Polygon","coordinates":[[[-34.950610986384412,-8.0898463282419311],[-34.950535186925592,-8.0897088505915438],[-34.95023404908288,-8.0898617705423916],[-34.950239656952171,-8.089870435248951],[-34.950077421040504,-8.0900014810592165],[-34.950062182445564,-8.0899730836435069],[-34.950055587416436,-8.0899607939073466],[-34.950050694003664,-8.0899516746675726],[-34.949902002217968,-8.0900245473535009],[-34.949773860758597,-8.0900276091525232],[-34.949755024814507,-8.0899947556810012],[-34.949732652796001,-8.0899679309906443],[-34.949675427673618,-8.0898541317840209],[-34.949634104039163,-8.0897420737781829],[-34.94961227272686,-8.0896635441492482],[-34.950332995106422,-8.0895391325907493],[-34.9504313114669,-8.0895675744083562],[-34.950563524355687,-8.0895802504910232],[-34.950695728171397,-8.089592926572216],[-34.950688147590874,-8.0896105464496149],[-34.95068125194112,-8.0896272318894145],[-34.950674810719327,-8.0896440959675555],[-34.950669060123971,-8.0896612098794165],[-34.950664245207385,-8.0896785995758549],[-34.950660465665692,-8.0896962464997912],[-34.950657630395959,-8.0897140697223247],[-34.950655289000792,-8.089736501213654],[-34.950654401481806,-8.0897500118801684],[-34.950653825979209,-8.0897680412796049],[-34.950653767620999,-8.089786086289779],[-34.950654548952059,-8.0898221720204653],[-34.950610986384412,-8.0898463282419311]]]},"properties":{"NMNOME":"Torre de Babel","CDTIPO":"ZEISII","CDID":0,"CDSETOR":" ","ELINK":" ","NMLEI":" ","INDEXADOR":"71","PROPOSTA":" ","CRIAÇÃO":"LEI Nº 18.093 de 17/12/2014","COMUL":" ","AREA_HA":0.37826694999999999,"DB2GSE.ST_Area(SHAPE)":3782.669531605,"DB2GSE.SdeLength(SHAPE)":314.53073451864833,"OBJECTID":72,"ALTERACAO":" ","BAIRRO":"TEJIPIÓ","MODIFICADO":0,"COMPAREID":0,"AJSTDO_A_V":"Mod conforme L.18093-2014"}},{"type":"Feature","id":73,"geometry":{"type":"Polygon","coordinates":[[[-34.910494374705678,-8.0828132289917018],[-34.910488885214164,-8.0828129590213216],[-34.910484814353381,-8.0828118877462547],[-34.91029200546955,-8.0827128073992913],[-34.910082532828362,-8.0826060985541748],[-34.910019835444402,-8.0825750249762738],[-34.90996680718073,-8.082548743861409],[-34.909920640226957,-8.0825258634157269],[-34.909916619448921,-8.0825227107402871],[-34.909913175799687,-8.0825192118230529],[-34.909910240654391,-8.0825144701512954],[-34.909905405009951,-8.0825054792094466],[-34.909902893495321,-8.0824988080896603],[-34.909900104734746,-8.0824885455073847],[-34.909892755484641,-8.082413240419255],[-34.909878006383082,-8.082368341095977],[-34.909878346826751,-8.0823637694520638],[-34.909880783321924,-8.0823558438745948],[-34.909880366225075,-8.0823524130852018],[-34.909878978991863,-8.0823483187239944],[-34.910004837265973,-8.0819874206140554],[-34.910048311364264,-8.0818625142499023],[-34.910080441666004,-8.0817702018375055],[-34.910109415129625,-8.0816869574914794],[-34.910121531334205,-8.0816521458742923],[-34.910171690852877,-8.081508887379929],[-34.910186660740912,-8.0814661328675399],[-34.910189757897768,-8.0814418749671173],[-34.910251955074258,-8.0814588339079947],[-34.91052183243761,-8.081496276671098],[-34.910775261672995,-8.0815314365153768],[-34.910787201229404,-8.081542181577797],[-34.910830524722186,-8.0815811721176658],[-34.910795669194094,-8.0817636163406128],[-34.910760145416248,-8.0819551893269495],[-34.91069254005879,-8.0823658199866717],[-34.910674350873926,-8.082488009906406],[-34.910648486576633,-8.0826212354695457],[-34.910614236609838,-8.0826956672647494],[-34.910568654315959,-8.0828513814167096],[-34.910494374705678,-8.0828132289917018]]]},"properties":{"NMNOME":"Souza Luna","CDTIPO":"ZEISII","CDID":0,"CDSETOR":" ","ELINK":" ","NMLEI":" ","INDEXADOR":"73","PROPOSTA":" ","CRIAÇÃO":"LEI Nº 18.093 de 17/12/2014","COMUL":" ","AREA_HA":1.08907715,"DB2GSE.ST_Area(SHAPE)":10890.771563135,"DB2GSE.SdeLength(SHAPE)":424.12230928800358,"OBJECTID":73,"ALTERACAO":" ","BAIRRO":"AFOGADOS","MODIFICADO":0,"COMPAREID":0,"AJSTDO_A_V":"Mod conforme L.18093-2014"}},{"type":"Feature","id":74,"geometry":{"type":"Polygon","coordinates":[[[-34.89153823919483,-8.0706722649047506],[-34.891606999373465,-8.0706888370958438],[-34.891649987806289,-8.070700863344733],[-34.891658614923692,-8.0707032771370226],[-34.891697980083642,-8.0707226666427516],[-34.891708532428162,-8.0707319696330373],[-34.891732486293648,-8.0707530866237907],[-34.891758407900284,-8.0707847703940754],[-34.891776994072671,-8.0708226041350652],[-34.89179065960181,-8.070858014188099],[-34.891801851589094,-8.0709012631581682],[-34.8918097500447,-8.0709375460784543],[-34.891825524820661,-8.0710051585900935],[-34.89183965390469,-8.0710758534668798],[-34.891947654144346,-8.0715147222761665],[-34.891950427981357,-8.0715259932193675],[-34.892127249682787,-8.0722445196157064],[-34.892164558685394,-8.0724325077883687],[-34.891012311471421,-8.0725120094566076],[-34.890944824914108,-8.0725152043899282],[-34.890903340734148,-8.0725110709713981],[-34.890859910153935,-8.0725031024107725],[-34.890820269558645,-8.0724807008432364],[-34.890783973037514,-8.0724515565912807],[-34.890782026103842,-8.0724495567296923],[-34.89076545436027,-8.0724325299845088],[-34.890748122437294,-8.0724147220124962],[-34.890723365747675,-8.0723787972080476],[-34.89070586380484,-8.0723476431445693],[-34.890688513155666,-8.0723051340899268],[-34.890676069040154,-8.0714855345386791],[-34.890684456135538,-8.0711183884764068],[-34.890685459249816,-8.0710744629231002],[-34.891348339127411,-8.0707548618050744],[-34.891452398329115,-8.0706981140136058],[-34.891514894695689,-8.0706770305779454],[-34.89153823919483,-8.0706722649047506]]]},"properties":{"NMNOME":"Vila Brasil","CDTIPO":"ZEISII","CDID":0,"CDSETOR":" ","ELINK":" ","NMLEI":" ","INDEXADOR":"72","PROPOSTA":" ","CRIAÇÃO":"LEI Nº 18.093 de 17/12/2014","COMUL":" ","AREA_HA":2.5905567299999999,"DB2GSE.ST_Area(SHAPE)":25905.567350595,"DB2GSE.SdeLength(SHAPE)":630.22521942174728,"OBJECTID":74,"ALTERACAO":" ","BAIRRO":"ILHA JOANA BEZERRA","MODIFICADO":0,"COMPAREID":0,"AJSTDO_A_V":"Mod conforme L.18093-2014"}},{"type":"Feature","id":75,"geometry":{"type":"Polygon","coordinates":[[[-34.923043416379578,-7.9982299419258025],[-34.923053376098217,-7.9982021851244598],[-34.923062394013854,-7.9981770544903048],[-34.923069250905868,-7.9981446209589047],[-34.923079439515703,-7.998133966145291],[-34.923098759976618,-7.9981153311354936],[-34.92310028762806,-7.9981138576318092],[-34.923111178017066,-7.9981033541441908],[-34.923118811613378,-7.9980944117704862],[-34.923125261792855,-7.9980868563154379],[-34.923127562979161,-7.9980843955893031],[-34.923148501035605,-7.9980619993776587],[-34.92316253659429,-7.9980439223758015],[-34.923173383121657,-7.9980273510246773],[-34.923184340075913,-7.9980126677455541],[-34.92320184798362,-7.997992773679262],[-34.923219641598941,-7.9979769474667641],[-34.923241240377713,-7.99795910284183],[-34.923256315230518,-7.9979485590702],[-34.923283803596263,-7.9979306861096653],[-34.923307493173141,-7.9979078720586632],[-34.923322821890473,-7.9978884112402318],[-34.923337863480903,-7.9978564540011829],[-34.923347901253067,-7.9978420652051403],[-34.923373920393686,-7.9978106571346235],[-34.923404871039175,-7.9977748911154576],[-34.923427195901731,-7.9977548408074082],[-34.923453093610512,-7.9977315825174484],[-34.923481617523905,-7.9977150291768702],[-34.923521310014834,-7.9977024360413731],[-34.923554550905806,-7.9976839368813115],[-34.923592625218838,-7.9976544742441948],[-34.923614435840506,-7.9976247537634073],[-34.923623356945171,-7.9976147720444395],[-34.923650074135118,-7.9975894983910605],[-34.923671013566981,-7.9975737913145091],[-34.92370407423838,-7.9975454857194972],[-34.923730264244426,-7.9975230632186012],[-34.923749482769317,-7.9975035906006351],[-34.923764196115144,-7.9974886818810766],[-34.923808769648438,-7.9974425976081109],[-34.923861069413867,-7.9973934098571187],[-34.923889910108329,-7.9974026488164718],[-34.923912696911223,-7.9974099487375643],[-34.92392265290934,-7.9974131379939069],[-34.923930127633348,-7.997413260478238],[-34.923994867732205,-7.9974143158651794],[-34.924067796376129,-7.9974155057670648],[-34.924123889224944,-7.9974189872408612],[-34.924150937719844,-7.9974206666278924],[-34.924237272916763,-7.9974415993185826],[-34.924283011459053,-7.9974526887803057],[-34.924361984040296,-7.9974672332932357],[-34.924474774086669,-7.9974872217662565],[-34.924569409201276,-7.9975039922763571],[-34.924637978266375,-7.9975121690895028],[-34.924758689350092,-7.9975340389815646],[-34.924829074725054,-7.9975467908876272],[-34.925046049064136,-7.9975817900984252],[-34.9250346554822,-7.9977614711830043],[-34.924992306413976,-7.9978815091768345],[-34.924981024220358,-7.9979148104385134],[-34.924978096564843,-7.9979233105110827],[-34.92497746746853,-7.9979251197584826],[-34.924976836549881,-7.9979269272062616],[-34.924976204711569,-7.9979287319461569],[-34.92497557104668,-7.9979305339823767],[-34.924974935555205,-7.9979323333149193],[-34.924974298237139,-7.9979341299438005],[-34.924973659096736,-7.9979359247730484],[-34.924973018125506,-7.9979377159945768],[-34.924972375327719,-7.9979395045124502],[-34.924971729800632,-7.9979412912349108],[-34.924971069016941,-7.9979431123828268],[-34.924970405495507,-7.9979449299272654],[-34.924969740147482,-7.9979467447680364],[-34.924969071159019,-7.9979485569136077],[-34.924968400343978,-7.9979503663554841],[-34.924967726791174,-7.9979521721938918],[-34.924967050500626,-7.9979539744287953],[-34.924966371476572,-7.9979557739642715],[-34.924965688812073,-7.9979575708045312],[-34.92496500431249,-7.997959363133047],[-34.924964316176734,-7.9979611536703832],[-34.924963624392049,-7.9979629397044247],[-34.924962929873857,-7.9979647230390274],[-34.924962231710971,-7.9979665027743581],[-34.924961574723902,-7.997968166597885],[-34.924961527174155,-7.9979682771150307],[-34.92494344338332,-7.9980067144137976],[-34.924942930629584,-7.9980078043899967],[-34.924926684131407,-7.99804233661908],[-34.924926662543264,-7.9980423746903044],[-34.924917587152066,-7.9980583203410438],[-34.924917360442606,-7.99805871285648],[-34.924915789702176,-7.9980610526571363],[-34.924889442020493,-7.9981003113945199],[-34.92488704629298,-7.9981038827563067],[-34.92486628264566,-7.9981348197950686],[-34.924802884226857,-7.9982086679557272],[-34.924801967104841,-7.9982095925653613],[-34.924800646456085,-7.9982109177470928],[-34.924799322162634,-7.9982122393295567],[-34.924797993309092,-7.9982135555089142],[-34.92479666081087,-7.9982148680889988],[-34.924795324663712,-7.9982161761657942],[-34.924794156403699,-7.998217312592379],[-34.924792984511718,-7.9982184481318237],[-34.924791808979315,-7.9982195809760652],[-34.924790628903764,-7.9982207120333468],[-34.924789445192033,-7.9982218412994639],[-34.924788257839836,-7.9982229678703618],[-34.924787423519049,-7.998223756484772],[-34.924787066859935,-7.9982240944581582],[-34.924785871332645,-7.9982252183549702],[-34.924784673076097,-7.9982263404563678],[-34.924783470280637,-7.9982274616748743],[-34.924782264755933,-7.9982285810979619],[-34.924781054692325,-7.9982296996381486],[-34.924779841899436,-7.9982308163829394],[-34.924778624567672,-7.9982319322448152],[-34.924777404506621,-7.9982330463112961],[-34.924776180813609,-7.9982341594906368],[-34.924774265305658,-7.9982358924646801],[-34.924772341626849,-7.9982376236686816],[-34.924770410684111,-7.9982393530983975],[-34.924768470659352,-7.9982410798582881],[-34.924766523370664,-7.9982428048438798],[-34.924764568818048,-7.9982445280552152],[-34.924762607005754,-7.9982462503962992],[-34.924760637925282,-7.9982479700590909],[-34.924758661589365,-7.9982496897556876],[-34.924756678900692,-7.998251408577846],[-34.924754689855021,-7.9982531256214928],[-34.924752694460828,-7.9982548426947231],[-34.924750692713893,-7.9982565588935151],[-34.924748685525358,-7.9982582751176521],[-34.924746672895239,-7.9982599913671359],[-34.924744654823527,-7.998261707641988],[-34.924742631314466,-7.998263424846237],[-34.924740603266507,-7.9982651411675922],[-34.924738569781198,-7.9982668584183276],[-34.924736532668156,-7.9982685756859722],[-34.924734491935865,-7.9982702947786031],[-34.924732445761975,-7.9982720138965888],[-34.924730396871539,-7.9982737339313053],[-34.924728344357597,-7.998275454886941],[-34.924726288228655,-7.9982771785716205],[-34.924724226666598,-7.9982789040897426],[-34.924720096316697,-7.9982823614880791],[-34.924718362688957,-7.9982838124510547],[-34.924715962372936,-7.9982858261356391],[-34.924713895407386,-7.9982875598154726],[-34.924711829348745,-7.9982892934910694],[-34.924707144362344,-7.9982932262987507],[-34.924693826670243,-7.9983044273167083],[-34.924679872950698,-7.9983161538465417],[-34.924663059996234,-7.9983302804257148],[-34.924637335084185,-7.9983518880660318],[-34.924618824707508,-7.9983674509730882],[-34.924609567702646,-7.9983752319828643],[-34.924600309782001,-7.9983830111886487],[-34.924595683531734,-7.9983868985187154],[-34.924591061790572,-7.998390780403362],[-34.924589533254498,-7.998392064062716],[-34.924589497117267,-7.9983920940651858],[-34.924577093019742,-7.9984023930894184],[-34.92454534195781,-7.9984287552474767],[-34.924531881749921,-7.9984399316126868],[-34.924382484235622,-7.9985425364447851],[-34.92437936533608,-7.9985446845660206],[-34.924355100047144,-7.9985613437909109],[-34.92432817872826,-7.9985798343651364],[-34.924327831633356,-7.9985800845997064],[-34.924327210663165,-7.9985805331961002],[-34.924323277994617,-7.9985834047426563],[-34.924315647606768,-7.9985889650243447],[-34.92430757704075,-7.9985948464910894],[-34.924305747447455,-7.9985936273015863],[-34.924301208478575,-7.9985905999580345],[-34.924301158440571,-7.9985905667409236],[-34.924297187197787,-7.9985879209778314],[-34.924154215843167,-7.9984926102187872],[-34.924159143352142,-7.9984860463694893],[-34.924097630502459,-7.9984394528758607],[-34.923930489253117,-7.9983128520440969],[-34.923887030813354,-7.9982799342114577],[-34.923882626639966,-7.9982851503754073],[-34.923871221592734,-7.9982986550514736],[-34.923629037679333,-7.9985854479886997],[-34.923474359051603,-7.9987686164467418],[-34.923376670294246,-7.998672992286723],[-34.923318695534618,-7.9986219595095758],[-34.923210508666699,-7.9985179646586673],[-34.922984597808608,-7.9983456230349379],[-34.922986116570506,-7.998343607135296],[-34.923006962180544,-7.9983022558785883],[-34.923043416379578,-7.9982299419258025]]]},"properties":{"NMNOME":"Vila Independência","CDTIPO":"ZEISII","CDID":0,"CDSETOR":" ","ELINK":" ","NMLEI":" ","INDEXADOR":"74","PROPOSTA":" ","CRIAÇÃO":"LEI Nº 18.093 de 17/12/2014","COMUL":" ","AREA_HA":2.0248664299999999,"DB2GSE.ST_Area(SHAPE)":20248.664315574999,"DB2GSE.SdeLength(SHAPE)":625.65023811891353,"OBJECTID":75,"ALTERACAO":" ","BAIRRO":"NOVA DESCOBERTA","MODIFICADO":0,"COMPAREID":0,"AJSTDO_A_V":"Mod conforme L.18093-2014"}},{"type":"Feature","id":76,"geometry":{"type":"Polygon","coordinates":[[[-34.89033714154548,-8.0222341532270089],[-34.890478013568959,-8.0225699925504852],[-34.890738395428905,-8.0231575007908074],[-34.890670438553613,-8.0231867072168068],[-34.890598140419101,-8.0232217476957235],[-34.890411480076779,-8.0233108636712327],[-34.890190214785228,-8.0228295738114568],[-34.889978940745934,-8.0223725846704905],[-34.890197605465808,-8.0222880792985229],[-34.89027202501277,-8.0222593179469808],[-34.89033714154548,-8.0222341532270089]]]},"properties":{"NMNOME":"Conjunto Habitacional Santo Antônio","CDTIPO":"ZEISII","CDID":0,"CDSETOR":" ","ELINK":" ","NMLEI":"LEI Nº 19.069/2023","INDEXADOR":" ","PROPOSTA":" ","CRIAÇÃO":"LEI Nº 19.069 de 07/06/2023","COMUL":" ","AREA_HA":0.45935113,"DB2GSE.ST_Area(SHAPE)":4593.5113649149998,"DB2GSE.SdeLength(SHAPE)":307.72153864697026,"OBJECTID":76,"ALTERACAO":" ","BAIRRO":"ARRUDA","MODIFICADO":0,"COMPAREID":0,"AJSTDO_A_V":" "}},{"type":"Feature","id":77,"geometry":{"type":"Polygon","coordinates":[[[-34.927614051761772,-8.0405492613521243],[-34.927656031915248,-8.0406803336612249],[-34.927684834596256,-8.0407676209598957],[-34.92772140821203,-8.0408486337846838],[-34.927789212683443,-8.040954904084499],[-34.927849230800376,-8.0410257718189193],[-34.92792365905386,-8.041094130952624],[-34.92760865230661,-8.0412717252347985],[-34.92729831692688,-8.040723417902969],[-34.927306880455305,-8.0406929109514156],[-34.927584517653131,-8.0405375567629118],[-34.927614051761772,-8.0405492613521243]]]},"properties":{"NMNOME":"Conjunto Habitacional Clube do Automóvel","CDTIPO":"ZEISII","CDID":0,"CDSETOR":" ","ELINK":" ","NMLEI":"LEI Nº 19.050/2023","INDEXADOR":" ","PROPOSTA":" ","CRIAÇÃO":"LEI Nº 19.050 de 25/04/2023","COMUL":" ","AREA_HA":0.26048325999999999,"DB2GSE.ST_Area(SHAPE)":2604.8326725000002,"DB2GSE.SdeLength(SHAPE)":222.20384279835997,"OBJECTID":77,"ALTERACAO":" ","BAIRRO":"IPUTINGA","MODIFICADO":0,"COMPAREID":0,"AJSTDO_A_V":" "}},{"type":"Feature","id":78,"geometry":{"type":"Polygon","coordinates":[[[-34.919160953769094,-8.0026117043298566],[-34.919218762991825,-8.0026379607531091],[-34.919706684790754,-8.0028341245175696],[-34.919969401093951,-8.0029398079509164],[-34.92007323672938,-8.0029817254626483],[-34.920142852216586,-8.0030088127835199],[-34.920402294834673,-8.0031068084973924],[-34.92065922843851,-8.0032037398602043],[-34.920775813239665,-8.0032487349267427],[-34.920899243277375,-8.0033005870547527],[-34.92123686510579,-8.0034453741811138],[-34.921373111675415,-8.0035036486028179],[-34.921376747603539,-8.0035386641199331],[-34.92100635278203,-8.0037996738625647],[-34.920933191037278,-8.0038605053190199],[-34.920899754873169,-8.0038974653850836],[-34.920819160390074,-8.0040018259181149],[-34.920750752715811,-8.0041034717711401],[-34.92067540784204,-8.0042429126409473],[-34.920645252624738,-8.0042530700260759],[-34.918263403513414,-8.0031794438778263],[-34.918260535293086,-8.0031475618063705],[-34.919129034273496,-8.0026136608857517],[-34.919160953769094,-8.0026117043298566]]]},"properties":{"NMNOME":"Conjunto Habitacional Dom Helder Camara","CDTIPO":"ZEISII","CDID":0,"CDSETOR":" ","ELINK":" ","NMLEI":"LEI Nº 19.046/2023","INDEXADOR":" ","PROPOSTA":" ","CRIAÇÃO":"LEI Nº 19.046 de 25/04/2023","COMUL":" ","AREA_HA":2.8197709099999999,"DB2GSE.ST_Area(SHAPE)":28197.709129449999,"DB2GSE.SdeLength(SHAPE)":789.99811730773183,"OBJECTID":78,"ALTERACAO":" ","BAIRRO":"NOVA DESCOBERTA","MODIFICADO":0,"COMPAREID":0,"AJSTDO_A_V":" "}},{"type":"Feature","id":79,"geometry":{"type":"Polygon","coordinates":[[[-34.908980023870193,-8.0838443993018814],[-34.908993588528467,-8.0839001620342295],[-34.909020534845041,-8.0838917639562311],[-34.909115568205195,-8.0842946058895553],[-34.909117719987343,-8.0843243124939477],[-34.909106246875162,-8.0843552761171704],[-34.908495191013749,-8.0844915072612622],[-34.908435341883212,-8.0842248791949221],[-34.908569191636794,-8.0841963365241991],[-34.908510348647567,-8.083933003610694],[-34.908673635107014,-8.0838934384983823],[-34.908781197828681,-8.0838682641538249],[-34.908876422828641,-8.0838528209217699],[-34.908980023870193,-8.0838443993018814]]]},"properties":{"NMNOME":"Conjunto Habitacional Imbiribeira II - Nicolau Copernico","CDTIPO":"ZEISII","CDID":0,"CDSETOR":" ","ELINK":" ","NMLEI":"LEI Nº 19.047/2023","INDEXADOR":" ","PROPOSTA":" ","CRIAÇÃO":"LEI Nº 19.047 de 25/04/2023","COMUL":" ","AREA_HA":0.37877117999999999,"DB2GSE.ST_Area(SHAPE)":3787.7118197499999,"DB2GSE.SdeLength(SHAPE)":259.15509984535493,"OBJECTID":79,"ALTERACAO":" ","BAIRRO":"IMBIRIBEIRA","MODIFICADO":0,"COMPAREID":0,"AJSTDO_A_V":" "}},{"type":"Feature","id":80,"geometry":{"type":"Polygon","coordinates":[[[-34.912684339054714,-8.0885323725578928],[-34.912909017493931,-8.0887792961192684],[-34.91292292502866,-8.0888065970038419],[-34.912970309960755,-8.0890746741694741],[-34.912705239822941,-8.0891229992866638],[-34.912688810380246,-8.0890452905429964],[-34.912423642670255,-8.0891054501397921],[-34.912418096117392,-8.0890805872196498],[-34.912374109216145,-8.0888837885142078],[-34.912381362288237,-8.0888540379571179],[-34.91265354991291,-8.088529234983092],[-34.912684339054714,-8.0885323725578928]]]},"properties":{"NMNOME":"Conjunto Habitacional Imbiribeira II - Cinco de Maio","CDTIPO":"ZEISII","CDID":0,"CDSETOR":" ","ELINK":" ","NMLEI":"LEI Nº 19.048/2023","INDEXADOR":" ","PROPOSTA":" ","CRIAÇÃO":"LEI Nº 19.048 de 25/04/2023","COMUL":" ","AREA_HA":0.28002132000000002,"DB2GSE.ST_Area(SHAPE)":2800.2132717,"DB2GSE.SdeLength(SHAPE)":217.56114532254162,"OBJECTID":80,"ALTERACAO":" ","BAIRRO":"IMBIRIBEIRA","MODIFICADO":0,"COMPAREID":0,"AJSTDO_A_V":" "}},{"type":"Feature","id":81,"geometry":{"type":"Polygon","coordinates":[[[-34.910071085702555,-8.1046185564057929],[-34.910157805329924,-8.1049964017859892],[-34.910143306320528,-8.1050194239339088],[-34.909561861221924,-8.105151953766276],[-34.909538762085184,-8.1051374974833106],[-34.909304631682907,-8.1041174343106288],[-34.909319127962554,-8.1040944031603157],[-34.90960986441538,-8.1040281295657586],[-34.9097615639498,-8.1046891042334686],[-34.910071085702555,-8.1046185564057929]]]},"properties":{"NMNOME":"Conjunto Habitacional São Francisco de Assis","CDTIPO":"ZEISII","CDID":0,"CDSETOR":" ","ELINK":" ","NMLEI":"LEI Nº 19.049/2023","INDEXADOR":" ","PROPOSTA":" ","CRIAÇÃO":"LEI Nº 19.049 de 25/04/2023","COMUL":" ","AREA_HA":0.57683123999999997,"DB2GSE.ST_Area(SHAPE)":5768.3124091999998,"DB2GSE.SdeLength(SHAPE)":376.26484577702894,"OBJECTID":81,"ALTERACAO":" ","BAIRRO":"IMBIRIBEIRA","MODIFICADO":0,"COMPAREID":0,"AJSTDO_A_V":" "}},{"type":"Feature","id":82,"geometry":{"type":"Polygon","coordinates":[[[-34.886567343708919,-8.072040279354999],[-34.886409654955941,-8.0725422271565801],[-34.885209448121628,-8.0720969841274375],[-34.885305699387899,-8.0718436699228775],[-34.885428376811269,-8.0718899360719369],[-34.885541159582246,-8.0718173614235464],[-34.885618757248992,-8.0717472994625314],[-34.88539238137664,-8.0714243205405012],[-34.886092351842905,-8.0709611004917292],[-34.886260962635433,-8.0711122086712415],[-34.886017951837253,-8.0718768227006077],[-34.886567343708919,-8.072040279354999]]]},"properties":{"NMNOME":"Conjunto Habitacional Sergio Loreto","CDTIPO":"ZEISII","CDID":0,"CDSETOR":" ","ELINK":" ","NMLEI":"LEI Nº 19.044/2023","INDEXADOR":" ","PROPOSTA":" ","CRIAÇÃO":"LEI Nº 19.044 de 25/04/2023","COMUL":" ","AREA_HA":1.23862049,"DB2GSE.ST_Area(SHAPE)":12386.204900000001,"DB2GSE.SdeLength(SHAPE)":583.24183004759834,"OBJECTID":82,"ALTERACAO":" ","BAIRRO":"SÃO JOSÉ","MODIFICADO":0,"COMPAREID":0,"AJSTDO_A_V":" "}},{"type":"Feature","id":83,"geometry":{"type":"Polygon","coordinates":[[[-34.887437567177358,-8.0723837763739219],[-34.887305759915833,-8.0727973850259129],[-34.8865320922054,-8.0725804657903097],[-34.886816099025005,-8.0716837395458452],[-34.886833012851,-8.0716799096480187],[-34.886926064707275,-8.0718017029554403],[-34.887065966880712,-8.0719798935689528],[-34.887260267425447,-8.0722034711007176],[-34.887437567177358,-8.0723837763739219]]]},"properties":{"NMNOME":"Conjunto Habitacional Travessa do Gusmão","CDTIPO":"ZEISII","CDID":0,"CDSETOR":" ","ELINK":" ","NMLEI":"LEI Nº 19.044/2023","INDEXADOR":" ","PROPOSTA":" ","CRIAÇÃO":"LEI Nº 19.044 de 25/04/2023","COMUL":" ","AREA_HA":0.66848898999999995,"DB2GSE.ST_Area(SHAPE)":6684.8899595499997,"DB2GSE.SdeLength(SHAPE)":345.12466077519025,"OBJECTID":83,"ALTERACAO":" ","BAIRRO":"SÃO JOSÉ","MODIFICADO":0,"COMPAREID":0,"AJSTDO_A_V":" "}},{"type":"Feature","id":84,"geometry":{"type":"Polygon","coordinates":[[[-34.965169442187261,-8.0271161256957289],[-34.964955584918997,-8.027307176120253],[-34.964762860961635,-8.0274606079180924],[-34.964662992204147,-8.0275531160339373],[-34.96441337194063,-8.0277385511934689],[-34.964176067201706,-8.0267684738950216],[-34.965036672699462,-8.0265906991175573],[-34.965169442187261,-8.0271161256957289]]]},"properties":{"NMNOME":"Conjunto Habitacional Varzea II","CDTIPO":"ZEISII","CDID":0,"CDSETOR":" ","ELINK":" ","NMLEI":"LEI Nº 19.051/2023","INDEXADOR":" ","PROPOSTA":" ","CRIAÇÃO":"LEI Nº 19.051 de 25/04/2023","COMUL":" ","AREA_HA":0.83720121000000003,"DB2GSE.ST_Area(SHAPE)":8372.0121999999992,"DB2GSE.SdeLength(SHAPE)":375.50393661040169,"OBJECTID":84,"ALTERACAO":" ","BAIRRO":"VÁRZEA","MODIFICADO":0,"COMPAREID":0,"AJSTDO_A_V":" "}},{"type":"Feature","id":85,"geometry":{"type":"Polygon","coordinates":[[[-34.937243437147565,-8.0339064537768259],[-34.937228894572932,-8.0339358407626769],[-34.936498009213018,-8.0341467914403246],[-34.936396559301812,-8.0334946596494277],[-34.935660526052835,-8.0336076967647116],[-34.935443728536725,-8.0323789407144019],[-34.936260917493321,-8.0322403534991302],[-34.936605941599943,-8.0321553931073169],[-34.936632542355717,-8.0321693077979095],[-34.937243437147565,-8.0339064537768259]]]},"properties":{"NMNOME":"Condominio Dom Helder Câmara","CDTIPO":"ZEISII","CDID":0,"CDSETOR":" ","ELINK":" ","NMLEI":"LEI Nº 19.045/2023","INDEXADOR":" ","PROPOSTA":" ","CRIAÇÃO":"LEI Nº 19.045 de 25/04/2023","COMUL":" ","AREA_HA":2.5635117799999998,"DB2GSE.ST_Area(SHAPE)":25635.117848549999,"DB2GSE.SdeLength(SHAPE)":718.12675623151847,"OBJECTID":85,"ALTERACAO":" ","BAIRRO":"IPUTINGA","MODIFICADO":0,"COMPAREID":0,"AJSTDO_A_V":" "}},{"type":"Feature","id":86,"geometry":{"type":"Polygon","coordinates":[[[-34.909358044362172,-8.1350215697379138],[-34.910910605587432,-8.1333809605280525],[-34.911032658867647,-8.1333960809474277],[-34.911010720358504,-8.1339987333082249],[-34.910973672368939,-8.1339989075910442],[-34.910704077334465,-8.1340308144411715],[-34.910596461378795,-8.1344794739264792],[-34.910435024676531,-8.1344902502429211],[-34.910501715626651,-8.1345975291826313],[-34.910375322607855,-8.1346511921702511],[-34.910434043737808,-8.1348867048152602],[-34.91007722697077,-8.1349654272120695],[-34.910105301384547,-8.1351175576033032],[-34.909791276525965,-8.1352017108852923],[-34.909774423928454,-8.1351198548147341],[-34.909497792853173,-8.135186419787825],[-34.90949473130739,-8.1351491505800944],[-34.909416953750018,-8.1351566673675215],[-34.909358044362172,-8.1350215697379138]]]},"properties":{"NMNOME":"Comunidade Rio Azul","CDTIPO":"ZEIS","CDID":0,"CDSETOR":" ","ELINK":" ","NMLEI":"LEI Nº 19.093/2023","INDEXADOR":" ","PROPOSTA":" ","CRIAÇÃO":"LEI Nº 19.093 de 04/09/2023","COMUL":" ","AREA_HA":0,"DB2GSE.ST_Area(SHAPE)":12484.8567294,"DB2GSE.SdeLength(SHAPE)":651.39502385101298,"OBJECTID":86,"ALTERACAO":" ","BAIRRO":"BOA VIAGEM","MODIFICADO":0,"COMPAREID":0,"AJSTDO_A_V":" "}},{"type":"Feature","id":87,"geometry":{"type":"Polygon","coordinates":[[[-34.89205298329486,-8.088082819072584],[-34.891987064716503,-8.0874470264405929],[-34.893311172418528,-8.0873074865259635],[-34.893375914463242,-8.0879481207330759],[-34.89205298329486,-8.088082819072584]]]},"properties":{"NMNOME":"Conjunto Habitacional Via Mangue I","CDTIPO":"ZEISII","CDID":0,"CDSETOR":" ","ELINK":" ","NMLEI":"LEI Nº 19.095/2023","INDEXADOR":" ","PROPOSTA":" ","CRIAÇÃO":"LEI Nº 19.095 de 19/09/2023","COMUL":" ","AREA_HA":0,"DB2GSE.ST_Area(SHAPE)":10408.71651875,"DB2GSE.SdeLength(SHAPE)":435.28931042307539,"OBJECTID":87,"ALTERACAO":" ","BAIRRO":"PINA","MODIFICADO":0,"COMPAREID":0,"AJSTDO_A_V":" "}},{"type":"Feature","id":88,"geometry":{"type":"Polygon","coordinates":[[[-34.896593450532869,-8.0884398364125403],[-34.897408958775905,-8.0883455874797345],[-34.897576122510195,-8.0897488074486308],[-34.8974487691954,-8.0897876142924794],[-34.896861628414392,-8.0896011918407513],[-34.89671614996665,-8.08941343171829],[-34.896593450532869,-8.0884398364125403]]]},"properties":{"NMNOME":"Conjunto Habitacional Via Mangue II","CDTIPO":"ZEISII","CDID":0,"CDSETOR":" ","ELINK":" ","NMLEI":"LEI Nº 19.095/2023","INDEXADOR":" ","PROPOSTA":" ","CRIAÇÃO":"LEI Nº 19.095 de 19/09/2023","COMUL":" ","AREA_HA":0,"DB2GSE.ST_Area(SHAPE)":12896.89520085,"DB2GSE.SdeLength(SHAPE)":464.18839726530143,"OBJECTID":88,"ALTERACAO":" ","BAIRRO":"PINA","MODIFICADO":0,"COMPAREID":0,"AJSTDO_A_V":" "}},{"type":"Feature","id":89,"geometry":{"type":"Polygon","coordinates":[[[-34.909900910735011,-8.1199700925402443],[-34.910432607681635,-8.1198537929876871],[-34.910939628655797,-8.1220567675499407],[-34.910407919063879,-8.122173023237238],[-34.909900910735011,-8.1199700925402443]]]},"properties":{"NMNOME":"Conjunto Habitacional Via Mangue III","CDTIPO":"ZEISII","CDID":0,"CDSETOR":" ","ELINK":" ","NMLEI":"LEI Nº 19.095/2023","INDEXADOR":" ","PROPOSTA":" ","CRIAÇÃO":"LEI Nº 19.095 de 19/09/2023","COMUL":" ","AREA_HA":0,"DB2GSE.ST_Area(SHAPE)":15000.098928400001,"DB2GSE.SdeLength(SHAPE)":620.00842763477726,"OBJECTID":89,"ALTERACAO":" ","BAIRRO":"IMBIRIBEIRA","MODIFICADO":0,"COMPAREID":0,"AJSTDO_A_V":" "}},{"type":"Feature","id":90,"geometry":{"type":"Polygon","coordinates":[[[-34.915642860095012,-8.0529886791713832],[-34.915748470935476,-8.0533128353614956],[-34.914480636261125,-8.0540239252080674],[-34.914368267922811,-8.0538155203381336],[-34.914316933893474,-8.0537203810955784],[-34.914273925890271,-8.0536404816781531],[-34.914259647107713,-8.0536131551536965],[-34.914110634510962,-8.0536946739653619],[-34.91388498899785,-8.053818046907514],[-34.913873929246975,-8.0538240852325202],[-34.913726489488809,-8.0539075656536347],[-34.913663705273407,-8.0539431171289095],[-34.913649443495899,-8.0539194067576609],[-34.913537912031487,-8.0537345937510416],[-34.9134775758166,-8.0536347048075712],[-34.913566733997285,-8.0535751630062347],[-34.913681935142108,-8.053498412857893],[-34.913635588848834,-8.0534029789929793],[-34.913584365552744,-8.0532927412007371],[-34.913535476012612,-8.0531772489302078],[-34.913531628706636,-8.0530726665342982],[-34.913456482432643,-8.0530640668310376],[-34.913155941904222,-8.0530391603515827],[-34.913193476583949,-8.0522431365272293],[-34.913289104310977,-8.0522478437188933],[-34.913270543454061,-8.0517527736772649],[-34.913280376521627,-8.0513355016439192],[-34.913108494762511,-8.0514145952154266],[-34.912204370691974,-8.0514050682829854],[-34.912158613412743,-8.0514543723240539],[-34.912018039610842,-8.0514398391536055],[-34.911809647479963,-8.0514318600121424],[-34.911813310015241,-8.0512457861331725],[-34.91193757626359,-8.051245207074146],[-34.911908510372967,-8.051101415196106],[-34.911897662181289,-8.0509158609735145],[-34.911918622146757,-8.0506658794327439],[-34.911945442293174,-8.050388929418304],[-34.911963141638985,-8.050178651577335],[-34.911957457520948,-8.0500691052486175],[-34.911924904564039,-8.0498200058882201],[-34.911934910028165,-8.0497872320768717],[-34.912285597412328,-8.0496162664666588],[-34.912327533269561,-8.0491390858476937],[-34.913042759619202,-8.0491591677539862],[-34.913087989865218,-8.0487269943730677],[-34.913295535446451,-8.048670878880257],[-34.913302408306158,-8.0487824085211059],[-34.913304358251295,-8.0488306765273965],[-34.913305532161438,-8.0488875367733712],[-34.913303591053243,-8.0489184648621883],[-34.913350564630164,-8.048915804892081],[-34.913479684405857,-8.0489058910276601],[-34.913546884270744,-8.0489029559186651],[-34.913598585089311,-8.0489025340430587],[-34.913631623873648,-8.0488684775423174],[-34.913720695332323,-8.0489259223901239],[-34.913740509690875,-8.0489345090213806],[-34.913758989255854,-8.048929269677533],[-34.913822725783255,-8.0489228248184546],[-34.913909126589289,-8.0489137428738307],[-34.913943040796219,-8.0489115957711679],[-34.913971947571518,-8.0489054941319722],[-34.913966748186354,-8.0488413297547954],[-34.913995267945815,-8.0488300767487964],[-34.914077971351986,-8.0488062757562826],[-34.914097525132483,-8.0488946021249532],[-34.914097709214857,-8.0489144906980421],[-34.914108941736259,-8.0489112740824478],[-34.914316638837768,-8.0488488289220523],[-34.914360841567643,-8.048835604204049],[-34.914579414230076,-8.0495824270238518],[-34.914824526561077,-8.0503017325133133],[-34.915265733434452,-8.0515775684183648],[-34.915537249477197,-8.0526645229097795],[-34.915642860095012,-8.0529886791713832]]]},"properties":{"NMNOME":"Sítio do Cardoso","CDTIPO":"ZEIS","CDID":0,"CDSETOR":" ","ELINK":" ","NMLEI":"Decreto Nº 36.840/2023","INDEXADOR":" ","PROPOSTA":"Ampl. Dec. Nº 36.840 DE 04/08/2023 - Repub. DO137","CRIAÇÃO":"LEI Nº 15.140 de 11/11/1988","COMUL":" ","AREA_HA":0,"DB2GSE.ST_Area(SHAPE)":144062.115888,"DB2GSE.SdeLength(SHAPE)":1941.9817161307083,"OBJECTID":90,"ALTERACAO":"LUOS 16.176 de 09/04/96 e Decreto Nº 36.840 de 04/08/2023","BAIRRO":"MADALENA","MODIFICADO":2,"COMPAREID":50,"AJSTDO_A_V":" "}},{"type":"Feature","id":91,"geometry":{"type":"Polygon","coordinates":[[[-34.925929731350379,-8.0360331571539589],[-34.926061396165274,-8.0360581793469823],[-34.926408898218199,-8.0361120420303962],[-34.926411833573738,-8.0362170618792117],[-34.926431077511381,-8.0367527623998658],[-34.926410068611339,-8.0373867420027807],[-34.926266955851581,-8.0380863229563229],[-34.925930957871699,-8.0386429089210285],[-34.925664091616788,-8.038995269232533],[-34.925578917774907,-8.0390619449997605],[-34.925212177286419,-8.0393490118901223],[-34.924836474973119,-8.0395572774857094],[-34.924791729720106,-8.0395820775374407],[-34.924772885346705,-8.039592526344876],[-34.92442010966753,-8.0390768123208609],[-34.924030106211362,-8.0393434922531419],[-34.924075286391485,-8.0394244201000458],[-34.923959327811303,-8.0395258652850483],[-34.923669114858725,-8.0390724364882384],[-34.923933888847351,-8.038868461260849],[-34.924144464336891,-8.0386927836680879],[-34.924209875729574,-8.0386418572208029],[-34.925114373296708,-8.0379376993461324],[-34.924932715058361,-8.0377401904999761],[-34.924939717365007,-8.0377344169202427],[-34.924982390594089,-8.0376991937532587],[-34.925047849027465,-8.0376371398415056],[-34.925031259080178,-8.0376120756460097],[-34.925051275091967,-8.0375962060414228],[-34.925044439208435,-8.0375853350995712],[-34.925063368736765,-8.0375737287062599],[-34.925064797601188,-8.0375728269938218],[-34.925033692005627,-8.0375394139944305],[-34.925029234023377,-8.037534625277452],[-34.925047534494354,-8.0375184924916852],[-34.92503785632077,-8.0375050040487341],[-34.925083755552677,-8.03746914196606],[-34.925109246830566,-8.037446818847469],[-34.925162963656838,-8.0375107645100083],[-34.925243572561548,-8.0376051594845013],[-34.925294138741677,-8.0375626216368143],[-34.925154975539542,-8.0374094206566937],[-34.925129108735014,-8.037380955452111],[-34.925156801996096,-8.037356262421369],[-34.925180307993834,-8.0373822705997622],[-34.925317314190252,-8.0375339176532119],[-34.925381897615985,-8.0374536690821774],[-34.925428037922174,-8.0373900783280057],[-34.925466904726846,-8.0373420714758268],[-34.925529000975089,-8.0372864340112056],[-34.925537736663273,-8.0372770179837616],[-34.92572242546246,-8.0374362977471527],[-34.925760977399726,-8.0373926951196211],[-34.925865053174292,-8.0372663352198064],[-34.925895927144119,-8.0372294857273605],[-34.925759380359132,-8.037088712575267],[-34.925912010783243,-8.0369433749759729],[-34.925883593439934,-8.0369222265762712],[-34.925595205678952,-8.0367075798867216],[-34.925625984405244,-8.0366659212667138],[-34.925686531105988,-8.0365990807258711],[-34.925701819375213,-8.03658278122683],[-34.925826689846595,-8.0364499232073143],[-34.925860264254908,-8.0364144714099037],[-34.925894784666298,-8.0362526638187326],[-34.925921331268903,-8.0360887238482466],[-34.925929731350379,-8.0360331571539589]]]},"properties":{"NMNOME":"Poço da Panela","CDTIPO":"ZEIS","CDID":0,"CDSETOR":" ","ELINK":" ","NMLEI":"Decreto Nº 37.195/2023","INDEXADOR":" ","PROPOSTA":" ","CRIAÇÃO":"LEI Nº 15.949 de 18/09/1994","COMUL":" ","AREA_HA":0,"DB2GSE.ST_Area(SHAPE)":46306.454882899998,"DB2GSE.SdeLength(SHAPE)":1358.4432208637018,"OBJECTID":91,"ALTERACAO":"LUOS 16.176 de 09/04/96 e Decreto N° 37.195 de 17/11/23 ","BAIRRO":"POÇO DA PANELA","MODIFICADO":0,"COMPAREID":0,"AJSTDO_A_V":" "}},{"type":"Feature","id":92,"geometry":{"type":"Polygon","coordinates":[[[-34.912641710683673,-8.0454775110310326],[-34.912963800469839,-8.0446637073443412],[-34.913282558407275,-8.044822241821084],[-34.913292064264795,-8.0454371429703091],[-34.913471629051116,-8.0455268031172569],[-34.913199565092214,-8.0460216908270716],[-34.912641710683673,-8.0454775110310326]]]},"properties":{"NMNOME":"Conjunto Habitacional Beira Rio Torre","CDTIPO":"ZEISII","CDID":0,"CDSETOR":" ","ELINK":" ","NMLEI":"LEI Nº 19.180/2023","INDEXADOR":" ","PROPOSTA":" ","CRIAÇÃO":"LEI Nº 19.180 de 29/12/2023","COMUL":" ","AREA_HA":0,"DB2GSE.ST_Area(SHAPE)":7319.5640000000003,"DB2GSE.SdeLength(SHAPE)":374.68429644469524,"OBJECTID":92,"ALTERACAO":" ","BAIRRO":"TORRE","MODIFICADO":0,"COMPAREID":0,"AJSTDO_A_V":" "}}]}